event_idx,track_idx,muon_pixel_tracks_p,muon_pixel_tracks_pt,muon_pixel_tracks_ptErr,muon_pixel_tracks_chi2,muon_pixel_tracks_normalizedChi2,muon_pixel_tracks_etaErr,muon_pixel_tracks_phiErr,muon_pixel_tracks_dszErr,muon_pixel_tracks_dxyErr,muon_pixel_tracks_dzErr,muon_pixel_tracks_qoverpErr,muon_pixel_tracks_lambdaErr,muon_pixel_tracks_eta,muon_pixel_tracks_nPixelHits,muon_pixel_tracks_nTrkLays,muon_pixel_tracks_nFoundHits,muon_pixel_tracks_nLostHits,muon_pixel_tracks_impact3D,muon_pixel_tracks_impactSignificance,muon_pixel_tracks_chi2PerHit,muon_pixel_tracks_hitEfficiency,muon_pixel_tracks_sigmaPtOverPt,muon_pixel_tracks_relUncertaintyProduct,muon_pixel_tracks_sip2D,muon_pixel_tracks_sipZ,muon_pixel_tracks_dxyOverPt,muon_pixel_tracks_ptErrOverP,muon_pixel_tracks_dzOverDxy,muon_pixel_tracks_absEta,L1TkMu_nStubs,L1TkMu_nStubs_Endcap,L1TkMu_nStubs_Barrel,L1TkMu_stubQual_max,L1TkMu_stubMax_etaRegion,L1TkMu_stubMax_phiRegion,L1TkMu_stubMax_depthRegion,L1TkMu_hasMatch,L1TkMu_dR2min,L1TkMu_dPtNorm,L1TkMu_chi2Pt,L1TkMu_matchingScore,L1TkMu_nCompatible,L1TkMu_secondBest_dR2,is_low_pt
0,0,1.066364050e+00,1.029961228e+00,-7.796421051e-01,6.707670689e-01,-1.743304431e-01,-3.446415901e+00,-3.422233582e+00,-2.414650202e+00,-2.507371187e+00,-2.378256559e+00,-2.875625849e+00,-3.482712746e+00,4.151833951e-01,3.000000000e+00,6.000000000e+00,6.000000000e+00,0.000000000e+00,1.070785046e+00,2.913753033e+00,-1.073837280e-01,1.000000000e+00,-1.809577823e+00,-3.617390633e+00,-3.841592697e-03,2.913752556e+00,-3.539806366e+00,-1.845978260e+00,3.046604395e+00,4.151833951e-01,4.000000000e+00,0.000000000e+00,4.000000000e+00,3.000000000e+00,1.000000000e+00,3.000000000e+00,1.000000000e+00,1.000000000e+00,-5.944399357e+00,-3.374577522e+00,-3.131049871e+00,-5.944377422e+00,1.000000000e+00,4.141753038e-07,1.088109730e-05
0,1,8.111048937e-01,8.086760640e-01,-1.068812132e+00,6.547411680e-01,-2.995005548e-01,-3.210210562e+00,-3.204250813e+00,-2.351656675e+00,-2.549061537e+00,-2.349228382e+00,-2.688380718e+00,-3.212635517e+00,-1.058581918e-01,4.000000000e+00,7.000000000e+00,7.000000000e+00,0.000000000e+00,1.066730380e+00,2.882694483e+00,-1.903562844e-01,1.000000000e+00,-1.877460480e+00,-3.752517700e+00,6.212332845e-01,2.882688046e+00,-2.736421347e+00,-1.879889011e+00,2.461308002e+00,1.058581918e-01,4.000000000e+00,0.000000000e+00,4.000000000e+00,3.000000000e+00,0.000000000e+00,1.000000000e+00,1.000000000e+00,1.000000000e+00,-5.463574409e+00,-1.833186388e+00,7.589506358e-02,-5.459075451e+00,1.000000000e+00,4.141753038e-07,5.346516892e-02
0,2,6.680052280e-01,5.931543708e-01,-1.265664577e+00,8.116858602e-01,-1.425561309e-01,-3.240731478e+00,-3.247509241e+00,-2.523092270e+00,-2.647732496e+00,-2.448264122e+00,-2.526577234e+00,-3.315440178e+00,6.041137576e-01,4.000000000e+00,7.000000000e+00,7.000000000e+00,0.000000000e+00,9.729612470e-01,2.934877396e+00,-3.341177106e-02,1.000000000e+00,-1.858795404e+00,-3.715284586e+00,8.926504850e-01,2.934859514e+00,-2.348332405e+00,-1.933640480e+00,2.241723776e+00,6.041137576e-01,3.000000000e+00,0.000000000e+00,3.000000000e+00,3.000000000e+00,1.000000000e+00,7.000000000e+00,1.000000000e+00,1.000000000e+00,-4.466357708e+00,-1.709323645e+00,2.821640372e-01,-4.458201885e+00,1.000000000e+00,4.141753038e-07,8.968199492e-01
0,3,3.953838646e-01,3.701006472e-01,-1.514402747e+00,5.141089559e-01,-4.401324391e-01,-3.047941446e+00,-3.095493317e+00,-2.273418427e+00,-2.481693983e+00,-2.248139858e+00,-2.279706240e+00,-3.073195696e+00,-3.445439339e-01,4.000000000e+00,7.000000000e+00,7.000000000e+00,0.000000000e+00,1.803634882e+00,3.150033951e+00,-3.309882581e-01,1.000000000e+00,-1.884484053e+00,-3.766379118e+00,-1.474117994e+00,3.150033951e+00,-4.316952229e+00,-1.909765244e+00,4.853867531e+00,3.445439339e-01,4.000000000e+00,0.000000000e+00,4.000000000e+00,3.000000000e+00,0.000000000e+00,1.000000000e+00,1.000000000e+00,1.000000000e+00,-5.125272751e+00,-3.359827518e+00,-2.952600241e+00,-5.125108719e+00,1.000000000e+00,1.284178644e-01,9.950845838e-01
0,4,3.280387223e-01,3.279269934e-01,-1.590390086e+00,9.295847416e-01,-2.465734072e-02,-3.027473688e+00,-3.117751360e+00,-2.249314547e+00,-2.523851156e+00,-2.249202728e+00,-2.246294975e+00,-3.027585268e+00,2.268122323e-02,4.000000000e+00,7.000000000e+00,7.000000000e+00,0.000000000e+00,1.946253628e-01,2.346595764e+00,8.448701352e-02,1.000000000e+00,-1.918297768e+00,-3.833695412e+00,1.582319033e-03,2.346591234e+00,-2.850033760e+00,-1.918409467e+00,2.619581223e+00,2.268122323e-02,0.000000000e+00,0.000000000e+00,0.000000000e+00,0.000000000e+00,-1.000000000e+00,-1.000000000e+00,-1.000000000e+00,0.000000000e+00,-9.999956489e-01,4.141753038e-07,1.000000000e+00,-6.989678144e-01,0.000000000e+00,4.141753038e-07,9.968096614e-01
0,5,3.338336945e-01,3.227561414e-01,-1.583716869e+00,1.478289217e-01,-8.064110875e-01,-3.056964636e+00,-3.083428144e+00,-2.292198420e+00,-2.479565859e+00,-2.281122923e+00,-2.240193605e+00,-3.068029404e+00,2.268240750e-01,4.000000000e+00,7.000000000e+00,7.000000000e+00,0.000000000e+00,5.014718771e-01,2.531941891e+00,-6.972672939e-01,1.000000000e+00,-1.906454444e+00,-3.810111284e+00,-2.676484346e+00,2.531941891e+00,-5.364732742e+00,-1.917531133e+00,5.348945618e+00,2.268240750e-01,4.000000000e+00,0.000000000e+00,4.000000000e+00,3.000000000e+00,1.000000000e+00,3.000000000e+00,1.000000000e+00,1.000000000e+00,-5.690098763e+00,-2.374049664e+00,-9.389840364e-01,-5.689163685e+00,1.000000000e+00,4.141753038e-07,9.969659448e-01
0,6,7.562979460e-01,1.875606179e-01,-1.236948371e+00,9.737529755e-01,1.951079816e-02,-2.846876144e+00,-2.686284065e+00,-2.300711393e+00,-2.175206184e+00,-1.732037067e+00,-2.180460930e+00,-3.414788723e+00,-1.983978271e+00,6.000000000e+00,6.000000000e+00,7.000000000e+00,0.000000000e+00,-6.123058498e-03,1.728999376e+00,1.286551952e-01,1.000000000e+00,-1.424504638e+00,-2.848438740e+00,-1.012004137e+00,1.728998661e+00,-3.373811722e+00,-1.993210912e+00,3.183549881e+00,1.983978271e+00,0.000000000e+00,0.000000000e+00,0.000000000e+00,0.000000000e+00,-1.000000000e+00,-1.000000000e+00,-1.000000000e+00,0.000000000e+00,-9.999956489e-01,4.141753038e-07,1.000000000e+00,-6.989678144e-01,0.000000000e+00,4.141753038e-07,9.990128279e-01
1,0,9.910489917e-01,7.160978913e-01,-1.029906273e+00,3.135783076e-01,-6.406624913e-01,-3.347379208e+00,-3.162329197e+00,-2.630287409e+00,-2.522984028e+00,-2.355423212e+00,-2.736723661e+00,-3.621477365e+00,-1.246881366e+00,4.000000000e+00,7.000000000e+00,7.000000000e+00,0.000000000e+00,-8.510730267e-01,1.931236148e+00,-5.315184593e-01,1.000000000e+00,-1.745984554e+00,-3.490574360e+00,9.458021522e-01,1.928901553e+00,-2.293339252e+00,-2.020914316e+00,1.150690317e+00,1.246881366e+00,4.000000000e+00,4.000000000e+00,0.000000000e+00,3.000000000e+00,-4.000000000e+00,4.000000000e+00,1.000000000e+00,1.000000000e+00,-5.203959942e+00,-1.818974495e+00,-1.327100992e-01,-5.198460102e+00,1.000000000e+00,4.141753038e-07,4.007688463e-01
1,1,7.360470891e-01,6.750029922e-01,-1.190892220e+00,8.384172320e-01,-1.158247516e-01,-3.272947788e+00,-3.288230896e+00,-2.536778927e+00,-2.677896023e+00,-2.475754499e+00,-2.601693869e+00,-3.333868980e+00,-5.427097678e-01,4.000000000e+00,7.000000000e+00,7.000000000e+00,0.000000000e+00,-1.011969447e+00,1.973785520e+00,-6.680410821e-03,1.000000000e+00,-1.865869880e+00,-3.729387045e+00,1.207123518e+00,1.967330933e+00,-2.145921469e+00,-1.926909208e+00,9.624132514e-01,5.427097678e-01,3.000000000e+00,0.000000000e+00,3.000000000e+00,3.000000000e+00,-1.000000000e+00,1.000000000e+00,1.000000000e+00,1.000000000e+00,-4.573290825e+00,-1.983090997e+00,-2.253841162e-01,-4.568966389e+00,1.000000000e+00,4.141753038e-07,6.310937405e-01
1,2,7.120470405e-01,3.935444057e-01,-1.350641251e+00,7.203441858e-01,-2.338976413e-01,-3.085468292e+00,-3.031563520e+00,-2.479582071e+00,-2.436971188e+00,-2.161147594e+00,-2.455772161e+00,-3.403399229e+00,1.363114834e+00,4.000000000e+00,7.000000000e+00,7.000000000e+00,0.000000000e+00,-9.415401816e-01,1.690505147e+00,-1.247533634e-01,1.000000000e+00,-1.744171023e+00,-3.486710548e+00,5.428747740e-03,1.690412521e+00,-2.824915409e+00,-2.062647820e+00,1.960746288e+00,1.363114834e+00,1.000000000e+00,1.000000000e+00,0.000000000e+00,1.000000000e+00,5.000000000e+00,1.800000000e+01,1.000000000e+00,1.000000000e+00,-4.773900986e+00,-1.545169353e+00,3.736143112e-01,-4.762413025e+00,1.000000000e+00,1.120000720e+00,9.936337471e-01
1,3,1.073892713e+00,3.886753917e-01,-8.664579391e-01,1.323148012e+00,2.817555070e-01,-2.958675146e+00,-2.572227478e+00,-2.218333244e+00,-1.895649195e+00,-1.533172846e+00,-2.328855276e+00,-3.642377377e+00,-2.260090351e+00,7.000000000e+00,6.000000000e+00,8.000000000e+00,0.000000000e+00,1.344984770e+00,2.205680132e+00,4.200581312e-01,1.000000000e+00,-1.255128503e+00,-2.510050774e+00,-1.146533966e+00,2.205680132e+00,-3.429728746e+00,-1.940315962e+00,3.714237452e+00,2.260090351e+00,2.000000000e+00,2.000000000e+00,0.000000000e+00,2.000000000e+00,5.000000000e+00,8.000000000e+00,3.000000000e+00,1.000000000e+00,-4.193200111e+00,-1.675552726e+00,-8.223415613e-01,-4.184268951e+00,2.000000000e+00,-6.696225405e-01,9.939734340e-01
1,4,9.502521753e-01,3.696736395e-01,-9.832007885e-01,4.630377889e-01,-3.820593357e-01,-2.995693684e+00,-2.114860058e+00,-2.193051815e+00,-1.345363855e+00,-1.612523079e+00,-2.302938938e+00,-3.575067043e+00,2.012264967e+00,5.000000000e+00,5.000000000e+00,6.000000000e+00,0.000000000e+00,1.092752576e+00,2.158896446e+00,-3.151126802e-01,1.000000000e+00,-1.352868676e+00,-2.705431938e+00,-4.444359243e-02,2.158888102e+00,-1.759466052e+00,-1.933419824e+00,1.936154127e+00,2.012264967e+00,1.000000000e+00,1.000000000e+00,0.000000000e+00,1.000000000e+00,5.000000000e+00,1.200000000e+01,1.000000000e+00,1.000000000e+00,-5.202744007e+00,-1.571285844e+00,-4.598470926e-01,-5.193057537e+00,1.000000000e+00,-1.405970901e-01,9.951071739e-01
1,5,5.147087574e-01,3.556440473e-01,-1.475680709e+00,3.672271073e-01,-4.778698087e-01,-3.105168581e+00,-3.103831053e+00,-2.505245447e+00,-2.595113277e+00,-2.346223354e+00,-2.345631361e+00,-3.263988733e+00,-9.089493155e-01,3.000000000e+00,6.000000000e+00,6.000000000e+00,0.000000000e+00,-1.924109459e+00,1.384390116e+00,-4.109231830e-01,1.000000000e+00,-1.831308126e+00,-3.660365343e+00,-1.230649501e-01,1.384180069e+00,-3.073479176e+00,-1.990359902e+00,1.755983233e+00,9.089493155e-01,3.000000000e+00,2.000000000e+00,1.000000000e+00,3.000000000e+00,-1.000000000e+00,1.000000000e+00,1.000000000e+00,1.000000000e+00,-5.082051754e+00,-2.096755028e+00,-5.378644466e-01,-5.079007149e+00,1.000000000e+00,9.523285031e-01,9.957813025e-01
1,6,1.024438262e+00,3.472248912e-01,-9.928286076e-01,9.846217632e-01,-1.293210387e-01,-2.962991714e+00,-2.812166929e+00,-2.510260344e+00,-2.361130953e+00,-1.833157897e+00,-2.364277840e+00,-3.638710022e+00,2.241247177e+00,8.000000000e+00,7.000000000e+00,9.000000000e+00,0.000000000e+00,1.543694735e+00,2.605035067e+00,3.037958220e-02,1.000000000e+00,-1.340048075e+00,-2.679789782e+00,-3.883836269e-01,2.605034828e+00,-3.096297741e+00,-2.017225981e+00,3.521218777e+00,2.241247177e+00,1.000000000e+00,1.000000000e+00,0.000000000e+00,1.000000000e+00,5.000000000e+00,2.200000000e+01,1.000000000e+00,1.000000000e+00,-4.778784275e+00,-1.944933534e+00,-1.199905992e+00,-4.774175644e+00,1.000000000e+00,-9.573805332e-02,9.961317778e-01
1,7,8.869898319e-01,3.299984932e-01,-1.050274611e+00,9.290606976e-01,-1.123314872e-01,-2.950098515e+00,-2.806391001e+00,-2.482805967e+00,-2.346005678e+00,-1.925909877e+00,-2.267042160e+00,-3.506082296e+00,1.955858827e+00,7.000000000e+00,6.000000000e+00,8.000000000e+00,0.000000000e+00,7.892571688e-01,2.320575953e+00,2.597104199e-02,1.000000000e+00,-1.380267382e+00,-2.760160446e+00,-3.410622478e-01,2.320574760e+00,-3.016711950e+00,-1.937231660e+00,3.081582308e+00,1.955858827e+00,1.000000000e+00,1.000000000e+00,0.000000000e+00,1.000000000e+00,5.000000000e+00,3.500000000e+01,1.000000000e+00,1.000000000e+00,-4.204761028e+00,-1.438705325e+00,-8.465822041e-02,-4.189471722e+00,1.000000000e+00,7.489581704e-01,9.967442751e-01
1,8,8.247852325e-01,3.197719157e-01,-1.168133497e+00,5.552703142e-01,-4.861211777e-01,-2.949877977e+00,-2.817282200e+00,-2.404212952e+00,-2.282085419e+00,-1.899275184e+00,-2.312374830e+00,-3.454041243e+00,-1.830607057e+00,6.000000000e+00,6.000000000e+00,8.000000000e+00,0.000000000e+00,7.787909508e-01,2.288732767e+00,-3.478188515e-01,1.000000000e+00,-1.487898350e+00,-2.975180149e+00,3.812699914e-01,2.288699389e+00,-2.220598221e+00,-1.992882371e+00,2.290253878e+00,1.830607057e+00,4.000000000e+00,4.000000000e+00,0.000000000e+00,1.000000000e+00,-5.000000000e+00,9.000000000e+00,1.000000000e+00,1.000000000e+00,-5.028262615e+00,-2.576326132e+00,-2.174785137e+00,-5.027235031e+00,1.000000000e+00,9.462438226e-01,9.970517159e-01
2,0,7.896876931e-01,7.548215389e-01,-1.082429171e+00,1.059891820e+00,1.849947684e-02,-3.334862947e+00,-3.340667725e+00,-2.554311991e+00,-2.716299534e+00,-2.519457817e+00,-2.626727104e+00,-3.369650602e+00,-4.060877264e-01,4.000000000e+00,7.000000000e+00,8.000000000e+00,0.000000000e+00,7.158461213e-01,2.878032207e+00,1.568020582e-01,1.000000000e+00,-1.837226033e+00,-3.672431707e+00,1.674586535e+00,2.877179623e+00,-1.796733260e+00,-1.872089744e+00,1.399512649e+00,4.060877264e-01,4.000000000e+00,0.000000000e+00,4.000000000e+00,3.000000000e+00,-1.000000000e+00,1.100000000e+01,1.000000000e+00,1.000000000e+00,-4.923605919e+00,-1.470391035e+00,7.047867179e-01,-4.910341263e+00,1.000000000e+00,8.638475537e-01,2.022352517e-01
2,1,9.614629149e-01,7.403355837e-01,-1.038791537e+00,7.313033342e-01,-3.100885153e-01,-3.346623659e+00,-3.266450405e+00,-2.612745762e+00,-2.616327524e+00,-2.391689301e+00,-2.740254641e+00,-3.567111015e+00,-1.096535206e+00,4.000000000e+00,7.000000000e+00,8.000000000e+00,0.000000000e+00,1.164278150e+00,2.973935366e+00,-1.717860699e-01,1.000000000e+00,-1.779105663e+00,-3.556595087e+00,-4.975341558e-01,2.973935366e+00,-3.851283312e+00,-2.000215769e+00,3.695617199e+00,1.096535206e+00,1.000000000e+00,1.000000000e+00,0.000000000e+00,2.000000000e+00,3.000000000e+00,1.300000000e+01,1.000000000e+00,1.000000000e+00,-5.315814972e+00,-2.243132353e+00,-9.231739044e-01,-5.313852310e+00,1.000000000e+00,8.629501462e-01,2.690770030e-01
2,2,9.606000781e-01,5.122531056e-01,-1.011386633e+00,7.729308009e-01,-2.684611678e-01,-3.150982618e+00,-3.027497292e+00,-2.628053188e+00,-2.503577471e+00,-2.179825068e+00,-2.484006643e+00,-3.598219633e+00,1.692166209e+00,6.000000000e+00,6.000000000e+00,8.000000000e+00,0.000000000e+00,1.715196252e+00,3.037488699e+00,-1.301586777e-01,1.000000000e+00,-1.523629546e+00,-3.046699047e+00,-5.715022087e-01,3.037488699e+00,-3.585796118e+00,-1.971950293e+00,3.932301760e+00,1.692166209e+00,1.000000000e+00,1.000000000e+00,0.000000000e+00,1.000000000e+00,5.000000000e+00,3.000000000e+00,1.000000000e+00,1.000000000e+00,-5.381276131e+00,-3.069350958e+00,-3.092634678e+00,-5.380995274e+00,1.000000000e+00,4.141753038e-07,9.705298543e-01
2,3,1.214194894e+00,4.911287427e-01,-7.129280567e-01,9.254542589e-01,-1.159379259e-01,-3.011632204e+00,-2.588021278e+00,-2.182892323e+00,-1.829792619e+00,-1.459879637e+00,-2.418089151e+00,-3.732791185e+00,-2.348996401e+00,7.000000000e+00,6.000000000e+00,8.000000000e+00,0.000000000e+00,8.699200749e-01,1.895264030e+00,2.236458659e-02,1.000000000e+00,-1.204051971e+00,-2.407955885e+00,5.776919127e-01,1.894760370e+00,-1.743234754e+00,-1.927088380e+00,1.686990738e+00,2.348996401e+00,0.000000000e+00,0.000000000e+00,0.000000000e+00,0.000000000e+00,-1.000000000e+00,-1.000000000e+00,-1.000000000e+00,0.000000000e+00,-9.999956489e-01,4.141753038e-07,1.000000000e+00,-6.989678144e-01,1.000000000e+00,7.539370656e-01,9.781898856e-01
2,4,1.081595540e+00,4.451376200e-01,-8.452913165e-01,8.988296986e-01,-1.425624192e-01,-3.085544825e+00,-2.704863548e+00,-2.301361799e+00,-1.999935150e+00,-1.664970636e+00,-2.371872425e+00,-3.720245600e+00,-2.145035267e+00,7.000000000e+00,6.000000000e+00,8.000000000e+00,0.000000000e+00,1.536480427e+00,2.433243513e+00,-4.259884357e-03,1.000000000e+00,-1.290423274e+00,-2.580645561e+00,3.665367961e-01,2.433227539e+00,-2.078527451e+00,-1.926853180e+00,2.401659966e+00,2.145035267e+00,3.000000000e+00,3.000000000e+00,0.000000000e+00,2.000000000e+00,5.000000000e+00,3.100000000e+01,4.000000000e+00,1.000000000e+00,-5.212706566e+00,-1.699927092e+00,-8.015233278e-01,-5.205514431e+00,1.000000000e+00,8.913933635e-01,9.881790876e-01
2,5,8.138806820e-01,3.953271806e-01,-1.161824107e+00,7.961795926e-01,-2.452123761e-01,-3.097232103e+00,-2.969578743e+00,-2.525300503e+00,-2.427562237e+00,-2.106837034e+00,-2.370782137e+00,-3.514905453e+00,1.618362308e+00,6.000000000e+00,7.000000000e+00,8.000000000e+00,0.000000000e+00,7.174944878e-01,2.465663671e+00,-1.069098786e-01,1.000000000e+00,-1.557141781e+00,-3.113596439e+00,5.419481993e-01,2.465632677e+00,-2.280974388e+00,-1.975669861e+00,2.244437218e+00,1.618362308e+00,1.000000000e+00,1.000000000e+00,0.000000000e+00,1.000000000e+00,5.000000000e+00,2.000000000e+01,1.000000000e+00,1.000000000e+00,-5.270130157e+00,-2.221876860e+00,-1.324348569e+00,-5.268015385e+00,1.000000000e+00,9.161165953e-01,9.935036302e-01
2,6,8.328969479e-01,3.649702966e-01,-1.164440393e+00,9.224948287e-01,-1.188973114e-01,-3.067220211e+00,-2.945161819e+00,-2.559933424e+00,-2.461180210e+00,-2.092110634e+00,-2.362052917e+00,-3.534165859e+00,1.740261555e+00,6.000000000e+00,7.000000000e+00,8.000000000e+00,0.000000000e+00,8.952847719e-01,2.539885759e+00,1.940520853e-02,1.000000000e+00,-1.529402256e+00,-3.058176041e+00,8.638868332e-01,2.539789200e+00,-1.962349296e+00,-1.997300506e+00,2.045026541e+00,1.740261555e+00,1.000000000e+00,1.000000000e+00,0.000000000e+00,1.000000000e+00,4.000000000e+00,8.000000000e+00,1.000000000e+00,1.000000000e+00,-5.159962177e+00,-2.688528538e+00,-2.320333242e+00,-5.159202099e+00,1.000000000e+00,-4.566118717e-01,9.953467250e-01
2,7,9.849942923e-01,3.347860873e-01,-1.010376573e+00,2.471866757e-01,-7.942035198e-01,-3.000661373e+00,-2.784201145e+00,-2.535446882e+00,-2.303121090e+00,-1.885354280e+00,-2.329967737e+00,-3.649363518e+00,2.177547693e+00,7.000000000e+00,7.000000000e+00,8.000000000e+00,0.000000000e+00,1.711909771e+00,2.741343021e+00,-6.559016109e-01,1.000000000e+00,-1.345157385e+00,-2.690020561e+00,-4.205252975e-02,2.741342545e+00,-2.679839611e+00,-1.995332241e+00,3.201120138e+00,2.177547693e+00,1.000000000e+00,1.000000000e+00,0.000000000e+00,1.000000000e+00,5.000000000e+00,3.000000000e+00,1.000000000e+00,1.000000000e+00,-4.719887257e+00,-1.589474916e+00,-4.660034478e-01,-4.709424496e+00,1.000000000e+00,-4.572304189e-01,9.965867996e-01
2,8,9.711761475e-01,3.260437548e-01,-1.005944848e+00,1.375213623e+00,2.612704337e-01,-2.941062689e+00,-2.762995005e+00,-2.417638063e+00,-2.264709949e+00,-1.772593260e+00,-2.302957296e+00,-3.584901333e+00,-2.165552616e+00,8.000000000e+00,7.000000000e+00,9.000000000e+00,0.000000000e+00,-6.914169788e-01,1.426973224e+00,4.209711850e-01,1.000000000e+00,-1.331983566e+00,-2.663661003e+00,-3.154819012e-01,1.426902175e+00,-2.905966282e+00,-1.977084160e+00,2.234390497e+00,2.165552616e+00,1.000000000e+00,1.000000000e+00,0.000000000e+00,1.000000000e+00,-5.000000000e+00,3.400000000e+01,1.000000000e+00,1.000000000e+00,-5.443601608e+00,-1.926022291e+00,-1.198362827e+00,-5.439898014e+00,1.000000000e+00,1.195033550e+00,9.968677163e-01
2,9,1.034451485e+00,2.894587815e-01,-9.082363844e-01,6.851006746e-01,-4.288416207e-01,-2.887079239e+00,-2.675524473e+00,-2.302664995e+00,-2.208450556e+00,-1.557743549e+00,-2.231987953e+00,-3.630548000e+00,2.400366545e+00,9.000000000e+00,7.000000000e+00,9.000000000e+00,0.000000000e+00,6.755324006e-01,1.895538092e+00,-2.691411674e-01,1.000000000e+00,-1.197691679e+00,-2.395201445e+00,-2.094119638e-01,1.895524740e+00,-2.707170725e+00,-1.942653179e+00,2.755585194e+00,2.400366545e+00,1.000000000e+00,1.000000000e+00,0.000000000e+00,1.000000000e+00,5.000000000e+00,1.100000000e+01,2.000000000e+00,1.000000000e+00,-3.841588736e+00,-9.595795274e-01,5.772091150e-01,-3.796660662e+00,1.000000000e+00,7.865908742e-01,9.977735877e-01
3,0,8.159239292e-01,4.317242503e-01,-1.200017095e+00,6.939459443e-01,-1.511515826e-01,-3.114982128e+00,-3.048051596e+00,-2.570844412e+00,-2.551712513e+00,-2.186739683e+00,-2.447356224e+00,-3.498377800e+00,-1.532172322e+00,4.000000000e+00,5.000000000e+00,6.000000000e+00,0.000000000e+00,1.414481044e+00,2.894297123e+00,-8.420487493e-02,1.000000000e+00,-1.631729364e+00,-3.262506485e+00,1.469595313e+00,2.893989563e+00,-1.513981819e+00,-2.015902758e+00,1.789449930e+00,1.532172322e+00,4.000000000e+00,4.000000000e+00,0.000000000e+00,3.000000000e+00,-4.000000000e+00,1.500000000e+01,4.000000000e+00,1.000000000e+00,-5.060853481e+00,-2.260736942e+00,-1.262879610e+00,-5.058750153e+00,1.000000000e+00,4.146674573e-01,9.900038838e-01
3,1,5.583634973e-01,3.974440098e-01,-1.436612844e+00,5.274945498e-01,-4.267468750e-01,-3.145904779e+00,-3.107329369e+00,-2.506688118e+00,-2.558887243e+00,-2.345811844e+00,-2.392055273e+00,-3.306551933e+00,-9.148639441e-01,4.000000000e+00,7.000000000e+00,7.000000000e+00,0.000000000e+00,5.209671855e-01,2.606394053e+00,-3.176026642e-01,1.000000000e+00,-1.834038854e+00,-3.665850878e+00,2.300793380e-01,2.606390238e+00,-2.726177931e+00,-1.994945049e+00,2.589354992e+00,9.148639441e-01,1.000000000e+00,0.000000000e+00,1.000000000e+00,3.000000000e+00,-2.000000000e+00,1.100000000e+01,1.000000000e+00,1.000000000e+00,-5.509330750e+00,-1.870490074e+00,-6.112465635e-02,-5.505387783e+00,1.000000000e+00,4.141753038e-07,9.933450222e-01
3,2,8.555103540e-01,3.651142120e-01,-1.146112442e+00,5.236388445e-01,-5.177525282e-01,-3.058041573e+00,-2.931911230e+00,-2.551160097e+00,-2.447862864e+00,-2.060868502e+00,-2.366485596e+00,-3.547400236e+00,1.795107722e+00,6.000000000e+00,7.000000000e+00,8.000000000e+00,0.000000000e+00,-6.708970070e-01,1.725510478e+00,-3.794502020e-01,1.000000000e+00,-1.511218429e+00,-3.021852016e+00,-9.373321384e-02,1.725460529e+00,-2.906482220e+00,-2.001585245e+00,2.206109285e+00,1.795107722e+00,1.000000000e+00,1.000000000e+00,0.000000000e+00,2.000000000e+00,-5.000000000e+00,2.600000000e+01,3.000000000e+00,1.000000000e+00,-4.588427067e+00,-1.792850971e+00,-5.771714449e-01,-4.581752777e+00,1.000000000e+00,8.434673548e-01,9.953396320e-01
3,3,4.050384164e-01,3.564305305e-01,-1.531106234e+00,5.264189243e-01,-4.278225303e-01,-3.131777048e+00,-3.117998838e+00,-2.429633617e+00,-2.524320841e+00,-2.381037951e+00,-2.292363405e+00,-3.180315256e+00,-4.819985628e-01,4.000000000e+00,7.000000000e+00,7.000000000e+00,0.000000000e+00,1.502358437e+00,3.132321596e+00,-3.186783195e-01,1.000000000e+00,-1.887517810e+00,-3.772382498e+00,-1.240985021e-01,3.132321596e+00,-3.004556417e+00,-1.936121702e+00,3.399550915e+00,4.819985628e-01,1.000000000e+00,0.000000000e+00,1.000000000e+00,3.000000000e+00,-1.000000000e+00,1.000000000e+01,1.000000000e+00,1.000000000e+00,-5.759458065e+00,-2.397367001e+00,-1.016358376e+00,-5.758718967e+00,1.000000000e+00,8.417263031e-01,9.957465529e-01
3,4,7.341738939e-01,3.156636953e-01,-1.285359502e+00,7.402476072e-01,-1.048499942e-01,-3.032296896e+00,-2.946347475e+00,-2.419200182e+00,-2.411993504e+00,-2.000760555e+00,-2.334857225e+00,-3.450049400e+00,1.618254542e+00,4.000000000e+00,6.000000000e+00,6.000000000e+00,0.000000000e+00,-1.471123695e+00,1.265239120e+00,-3.790327534e-02,1.000000000e+00,-1.601014018e+00,-3.201117992e+00,-1.107170820e+00,1.265235186e+00,-3.831985950e+00,-2.019496202e+00,2.782279968e+00,1.618254542e+00,1.000000000e+00,1.000000000e+00,0.000000000e+00,2.000000000e+00,-4.000000000e+00,1.500000000e+01,2.000000000e+00,1.000000000e+00,-4.614962101e+00,-2.533356190e+00,-1.867453218e+00,-4.613744736e+00,1.000000000e+00,-3.922820687e-01,9.971651435e-01
3,5,9.620488882e-01,2.861126065e-01,-1.045908332e+00,8.853564262e-01,-1.560356617e-01,-2.934038162e+00,-2.773558378e+00,-2.473687172e+00,-2.330507278e+00,-1.797852755e+00,-2.293859482e+00,-3.608580828e+00,2.238239288e+00,7.000000000e+00,7.000000000e+00,8.000000000e+00,0.000000000e+00,1.126945257e+00,2.361357689e+00,-1.773314551e-02,1.000000000e+00,-1.332016230e+00,-2.663721323e+00,6.368919462e-02,2.361352205e+00,-2.552868605e+00,-2.007917881e+00,2.830303192e+00,2.238239288e+00,1.000000000e+00,1.000000000e+00,0.000000000e+00,1.000000000e+00,5.000000000e+00,1.100000000e+01,1.000000000e+00,1.000000000e+00,-4.940275669e+00,-1.471509457e+00,-2.491574138e-01,-4.927091599e+00,1.000000000e+00,-3.902314305e-01,9.978391528e-01
4,0,1.082664609e+00,4.435975552e-01,-9.142113328e-01,2.631504536e-01,-8.507900238e-01,-3.023628235e+00,-2.882658243e+00,-2.563310862e+00,-2.416835546e+00,-1.924366117e+00,-2.440261602e+00,-3.661159277e+00,2.151208639e+00,8.000000000e+00,7.000000000e+00,9.000000000e+00,0.000000000e+00,1.262490392e+00,2.555648088e+00,-6.910901666e-01,1.000000000e+00,-1.357802391e+00,-2.715303421e+00,-3.311951756e-01,2.555647850e+00,-3.191067696e+00,-1.996836424e+00,3.379147291e+00,2.151208639e+00,1.000000000e+00,1.000000000e+00,0.000000000e+00,1.000000000e+00,5.000000000e+00,1.500000000e+01,1.000000000e+00,1.000000000e+00,-5.819097042e+00,-2.829867601e+00,-2.943031549e+00,-5.818878174e+00,2.000000000e+00,-1.780343294e+00,9.884073138e-01
4,1,1.015331388e+00,4.233857989e-01,-9.557511210e-01,4.561537504e-01,-5.852373838e-01,-3.018599987e+00,-2.874889612e+00,-2.546798706e+00,-2.399697065e+00,-1.954966784e+00,-2.394257784e+00,-3.609229565e+00,2.039365292e+00,7.000000000e+00,6.000000000e+00,8.000000000e+00,0.000000000e+00,-1.014037013e+00,1.448029518e+00,-4.469351768e-01,1.000000000e+00,-1.379130244e+00,-2.757925987e+00,-3.670363426e-01,1.447978616e+00,-3.189556599e+00,-1.971045732e+00,2.259562254e+00,2.039365292e+00,1.000000000e+00,1.000000000e+00,0.000000000e+00,1.000000000e+00,5.000000000e+00,1.500000000e+01,1.000000000e+00,1.000000000e+00,-5.792544842e+00,-2.691896200e+00,-2.623989344e+00,-5.792209625e+00,2.000000000e+00,-1.788203001e+00,9.909714460e-01
4,2,9.393779635e-01,3.538019955e-01,-1.050554395e+00,7.489108443e-01,-2.924810648e-01,-2.962112188e+00,-2.808894873e+00,-2.419688940e+00,-2.283624172e+00,-1.834197164e+00,-2.343488455e+00,-3.546555042e+00,-2.024185896e+00,7.000000000e+00,6.000000000e+00,8.000000000e+00,0.000000000e+00,1.937544793e-01,1.931147099e+00,-1.541785747e-01,1.000000000e+00,-1.404350162e+00,-2.808288097e+00,1.095281690e-01,1.931097746e+00,-2.527835131e+00,-1.989894748e+00,2.270985842e+00,2.024185896e+00,1.000000000e+00,1.000000000e+00,0.000000000e+00,1.000000000e+00,-5.000000000e+00,1.400000000e+01,1.000000000e+00,1.000000000e+00,-4.808598042e+00,-1.999337792e+00,-1.181291342e+00,-4.804547310e+00,1.000000000e+00,6.517906785e-01,9.958612323e-01
4,3,1.035867453e+00,3.221812546e-01,-9.586321115e-01,9.275200963e-01,-1.138720810e-01,-2.957787752e+00,-2.738008261e+00,-2.426211357e+00,-2.232491016e+00,-1.712618589e+00,-2.316502094e+00,-3.669833183e+00,-2.326992273e+00,7.000000000e+00,7.000000000e+00,8.000000000e+00,0.000000000e+00,-8.767850995e-01,1.274397969e+00,2.443045378e-02,1.000000000e+00,-1.280808806e+00,-2.561383724e+00,-2.836175263e-01,1.274231672e+00,-2.838065147e+00,-1.994460583e+00,2.077631474e+00,2.326992273e+00,1.000000000e+00,1.000000000e+00,0.000000000e+00,1.000000000e+00,-5.000000000e+00,2.000000000e+00,1.000000000e+00,1.000000000e+00,-4.407904625e+00,-1.742484927e+00,-9.389542341e-01,-4.400315285e+00,2.000000000e+00,6.518011093e-01,9.969826341e-01
4,4,6.377646327e-01,5.250054970e-02,-1.332319140e+00,7.338268161e-01,-3.075650930e-01,-2.719867468e+00,-2.555900812e+00,-2.201369286e+00,-2.082850456e+00,-1.616155982e+00,-2.022115469e+00,-3.304483175e+00,-2.023442507e+00,7.000000000e+00,6.000000000e+00,8.000000000e+00,0.000000000e+00,6.590486765e-01,1.945706487e+00,-1.692626327e-01,1.000000000e+00,-1.384818196e+00,-2.768970251e+00,-2.370596677e-01,1.945697188e+00,-2.372361183e+00,-1.970052481e+00,2.649395943e+00,2.023442507e+00,0.000000000e+00,0.000000000e+00,0.000000000e+00,0.000000000e+00,-1.000000000e+00,-1.000000000e+00,-1.000000000e+00,0.000000000e+00,-9.999956489e-01,4.141753038e-07,1.000000000e+00,-6.989678144e-01,0.000000000e+00,4.141753038e-07,9.995663762e-01
5,0,6.668993235e-01,6.460248232e-01,-1.200115204e+00,6.453740597e-01,-3.960176408e-01,-3.317481756e+00,-2.486168385e+00,-2.553622961e+00,-1.992756367e+00,-2.532755852e+00,-2.512881994e+00,-3.338311672e+00,-3.125388622e-01,5.000000000e+00,7.000000000e+00,8.000000000e+00,0.000000000e+00,6.858816147e-01,2.875844717e+00,-2.577152252e-01,1.000000000e+00,-1.846116304e+00,-3.690138102e+00,-1.346619368e+00,2.875844717e+00,-3.981273174e+00,-1.866989374e+00,3.681421041e+00,3.125388622e-01,2.000000000e+00,0.000000000e+00,2.000000000e+00,3.000000000e+00,-1.000000000e+00,1.100000000e+01,2.000000000e+00,1.000000000e+00,-4.794109344e+00,-2.345425129e+00,-1.002655864e+00,-4.792274952e+00,1.000000000e+00,4.141753038e-07,7.590956092e-01
5,1,8.799924850e-01,5.271754265e-01,-1.098197222e+00,4.821927547e-01,-3.629044294e-01,-3.199382782e+00,-3.110358477e+00,-2.625079870e+00,-2.579724789e+00,-2.272364616e+00,-2.505107880e+00,-3.551339149e+00,1.452205300e+00,4.000000000e+00,6.000000000e+00,6.000000000e+00,0.000000000e+00,4.056327939e-01,2.475262880e+00,-2.959577739e-01,1.000000000e+00,-1.625359654e+00,-3.249859571e+00,-2.606329322e-01,2.475262165e+00,-3.366687298e+00,-1.978153706e+00,3.043039083e+00,1.452205300e+00,4.000000000e+00,4.000000000e+00,0.000000000e+00,3.000000000e+00,4.000000000e+00,1.700000000e+01,1.000000000e+00,1.000000000e+00,-4.596235752e+00,-1.684806705e+00,-1.007642373e-01,-4.587700844e+00,1.000000000e+00,4.141753038e-07,9.632809758e-01
5,2,7.987869978e-01,4.874492586e-01,-1.252348304e+00,5.145706534e-01,-3.305265903e-01,-3.171721935e+00,-3.111964941e+00,-2.587392569e+00,-2.571591616e+00,-2.276140690e+00,-2.538216591e+00,-3.482384443e+00,-1.344258428e+00,3.000000000e+00,6.000000000e+00,6.000000000e+00,0.000000000e+00,6.850888729e-01,2.618769407e+00,-2.635799348e-01,1.000000000e+00,-1.739781380e+00,-3.478077173e+00,1.941368431e-01,2.618766308e+00,-2.864748001e+00,-2.051094055e+00,2.720057011e+00,1.344258428e+00,2.000000000e+00,2.000000000e+00,0.000000000e+00,2.000000000e+00,4.000000000e+00,2.200000000e+01,1.000000000e+00,1.000000000e+00,-5.610397339e+00,-2.499282122e+00,-1.521959543e+00,-5.609583378e+00,1.000000000e+00,4.141753038e-07,9.792776704e-01
5,3,6.048217416e-01,4.489971399e-01,-1.382561445e+00,6.090086102e-01,-2.360888124e-01,-3.182626009e+00,-3.136155844e+00,-2.525224924e+00,-2.575650692e+00,-2.369444370e+00,-2.436051846e+00,-3.338165283e+00,-8.985599279e-01,3.000000000e+00,6.000000000e+00,6.000000000e+00,0.000000000e+00,-9.704555869e-01,1.884319186e+00,-1.691421270e-01,1.000000000e+00,-1.831539392e+00,-3.660923958e+00,-4.266351759e-01,1.884314060e+00,-3.450221062e+00,-1.987351298e+00,2.516782045e+00,8.985599279e-01,1.000000000e+00,0.000000000e+00,1.000000000e+00,3.000000000e+00,-2.000000000e+00,7.000000000e+00,1.000000000e+00,1.000000000e+00,-4.667068005e+00,-1.958035111e+00,-2.625244260e-01,-4.662530899e+00,1.000000000e+00,4.141753038e-07,9.875835776e-01
5,4,9.202062488e-01,3.830923438e-01,-1.015211344e+00,1.299724460e+00,2.583319843e-01,-2.987956047e+00,-2.833257675e+00,-2.522781849e+00,-2.346240759e+00,-1.985770464e+00,-2.318292618e+00,-3.524038553e+00,-1.908126593e+00,7.000000000e+00,6.000000000e+00,8.000000000e+00,0.000000000e+00,6.794760227e-01,2.325551748e+00,3.966346085e-01,1.000000000e+00,-1.398297191e+00,-2.796212912e+00,-2.503586709e-01,2.325550318e+00,-2.979374409e+00,-1.935384631e+00,2.936262846e+00,1.908126593e+00,2.000000000e+00,2.000000000e+00,0.000000000e+00,3.000000000e+00,-4.000000000e+00,2.200000000e+01,3.000000000e+00,1.000000000e+00,-4.508635044e+00,-1.349243164e+00,6.008969620e-02,-4.490225315e+00,1.000000000e+00,4.141753038e-07,9.943365455e-01
6,0,7.652628422e-01,7.631624341e-01,-1.083610535e+00,1.384710193e+00,3.433176577e-01,-3.279796839e+00,-3.476051331e+00,-2.397886276e+00,-2.819104671e+00,-2.395786524e+00,-2.611860275e+00,-3.281893253e+00,9.842913598e-02,4.000000000e+00,7.000000000e+00,8.000000000e+00,0.000000000e+00,1.323746800e+00,3.057779312e+00,4.816203117e-01,1.000000000e+00,-1.846747518e+00,-3.691414118e+00,9.547209740e-01,3.057765961e+00,-2.627648354e+00,-1.848847866e+00,2.526509762e+00,9.842913598e-02,4.000000000e+00,0.000000000e+00,4.000000000e+00,3.000000000e+00,0.000000000e+00,4.000000000e+00,1.000000000e+00,1.000000000e+00,-5.135668755e+00,-2.092595816e+00,-4.987307191e-01,-5.132649899e+00,1.000000000e+00,4.141753038e-07,1.689753085e-01
6,1,8.547167778e-01,4.796895981e-01,-1.236017466e+00,5.565760136e-01,-3.976655602e-01,-3.173810959e+00,-3.061588526e+00,-2.552814007e+00,-2.466375828e+00,-2.177876472e+00,-2.570053816e+00,-3.547950268e+00,1.508932114e+00,4.000000000e+00,7.000000000e+00,7.000000000e+00,0.000000000e+00,6.213319302e-01,2.488660812e+00,-2.885213196e-01,1.000000000e+00,-1.715691805e+00,-3.430042267e+00,7.494114637e-01,2.488588810e+00,-2.196712732e+00,-2.090688229e+00,2.027715683e+00,1.508932114e+00,3.000000000e+00,3.000000000e+00,0.000000000e+00,3.000000000e+00,4.000000000e+00,2.100000000e+01,1.000000000e+00,1.000000000e+00,-5.249797821e+00,-2.352581501e+00,-1.270057201e+00,-5.248215675e+00,1.000000000e+00,4.141753038e-07,9.813743234e-01
6,2,7.812139392e-01,3.529221416e-01,-1.197597980e+00,4.603632689e-01,-5.810278654e-01,-3.071332216e+00,-2.957965374e+00,-2.490639448e+00,-2.428159475e+00,-2.062431812e+00,-2.331478119e+00,-3.498764753e+00,-1.642574310e+00,6.000000000e+00,7.000000000e+00,8.000000000e+00,0.000000000e+00,2.343501598e-01,2.179666519e+00,-4.427256584e-01,1.000000000e+00,-1.550511360e+00,-3.100336552e+00,4.205078259e-02,2.179654837e+00,-2.738909483e+00,-1.978777289e+00,2.503292799e+00,1.642574310e+00,1.000000000e+00,1.000000000e+00,0.000000000e+00,1.000000000e+00,-5.000000000e+00,2.100000000e+01,1.000000000e+00,1.000000000e+00,-4.891152859e+00,-1.595679998e+00,-6.802061945e-02,-4.881109715e+00,1.000000000e+00,4.141753038e-07,9.958986640e-01
7,0,5.522968769e-01,5.470275283e-01,-1.359394431e+00,8.086355925e-01,-1.456063390e-01,-3.137921810e+00,-3.272936344e+00,-2.340879202e+00,-2.684072971e+00,-2.335611105e+00,-2.458585739e+00,-3.143183708e+00,1.560909748e-01,4.000000000e+00,7.000000000e+00,7.000000000e+00,0.000000000e+00,8.125113249e-01,2.741961002e+00,-3.646200895e-02,1.000000000e+00,-1.906396747e+00,-3.810032368e+00,-1.422643214e-01,2.741960526e+00,-3.372550011e+00,-1.911665678e+00,3.232512236e+00,1.560909748e-01,1.000000000e+00,0.000000000e+00,1.000000000e+00,3.000000000e+00,0.000000000e+00,2.000000000e+00,1.000000000e+00,1.000000000e+00,-4.846632004e+00,-2.165038824e+00,-5.232585073e-01,-4.843880177e+00,1.000000000e+00,4.141753038e-07,9.503644109e-01
7,1,8.197017908e-01,5.243881345e-01,-1.228686690e+00,2.777969539e-01,-5.672997236e-01,-3.199500799e+00,-3.158158779e+00,-2.586731434e+00,-2.609420061e+00,-2.291500330e+00,-2.572415590e+00,-3.494145393e+00,-1.301725745e+00,3.000000000e+00,6.000000000e+00,6.000000000e+00,0.000000000e+00,5.643320084e-01,2.573753119e+00,-5.003530979e-01,1.000000000e+00,-1.753057480e+00,-3.504568100e+00,9.961985797e-02,2.573750734e+00,-3.033895254e+00,-2.048347235e+00,2.792001963e+00,1.301725745e+00,1.000000000e+00,1.000000000e+00,0.000000000e+00,3.000000000e+00,-4.000000000e+00,3.300000000e+01,1.000000000e+00,1.000000000e+00,-5.441201210e+00,-2.050197363e+00,-5.865550041e-01,-5.438410282e+00,1.000000000e+00,3.261919320e-01,9.647746086e-01
7,2,1.114040971e+00,4.906563759e-01,-8.569424152e-01,5.326802731e-01,-5.087111592e-01,-3.053563595e+00,-2.905398130e+00,-2.586682320e+00,-2.426096678e+00,-1.963425398e+00,-2.461437941e+00,-3.675378084e+00,2.114069223e+00,7.000000000e+00,6.000000000e+00,8.000000000e+00,0.000000000e+00,1.033733845e+00,2.480334520e+00,-3.704088330e-01,1.000000000e+00,-1.347592115e+00,-2.694909096e+00,2.799365297e-02,2.480331898e+00,-2.888539553e+00,-1.970945835e+00,2.914977312e+00,2.114069223e+00,1.000000000e+00,1.000000000e+00,0.000000000e+00,1.000000000e+00,5.000000000e+00,8.000000000e+00,2.000000000e+00,1.000000000e+00,-4.698989868e+00,-1.415020466e+00,-1.007973030e-01,-4.683406830e+00,1.000000000e+00,7.083587050e-01,9.783330560e-01
7,3,9.974929094e-01,4.585195780e-01,-1.078580618e+00,3.010645211e-01,-6.531762481e-01,-3.095267296e+00,-2.991067648e+00,-2.612358809e+00,-2.506246328e+00,-2.073511839e+00,-2.534297705e+00,-3.632912874e+00,1.912599802e+00,5.000000000e+00,7.000000000e+00,7.000000000e+00,0.000000000e+00,3.398786783e-01,2.243509769e+00,-5.440322161e-01,1.000000000e+00,-1.537090302e+00,-3.073544025e+00,3.103624098e-02,2.243501425e+00,-2.933496475e+00,-2.076026917e+00,2.645158291e+00,1.912599802e+00,1.000000000e+00,1.000000000e+00,0.000000000e+00,2.000000000e+00,-4.000000000e+00,2.900000000e+01,1.000000000e+00,1.000000000e+00,-4.927543163e+00,-1.377486587e+00,3.564204276e-01,-4.911186695e+00,1.000000000e+00,4.141753038e-07,9.859580398e-01
8,0,1.179059148e+00,1.092604995e+00,-6.964243650e-01,5.625556707e-01,-3.916859031e-01,-3.452420712e+00,-3.415493011e+00,-2.568300486e+00,-2.718453407e+00,-2.481875181e+00,-2.967653751e+00,-3.538603783e+00,6.521083713e-01,4.000000000e+00,7.000000000e+00,7.000000000e+00,0.000000000e+00,1.160914421e+00,3.062464237e+00,-2.825416923e-01,1.000000000e+00,-1.789004683e+00,-3.576388836e+00,-8.407095075e-01,3.062464237e+00,-4.632934093e+00,-1.875452995e+00,4.138278484e+00,6.521083713e-01,4.000000000e+00,0.000000000e+00,4.000000000e+00,3.000000000e+00,1.000000000e+00,9.000000000e+00,1.000000000e+00,1.000000000e+00,-5.063889503e+00,-2.310750484e+00,-1.039354444e+00,-5.062016487e+00,1.000000000e+00,4.141753038e-07,3.914519482e-07
8,1,1.221620440e+00,5.996917486e-01,-7.525902987e-01,5.911633968e-01,-3.630782068e-01,-3.176484346e+00,-3.016668320e+00,-2.700172424e+00,-2.507884026e+00,-2.078409195e+00,-2.573696136e+00,-3.796339750e+00,-2.110617399e+00,6.000000000e+00,6.000000000e+00,7.000000000e+00,0.000000000e+00,1.391413957e-01,2.149015427e+00,-2.539339662e-01,1.000000000e+00,-1.352274656e+00,-2.704303026e+00,1.008864403e+00,2.147873640e+00,-2.098796606e+00,-1.974172235e+00,1.568558216e+00,2.110617399e+00,3.000000000e+00,3.000000000e+00,0.000000000e+00,3.000000000e+00,-5.000000000e+00,2.000000000e+00,3.000000000e+00,1.000000000e+00,-5.522959709e+00,-1.549509764e+00,-3.696210682e-01,-5.514867306e+00,1.000000000e+00,4.141753038e-07,8.852899075e-01
9,0,1.502440572e+00,7.494344115e-01,-3.577681184e-01,1.032763124e+00,-8.629163727e-03,-3.275388718e+00,-2.911369562e+00,-2.729990721e+00,-2.348981380e+00,-1.977176547e+00,-2.609457731e+00,-4.024594307e+00,-2.419118166e+00,8.000000000e+00,7.000000000e+00,8.000000000e+00,0.000000000e+00,1.004996777e+00,2.480649233e+00,1.296733916e-01,1.000000000e+00,-1.107197881e+00,-2.214326143e+00,1.339990377e+00,2.479510069e+00,-1.758497477e+00,-1.860178232e+00,1.511376023e+00,2.419118166e+00,3.000000000e+00,3.000000000e+00,0.000000000e+00,1.000000000e+00,-5.000000000e+00,2.300000000e+01,1.000000000e+00,1.000000000e+00,-4.252540588e+00,-1.193919182e+00,-1.160105690e-01,-4.226072788e+00,1.000000000e+00,4.141753038e-07,2.257988304e-01
9,1,8.447275758e-01,3.075988591e-01,-1.181499481e+00,7.200202942e-01,-3.213715553e-01,-3.014080524e+00,-2.859322071e+00,-2.470790148e+00,-2.343664169e+00,-1.933752298e+00,-2.333561897e+00,-3.550114155e+00,-1.908162236e+00,6.000000000e+00,7.000000000e+00,8.000000000e+00,0.000000000e+00,1.651280046e+00,2.759430408e+00,-1.830691248e-01,1.000000000e+00,-1.489091396e+00,-2.977620125e+00,6.895802170e-02,2.759429455e+00,-2.582235098e+00,-2.026187420e+00,3.100360394e+00,1.908162236e+00,2.000000000e+00,2.000000000e+00,0.000000000e+00,2.000000000e+00,5.000000000e+00,2.600000000e+01,3.000000000e+00,1.000000000e+00,-4.950466633e+00,-1.351823926e+00,3.140628934e-01,-4.933219910e+00,1.000000000e+00,4.141753038e-07,9.973723888e-01
10,0,8.467513323e-01,7.427954078e-01,-1.093998313e+00,8.197760582e-01,-1.344659030e-01,-3.357067108e+00,-3.182508230e+00,-2.574720860e+00,-2.533308983e+00,-2.470799685e+00,-2.683265924e+00,-3.460755825e+00,7.198116183e-01,4.000000000e+00,7.000000000e+00,7.000000000e+00,0.000000000e+00,1.538467765e+00,3.240162134e+00,-2.532154135e-02,1.000000000e+00,-1.836769223e+00,-3.671480179e+00,-2.172273099e-01,3.240162134e+00,-3.492130041e+00,-1.940717101e+00,3.519674778e+00,7.198116183e-01,3.000000000e+00,0.000000000e+00,3.000000000e+00,3.000000000e+00,2.000000000e+00,7.000000000e+00,2.000000000e+00,1.000000000e+00,-4.671969891e+00,-2.250407219e+00,-8.322334886e-01,-4.669651031e+00,1.000000000e+00,4.141753038e-07,2.569678128e-01
10,1,8.747657537e-01,7.257255316e-01,-1.059797525e+00,3.042243123e-01,-7.371662259e-01,-3.354561329e+00,-2.318781137e+00,-2.636706352e+00,-1.825372696e+00,-2.487720728e+00,-2.660017014e+00,-3.503199577e+00,8.765628338e-01,5.000000000e+00,7.000000000e+00,8.000000000e+00,0.000000000e+00,-1.669236183e+00,1.604660273e+00,-5.988641977e-01,1.000000000e+00,-1.785501480e+00,-3.569363594e+00,6.522591114e-01,1.601939559e+00,-1.898833752e+00,-1.934530735e+00,2.872216403e-01,8.765628338e-01,4.000000000e+00,1.000000000e+00,3.000000000e+00,3.000000000e+00,2.000000000e+00,6.000000000e+00,1.000000000e+00,1.000000000e+00,-5.573232174e+00,-1.889409065e+00,-2.189612091e-01,-5.569741249e+00,1.000000000e+00,-3.379045725e-01,3.462780714e-01
10,2,6.840400100e-01,4.448136687e-01,-1.337937713e+00,2.970859706e-01,-5.480107069e-01,-3.173735142e+00,-3.114839315e+00,-2.576657057e+00,-2.576202869e+00,-2.337500095e+00,-2.466434717e+00,-3.412485838e+00,1.148092747e+00,3.000000000e+00,6.000000000e+00,6.000000000e+00,0.000000000e+00,2.057748884e-01,2.440481901e+00,-4.810641408e-01,1.000000000e+00,-1.782734394e+00,-3.563689470e+00,-1.131522179e+00,2.440481901e+00,-4.146578789e+00,-2.021941423e+00,3.808571100e+00,1.148092747e+00,4.000000000e+00,1.000000000e+00,3.000000000e+00,3.000000000e+00,2.000000000e+00,6.000000000e+00,1.000000000e+00,1.000000000e+00,-5.442307472e+00,-2.878655910e+00,-2.193526983e+00,-5.441892624e+00,1.000000000e+00,1.064350486e+00,9.882275462e-01
10,3,7.844157815e-01,4.406392574e-01,-1.278968215e+00,9.686207771e-01,1.437863521e-02,-3.151577711e+00,-3.047051907e+00,-2.524149418e+00,-2.454496384e+00,-2.180452108e+00,-2.503657579e+00,-3.494611740e+00,-1.428915501e+00,4.000000000e+00,7.000000000e+00,7.000000000e+00,0.000000000e+00,8.132126927e-01,2.587124348e+00,1.235229895e-01,1.000000000e+00,-1.719592810e+00,-3.437804222e+00,-9.204069376e-01,2.587124348e+00,-3.812838078e+00,-2.063341856e+00,3.780608177e+00,1.428915501e+00,1.000000000e+00,1.000000000e+00,0.000000000e+00,1.000000000e+00,-5.000000000e+00,3.300000000e+01,1.000000000e+00,1.000000000e+00,-4.636872292e+00,-1.579391956e+00,2.578333020e-01,-4.626064777e+00,1.000000000e+00,1.063954949e+00,9.888315201e-01
10,4,7.853215337e-01,2.951739132e-01,-1.221181870e+00,1.246758580e+00,1.328154802e-01,-2.993551731e+00,-2.860465050e+00,-2.452054501e+00,-2.351357698e+00,-1.961989999e+00,-2.301381826e+00,-3.482805490e+00,-1.794503093e+00,7.000000000e+00,7.000000000e+00,9.000000000e+00,0.000000000e+00,3.485487700e-01,2.136305094e+00,2.925162315e-01,1.000000000e+00,-1.516348481e+00,-3.032042265e+00,-5.138275027e-01,2.136303902e+00,-3.159829855e+00,-2.006466389e+00,3.039239883e+00,1.794503093e+00,1.000000000e+00,1.000000000e+00,0.000000000e+00,2.000000000e+00,5.000000000e+00,3.100000000e+01,3.000000000e+00,1.000000000e+00,-4.820365906e+00,-1.544033051e+00,-3.019123524e-02,-4.808929443e+00,1.000000000e+00,1.202616841e-01,9.976559877e-01
10,5,1.014521956e+00,2.704654932e-01,-1.006565332e+00,8.135730624e-01,-3.003694713e-01,-2.854848623e+00,-2.666049004e+00,-2.318614483e+00,-2.174265385e+00,-1.574632049e+00,-2.291325331e+00,-3.597493649e+00,-2.398175001e+00,8.000000000e+00,7.000000000e+00,9.000000000e+00,0.000000000e+00,1.845240712e+00,2.497268677e+00,-1.406689137e-01,1.000000000e+00,-1.277026772e+00,-2.553767920e+00,-1.089964032e+00,2.497268677e+00,-3.533279657e+00,-2.021045923e+00,4.186122417e+00,2.398175001e+00,1.000000000e+00,1.000000000e+00,0.000000000e+00,2.000000000e+00,5.000000000e+00,3.100000000e+01,3.000000000e+00,1.000000000e+00,-4.672623634e+00,-1.167750359e+00,2.796861827e-01,-4.645371914e+00,1.000000000e+00,1.194769219e-01,9.981148243e-01
11,0,1.332050800e+00,7.497502565e-01,-6.104621887e-01,8.402647376e-01,-2.011273056e-01,-3.299560547e+00,-3.123376131e+00,-2.783556223e+00,-2.574612141e+00,-2.201450586e+00,-2.692024469e+00,-3.879424810e+00,-2.016373396e+00,7.000000000e+00,6.000000000e+00,8.000000000e+00,0.000000000e+00,-8.409054279e-01,1.781679511e+00,-6.282480061e-02,1.000000000e+00,-1.360204220e+00,-2.720173597e+00,5.499846339e-01,1.780931115e+00,-2.774282694e+00,-1.942476630e+00,1.604156256e+00,2.016373396e+00,2.000000000e+00,2.000000000e+00,0.000000000e+00,3.000000000e+00,-5.000000000e+00,7.000000000e+00,3.000000000e+00,1.000000000e+00,-4.812682629e+00,-1.926735282e+00,-1.122767568e+00,-4.807902336e+00,1.000000000e+00,1.143772364e+00,2.243736237e-01
11,1,1.190992475e+00,7.380069494e-01,-8.198364377e-01,8.990262151e-01,-5.521586537e-02,-3.306286097e+00,-3.123867989e+00,-2.480859041e+00,-2.336034060e+00,-2.027958393e+00,-2.748534679e+00,-3.757658958e+00,1.703587532e+00,4.000000000e+00,6.000000000e+00,7.000000000e+00,0.000000000e+00,-2.656544447e-01,1.895184278e+00,5.392845720e-02,1.000000000e+00,-1.557830453e+00,-3.115065575e+00,-2.838748693e-01,1.895174861e+00,-3.357021332e+00,-2.010787249e+00,2.486992836e+00,1.703587532e+00,1.000000000e+00,1.000000000e+00,0.000000000e+00,2.000000000e+00,-4.000000000e+00,1.700000000e+01,2.000000000e+00,1.000000000e+00,-5.742600441e+00,-3.561418533e+00,-4.006124973e+00,-5.742547035e+00,1.000000000e+00,1.143101692e+00,2.808010280e-01
11,2,1.199392796e+00,6.006025076e-01,-7.605763674e-01,6.277859807e-01,-4.136056602e-01,-3.180831909e+00,-3.019975424e+00,-2.699107647e+00,-2.514291763e+00,-2.100479841e+00,-2.560369492e+00,-3.777670622e+00,-2.055659533e+00,7.000000000e+00,6.000000000e+00,8.000000000e+00,0.000000000e+00,-8.204904795e-01,1.690629601e+00,-2.753033042e-01,1.000000000e+00,-1.361171246e+00,-2.722086906e+00,3.238379955e-01,1.690228224e+00,-2.790929794e+00,-1.959931970e+00,1.780222058e+00,2.055659533e+00,4.000000000e+00,4.000000000e+00,0.000000000e+00,3.000000000e+00,-5.000000000e+00,1.000000000e+01,3.000000000e+00,1.000000000e+00,-5.673251152e+00,-1.540602922e+00,-3.835338354e-01,-5.666687489e+00,1.000000000e+00,4.141753038e-07,8.835828900e-01
12,0,7.788690329e-01,5.864980221e-01,-1.208870888e+00,1.499548554e-01,-8.042851686e-01,-3.274790049e+00,-3.142860889e+00,-2.572262287e+00,-2.515629530e+00,-2.379949093e+00,-2.573942184e+00,-3.466705799e+00,1.012001157e+00,4.000000000e+00,7.000000000e+00,7.000000000e+00,0.000000000e+00,1.640549898e+00,3.200328350e+00,-6.951413155e-01,1.000000000e+00,-1.795348644e+00,-3.588923216e+00,1.497555524e-01,3.200328112e+00,-2.952125549e+00,-1.987704635e+00,3.186190844e+00,1.012001157e+00,2.000000000e+00,0.000000000e+00,2.000000000e+00,3.000000000e+00,2.000000000e+00,3.000000000e+00,1.000000000e+00,1.000000000e+00,-5.512298107e+00,-2.395577908e+00,-1.204098821e+00,-5.511121750e+00,1.000000000e+00,-4.656996205e-02,9.073408246e-01
12,1,1.155048847e+00,4.364864230e-01,-7.683607936e-01,1.533977032e+00,4.200338423e-01,-3.037722826e+00,-2.832472086e+00,-2.566328049e+00,-2.390077114e+00,-1.847895026e+00,-2.359753847e+00,-3.754286051e+00,2.338433504e+00,9.000000000e+00,7.000000000e+00,9.000000000e+00,0.000000000e+00,3.169025779e-01,2.006376982e+00,5.797346830e-01,1.000000000e+00,-1.204842687e+00,-2.409542561e+00,-1.105716944e+00,2.006376743e+00,-3.928691387e+00,-1.923375726e+00,3.652998924e+00,2.338433504e+00,1.000000000e+00,1.000000000e+00,0.000000000e+00,1.000000000e+00,5.000000000e+00,3.000000000e+01,1.000000000e+00,1.000000000e+00,-4.344485760e+00,-1.179398179e+00,-4.754494410e-03,-4.317259312e+00,1.000000000e+00,4.141753038e-07,9.893966913e-01
13,0,9.752063155e-01,4.567676783e-01,-1.045659065e+00,9.916963577e-01,-4.969587922e-02,-3.104414463e+00,-2.985289812e+00,-2.616555214e+00,-2.502169609e+00,-2.098241568e+00,-2.477384329e+00,-3.621584892e+00,-1.863097787e+00,6.000000000e+00,7.000000000e+00,8.000000000e+00,0.000000000e+00,6.857842803e-01,2.441188335e+00,8.860664815e-02,1.000000000e+00,-1.502417564e+00,-3.004300833e+00,-5.853124261e-01,2.441188097e+00,-3.542870760e+00,-2.020824432e+00,3.429982662e+00,1.863097787e+00,2.000000000e+00,2.000000000e+00,0.000000000e+00,2.000000000e+00,5.000000000e+00,1.500000000e+01,3.000000000e+00,1.000000000e+00,-5.045599937e+00,-1.593740940e+00,-1.602317989e-01,-5.035871983e+00,1.000000000e+00,1.332435966e+00,9.862748384e-01
13,1,1.117704034e+00,4.172846675e-01,-8.936346769e-01,6.854058504e-01,-3.559859097e-01,-2.950987101e+00,-2.810380936e+00,-2.500940084e+00,-2.344069004e+00,-1.800630808e+00,-2.428400993e+00,-3.649851084e+00,2.295837879e+00,7.000000000e+00,7.000000000e+00,8.000000000e+00,0.000000000e+00,1.578922510e+00,2.590120316e+00,-2.176834941e-01,1.000000000e+00,-1.310913801e+00,-2.621554375e+00,-1.147706211e-01,2.590119362e+00,-2.875894308e+00,-2.011297464e+00,3.248272419e+00,2.295837879e+00,1.000000000e+00,1.000000000e+00,0.000000000e+00,2.000000000e+00,-5.000000000e+00,2.700000000e+01,3.000000000e+00,1.000000000e+00,-4.935599804e+00,-2.372658253e+00,-2.119929314e+00,-4.933920860e+00,1.000000000e+00,1.332173824e+00,9.916097522e-01
14,0,1.071941733e+00,6.458791494e-01,-9.584050775e-01,9.564354420e-01,2.193310065e-03,-3.280708551e+00,-3.190608501e+00,-2.709219933e+00,-2.643508673e+00,-2.283296347e+00,-2.675941229e+00,-3.705391407e+00,-1.637039781e+00,4.000000000e+00,6.000000000e+00,7.000000000e+00,0.000000000e+00,1.248740554e+00,2.907752991e+00,1.113376990e-01,1.000000000e+00,-1.604270577e+00,-3.207792282e+00,5.302485228e-01,2.907749176e+00,-2.759081125e+00,-2.030304193e+00,2.737764597e+00,1.637039781e+00,5.000000000e+00,5.000000000e+00,0.000000000e+00,3.000000000e+00,-4.000000000e+00,5.000000000e+00,1.000000000e+00,1.000000000e+00,-4.040939808e+00,-1.945010543e+00,-6.913212538e-01,-4.036092281e+00,1.000000000e+00,4.141753038e-07,7.596383691e-01
14,1,1.082254767e+00,5.422374010e-01,-9.372305274e-01,1.028313518e+00,-1.307878084e-02,-3.117178917e+00,-2.985545158e+00,-2.568896770e+00,-2.418193579e+00,-2.028993845e+00,-2.561462641e+00,-3.655795097e+00,1.915110707e+00,6.000000000e+00,7.000000000e+00,8.000000000e+00,0.000000000e+00,-2.486945391e+00,7.927396894e-01,1.252237707e-01,1.000000000e+00,-1.479458451e+00,-2.958442926e+00,9.013819695e-02,7.840253115e-01,-2.870084524e+00,-2.019443512e+00,1.083062053e+00,1.915110707e+00,1.000000000e+00,1.000000000e+00,0.000000000e+00,2.000000000e+00,-5.000000000e+00,1.000000000e+00,3.000000000e+00,1.000000000e+00,-4.877032757e+00,-1.663985133e+00,-3.500311077e-01,-4.868413925e+00,1.000000000e+00,4.141753038e-07,9.538868666e-01
14,2,1.006049991e+00,4.830837846e-01,-9.939520359e-01,1.374546647e+00,2.606034577e-01,-3.100187302e+00,-2.872698307e+00,-2.488749504e+00,-2.262622833e+00,-1.965877056e+00,-2.482846022e+00,-3.621878624e+00,-1.874031425e+00,7.000000000e+00,8.000000000e+00,9.000000000e+00,0.000000000e+00,6.938520819e-02,2.000610352e+00,4.203042388e-01,1.000000000e+00,-1.477026939e+00,-2.953577757e+00,-6.976131797e-01,2.000609398e+00,-3.442197323e+00,-1.999962807e+00,2.994613647e+00,1.874031425e+00,1.000000000e+00,1.000000000e+00,0.000000000e+00,2.000000000e+00,5.000000000e+00,2.000000000e+00,3.000000000e+00,1.000000000e+00,-4.021343708e+00,-2.472009420e+00,-1.993077755e+00,-4.019896984e+00,2.000000000e+00,4.141753038e-07,9.804887772e-01
14,3,8.887760639e-01,4.223765135e-01,-1.135486960e+00,2.892548442e-01,-5.558419228e-01,-3.130033493e+00,-2.979854822e+00,-2.545713186e+00,-2.419112444e+00,-2.079413891e+00,-2.446386576e+00,-3.595305681e+00,-1.736520886e+00,4.000000000e+00,6.000000000e+00,6.000000000e+00,0.000000000e+00,1.249008060e+00,2.703973532e+00,-4.888952971e-01,1.000000000e+00,-1.557853460e+00,-3.115034819e+00,3.522639275e-01,2.703969240e+00,-2.489205122e+00,-2.024222851e+00,2.691415071e+00,1.736520886e+00,3.000000000e+00,3.000000000e+00,0.000000000e+00,1.000000000e+00,-5.000000000e+00,2.100000000e+01,1.000000000e+00,1.000000000e+00,-5.101119518e+00,-2.124614716e+00,-1.140094638e+00,-5.098280907e+00,1.000000000e+00,1.156661272e+00,9.910809398e-01
14,4,8.172832727e-01,4.208441377e-01,-1.287214875e+00,1.098978043e+00,1.447357982e-01,-3.121024132e+00,-3.081524134e+00,-2.490423203e+00,-2.514732599e+00,-2.094064474e+00,-2.524933815e+00,-3.516608477e+00,1.563027620e+00,4.000000000e+00,7.000000000e+00,7.000000000e+00,0.000000000e+00,1.301343322e+00,2.744790077e+00,2.538802028e-01,1.000000000e+00,-1.708045006e+00,-3.414733171e+00,-3.309702575e-01,2.744790077e+00,-3.265887976e+00,-2.104451180e+00,3.496212959e+00,1.563027620e+00,1.000000000e+00,1.000000000e+00,0.000000000e+00,1.000000000e+00,5.000000000e+00,2.600000000e+01,1.000000000e+00,1.000000000e+00,-4.621131420e+00,-2.104781151e+00,-7.866858840e-01,-4.617875099e+00,1.000000000e+00,1.156859159e+00,9.912440777e-01
14,5,8.182690144e-01,3.244898319e-01,-1.248178720e+00,6.550424099e-01,-2.991993129e-01,-2.961132050e+00,-2.860809565e+00,-2.428338289e+00,-2.325404167e+00,-1.934638143e+00,-2.390513420e+00,-3.454071283e+00,-1.803335905e+00,5.000000000e+00,6.000000000e+00,7.000000000e+00,0.000000000e+00,1.168636680e+00,2.518993855e+00,-1.900550723e-01,1.000000000e+00,-1.572659731e+00,-3.144421101e+00,-1.494366765e+00,2.518993855e+00,-4.138352394e+00,-2.066404819e+00,4.401335716e+00,1.803335905e+00,3.000000000e+00,3.000000000e+00,0.000000000e+00,2.000000000e+00,4.000000000e+00,2.100000000e+01,4.000000000e+00,1.000000000e+00,-4.328981876e+00,-1.678124547e+00,-1.925187111e-01,-4.320154190e+00,1.000000000e+00,9.375707507e-01,9.969146252e-01
14,6,9.869878292e-01,3.158157468e-01,-1.030399442e+00,6.437491179e-01,-4.701929688e-01,-2.914684057e+00,-2.749665022e+00,-2.382843733e+00,-2.245549679e+00,-1.711753845e+00,-2.332962990e+00,-3.584541559e+00,-2.227013826e+00,8.000000000e+00,7.000000000e+00,9.000000000e+00,0.000000000e+00,1.168107390e+00,2.295830488e+00,-3.104925454e-01,1.000000000e+00,-1.346210003e+00,-2.692074299e+00,-4.760333300e-01,2.295829773e+00,-3.037003040e+00,-2.017346621e+00,3.305485725e+00,2.227013826e+00,1.000000000e+00,1.000000000e+00,0.000000000e+00,1.000000000e+00,-5.000000000e+00,3.200000000e+01,1.000000000e+00,1.000000000e+00,-4.108952522e+00,-1.581193089e+00,-4.468920529e-01,-4.097850800e+00,1.000000000e+00,9.378718138e-01,9.971610308e-01
15,0,7.595347166e-01,5.703936815e-01,-1.238608956e+00,7.123532295e-01,-1.327442974e-01,-3.260343790e+00,-3.211596012e+00,-2.537921906e+00,-2.588990450e+00,-2.348833561e+00,-2.568226576e+00,-3.449053526e+00,1.002273798e+00,3.000000000e+00,6.000000000e+00,6.000000000e+00,0.000000000e+00,9.746106863e-01,2.836236477e+00,-6.579758972e-02,1.000000000e+00,-1.808982015e+00,-3.616064787e+00,1.534112841e-01,2.836235523e+00,-3.005701303e+00,-1.998107910e+00,2.922934532e+00,1.002273798e+00,1.000000000e+00,0.000000000e+00,1.000000000e+00,3.000000000e+00,2.000000000e+00,9.000000000e+00,1.000000000e+00,1.000000000e+00,-5.408851147e+00,-2.072241783e+00,-5.338876247e-01,-5.406125546e+00,1.000000000e+00,4.141753038e-07,9.284126759e-01
15,1,9.761934280e-01,4.038521647e-01,-9.454125166e-01,1.068893313e+00,2.750098519e-02,-3.030401230e+00,-2.878782272e+00,-2.481793880e+00,-2.389189959e+00,-1.909548879e+00,-2.325282574e+00,-3.601470470e+00,1.992593646e+00,7.000000000e+00,6.000000000e+00,8.000000000e+00,0.000000000e+00,3.578663468e-01,2.088536739e+00,1.658035666e-01,1.000000000e+00,-1.349258661e+00,-2.698232412e+00,8.929917961e-02,2.088514805e+00,-2.703629971e+00,-1.921573400e+00,2.478841543e+00,1.992593646e+00,1.000000000e+00,1.000000000e+00,0.000000000e+00,1.000000000e+00,5.000000000e+00,2.000000000e+00,1.000000000e+00,1.000000000e+00,-5.907627106e+00,-2.923711538e+00,-3.150035620e+00,-5.907527924e+00,1.000000000e+00,6.209599376e-01,9.928358197e-01
15,2,7.322668433e-01,4.034839869e-01,-1.259067535e+00,8.576070666e-01,1.250936743e-02,-3.118181944e+00,-3.040596724e+00,-2.552392721e+00,-2.520817757e+00,-2.223692179e+00,-2.394511223e+00,-3.446320057e+00,1.390008688e+00,4.000000000e+00,6.000000000e+00,6.000000000e+00,0.000000000e+00,5.262110233e-01,2.487176180e+00,7.945612818e-02,1.000000000e+00,-1.662539244e+00,-3.323994637e+00,1.125287056e+00,2.486765862e+00,-1.799131274e+00,-1.991299629e+00,1.658664942e+00,1.390008688e+00,4.000000000e+00,4.000000000e+00,0.000000000e+00,3.000000000e+00,4.000000000e+00,2.000000000e+01,3.000000000e+00,1.000000000e+00,-4.251086235e+00,-1.891166210e+00,-4.683679938e-01,-4.245640278e+00,1.000000000e+00,6.207155585e-01,9.928662777e-01
15,3,6.015411615e-01,3.314655721e-01,-1.444059253e+00,7.914993763e-01,-1.627425104e-01,-3.081884623e+00,-3.021490574e+00,-2.467944860e+00,-2.459970713e+00,-2.197928190e+00,-2.376598835e+00,-3.351508141e+00,1.233604193e+00,4.000000000e+00,7.000000000e+00,7.000000000e+00,0.000000000e+00,1.101588845e+00,2.748791456e+00,-5.359819159e-02,1.000000000e+00,-1.775510907e+00,-3.549157143e+00,-3.699646145e-02,2.748790979e+00,-2.828265667e+00,-2.045564175e+00,3.047750711e+00,1.233604193e+00,1.000000000e+00,1.000000000e+00,0.000000000e+00,2.000000000e+00,-3.000000000e+00,3.000000000e+01,2.000000000e+00,1.000000000e+00,-4.512591839e+00,-2.289784431e+00,-1.024192691e+00,-4.510441780e+00,1.000000000e+00,4.141753038e-07,9.966970682e-01
16,0,1.050070405e+00,5.151644945e-01,-9.559296966e-01,1.206106067e+00,9.216298163e-02,-3.045274734e+00,-2.939922094e+00,-2.578768253e+00,-2.450044155e+00,-2.043978930e+00,-2.520883560e+00,-3.579012394e+00,-1.902812123e+00,7.000000000e+00,7.000000000e+00,9.000000000e+00,0.000000000e+00,1.227202654e+00,2.657628298e+00,2.518637478e-01,1.000000000e+00,-1.471085191e+00,-2.941675425e+00,-7.907782793e-01,2.657628298e+00,-3.753642082e+00,-2.005959988e+00,3.853793144e+00,1.902812123e+00,2.000000000e+00,2.000000000e+00,0.000000000e+00,1.000000000e+00,-5.000000000e+00,4.000000000e+00,1.000000000e+00,1.000000000e+00,-4.556616783e+00,-1.425821781e+00,5.854373798e-02,-4.541189671e+00,1.000000000e+00,1.096208811e+00,9.692522883e-01
16,1,1.220160246e+00,4.980993271e-01,-7.823367119e-01,6.203149557e-01,-4.936271012e-01,-3.065035582e+00,-2.892048836e+00,-2.604638577e+00,-2.414412975e+00,-1.882719040e+00,-2.500405073e+00,-3.784946442e+00,2.346639395e+00,8.000000000e+00,7.000000000e+00,9.000000000e+00,0.000000000e+00,8.839290142e-01,2.324722528e+00,-3.339267075e-01,1.000000000e+00,-1.280430317e+00,-2.560662746e+00,5.542154983e-02,2.324716330e+00,-2.856891394e+00,-2.002455950e+00,2.800969362e+00,2.346639395e+00,1.000000000e+00,1.000000000e+00,0.000000000e+00,1.000000000e+00,5.000000000e+00,2.000000000e+01,1.000000000e+00,1.000000000e+00,-4.710980892e+00,-1.305216670e+00,-5.460033193e-03,-4.691045284e+00,1.000000000e+00,8.049378395e-01,9.759450555e-01
16,2,8.966239095e-01,4.935400486e-01,-1.163148403e+00,8.453242183e-01,-1.960678101e-01,-3.175242901e+00,-3.069246292e+00,-2.579956293e+00,-2.490873337e+00,-2.176972151e+00,-2.552995682e+00,-3.577333450e+00,1.579707980e+00,5.000000000e+00,7.000000000e+00,8.000000000e+00,0.000000000e+00,-6.396083236e-01,1.857356668e+00,-5.776530504e-02,1.000000000e+00,-1.656674862e+00,-3.312329054e+00,2.944561839e-01,1.857194066e+00,-2.689878941e+00,-2.059728622e+00,1.876640081e+00,1.579707980e+00,3.000000000e+00,3.000000000e+00,0.000000000e+00,3.000000000e+00,4.000000000e+00,3.200000000e+01,4.000000000e+00,1.000000000e+00,-4.851285458e+00,-2.520988703e+00,-1.726233125e+00,-4.850071907e+00,1.000000000e+00,8.076083660e-01,9.774414897e-01
17,0,8.083840609e-01,4.773315191e-01,-1.253438592e+00,8.178911209e-01,-2.720648050e-02,-3.162653446e+00,-3.102199078e+00,-2.594150066e+00,-2.572388887e+00,-2.263188362e+00,-2.538779974e+00,-3.492984533e+00,-1.395921826e+00,3.000000000e+00,6.000000000e+00,6.000000000e+00,0.000000000e+00,-1.913239360e+00,1.306663871e+00,3.974019364e-02,1.000000000e+00,-1.730754375e+00,-3.460069418e+00,-5.410934687e-01,1.306620002e+00,-3.589287281e+00,-2.061780453e+00,2.156434298e+00,1.395921826e+00,1.000000000e+00,1.000000000e+00,0.000000000e+00,2.000000000e+00,4.000000000e+00,1.100000000e+01,3.000000000e+00,1.000000000e+00,-4.628391743e+00,-3.314338684e+00,-3.168694258e+00,-4.628190517e+00,1.000000000e+00,4.141753038e-07,9.819625020e-01
17,1,7.786235213e-01,4.517803192e-01,-1.286409855e+00,8.009946346e-01,-1.532473564e-01,-3.170602798e+00,-3.064668417e+00,-2.539773941e+00,-2.471106052e+00,-2.213010311e+00,-2.516449451e+00,-3.496724606e+00,-1.384948492e+00,4.000000000e+00,7.000000000e+00,7.000000000e+00,0.000000000e+00,-3.470694423e-01,2.039553642e+00,-4.410300776e-02,1.000000000e+00,-1.738174558e+00,-3.474868774e+00,-1.043850929e-01,2.039542437e+00,-3.026937962e+00,-2.064991236e+00,2.401918173e+00,1.384948492e+00,2.000000000e+00,2.000000000e+00,0.000000000e+00,2.000000000e+00,4.000000000e+00,1.100000000e+01,3.000000000e+00,1.000000000e+00,-4.868159771e+00,-1.536449552e+00,3.785729110e-01,-4.856618881e+00,1.000000000e+00,1.274507284e+00,9.871323109e-01
17,2,7.037933469e-01,4.211800396e-01,-1.339434028e+00,7.952133417e-01,-1.590286195e-01,-3.149884462e+00,-3.073956490e+00,-2.518419743e+00,-2.492170811e+00,-2.235874891e+00,-2.464027882e+00,-3.431935787e+00,1.267630577e+00,4.000000000e+00,7.000000000e+00,7.000000000e+00,0.000000000e+00,-1.532787323e+00,1.469731212e+00,-4.988428950e-02,1.000000000e+00,-1.760598302e+00,-3.519545317e+00,1.180270407e-02,1.469467402e+00,-2.901337147e+00,-2.043188810e+00,1.713890076e+00,1.267630577e+00,1.000000000e+00,1.000000000e+00,0.000000000e+00,2.000000000e+00,-3.000000000e+00,3.000000000e+01,3.000000000e+00,1.000000000e+00,-4.384926796e+00,-2.149438381e+00,-7.715719938e-01,-4.381933689e+00,1.000000000e+00,4.093168378e-01,9.912085533e-01
17,3,1.052989006e+00,4.139379859e-01,-9.220526218e-01,9.964594245e-01,-1.174834296e-01,-3.034752369e+00,-2.864889383e+00,-2.564353466e+00,-2.388741732e+00,-1.925424933e+00,-2.388794422e+00,-3.672227621e+00,2.151170492e+00,8.000000000e+00,7.000000000e+00,9.000000000e+00,0.000000000e+00,1.094776869e+00,2.472939491e+00,4.221720248e-02,1.000000000e+00,-1.335984707e+00,-2.671701908e+00,8.076488376e-01,2.472837925e+00,-1.995094061e+00,-1.975004196e+00,2.128559113e+00,2.151170492e+00,4.000000000e+00,4.000000000e+00,0.000000000e+00,3.000000000e+00,5.000000000e+00,1.500000000e+01,3.000000000e+00,1.000000000e+00,-4.088349819e+00,-1.457633257e+00,-2.124812007e-01,-4.073646545e+00,1.000000000e+00,4.091522992e-01,9.919371605e-01
18,0,1.585348964e+00,8.929014206e-01,-3.474703431e-01,8.686370850e-01,-1.727550179e-01,-3.299459457e+00,-3.048560143e+00,-2.594028473e+00,-2.492207766e+00,-1.901716709e+00,-2.825415134e+00,-3.988523006e+00,2.277098894e+00,7.000000000e+00,7.000000000e+00,8.000000000e+00,0.000000000e+00,6.818962693e-01,2.242770672e+00,-3.445250541e-02,1.000000000e+00,-1.240365148e+00,-2.480598211e+00,5.154467225e-01,2.242694378e+00,-2.869475603e+00,-1.932783127e+00,2.317797899e+00,2.277098894e+00,4.000000000e+00,4.000000000e+00,0.000000000e+00,1.000000000e+00,5.000000000e+00,1.300000000e+01,1.000000000e+00,1.000000000e+00,-5.836726665e+00,-1.604606867e+00,-7.498240471e-01,-5.833357811e+00,1.000000000e+00,4.141753038e-07,3.579288954e-03
18,1,1.073354721e+00,6.476852894e-01,-8.864373565e-01,-3.118541837e-02,-1.145123243e+00,-3.231306314e+00,-3.109141827e+00,-2.646445274e+00,-2.532044649e+00,-2.220896244e+00,-2.607229710e+00,-3.655745983e+00,1.636063218e+00,7.000000000e+00,7.000000000e+00,9.000000000e+00,0.000000000e+00,7.315449715e-01,2.586778164e+00,-9.854242206e-01,1.000000000e+00,-1.534111023e+00,-3.067668915e+00,7.645813227e-01,2.586729050e+00,-2.415183544e+00,-1.959755778e+00,2.133346558e+00,1.636063218e+00,4.000000000e+00,4.000000000e+00,0.000000000e+00,3.000000000e+00,4.000000000e+00,2.000000000e+01,3.000000000e+00,1.000000000e+00,-4.631493568e+00,-1.518801808e+00,4.707744345e-03,-4.619084358e+00,1.000000000e+00,4.141753038e-07,7.528402209e-01
18,2,9.326959252e-01,4.337385893e-01,-1.116487741e+00,7.512607574e-01,-2.901311517e-01,-3.000409365e+00,-2.941899061e+00,-2.289133787e+00,-2.368454933e+00,-1.790234089e+00,-2.482550621e+00,-3.498431206e+00,-1.815915704e+00,5.000000000e+00,6.000000000e+00,8.000000000e+00,0.000000000e+00,9.368814230e-01,2.258777142e+00,-1.518287063e-01,1.000000000e+00,-1.550216436e+00,-3.099672079e+00,5.448300838e-01,2.258696079e+00,-2.257386446e+00,-2.049140692e+00,2.292132616e+00,1.815915704e+00,4.000000000e+00,4.000000000e+00,0.000000000e+00,1.000000000e+00,-5.000000000e+00,1.400000000e+01,1.000000000e+00,1.000000000e+00,-5.303224087e+00,-1.993084311e+00,-8.945668340e-01,-5.299712658e+00,1.000000000e+00,1.410388470e+00,9.897521734e-01
18,3,1.141861677e+00,4.042296410e-01,-7.107765675e-01,5.171877742e-01,-5.242035389e-01,-2.951798439e+00,-2.614712000e+00,-2.263938189e+00,-2.015992165e+00,-1.526371121e+00,-2.256747246e+00,-3.687698364e+00,2.383131981e+00,8.000000000e+00,6.000000000e+00,8.000000000e+00,0.000000000e+00,1.478045940e+00,2.265410423e+00,-3.859012723e-01,1.000000000e+00,-1.115002632e+00,-2.229898453e+00,-2.698013783e-01,2.265408516e+00,-2.689856052e+00,-1.852609515e+00,3.024778366e+00,2.383131981e+00,1.000000000e+00,1.000000000e+00,0.000000000e+00,2.000000000e+00,-5.000000000e+00,3.200000000e+01,3.000000000e+00,1.000000000e+00,-4.825510979e+00,-1.173620224e+00,-5.695667863e-02,-4.799157619e+00,1.000000000e+00,1.410063744e+00,9.928043485e-01
19,0,1.444726467e+00,7.680984139e-01,-4.749040306e-01,1.187497377e+00,7.355438173e-02,-3.249868870e+00,-2.713552237e+00,-2.591163635e+00,-2.122276545e+00,-1.914669394e+00,-2.687498569e+00,-3.923611879e+00,2.239868164e+00,8.000000000e+00,7.000000000e+00,9.000000000e+00,0.000000000e+00,1.260573506e+00,2.545000315e+00,2.332551032e-01,1.000000000e+00,-1.242996097e+00,-2.485854387e+00,4.459788203e-01,2.544986486e+00,-2.444333076e+00,-1.919595718e+00,2.306616306e+00,2.239868164e+00,4.000000000e+00,4.000000000e+00,0.000000000e+00,1.000000000e+00,5.000000000e+00,3.000000000e+01,1.000000000e+00,1.000000000e+00,-4.628144264e+00,-2.063530684e+00,-1.648606062e+00,-4.624567032e+00,1.000000000e+00,4.141753038e-07,1.511745900e-01
19,1,1.088179469e+00,6.414532065e-01,-9.364043474e-01,7.045249343e-01,-1.405726224e-01,-3.219919205e+00,-3.121741772e+00,-2.689239979e+00,-2.566627502e+00,-2.242650270e+00,-2.665741444e+00,-3.665352106e+00,1.688171148e+00,4.000000000e+00,6.000000000e+00,6.000000000e+00,0.000000000e+00,1.279859900e+00,2.882685900e+00,-7.362591475e-02,1.000000000e+00,-1.577844858e+00,-3.155003309e+00,1.007615566e+00,2.882647276e+00,-2.200556278e+00,-2.024541616e+00,2.199077606e+00,1.688171148e+00,2.000000000e+00,2.000000000e+00,0.000000000e+00,2.000000000e+00,-4.000000000e+00,2.700000000e+01,3.000000000e+00,1.000000000e+00,-5.451455593e+00,-2.221380711e+00,-1.281943202e+00,-5.449589252e+00,2.000000000e+00,4.141753038e-07,7.756376266e-01
19,2,9.379702806e-01,4.997661114e-01,-1.034693837e+00,5.450603366e-01,-4.963310957e-01,-3.174806833e+00,-3.033569574e+00,-2.577522993e+00,-2.470641136e+00,-2.139423132e+00,-2.472207546e+00,-3.611880541e+00,-1.667129159e+00,6.000000000e+00,7.000000000e+00,8.000000000e+00,0.000000000e+00,-1.453425050e+00,1.412773252e+00,-3.580287695e-01,1.000000000e+00,-1.534449697e+00,-3.068322182e+00,-7.256464362e-01,1.412761807e+00,-3.694032192e+00,-1.972627997e+00,2.469015121e+00,1.667129159e+00,1.000000000e+00,1.000000000e+00,0.000000000e+00,1.000000000e+00,-5.000000000e+00,1.500000000e+01,1.000000000e+00,1.000000000e+00,-5.911400795e+00,-1.943676710e+00,-8.283298016e-01,-5.910489559e+00,1.000000000e+00,4.141753038e-07,9.753699899e-01
19,3,7.988868356e-01,4.332150221e-01,-1.247685671e+00,7.711173296e-01,-2.702746391e-01,-3.134791613e+00,-3.036363602e+00,-2.522736311e+00,-2.457463026e+00,-2.157146931e+00,-2.479445934e+00,-3.499681711e+00,-1.485118747e+00,5.000000000e+00,7.000000000e+00,8.000000000e+00,0.000000000e+00,2.130873315e-02,2.167877674e+00,-1.319721490e-01,1.000000000e+00,-1.680887341e+00,-3.360600948e+00,1.399379373e-01,2.167858601e+00,-2.750620127e+00,-2.046531677e+00,2.328208923e+00,1.485118747e+00,1.000000000e+00,1.000000000e+00,0.000000000e+00,1.000000000e+00,-5.000000000e+00,1.500000000e+01,1.000000000e+00,1.000000000e+00,-5.372164249e+00,-2.048495054e+00,-7.430011630e-01,-5.369205475e+00,1.000000000e+00,4.141753038e-07,9.898183942e-01
19,4,9.475731850e-01,3.534010947e-01,-1.029239058e+00,6.919701099e-01,-2.622716725e-01,-2.987127542e+00,-2.845269680e+00,-2.541239500e+00,-2.390437603e+00,-1.947179914e+00,-2.329999685e+00,-3.580066919e+00,2.044667482e+00,6.000000000e+00,6.000000000e+00,7.000000000e+00,0.000000000e+00,1.046030641e+00,2.470403194e+00,-1.531273872e-01,1.000000000e+00,-1.382634163e+00,-2.764911413e+00,9.469352365e-01,2.470208406e+00,-1.796982765e+00,-1.976775646e+00,1.966586828e+00,2.044667482e+00,4.000000000e+00,4.000000000e+00,0.000000000e+00,2.000000000e+00,-5.000000000e+00,2.700000000e+01,4.000000000e+00,1.000000000e+00,-4.147545815e+00,-1.301281810e+00,2.072341144e-01,-4.126658916e+00,1.000000000e+00,8.066749573e-01,9.958783388e-01
19,5,1.028151512e+00,3.352103233e-01,-8.399063945e-01,8.229373693e-01,-2.184546143e-01,-2.929790020e+00,-2.624084711e+00,-2.320712566e+00,-2.083084106e+00,-1.627843618e+00,-2.203137398e+00,-3.621281385e+00,2.278259754e+00,8.000000000e+00,6.000000000e+00,8.000000000e+00,0.000000000e+00,2.050712585e+00,2.653218985e+00,-8.015213907e-02,1.000000000e+00,-1.175113082e+00,-2.350077391e+00,-9.655930102e-02,2.653218269e+00,-2.514764547e+00,-1.868028879e+00,3.204987049e+00,2.278259754e+00,1.000000000e+00,1.000000000e+00,0.000000000e+00,1.000000000e+00,5.000000000e+00,6.000000000e+00,1.000000000e+00,1.000000000e+00,-3.906409740e+00,-8.380926847e-01,8.102976680e-01,-3.847980499e+00,1.000000000e+00,8.019990325e-01,9.965724945e-01
20,0,1.254482508e+00,8.542350531e-01,-7.353202105e-01,7.731011510e-01,-1.811407655e-01,-3.428657055e+00,-3.406355381e+00,-2.698476791e+00,-2.781997919e+00,-2.298360109e+00,-2.843698740e+00,-3.827144623e+00,1.572593093e+00,5.000000000e+00,6.000000000e+00,7.000000000e+00,0.000000000e+00,1.012573123e+00,2.804735184e+00,-7.199643552e-02,1.000000000e+00,-1.589540720e+00,-3.178421497e+00,3.495959938e-01,2.804732561e+00,-3.286060095e+00,-1.989762545e+00,2.938833714e+00,1.572593093e+00,1.000000000e+00,1.000000000e+00,0.000000000e+00,2.000000000e+00,-4.000000000e+00,1.000000000e+01,1.000000000e+00,1.000000000e+00,-5.383913994e+00,-1.855258942e+00,-5.192576647e-01,-5.379344940e+00,1.000000000e+00,4.141753038e-07,1.341783535e-02
20,1,7.471263409e-01,7.255250812e-01,-1.142975688e+00,6.397656202e-01,-3.144760430e-01,-3.197338820e+00,-3.242431402e+00,-2.381349325e+00,-2.594622612e+00,-2.359753132e+00,-2.615408659e+00,-3.218905210e+00,-3.180215955e-01,4.000000000e+00,7.000000000e+00,7.000000000e+00,0.000000000e+00,7.084581852e-01,2.714108467e+00,-2.053317726e-01,1.000000000e+00,-1.868474603e+00,-3.734604597e+00,8.503355980e-01,2.714067698e+00,-2.469854593e+00,-1.890074253e+00,2.098649025e+00,3.180215955e-01,3.000000000e+00,0.000000000e+00,3.000000000e+00,3.000000000e+00,-1.000000000e+00,6.000000000e+00,1.000000000e+00,1.000000000e+00,-4.869657516e+00,-3.282667398e+00,-2.830146551e+00,-4.869448185e+00,1.000000000e+00,4.141753038e-07,3.473900855e-01
20,2,1.295758367e+00,6.574419737e-01,-6.549811959e-01,5.696474314e-01,-5.442944765e-01,-3.200347185e+00,-3.025969744e+00,-2.721224546e+00,-2.511299610e+00,-2.083084106e+00,-2.607972860e+00,-3.836363077e+00,-2.149432421e+00,8.000000000e+00,7.000000000e+00,9.000000000e+00,0.000000000e+00,-2.348104239e+00,9.092186093e-01,-3.845941424e-01,1.000000000e+00,-1.312416077e+00,-2.624632597e+00,-5.964231491e-01,9.090069532e-01,-3.762784958e+00,-1.950702667e+00,1.933179140e+00,2.149432421e+00,4.000000000e+00,4.000000000e+00,0.000000000e+00,2.000000000e+00,5.000000000e+00,1.300000000e+01,3.000000000e+00,1.000000000e+00,-5.416855812e+00,-1.965660214e+00,-1.297091126e+00,-5.413396835e+00,1.000000000e+00,-4.434983432e-02,7.133939862e-01
20,3,9.020713568e-01,6.233667135e-01,-1.112531185e+00,7.743777037e-01,-2.670142949e-01,-3.266600847e+00,-3.198952675e+00,-2.627741337e+00,-2.618284225e+00,-2.349123955e+00,-2.637650490e+00,-3.544584274e+00,-1.257063389e+00,4.000000000e+00,7.000000000e+00,8.000000000e+00,0.000000000e+00,1.576251268e+00,3.137346506e+00,-1.287117898e-01,1.000000000e+00,-1.735879779e+00,-3.470386505e+00,-5.407596380e-02,3.137346506e+00,-3.295049906e+00,-2.014563322e+00,3.460462332e+00,1.257063389e+00,2.000000000e+00,1.000000000e+00,1.000000000e+00,3.000000000e+00,-2.000000000e+00,5.000000000e+00,1.000000000e+00,1.000000000e+00,-5.392269135e+00,-2.487176418e+00,-1.505622387e+00,-5.391205311e+00,1.000000000e+00,4.141753038e-07,8.317009211e-01
20,4,6.773335934e-01,5.204776525e-01,-1.300236106e+00,7.300617099e-01,-2.241801023e-01,-3.237423658e+00,-3.194415569e+00,-2.530434847e+00,-2.579623699e+00,-2.373623610e+00,-2.497755766e+00,-3.393953562e+00,-9.018748999e-01,4.000000000e+00,7.000000000e+00,7.000000000e+00,0.000000000e+00,1.609100103e-01,2.454181194e+00,-1.150358096e-01,1.000000000e+00,-1.820693493e+00,-3.639384031e+00,-6.095275879e-01,2.454180956e+00,-3.707575083e+00,-1.977537036e+00,3.269101858e+00,9.018748999e-01,1.000000000e+00,0.000000000e+00,1.000000000e+00,3.000000000e+00,-2.000000000e+00,5.000000000e+00,1.000000000e+00,1.000000000e+00,-5.566545010e+00,-3.129688025e+00,-2.619565487e+00,-5.566341877e+00,1.000000000e+00,4.141753038e-07,9.667565823e-01
20,5,4.928749800e-01,3.781338930e-01,-1.383288264e+00,6.053168178e-01,-2.397805452e-01,-3.141591549e+00,-3.120172024e+00,-2.453306675e+00,-2.542476654e+00,-2.338594198e+00,-2.254075050e+00,-3.256150723e+00,-7.593038678e-01,4.000000000e+00,6.000000000e+00,6.000000000e+00,0.000000000e+00,-2.549166441e+00,1.073583484e+00,-1.728338748e-01,1.000000000e+00,-1.761407375e+00,-3.521265984e+00,4.982288182e-01,1.057666421e+00,-2.422418118e+00,-1.876140833e+00,7.633287311e-01,7.593038678e-01,1.000000000e+00,0.000000000e+00,1.000000000e+00,3.000000000e+00,-1.000000000e+00,6.000000000e+00,3.000000000e+00,1.000000000e+00,-4.674664021e+00,-1.718642473e+00,6.908989698e-02,-4.666826725e+00,2.000000000e+00,4.141753038e-07,9.946373105e-01
20,6,9.187275767e-01,3.518680930e-01,-1.017751098e+00,1.059048772e+00,1.765642874e-02,-2.967498302e+00,-2.813164711e+00,-2.500056028e+00,-2.350714922e+00,-1.933296442e+00,-2.288138866e+00,-3.533275604e+00,-1.979486823e+00,7.000000000e+00,6.000000000e+00,8.000000000e+00,0.000000000e+00,4.727334380e-01,2.169701338e+00,1.559590101e-01,1.000000000e+00,-1.369613409e+00,-2.738881111e+00,-4.898303151e-01,2.169700146e+00,-3.191835880e+00,-1.936445713e+00,3.076709747e+00,1.979486823e+00,1.000000000e+00,1.000000000e+00,0.000000000e+00,1.000000000e+00,-5.000000000e+00,6.000000000e+00,1.000000000e+00,1.000000000e+00,-5.705444336e+00,-1.874481320e+00,-1.021295071e+00,-5.702598572e+00,1.000000000e+00,5.413045883e-01,9.959430099e-01
20,7,3.706193268e-01,3.425627947e-01,-1.547106862e+00,9.229797125e-01,-3.126235679e-02,-3.067920446e+00,-3.078165054e+00,-2.280672550e+00,-2.466552496e+00,-2.252621174e+00,-2.260109425e+00,-3.095943213e+00,-3.633335233e-01,4.000000000e+00,7.000000000e+00,7.000000000e+00,0.000000000e+00,3.196173906e-01,2.412507534e+00,7.788196206e-02,1.000000000e+00,-1.889651060e+00,-3.776649237e+00,-2.373364449e+00,2.412507534e+00,-5.121142387e+00,-1.917705297e+00,4.970893860e+00,3.633335233e-01,2.000000000e+00,0.000000000e+00,2.000000000e+00,3.000000000e+00,-1.000000000e+00,6.000000000e+00,1.000000000e+00,1.000000000e+00,-4.332150936e+00,-2.219010592e+00,-6.640226841e-01,-4.329592705e+00,1.000000000e+00,6.978648901e-01,9.963105321e-01
21,0,1.321539044e+00,6.566016674e-01,-6.812798381e-01,8.215657473e-01,-2.923767865e-01,-3.186478138e+00,-3.032596827e+00,-2.696502447e+00,-2.513246298e+00,-2.031734228e+00,-2.659183025e+00,-3.849004745e+00,2.212314844e+00,8.000000000e+00,7.000000000e+00,9.000000000e+00,0.000000000e+00,1.021340370e+00,2.542452097e+00,-1.326762289e-01,1.000000000e+00,-1.337874055e+00,-2.675519943e+00,-1.223035157e-01,2.542451143e+00,-3.291443110e+00,-2.002777338e+00,3.146174431e+00,2.212314844e+00,1.000000000e+00,1.000000000e+00,0.000000000e+00,1.000000000e+00,5.000000000e+00,3.400000000e+01,1.000000000e+00,1.000000000e+00,-4.779097080e+00,-3.053284168e+00,-3.431376934e+00,-4.778736591e+00,2.000000000e+00,4.141753038e-07,7.169724107e-01
21,1,1.317170739e+00,5.591407418e-01,-5.534369946e-01,7.979819775e-01,-3.159605265e-01,-3.120705128e+00,-2.747082233e+00,-2.590100765e+00,-2.211254120e+00,-1.832210183e+00,-2.429612875e+00,-3.876032352e+00,2.430868864e+00,9.000000000e+00,7.000000000e+00,9.000000000e+00,0.000000000e+00,1.478353590e-01,1.906157970e+00,-1.562599689e-01,1.000000000e+00,-1.112573504e+00,-2.225065231e+00,-7.717795372e-01,1.906157017e+00,-3.540736437e+00,-1.870576978e+00,3.056606770e+00,2.430868864e+00,0.000000000e+00,0.000000000e+00,0.000000000e+00,0.000000000e+00,-1.000000000e+00,-1.000000000e+00,-1.000000000e+00,0.000000000e+00,-9.999956489e-01,4.141753038e-07,1.000000000e+00,-6.989678144e-01,1.000000000e+00,1.087502003e+00,9.400709867e-01
21,2,6.854871511e-01,5.512455106e-01,-1.291372180e+00,2.907336950e-01,-6.635070443e-01,-3.254792929e+00,-3.191126585e+00,-2.539602518e+00,-2.572781324e+00,-2.405400991e+00,-2.527817249e+00,-3.388751984e+00,8.273224831e-01,4.000000000e+00,7.000000000e+00,7.000000000e+00,0.000000000e+00,1.186909676e+00,2.998976946e+00,-5.543630123e-01,1.000000000e+00,-1.842595816e+00,-3.683004379e+00,9.774683714e-01,2.998957157e+00,-2.146659851e+00,-1.976826429e+00,2.188903809e+00,8.273224831e-01,2.000000000e+00,0.000000000e+00,2.000000000e+00,3.000000000e+00,2.000000000e+00,7.000000000e+00,1.000000000e+00,1.000000000e+00,-4.916166782e+00,-2.115333080e+00,-5.521597862e-01,-4.913122654e+00,1.000000000e+00,4.141753038e-07,9.470173717e-01
21,3,9.377275705e-01,3.147663474e-01,-1.042836905e+00,1.149217606e+00,3.527459875e-02,-2.824713230e+00,-2.693972111e+00,-2.379100323e+00,-2.235961676e+00,-1.756217957e+00,-2.295011759e+00,-3.446748257e+00,-2.113065720e+00,8.000000000e+00,7.000000000e+00,9.000000000e+00,0.000000000e+00,1.899175167e+00,2.705831528e+00,1.949753314e-01,1.000000000e+00,-1.357597947e+00,-2.714752436e+00,1.172415167e-01,2.705830097e+00,-2.433443546e+00,-1.980527639e+00,3.068325520e+00,2.113065720e+00,1.000000000e+00,1.000000000e+00,0.000000000e+00,1.000000000e+00,-5.000000000e+00,1.100000000e+01,1.000000000e+00,1.000000000e+00,-4.170007706e+00,-1.021745324e+00,7.585293651e-01,-4.131106377e+00,2.000000000e+00,-4.130374432e+00,9.971892238e-01
22,0,1.457035065e+00,7.874370217e-01,-5.123538971e-01,4.633918703e-01,-6.505497098e-01,-3.321814775e+00,-3.090683937e+00,-2.825896025e+00,-2.538810968e+00,-2.156526804e+00,-2.756560564e+00,-3.988078833e+00,2.223303556e+00,8.000000000e+00,7.000000000e+00,9.000000000e+00,0.000000000e+00,-6.268153787e-01,1.843964100e+00,-4.908494353e-01,1.000000000e+00,-1.299783707e+00,-2.599393368e+00,6.632338762e-01,1.843017340e+00,-2.662964344e+00,-1.969349861e+00,1.562123179e+00,2.223303556e+00,3.000000000e+00,3.000000000e+00,0.000000000e+00,1.000000000e+00,5.000000000e+00,1.400000000e+01,2.000000000e+00,1.000000000e+00,-5.556723595e+00,-1.843883991e+00,-1.075706482e+00,-5.552762032e+00,1.000000000e+00,4.141753038e-07,9.454715997e-02
22,1,5.796061754e-01,5.756908655e-01,-1.329106092e+00,9.644735456e-01,1.023141481e-02,-3.137021065e+00,-3.157391787e+00,-2.335199118e+00,-2.510217190e+00,-2.331284761e+00,-2.484266281e+00,-3.140930891e+00,1.344791055e-01,4.000000000e+00,7.000000000e+00,7.000000000e+00,0.000000000e+00,1.238448739e+00,2.950617313e+00,1.193757877e-01,1.000000000e+00,-1.904771209e+00,-3.806806326e+00,9.957613349e-01,2.950590372e+00,-2.090233803e+00,-1.908686161e+00,2.133795023e+00,1.344791055e-01,1.000000000e+00,0.000000000e+00,1.000000000e+00,3.000000000e+00,0.000000000e+00,5.000000000e+00,2.000000000e+00,1.000000000e+00,-4.937028408e+00,-1.684949756e+00,4.577994943e-01,-4.928910255e+00,1.000000000e+00,4.141753038e-07,9.221042395e-01
22,2,5.320792794e-01,5.149703026e-01,-1.371185899e+00,8.453397751e-01,-1.089022681e-01,-3.160325527e+00,-3.201641083e+00,-2.321610212e+00,-2.579824686e+00,-2.304504633e+00,-2.418085337e+00,-3.177409410e+00,2.825419605e-01,4.000000000e+00,7.000000000e+00,7.000000000e+00,0.000000000e+00,1.302903414e+00,2.956043959e+00,2.420698875e-04,1.000000000e+00,-1.886132836e+00,-3.769722939e+00,-2.921249485e-03,2.956043720e+00,-3.097337961e+00,-1.903240442e+00,3.234196901e+00,2.825419605e-01,1.000000000e+00,0.000000000e+00,1.000000000e+00,3.000000000e+00,0.000000000e+00,5.000000000e+00,2.000000000e+00,1.000000000e+00,-4.741379261e+00,-1.771806002e+00,2.141034901e-01,-4.734494686e+00,1.000000000e+00,6.410835385e-01,9.693394303e-01
22,3,8.953858614e-01,4.839246869e-01,-1.113669395e+00,8.768703938e-01,-1.645217389e-01,-3.164661646e+00,-3.082206249e+00,-2.531978607e+00,-2.520415306e+00,-2.120607853e+00,-2.492715359e+00,-3.575122118e+00,-1.600671053e+00,5.000000000e+00,6.000000000e+00,8.000000000e+00,0.000000000e+00,7.191733122e-01,2.483186483e+00,-2.621921152e-02,1.000000000e+00,-1.597582340e+00,-3.194384098e+00,1.584626198e+00,2.479694128e+00,-1.419846177e+00,-2.009016514e+00,1.294958353e+00,1.600671053e+00,0.000000000e+00,0.000000000e+00,0.000000000e+00,0.000000000e+00,-1.000000000e+00,-1.000000000e+00,-1.000000000e+00,0.000000000e+00,-9.999956489e-01,4.141753038e-07,1.000000000e+00,-6.989678144e-01,1.000000000e+00,4.141753038e-07,9.802619219e-01
22,4,7.411987782e-01,-1.798614860e-02,-1.190773726e+00,6.192749739e-01,-4.946670830e-01,-2.598361254e+00,-2.381977320e+00,-2.152416706e+00,-2.000801802e+00,-1.393282294e+00,-1.913660765e+00,-3.356730223e+00,-2.433569908e+00,9.000000000e+00,7.000000000e+00,9.000000000e+00,0.000000000e+00,1.811859906e-01,1.485255003e+00,-3.349666893e-01,1.000000000e+00,-1.172787428e+00,-2.345195293e+00,3.980779052e-01,1.483796716e+00,-1.584764361e+00,-1.931941986e+00,1.693253994e+00,2.433569908e+00,0.000000000e+00,0.000000000e+00,0.000000000e+00,0.000000000e+00,-1.000000000e+00,-1.000000000e+00,-1.000000000e+00,0.000000000e+00,-9.999956489e-01,4.141753038e-07,1.000000000e+00,-6.989678144e-01,0.000000000e+00,4.141753038e-07,9.996907711e-01
23,0,9.032484293e-01,5.794864893e-01,-1.121835828e+00,4.957409203e-01,-5.456503630e-01,-3.219850779e+00,-3.105689049e+00,-2.569888115e+00,-2.491655827e+00,-2.246211052e+00,-2.604247808e+00,-3.542815685e+00,1.376896739e+00,4.000000000e+00,7.000000000e+00,8.000000000e+00,0.000000000e+00,1.703544617e+00,3.098060131e+00,-4.073480964e-01,1.000000000e+00,-1.701306105e+00,-3.401406050e+00,2.979149520e-01,3.098059654e+00,-2.773104668e+00,-2.025043964e+00,3.045580149e+00,1.376896739e+00,4.000000000e+00,4.000000000e+00,0.000000000e+00,3.000000000e+00,4.000000000e+00,9.000000000e+00,1.000000000e+00,1.000000000e+00,-4.944812298e+00,-2.402130127e+00,-1.398365736e+00,-4.943246365e+00,1.000000000e+00,4.141753038e-07,9.172229171e-01
23,1,7.233246565e-01,3.959839344e-01,-1.343516946e+00,9.766115546e-01,1.315137744e-01,-3.119460821e+00,-3.100417614e+00,-2.552725554e+00,-2.606245279e+00,-2.225466967e+00,-2.462415934e+00,-3.446158886e+00,1.386247039e+00,3.000000000e+00,6.000000000e+00,6.000000000e+00,0.000000000e+00,1.628994703e+00,3.040037632e+00,1.984605342e-01,1.000000000e+00,-1.739486456e+00,-3.477421999e+00,1.690704226e-01,3.040037155e+00,-2.833038568e+00,-2.066800356e+00,3.251729012e+00,1.386247039e+00,1.000000000e+00,1.000000000e+00,0.000000000e+00,2.000000000e+00,-3.000000000e+00,2.600000000e+01,3.000000000e+00,1.000000000e+00,-4.566684723e+00,-2.347242832e+00,-1.211738586e+00,-4.564808846e+00,1.000000000e+00,4.141753038e-07,9.934548736e-01
23,2,8.107619882e-01,3.413594961e-01,-1.196458101e+00,6.714281440e-01,-4.425140917e-01,-3.049156427e+00,-2.892829895e+00,-2.497632027e+00,-2.343544245e+00,-2.028319836e+00,-2.348307371e+00,-3.517612934e+00,1.743874907e+00,7.000000000e+00,7.000000000e+00,9.000000000e+00,0.000000000e+00,2.012768984e+00,3.034750700e+00,-2.828136683e-01,1.000000000e+00,-1.537809253e+00,-3.074950218e+00,-1.044646092e-02,3.034750462e+00,-2.695230961e+00,-2.007182598e+00,3.360373259e+00,1.743874907e+00,1.000000000e+00,1.000000000e+00,0.000000000e+00,1.000000000e+00,5.000000000e+00,2.000000000e+01,1.000000000e+00,1.000000000e+00,-5.782292366e+00,-1.963509202e+00,-8.419487476e-01,-5.780434132e+00,1.000000000e+00,4.141753038e-07,9.963550568e-01
24,0,1.222083926e+00,8.410527110e-01,-8.467284441e-01,7.921800613e-01,-1.620618552e-01,-3.386044264e+00,-3.346381187e+00,-2.692097425e+00,-2.743833303e+00,-2.311191082e+00,-2.909443617e+00,-3.765594244e+00,-1.524155974e+00,4.000000000e+00,7.000000000e+00,7.000000000e+00,0.000000000e+00,9.177702069e-01,2.770169973e+00,-5.291752890e-02,1.000000000e+00,-1.687762976e+00,-3.374466658e+00,4.678979516e-01,2.770164490e+00,-3.116660595e+00,-2.068764448e+00,2.734978914e+00,1.524155974e+00,4.000000000e+00,4.000000000e+00,0.000000000e+00,3.000000000e+00,-4.000000000e+00,2.000000000e+00,3.000000000e+00,1.000000000e+00,-5.834791183e+00,-2.316062450e+00,-1.252524137e+00,-5.834127903e+00,1.000000000e+00,4.141753038e-07,2.042823844e-02
24,1,4.401369691e-01,3.156588376e-01,-1.533980250e+00,7.778329849e-01,-1.764089018e-01,-3.094964504e+00,-3.091634989e+00,-2.463725567e+00,-2.576296329e+00,-2.339278936e+00,-2.289400816e+00,-3.219263315e+00,-7.937610745e-01,4.000000000e+00,7.000000000e+00,7.000000000e+00,0.000000000e+00,1.805925846e+00,3.242336988e+00,-6.726457924e-02,1.000000000e+00,-1.849623084e+00,-3.696836233e+00,4.350471497e-01,3.242336512e+00,-2.456947327e+00,-1.974091053e+00,3.044315577e+00,7.937610745e-01,3.000000000e+00,0.000000000e+00,3.000000000e+00,3.000000000e+00,-2.000000000e+00,0.000000000e+00,2.000000000e+00,1.000000000e+00,-4.961937428e+00,-2.535022259e+00,-1.373553634e+00,-4.960788250e+00,1.000000000e+00,4.141753038e-07,9.971652627e-01
25,0,1.241692901e+00,7.889250517e-01,-7.334071994e-01,8.535720110e-01,-2.603706419e-01,-3.322370768e+00,-3.214398861e+00,-2.775391579e+00,-2.655476332e+00,-2.322791338e+00,-2.763727665e+00,-3.773466587e+00,1.703051925e+00,7.000000000e+00,7.000000000e+00,9.000000000e+00,0.000000000e+00,-4.940046668e-01,2.080714703e+00,-1.006700248e-01,1.000000000e+00,-1.522320032e+00,-3.044140577e+00,1.304965734e+00,2.074528456e+00,-2.139572382e+00,-1.975061417e+00,1.102343321e+00,1.703051925e+00,4.000000000e+00,4.000000000e+00,0.000000000e+00,1.000000000e+00,5.000000000e+00,1.000000000e+00,1.000000000e+00,1.000000000e+00,-4.261389732e+00,-2.376963139e+00,-1.713079572e+00,-4.259603977e+00,1.000000000e+00,4.141753038e-07,9.100603312e-02
25,1,8.331288099e-01,6.202095747e-01,-1.173444390e+00,2.536205649e-01,-7.006199956e-01,-3.303163528e+00,-3.200670958e+00,-2.629745483e+00,-2.610476017e+00,-2.416898012e+00,-2.626475811e+00,-3.515530825e+00,1.072758555e+00,4.000000000e+00,7.000000000e+00,7.000000000e+00,0.000000000e+00,-3.009008467e-01,2.268682241e+00,-5.914759636e-01,1.000000000e+00,-1.793633342e+00,-3.585515738e+00,1.377123356e+00,2.265074492e+00,-1.853708386e+00,-2.006535530e+00,1.081585407e+00,1.072758555e+00,3.000000000e+00,2.000000000e+00,1.000000000e+00,3.000000000e+00,2.000000000e+00,0.000000000e+00,1.000000000e+00,1.000000000e+00,-5.375027657e+00,-1.588014007e+00,4.339812994e-01,-5.366556644e+00,1.000000000e+00,4.141753038e-07,8.400487304e-01
25,2,4.771962166e-01,3.410239220e-01,-1.407231927e+00,7.896124125e-01,-5.548520759e-02,-3.112439394e+00,-3.088406801e+00,-2.437899590e+00,-2.520152330e+00,-2.301759481e+00,-2.225201368e+00,-3.248404503e+00,8.338525295e-01,4.000000000e+00,6.000000000e+00,6.000000000e+00,0.000000000e+00,-5.318335295e-01,2.035929441e+00,1.146147121e-02,1.000000000e+00,-1.748242378e+00,-3.494985104e+00,-6.867953539e-01,2.035928488e+00,-3.546585798e+00,-1.884405732e+00,2.940476656e+00,8.338525295e-01,1.000000000e+00,1.000000000e+00,0.000000000e+00,2.000000000e+00,-3.000000000e+00,1.000000000e+00,1.000000000e+00,1.000000000e+00,-4.650122643e+00,-1.769306540e+00,-5.677954480e-02,-4.643122673e+00,1.000000000e+00,4.141753038e-07,9.963673353e-01
25,3,6.379132271e-01,3.053837717e-01,-1.082956672e+00,-3.187376261e-01,-7.958570719e-01,-3.027238131e+00,-2.853885174e+00,-2.499282837e+00,-2.419612169e+00,-2.166826725e+00,-2.026123047e+00,-3.359236002e+00,1.399765134e+00,4.000000000e+00,4.000000000e+00,4.000000000e+00,0.000000000e+00,9.244762063e-01,2.629129171e+00,-9.207949042e-01,1.000000000e+00,-1.388334870e+00,-2.776341915e+00,-6.780283898e-02,2.629128218e+00,-2.792643785e+00,-1.720852256e+00,2.949634075e+00,1.399765134e+00,2.000000000e+00,2.000000000e+00,0.000000000e+00,3.000000000e+00,4.000000000e+00,2.000000000e+00,2.000000000e+00,1.000000000e+00,-4.067565918e+00,-1.996718168e+00,-1.225531340e+00,-4.063262939e+00,1.000000000e+00,8.098430037e-01,9.974259734e-01
26,0,1.262002349e+00,6.207253337e-01,-6.716738939e-01,1.086128950e+00,4.473658651e-02,-3.187933683e+00,-2.987504244e+00,-2.619633675e+00,-2.463547945e+00,-1.978496075e+00,-2.554214716e+00,-3.826955318e+00,2.156436205e+00,7.000000000e+00,6.000000000e+00,8.000000000e+00,0.000000000e+00,1.287435651e+00,2.622256279e+00,1.830391884e-01,1.000000000e+00,-1.292392731e+00,-2.584602356e+00,1.108711772e-02,2.622255087e+00,-3.072798967e+00,-1.933640957e+00,3.096182108e+00,2.156436205e+00,4.000000000e+00,4.000000000e+00,0.000000000e+00,3.000000000e+00,5.000000000e+00,1.400000000e+01,3.000000000e+00,1.000000000e+00,-4.858786583e+00,-1.357374549e+00,-1.672963500e-01,-4.841443062e+00,1.000000000e+00,7.887046337e-01,8.387122750e-01
26,1,6.348618865e-01,6.138544679e-01,-1.268214941e+00,7.182801962e-01,-2.359616309e-01,-3.224014521e+00,-3.273737669e+00,-2.498983383e+00,-2.680264235e+00,-2.477982521e+00,-2.516755104e+00,-3.244985819e+00,3.135485053e-01,4.000000000e+00,7.000000000e+00,7.000000000e+00,0.000000000e+00,1.116018414e+00,3.036192179e+00,-1.268173158e-01,1.000000000e+00,-1.882044315e+00,-3.761597872e+00,1.399015546e+00,3.036076784e+00,-1.895277023e+00,-1.903050065e+00,1.839412093e+00,3.135485053e-01,3.000000000e+00,0.000000000e+00,3.000000000e+00,3.000000000e+00,1.000000000e+00,2.000000000e+00,1.000000000e+00,1.000000000e+00,-5.561778545e+00,-2.442667484e+00,-1.118276238e+00,-5.560784340e+00,1.000000000e+00,7.879980206e-01,8.556674719e-01
26,2,6.906585097e-01,4.053656161e-01,-1.077432036e+00,3.354791701e-01,-1.416416764e-01,-3.094781399e+00,-2.841049671e+00,-2.273563862e+00,-2.153743982e+00,-1.988310218e+00,-2.173301935e+00,-3.379572868e+00,1.274854183e+00,3.000000000e+00,4.000000000e+00,4.000000000e+00,0.000000000e+00,6.123047471e-01,2.294507027e+00,-2.665801942e-01,1.000000000e+00,-1.482789516e+00,-2.965109825e+00,-7.002614439e-02,2.294502974e+00,-2.629013062e+00,-1.768070221e+00,2.529910326e+00,1.274854183e+00,1.000000000e+00,1.000000000e+00,0.000000000e+00,2.000000000e+00,-3.000000000e+00,1.000000000e+00,3.000000000e+00,1.000000000e+00,-4.497878551e+00,-1.521112800e+00,-1.024251655e-01,-4.485390186e+00,1.000000000e+00,5.941467285e-01,9.927088022e-01
26,3,4.111316204e-01,3.806720376e-01,-1.511404395e+00,5.770164132e-01,-3.772251606e-01,-3.118304968e+00,-3.184009314e+00,-2.404438496e+00,-2.606103420e+00,-2.373986244e+00,-2.303034544e+00,-3.148723125e+00,3.789213300e-01,4.000000000e+00,7.000000000e+00,7.000000000e+00,0.000000000e+00,1.863649845e+00,3.305913925e+00,-2.680809200e-01,1.000000000e+00,-1.892056465e+00,-3.781447172e+00,-6.696916819e-01,3.305913925e+00,-3.654678822e+00,-1.922513604e+00,4.206978321e+00,3.789213300e-01,2.000000000e+00,0.000000000e+00,2.000000000e+00,3.000000000e+00,1.000000000e+00,2.000000000e+00,2.000000000e+00,1.000000000e+00,-5.720958233e+00,-1.935553670e+00,-9.701757878e-02,-5.718576908e+00,1.000000000e+00,5.944064856e-01,9.944857955e-01
26,4,6.122081876e-01,3.190640509e-01,-1.433671474e+00,6.807085276e-01,-2.735332549e-01,-3.058003187e+00,-2.995773077e+00,-2.439569473e+00,-2.422404051e+00,-2.146483898e+00,-2.364461422e+00,-3.350669146e+00,-1.295926452e+00,4.000000000e+00,7.000000000e+00,7.000000000e+00,0.000000000e+00,7.467594743e-01,2.519925117e+00,-1.643889546e-01,1.000000000e+00,-1.752722502e+00,-3.503713608e+00,-1.664449871e-01,2.519924164e+00,-2.907677174e+00,-2.045842886e+00,2.962175369e+00,1.295926452e+00,1.000000000e+00,1.000000000e+00,0.000000000e+00,3.000000000e+00,-4.000000000e+00,3.000000000e+01,1.000000000e+00,1.000000000e+00,-5.277704239e+00,-2.368873358e+00,-1.228726149e+00,-5.276202202e+00,1.000000000e+00,1.000284910e+00,9.970717430e-01
26,5,3.604925573e-01,3.130465150e-01,-1.524577737e+00,1.442396522e+00,4.010039270e-01,-3.031761408e+00,-3.119980097e+00,-2.405432463e+00,-2.619679928e+00,-2.357997894e+00,-2.197888613e+00,-3.079153538e+00,4.759925306e-01,4.000000000e+00,7.000000000e+00,8.000000000e+00,0.000000000e+00,-1.438370943e+00,1.640172720e+00,5.393065810e-01,1.000000000e+00,-1.837608695e+00,-3.673052788e+00,5.999059081e-01,1.638361335e+00,-2.332907915e+00,-1.885051250e+00,1.300174117e+00,4.759925306e-01,1.000000000e+00,0.000000000e+00,1.000000000e+00,3.000000000e+00,1.000000000e+00,2.000000000e+00,1.000000000e+00,1.000000000e+00,-5.476870537e+00,-1.912228465e+00,-1.598158628e-01,-5.473165035e+00,1.000000000e+00,9.994553924e-01,9.972345233e-01
27,0,1.756048203e+00,1.165273905e+00,-1.435299963e-02,1.633713722e+00,5.923212171e-01,-3.589483261e+00,-3.314670801e+00,-2.974482536e+00,-2.696921349e+00,-2.384012699e+00,-2.935298204e+00,-4.175395489e+00,2.036575079e+00,7.000000000e+00,6.000000000e+00,8.000000000e+00,0.000000000e+00,5.762940645e-01,2.672356129e+00,7.306238413e-01,1.000000000e+00,-1.179620862e+00,-2.359152317e+00,1.042784929e+00,2.672236443e+00,-2.819339991e+00,-1.770376086e+00,1.942451715e+00,2.036575079e+00,0.000000000e+00,0.000000000e+00,0.000000000e+00,0.000000000e+00,-1.000000000e+00,-1.000000000e+00,-1.000000000e+00,0.000000000e+00,-9.999956489e-01,4.141753038e-07,1.000000000e+00,-6.989678144e-01,1.000000000e+00,4.141753038e-07,4.311441870e-09
27,1,8.007901907e-01,4.118423760e-01,-1.253269315e+00,1.306753308e-01,-9.832641482e-01,-2.926665545e+00,-2.879002094e+00,-2.266675949e+00,-2.377073765e+00,-1.877775669e+00,-2.465241671e+00,-3.315082312e+00,1.544162750e+00,5.000000000e+00,7.000000000e+00,9.000000000e+00,0.000000000e+00,-9.136900902e-01,1.421228766e+00,-8.235645890e-01,1.000000000e+00,-1.665099263e+00,-3.328770876e+00,-1.097527612e-02,1.420931816e+00,-2.799721241e+00,-2.054018021e+00,1.931170106e+00,1.544162750e+00,0.000000000e+00,0.000000000e+00,0.000000000e+00,0.000000000e+00,-1.000000000e+00,-1.000000000e+00,-1.000000000e+00,0.000000000e+00,-9.999956489e-01,4.141753038e-07,1.000000000e+00,-6.989678144e-01,0.000000000e+00,4.141753038e-07,9.921343327e-01
27,2,8.598728180e-01,3.277148902e-01,-1.160444617e+00,1.465736270e+00,4.243437052e-01,-3.007461548e+00,-2.882412434e+00,-2.521663666e+00,-2.414339066e+00,-1.989607573e+00,-2.347760439e+00,-3.538558245e+00,1.896195054e+00,6.000000000e+00,7.000000000e+00,8.000000000e+00,0.000000000e+00,3.458754420e-01,2.162591934e+00,5.626463890e-01,1.000000000e+00,-1.488152266e+00,-2.975739241e+00,-1.485582441e-01,2.162586927e+00,-2.890388012e+00,-2.020277977e+00,2.735788822e+00,1.896195054e+00,1.000000000e+00,1.000000000e+00,0.000000000e+00,3.000000000e+00,4.000000000e+00,3.200000000e+01,1.000000000e+00,1.000000000e+00,-5.585579872e+00,-1.863718867e+00,-7.391989231e-01,-5.581940651e+00,1.000000000e+00,1.193915963e+00,9.968163371e-01
27,3,8.437756300e-01,3.250792325e-01,-1.134884000e+00,1.334830284e+00,4.897323251e-01,-3.023151398e+00,-2.872859001e+00,-2.477326155e+00,-2.374192238e+00,-1.958720446e+00,-2.303510189e+00,-3.540795088e+00,-1.863720536e+00,5.000000000e+00,6.000000000e+00,6.000000000e+00,0.000000000e+00,1.706381917e+00,2.811951160e+00,5.566791296e-01,1.000000000e+00,-1.459956527e+00,-2.919430017e+00,-1.010069624e-01,2.811950922e+00,-2.800107479e+00,-1.978624225e+00,3.328363657e+00,1.863720536e+00,1.000000000e+00,1.000000000e+00,0.000000000e+00,1.000000000e+00,-5.000000000e+00,3.200000000e+01,1.000000000e+00,1.000000000e+00,-5.030530930e+00,-2.280925989e+00,-1.637501240e+00,-5.028505325e+00,1.000000000e+00,1.193783760e+00,9.968968630e-01
28,0,1.149531126e+00,7.395195961e-01,-7.912799716e-01,1.057211161e+00,1.581881940e-02,-3.330757856e+00,-3.248405933e+00,-2.684841394e+00,-2.663670540e+00,-2.274958372e+00,-2.680079222e+00,-3.739311218e+00,-1.597048521e+00,6.000000000e+00,6.000000000e+00,8.000000000e+00,0.000000000e+00,1.583971739e+00,3.067026138e+00,1.541214287e-01,1.000000000e+00,-1.530787349e+00,-3.061058044e+00,1.474400610e-01,3.067025900e+00,-3.255168200e+00,-1.940775752e+00,3.308274269e+00,1.597048521e+00,1.000000000e+00,1.000000000e+00,0.000000000e+00,2.000000000e+00,4.000000000e+00,3.200000000e+01,1.000000000e+00,1.000000000e+00,-4.793641090e+00,-2.020754099e+00,-9.882312417e-01,-4.789775848e+00,1.000000000e+00,4.492969215e-01,2.731568813e-01
28,1,7.434706092e-01,7.284793854e-01,-1.152953148e+00,5.292866230e-01,-4.249548316e-01,-3.267498970e+00,-3.199032068e+00,-2.404393911e+00,-2.543389559e+00,-2.389406443e+00,-2.624701738e+00,-3.282461882e+00,-2.642632127e-01,4.000000000e+00,7.000000000e+00,7.000000000e+00,0.000000000e+00,9.105483890e-01,2.844825268e+00,-3.158105910e-01,1.000000000e+00,-1.881405592e+00,-3.760344505e+00,1.114668846e+00,2.844749928e+00,-2.157289505e+00,-1.896395564e+00,1.884098053e+00,2.642632127e-01,2.000000000e+00,0.000000000e+00,2.000000000e+00,3.000000000e+00,-1.000000000e+00,0.000000000e+00,3.000000000e+00,1.000000000e+00,-5.293393135e+00,-1.713470817e+00,3.192509115e-01,-5.286695480e+00,1.000000000e+00,3.682373464e-02,3.311267197e-01
28,2,8.193995953e-01,7.260292768e-01,-1.123427272e+00,7.493978143e-01,-2.919941247e-01,-3.355460644e+00,-3.233265400e+00,-2.612088680e+00,-2.621066809e+00,-2.518752575e+00,-2.668585777e+00,-3.448594809e+00,-6.794629097e-01,4.000000000e+00,7.000000000e+00,8.000000000e+00,0.000000000e+00,9.182474613e-01,2.978042841e+00,-1.536916345e-01,1.000000000e+00,-1.849431515e+00,-3.696685314e+00,1.204474092e+00,2.977981329e+00,-2.142743111e+00,-1.942794442e+00,1.875848293e+00,6.794629097e-01,4.000000000e+00,0.000000000e+00,4.000000000e+00,3.000000000e+00,-1.000000000e+00,4.000000000e+00,1.000000000e+00,1.000000000e+00,-4.761435986e+00,-1.706015348e+00,2.699244022e-01,-4.753457069e+00,1.000000000e+00,3.851762414e-02,3.445957303e-01
28,3,1.002583981e+00,6.252298951e-01,-1.085420609e+00,6.465377212e-01,-3.077040017e-01,-3.139575243e+00,-3.176468849e+00,-2.390981436e+00,-2.609544277e+00,-2.013689280e+00,-2.712768078e+00,-3.516101122e+00,-1.514837623e+00,4.000000000e+00,7.000000000e+00,7.000000000e+00,0.000000000e+00,-2.989379764e-01,1.864279985e+00,-1.985597163e-01,1.000000000e+00,-1.710633397e+00,-3.419920444e+00,-1.966322511e-01,1.864263535e+00,-3.430412054e+00,-2.087956667e+00,2.656605482e+00,1.514837623e+00,1.000000000e+00,1.000000000e+00,0.000000000e+00,2.000000000e+00,4.000000000e+00,2.400000000e+01,2.000000000e+00,1.000000000e+00,-4.953418732e+00,-1.838776469e+00,-2.436189353e-01,-4.947726727e+00,1.000000000e+00,4.141753038e-07,8.265837431e-01
28,4,1.211209893e+00,4.518974423e-01,-6.278882623e-01,6.218680143e-01,-4.195235968e-01,-2.989958525e+00,-1.533380270e+00,-2.384616375e+00,-1.004589438e+00,-1.625390768e+00,-2.290880680e+00,-3.747262001e+00,2.433867931e+00,8.000000000e+00,6.000000000e+00,8.000000000e+00,0.000000000e+00,1.676987052e+00,2.463902712e+00,-2.812212408e-01,1.000000000e+00,-1.079782128e+00,-2.159480333e+00,-2.501183033e+00,2.463902712e+00,-3.953888655e+00,-1.839069963e+00,4.343018055e+00,2.433867931e+00,0.000000000e+00,0.000000000e+00,0.000000000e+00,0.000000000e+00,-1.000000000e+00,-1.000000000e+00,-1.000000000e+00,0.000000000e+00,-9.999956489e-01,4.141753038e-07,1.000000000e+00,-6.989678144e-01,0.000000000e+00,4.141753038e-07,9.871129394e-01
28,5,8.054407239e-01,4.199632406e-01,-1.175466299e+00,1.260651946e+00,3.064095974e-01,-3.131634474e+00,-3.026371002e+00,-2.527372360e+00,-2.471728325e+00,-2.141980648e+00,-2.400614977e+00,-3.516272306e+00,1.535401821e+00,5.000000000e+00,6.000000000e+00,7.000000000e+00,0.000000000e+00,1.262335062e+00,2.773209095e+00,4.155540168e-01,1.000000000e+00,-1.595418692e+00,-3.190046072e+00,7.493390143e-02,2.773208380e+00,-2.816601753e+00,-1.980871797e+00,3.027982473e+00,1.535401821e+00,1.000000000e+00,1.000000000e+00,0.000000000e+00,1.000000000e+00,5.000000000e+00,1.000000000e+00,3.000000000e+00,1.000000000e+00,-4.466896057e+00,-2.005831718e+00,-8.122656345e-01,-4.462756634e+00,1.000000000e+00,4.141753038e-07,9.913362265e-01
29,0,7.229327559e-01,7.206713557e-01,-1.169445753e+00,6.340857744e-01,-3.201558888e-01,-3.195472240e+00,-3.258316755e+00,-2.330910921e+00,-2.590051889e+00,-2.328649998e+00,-2.612872362e+00,-3.197730064e+00,1.021375880e-01,4.000000000e+00,7.000000000e+00,7.000000000e+00,0.000000000e+00,2.070889473e+00,3.364187479e+00,-2.110116184e-01,1.000000000e+00,-1.890089631e+00,-3.777630806e+00,1.920944303e-01,3.364187241e+00,-3.118227482e+00,-1.892350912e+00,3.433462858e+00,1.021375880e-01,4.000000000e+00,0.000000000e+00,4.000000000e+00,3.000000000e+00,0.000000000e+00,0.000000000e+00,1.000000000e+00,1.000000000e+00,-5.900527954e+00,-2.323710680e+00,-8.632234931e-01,-5.900106430e+00,1.000000000e+00,4.141753038e-07,3.746345341e-01
29,1,7.992045879e-01,6.374502182e-01,-1.169796705e+00,6.031240821e-01,-3.511175215e-01,-3.308218718e+00,-3.211401701e+00,-2.611561537e+00,-2.618328094e+00,-2.449862480e+00,-2.606169462e+00,-3.469574690e+00,-9.175187349e-01,4.000000000e+00,7.000000000e+00,7.000000000e+00,0.000000000e+00,-1.135160495e-02,2.444308758e+00,-2.419732809e-01,1.000000000e+00,-1.807225466e+00,-3.612610102e+00,-1.545960069e+00,2.444308758e+00,-4.775246620e+00,-1.968967199e+00,4.152511120e+00,9.175187349e-01,3.000000000e+00,0.000000000e+00,3.000000000e+00,3.000000000e+00,-2.000000000e+00,7.000000000e+00,1.000000000e+00,1.000000000e+00,-4.968581676e+00,-2.201620579e+00,-7.943121195e-01,-4.966113091e+00,1.000000000e+00,4.141753038e-07,7.893133163e-01
29,2,1.031682968e+00,5.613458157e-01,-1.023617983e+00,1.355082035e+00,3.136895299e-01,-3.215686798e+00,-3.127342939e+00,-2.689785004e+00,-2.640894413e+00,-2.219588280e+00,-2.616366863e+00,-3.684632301e+00,-1.746162415e+00,5.000000000e+00,7.000000000e+00,8.000000000e+00,0.000000000e+00,1.144554019e+00,2.791937351e+00,4.519921839e-01,1.000000000e+00,-1.584951639e+00,-3.169189930e+00,-1.066932797e+00,2.791937351e+00,-4.261366844e+00,-2.055256128e+00,4.278087616e+00,1.746162415e+00,2.000000000e+00,2.000000000e+00,0.000000000e+00,3.000000000e+00,-4.000000000e+00,1.100000000e+01,1.000000000e+00,1.000000000e+00,-4.839951515e+00,-1.871583104e+00,-5.848883390e-01,-4.834552288e+00,1.000000000e+00,2.133953944e-02,9.379585385e-01
29,3,6.744824648e-01,5.341296196e-01,-1.295993924e+00,6.529655457e-01,-3.012761772e-01,-3.238894701e+00,-3.181372881e+00,-2.513936281e+00,-2.561308384e+00,-2.373622656e+00,-2.504318953e+00,-3.378960371e+00,-8.478792310e-01,4.000000000e+00,7.000000000e+00,7.000000000e+00,0.000000000e+00,9.033253789e-01,2.825387955e+00,-1.921319216e-01,1.000000000e+00,-1.830102682e+00,-3.658126116e+00,-6.526579857e-01,2.825387955e+00,-3.745830297e+00,-1.970444322e+00,3.665078640e+00,8.478792310e-01,2.000000000e+00,0.000000000e+00,2.000000000e+00,3.000000000e+00,-2.000000000e+00,7.000000000e+00,2.000000000e+00,1.000000000e+00,-4.948628902e+00,-1.867238641e+00,-8.598832786e-02,-4.943290234e+00,1.000000000e+00,4.141753038e-07,9.592373371e-01
29,4,7.559994459e-01,4.740310609e-01,-1.279207945e+00,3.445230126e-01,-5.005738139e-01,-3.190801859e+00,-3.111116171e+00,-2.544055700e+00,-2.520166874e+00,-2.262159824e+00,-2.508896589e+00,-3.472154856e+00,1.265889525e+00,3.000000000e+00,6.000000000e+00,6.000000000e+00,0.000000000e+00,8.851141334e-01,2.704796791e+00,-4.336272180e-01,1.000000000e+00,-1.753222466e+00,-3.504893303e+00,1.067349501e-02,2.704796076e+00,-2.983250618e+00,-2.035168409e+00,2.952054024e+00,1.265889525e+00,1.000000000e+00,1.000000000e+00,0.000000000e+00,2.000000000e+00,-3.000000000e+00,3.100000000e+01,1.000000000e+00,1.000000000e+00,-4.952848911e+00,-2.473377705e+00,-1.443422318e+00,-4.951521873e+00,1.000000000e+00,4.141753038e-07,9.827500582e-01
29,5,4.353332818e-01,4.352936149e-01,-1.461030602e+00,7.624493837e-01,-1.917925328e-01,-3.073050976e+00,-3.126002312e+00,-2.275278807e+00,-2.500005960e+00,-2.275239229e+00,-2.331576347e+00,-3.073090553e+00,1.351787522e-02,4.000000000e+00,7.000000000e+00,7.000000000e+00,0.000000000e+00,1.666089058e+00,3.108365536e+00,-8.264819533e-02,1.000000000e+00,-1.896302342e+00,-3.789987087e+00,-4.113111496e-01,3.108365536e+00,-3.345785141e+00,-1.896342039e+00,3.744146109e+00,1.351787522e-02,1.000000000e+00,0.000000000e+00,1.000000000e+00,3.000000000e+00,0.000000000e+00,0.000000000e+00,4.000000000e+00,1.000000000e+00,-5.203934669e+00,-2.671362162e+00,-1.552291512e+00,-5.203157902e+00,1.000000000e+00,4.141753038e-07,9.895527363e-01
29,6,9.964359999e-01,3.654983640e-01,-9.857245088e-01,9.766108990e-01,-6.478130817e-02,-2.949489117e+00,-2.842288733e+00,-2.310453176e+00,-2.354503393e+00,-1.679583311e+00,-2.347435951e+00,-3.579162359e+00,-2.131966114e+00,7.000000000e+00,7.000000000e+00,8.000000000e+00,0.000000000e+00,1.667960405e+00,2.513584375e+00,7.352124155e-02,1.000000000e+00,-1.351217151e+00,-2.702104807e+00,-1.092690349e+00,2.513584375e+00,-3.809982300e+00,-1.982122898e+00,4.280062675e+00,2.131966114e+00,1.000000000e+00,1.000000000e+00,0.000000000e+00,1.000000000e+00,-5.000000000e+00,1.000000000e+00,1.000000000e+00,1.000000000e+00,-4.663272381e+00,-1.506732345e+00,-3.376691341e-01,-4.650561333e+00,1.000000000e+00,4.141753038e-07,9.953206182e-01
30,0,6.641504765e-01,6.264213324e-01,-1.165634632e+00,9.731056094e-01,1.280077994e-01,-3.256459236e+00,-3.282300472e+00,-2.396115065e+00,-2.686344385e+00,-2.358395100e+00,-2.456047773e+00,-3.294117451e+00,4.228929281e-01,4.000000000e+00,6.000000000e+00,6.000000000e+00,0.000000000e+00,1.418937325e+00,3.068053484e+00,1.949545443e-01,1.000000000e+00,-1.792035341e+00,-3.582420349e+00,1.432847977e+00,3.067936897e+00,-1.880095840e+00,-1.829761982e+00,1.963142633e+00,4.228929281e-01,0.000000000e+00,0.000000000e+00,0.000000000e+00,0.000000000e+00,-1.000000000e+00,-1.000000000e+00,-1.000000000e+00,0.000000000e+00,-9.999956489e-01,4.141753038e-07,1.000000000e+00,-6.989678144e-01,1.000000000e+00,4.141753038e-07,8.232355714e-01
30,1,8.174248338e-01,6.172765493e-01,-1.156468511e+00,9.401035309e-01,-1.012886167e-01,-3.265454769e+00,-3.236741781e+00,-2.600867510e+00,-2.662477255e+00,-2.400783300e+00,-2.590871334e+00,-3.465134859e+00,1.035218000e+00,4.000000000e+00,7.000000000e+00,8.000000000e+00,0.000000000e+00,1.428411722e+00,3.115155220e+00,3.701389581e-02,1.000000000e+00,-1.773725390e+00,-3.545838118e+00,1.401615620e+00,3.115073919e+00,-1.878304958e+00,-1.973858595e+00,1.975234866e+00,1.035218000e+00,1.000000000e+00,1.000000000e+00,0.000000000e+00,3.000000000e+00,4.000000000e+00,1.200000000e+01,2.000000000e+00,1.000000000e+00,-4.797915936e+00,-1.704960108e+00,1.205720678e-01,-4.789960861e+00,1.000000000e+00,2.650174499e-01,8.474493027e-01
30,2,7.605187297e-01,5.639244914e-01,-1.241838813e+00,3.167759180e-01,-6.374648809e-01,-3.262376308e+00,-3.209014654e+00,-2.602986574e+00,-2.638410568e+00,-2.406455755e+00,-2.565972090e+00,-3.458515882e+00,1.024643540e+00,4.000000000e+00,7.000000000e+00,7.000000000e+00,0.000000000e+00,-1.045748591e+00,1.883785367e+00,-5.283208489e-01,1.000000000e+00,-1.805742979e+00,-3.609612942e+00,2.970803082e-01,1.883639693e+00,-2.905094624e+00,-2.002321243e+00,1.818497300e+00,1.024643540e+00,1.000000000e+00,0.000000000e+00,1.000000000e+00,3.000000000e+00,2.000000000e+00,1.000000000e+01,1.000000000e+00,1.000000000e+00,-5.812718868e+00,-1.829906583e+00,-3.538465872e-02,-5.810473919e+00,1.000000000e+00,4.141753038e-07,9.353857636e-01
30,3,8.327924013e-01,4.989501834e-01,-8.426764607e-01,6.103681922e-01,-8.860135823e-02,-3.197238445e+00,-2.993013144e+00,-2.603756428e+00,-2.524447918e+00,-2.270007610e+00,-2.174324036e+00,-3.530290127e+00,-1.403177977e+00,5.000000000e+00,4.000000000e+00,5.000000000e+00,0.000000000e+00,9.597527981e-01,2.749964952e+00,-8.860135823e-02,1.000000000e+00,-1.341619968e+00,-2.683016539e+00,-4.802607298e-01,2.749964952e+00,-3.502422094e+00,-1.675451279e+00,3.484292746e+00,1.403177977e+00,0.000000000e+00,0.000000000e+00,0.000000000e+00,0.000000000e+00,-1.000000000e+00,-1.000000000e+00,-1.000000000e+00,0.000000000e+00,-9.999956489e-01,4.141753038e-07,1.000000000e+00,-6.989678144e-01,1.000000000e+00,4.141753038e-07,9.756534696e-01
30,4,6.333239675e-01,3.261093497e-01,-1.428776145e+00,-1.115563735e-01,-9.566510320e-01,-3.057044983e+00,-3.002829075e+00,-2.520380735e+00,-2.507920504e+00,-2.213239193e+00,-2.387707233e+00,-3.363750696e+00,1.333363414e+00,3.000000000e+00,6.000000000e+00,6.000000000e+00,0.000000000e+00,1.382346272e+00,2.904483318e+00,-8.897048235e-01,1.000000000e+00,-1.754872203e+00,-3.507985115e+00,-1.128347278e+00,2.904483318e+00,-3.958556890e+00,-2.062061548e+00,4.325710297e+00,1.333363414e+00,1.000000000e+00,0.000000000e+00,1.000000000e+00,3.000000000e+00,2.000000000e+00,1.000000000e+01,1.000000000e+00,1.000000000e+00,-5.923866749e+00,-2.541424274e+00,-1.570841074e+00,-5.923666000e+00,1.000000000e+00,4.141753038e-07,9.968656898e-01
31,0,8.002264500e-01,4.839175940e-01,-1.167799592e+00,8.117203712e-01,-1.425215900e-01,-3.188163042e+00,-3.093926430e+00,-2.597377062e+00,-2.554903984e+00,-2.281157017e+00,-2.451686621e+00,-3.503754854e+00,-1.357351422e+00,5.000000000e+00,6.000000000e+00,7.000000000e+00,0.000000000e+00,1.586074710e+00,3.074277401e+00,-3.337724507e-02,1.000000000e+00,-1.651703954e+00,-3.302434206e+00,-6.422662735e-01,3.074277401e+00,-3.679165840e+00,-1.967992067e+00,3.989681721e+00,1.357351422e+00,4.000000000e+00,4.000000000e+00,0.000000000e+00,3.000000000e+00,-4.000000000e+00,2.500000000e+01,2.000000000e+00,1.000000000e+00,-4.524778366e+00,-1.427302241e+00,4.169401824e-01,-4.509363174e+00,1.000000000e+00,4.141753038e-07,9.802638888e-01
32,0,1.455753922e+00,8.356935978e-01,-4.695194066e-01,5.052419901e-01,-5.361492634e-01,-3.369384766e+00,-3.139042139e+00,-2.851920843e+00,-2.578610897e+00,-2.232095480e+00,-2.760702610e+00,-3.986234903e+00,2.106186390e+00,7.000000000e+00,6.000000000e+00,8.000000000e+00,0.000000000e+00,-8.908116221e-01,1.795108914e+00,-3.978470266e-01,1.000000000e+00,-1.305205464e+00,-2.610236168e+00,1.132515788e+00,1.784588218e+00,-2.281870365e+00,-1.925238013e+00,9.986665249e-01,2.106186390e+00,4.000000000e+00,4.000000000e+00,0.000000000e+00,3.000000000e+00,5.000000000e+00,1.300000000e+01,4.000000000e+00,1.000000000e+00,-5.223263741e+00,-1.829069972e+00,-1.060544491e+00,-5.217936039e+00,1.000000000e+00,4.141753038e-07,2.412480302e-02
32,1,7.520381212e-01,3.332670033e-01,-1.304788232e+00,7.018586397e-01,-4.120836854e-01,-2.823227406e+00,-2.761444807e+00,-2.238690853e+00,-2.262641907e+00,-1.819966197e+00,-2.389206886e+00,-3.241529703e+00,1.618904471e+00,5.000000000e+00,7.000000000e+00,9.000000000e+00,0.000000000e+00,1.308822870e+00,2.474407434e+00,-2.523831725e-01,1.000000000e+00,-1.638044953e+00,-3.274521112e+00,-1.373739541e-01,2.474406242e+00,-2.733127832e+00,-2.056785583e+00,3.054398060e+00,1.618904471e+00,4.000000000e+00,4.000000000e+00,0.000000000e+00,3.000000000e+00,4.000000000e+00,2.500000000e+01,1.000000000e+00,1.000000000e+00,-5.215799332e+00,-3.001776695e+00,-2.727201939e+00,-5.215438366e+00,1.000000000e+00,4.141753038e-07,9.966378212e-01
33,0,1.983613849e+00,1.336740613e+00,2.926012278e-01,7.297149897e-01,-3.842273653e-01,-3.621403456e+00,-3.280743122e+00,-3.031527996e+00,-2.661536217e+00,-2.385016680e+00,-3.027289391e+00,-4.262082577e+00,2.169667244e+00,8.000000000e+00,7.000000000e+00,9.000000000e+00,0.000000000e+00,1.455407739e+00,3.112828970e+00,-2.245268971e-01,1.000000000e+00,-1.044134855e+00,-2.088224649e+00,7.673234940e-01,3.112824678e+00,-3.230413675e+00,-1.690991521e+00,2.622080564e+00,2.169667244e+00,4.000000000e+00,4.000000000e+00,0.000000000e+00,3.000000000e+00,5.000000000e+00,1.100000000e+01,3.000000000e+00,1.000000000e+00,-5.983281136e+00,-8.990276456e-01,1.870064288e-01,-5.981216908e+00,1.000000000e+00,4.141753038e-07,2.061153692e-09
33,1,1.176487923e+00,6.062548757e-01,-7.760947943e-01,3.244387507e-01,-6.298021078e-01,-3.206472397e+00,-2.961507797e+00,-2.648020267e+00,-2.380849123e+00,-2.077928305e+00,-2.558637619e+00,-3.774811268e+00,1.987554193e+00,6.000000000e+00,6.000000000e+00,7.000000000e+00,0.000000000e+00,1.484068871e+00,2.820118189e+00,-5.206580162e-01,1.000000000e+00,-1.382341623e+00,-2.764406681e+00,1.220642447e+00,2.819980621e+00,-1.766540527e+00,-1.952546239e+00,1.902305126e+00,1.987554193e+00,4.000000000e+00,4.000000000e+00,0.000000000e+00,1.000000000e+00,5.000000000e+00,2.300000000e+01,1.000000000e+00,1.000000000e+00,-4.657723904e+00,-2.234385729e+00,-1.699117422e+00,-4.655314445e+00,1.000000000e+00,4.141753038e-07,8.724007607e-01
33,2,1.052212000e+00,5.202752352e-01,-8.764322996e-01,1.033129573e+00,-8.262678981e-03,-3.104057789e+00,-2.967627287e+00,-2.617809057e+00,-2.492895603e+00,-2.085999489e+00,-2.448724270e+00,-3.634670258e+00,-1.895662069e+00,7.000000000e+00,6.000000000e+00,8.000000000e+00,0.000000000e+00,3.074184060e-01,2.239783287e+00,1.300398856e-01,1.000000000e+00,-1.396699786e+00,-2.793075323e+00,2.767799497e-01,2.239757538e+00,-2.736289501e+00,-1.928610563e+00,2.369884729e+00,1.895662069e+00,1.000000000e+00,1.000000000e+00,0.000000000e+00,2.000000000e+00,5.000000000e+00,1.500000000e+01,3.000000000e+00,1.000000000e+00,-5.561725140e+00,-1.403380513e+00,-4.701101407e-02,-5.550958157e+00,1.000000000e+00,2.023734450e-01,9.668557644e-01
33,3,1.178960323e+00,4.801550508e-01,-8.119125366e-01,8.565996289e-01,-2.573429942e-01,-3.089677572e+00,-2.854781866e+00,-2.545575380e+00,-2.310842752e+00,-1.846891999e+00,-2.470849276e+00,-3.786353588e+00,-2.292044878e+00,8.000000000e+00,7.000000000e+00,9.000000000e+00,0.000000000e+00,-1.297725081e+00,1.200096011e+00,-9.764242172e-02,1.000000000e+00,-1.292061687e+00,-2.583920956e+00,2.128110230e-01,1.197781324e+00,-2.578111410e+00,-1.990833044e+00,1.448925138e+00,2.292044878e+00,1.000000000e+00,1.000000000e+00,0.000000000e+00,1.000000000e+00,-5.000000000e+00,1.100000000e+01,1.000000000e+00,1.000000000e+00,-4.369145870e+00,-2.154240847e+00,-1.730508924e+00,-4.366183281e+00,1.000000000e+00,2.041431367e-01,9.812557101e-01
33,4,7.504169941e-01,4.353195727e-01,-1.203203678e+00,1.112580895e+00,2.674830854e-01,-3.145875216e+00,-3.035107136e+00,-2.516597748e+00,-2.455806971e+00,-2.201574087e+00,-2.388680458e+00,-3.460325718e+00,1.354165077e+00,4.000000000e+00,6.000000000e+00,6.000000000e+00,0.000000000e+00,-1.175301194e+00,1.614147902e+00,3.344298005e-01,1.000000000e+00,-1.638511062e+00,-3.276078939e+00,1.266572177e-01,1.613917828e+00,-2.764341116e+00,-1.953588486e+00,1.741456270e+00,1.354165077e+00,1.000000000e+00,1.000000000e+00,0.000000000e+00,2.000000000e+00,-4.000000000e+00,2.200000000e+01,2.000000000e+00,1.000000000e+00,-4.196877480e+00,-1.378168106e+00,5.578472614e-01,-4.179341793e+00,1.000000000e+00,4.141753038e-07,9.895493984e-01
33,5,9.428976178e-01,3.830890656e-01,-9.965298176e-01,9.598951340e-01,-1.540476531e-01,-2.957510948e+00,-2.798175097e+00,-2.420004368e+00,-2.280189276e+00,-1.860278606e+00,-2.322289467e+00,-3.516285419e+00,1.962608695e+00,8.000000000e+00,7.000000000e+00,9.000000000e+00,0.000000000e+00,6.934744716e-01,2.207048178e+00,5.652992055e-03,1.000000000e+00,-1.379612684e+00,-2.758856773e+00,-4.434220195e-01,2.207046986e+00,-3.106229067e+00,-1.939393878e+00,3.070202351e+00,1.962608695e+00,1.000000000e+00,1.000000000e+00,0.000000000e+00,1.000000000e+00,5.000000000e+00,3.200000000e+01,1.000000000e+00,1.000000000e+00,-4.524169445e+00,-2.394223928e+00,-2.032866478e+00,-4.522479534e+00,1.000000000e+00,4.141753038e-07,9.943367839e-01
34,0,1.043311596e+00,8.004822135e-01,-9.643260241e-01,6.266928315e-01,-2.184045762e-01,-3.398481607e+00,-3.308648825e+00,-2.670120955e+00,-2.708061695e+00,-2.427378654e+00,-2.807765961e+00,-3.640497446e+00,1.158224702e+00,3.000000000e+00,6.000000000e+00,6.000000000e+00,0.000000000e+00,-3.078409672e+00,9.195789695e-01,-1.514579207e-01,1.000000000e+00,-1.764786959e+00,-3.528078079e+00,5.547709465e-01,8.747915626e-01,-2.953604221e+00,-2.007597208e+00,6.007475853e-01,1.158224702e+00,4.000000000e+00,3.000000000e+00,1.000000000e+00,3.000000000e+00,2.000000000e+00,3.000000000e+00,1.000000000e+00,1.000000000e+00,-4.774675846e+00,-2.037887573e+00,-5.382480621e-01,-4.770949364e+00,1.000000000e+00,4.141753038e-07,6.703427434e-02
34,1,5.926419497e-01,5.869306922e-01,-1.303927183e+00,9.822870493e-01,2.804486267e-02,-3.160277843e+00,-3.228694439e+00,-2.347398996e+00,-2.632597208e+00,-2.341689110e+00,-2.483359814e+00,-3.165980577e+00,1.625324339e-01,4.000000000e+00,7.000000000e+00,7.000000000e+00,0.000000000e+00,-2.915620327e+00,9.077728391e-01,1.371892542e-01,1.000000000e+00,-1.890832663e+00,-3.779097319e+00,4.833362699e-01,8.746124506e-01,-2.736141443e+00,-1.896543503e+00,6.822142005e-01,1.625324339e-01,2.000000000e+00,0.000000000e+00,2.000000000e+00,3.000000000e+00,0.000000000e+00,6.000000000e+00,1.000000000e+00,1.000000000e+00,-5.122751236e+00,-1.877437592e+00,1.535116602e-02,-5.117784977e+00,1.000000000e+00,4.141753038e-07,9.066918492e-01
34,2,6.806703210e-01,4.499620497e-01,-1.232662916e+00,1.784581691e-01,-5.205106735e-01,-3.096999168e+00,-3.012549877e+00,-2.483612537e+00,-2.456328154e+00,-2.252958775e+00,-2.362992287e+00,-3.327327013e+00,1.123969555e+00,3.000000000e+00,5.000000000e+00,5.000000000e+00,0.000000000e+00,9.713996053e-01,2.738736391e+00,-5.205106735e-01,1.000000000e+00,-1.682611346e+00,-3.364048958e+00,-5.137638450e-01,2.738736391e+00,-3.419038296e+00,-1.913305044e+00,3.455512047e+00,1.123969555e+00,2.000000000e+00,2.000000000e+00,0.000000000e+00,3.000000000e+00,4.000000000e+00,1.000000000e+01,2.000000000e+00,1.000000000e+00,-5.783241749e+00,-1.518272400e+00,3.554333448e-01,-5.778098583e+00,1.000000000e+00,4.141753038e-07,9.874292016e-01
34,3,9.399165511e-01,3.808514476e-01,-9.937855005e-01,9.547434449e-01,-8.664871752e-02,-3.011811495e+00,-2.856789112e+00,-2.537283421e+00,-2.386348963e+00,-1.978326678e+00,-2.314361572e+00,-3.569707632e+00,1.960827827e+00,7.000000000e+00,6.000000000e+00,8.000000000e+00,0.000000000e+00,1.024266601e+00,2.490501642e+00,5.165380239e-02,1.000000000e+00,-1.374630809e+00,-2.748931885e+00,-3.607878983e-01,2.490501165e+00,-3.127511978e+00,-1.933668971e+00,3.259134293e+00,1.960827827e+00,1.000000000e+00,1.000000000e+00,0.000000000e+00,1.000000000e+00,5.000000000e+00,2.100000000e+01,1.000000000e+00,1.000000000e+00,-5.567684174e+00,-1.578144193e+00,-3.837864995e-01,-5.560511589e+00,1.000000000e+00,7.918156385e-01,9.944749475e-01
34,4,7.609215379e-01,3.754039109e-01,-1.250645161e+00,2.975308001e-01,-6.567099690e-01,-3.076719522e+00,-2.990658760e+00,-2.555286407e+00,-2.502193213e+00,-2.169860363e+00,-2.386646748e+00,-3.461497068e+00,-1.535503268e+00,5.000000000e+00,6.000000000e+00,7.000000000e+00,0.000000000e+00,1.409977436e+00,2.874913692e+00,-5.475659370e-01,1.000000000e+00,-1.626038313e+00,-3.251112700e+00,1.002026275e-01,2.874913216e+00,-2.777272463e+00,-2.011529922e+00,3.107007742e+00,1.535503268e+00,1.000000000e+00,1.000000000e+00,0.000000000e+00,1.000000000e+00,-5.000000000e+00,5.000000000e+00,1.000000000e+00,1.000000000e+00,-5.447882175e+00,-1.581286311e+00,1.125897020e-01,-5.439764023e+00,1.000000000e+00,7.132739425e-01,9.947946668e-01
34,5,3.671946824e-01,3.654279709e-01,-1.538633108e+00,1.011670470e+00,5.742829293e-02,-3.048377275e+00,-3.182356358e+00,-2.240066051e+00,-2.580558062e+00,-2.238299847e+00,-2.271180391e+00,-3.050142050e+00,9.026091546e-02,4.000000000e+00,7.000000000e+00,7.000000000e+00,0.000000000e+00,1.660716772e+00,3.068733215e+00,1.665726751e-01,1.000000000e+00,-1.904041171e+00,-3.805359840e+00,-3.624652326e-01,3.068733215e+00,-3.307734489e+00,-1.905807734e+00,3.773167133e+00,9.026091546e-02,2.000000000e+00,0.000000000e+00,2.000000000e+00,3.000000000e+00,0.000000000e+00,6.000000000e+00,1.000000000e+00,1.000000000e+00,-5.713285923e+00,-1.773493171e+00,2.466044426e-01,-5.709764957e+00,1.000000000e+00,4.141753038e-07,9.953240752e-01
34,6,9.685291648e-01,3.245503008e-01,-9.731657505e-01,4.536113143e-01,-5.877798796e-01,-2.986176729e+00,-2.616655350e+00,-2.174732447e+00,-1.937296748e+00,-1.530803680e+00,-2.266082764e+00,-3.628725767e+00,-2.162825584e+00,7.000000000e+00,6.000000000e+00,8.000000000e+00,0.000000000e+00,2.128649235e+00,2.595421553e+00,-4.494776130e-01,1.000000000e+00,-1.297711372e+00,-2.595182657e+00,1.185542345e+00,2.595092297e+00,-1.076336861e+00,-1.941661000e+00,1.816063523e+00,2.162825584e+00,4.000000000e+00,4.000000000e+00,0.000000000e+00,1.000000000e+00,-5.000000000e+00,1.900000000e+01,1.000000000e+00,1.000000000e+00,-4.009531498e+00,-1.314895868e+00,8.747232147e-03,-3.989198208e+00,1.000000000e+00,9.802185297e-01,9.969127178e-01
35,0,1.244773030e+00,6.024445295e-01,-7.385520935e-01,1.175605953e-01,-9.238287807e-01,-3.157272100e+00,-2.999183178e+00,-2.683298111e+00,-2.489319563e+00,-2.041131258e+00,-2.585556746e+00,-3.797492027e+00,2.158922911e+00,7.000000000e+00,6.000000000e+00,8.000000000e+00,0.000000000e+00,6.262608767e-01,2.354311228e+00,-7.855270505e-01,1.000000000e+00,-1.340989351e+00,-2.681741238e+00,-1.610105783e-01,2.354309320e+00,-3.252132416e+00,-1.983285666e+00,2.963400841e+00,2.158922911e+00,1.000000000e+00,1.000000000e+00,0.000000000e+00,1.000000000e+00,5.000000000e+00,2.600000000e+01,1.000000000e+00,1.000000000e+00,-5.394897461e+00,-1.838223815e+00,-9.818076491e-01,-5.390184879e+00,1.000000000e+00,1.012860775e+00,8.800512552e-01
35,1,6.419861317e-01,5.842473507e-01,-1.278304935e+00,6.456689239e-01,-3.085727692e-01,-3.169577599e+00,-3.206729174e+00,-2.380316496e+00,-2.575852633e+00,-2.322590828e+00,-2.504284859e+00,-3.227225065e+00,-5.271498561e-01,4.000000000e+00,7.000000000e+00,7.000000000e+00,0.000000000e+00,9.126343131e-01,2.779051065e+00,-1.994284987e-01,1.000000000e+00,-1.862528801e+00,-3.722698450e+00,1.049668670e+00,2.778975487e+00,-2.110538960e+00,-1.920263052e+00,1.982626677e+00,5.271498561e-01,2.000000000e+00,0.000000000e+00,2.000000000e+00,3.000000000e+00,-1.000000000e+00,1.000000000e+01,1.000000000e+00,1.000000000e+00,-5.227683067e+00,-1.814121246e+00,8.359821141e-02,-5.222180843e+00,1.000000000e+00,4.141753038e-07,9.106407762e-01
35,2,1.134160399e+00,4.550910592e-01,-8.596194386e-01,1.068536416e-01,-1.007085562e+00,-3.068197489e+00,-2.861994028e+00,-2.539199829e+00,-2.334371090e+00,-1.860249400e+00,-2.448687315e+00,-3.745352268e+00,-2.245617867e+00,8.000000000e+00,7.000000000e+00,9.000000000e+00,0.000000000e+00,-1.675523400e+00,1.023709893e+00,-8.473861217e-01,1.000000000e+00,-1.314704537e+00,-2.629177570e+00,-7.954061776e-02,1.022356033e+00,-2.868775606e+00,-1.993740082e+00,1.575968385e+00,2.245617867e+00,1.000000000e+00,1.000000000e+00,0.000000000e+00,1.000000000e+00,-5.000000000e+00,3.400000000e+01,1.000000000e+00,1.000000000e+00,-5.292370796e+00,-1.596864939e+00,-5.860373974e-01,-5.283626080e+00,1.000000000e+00,3.455252349e-01,9.865702987e-01
35,3,5.689679384e-01,4.197549224e-01,-1.410036564e+00,5.290589333e-01,-4.251825213e-01,-3.157135725e+00,-3.135583639e+00,-2.515356541e+00,-2.599319696e+00,-2.366184950e+00,-2.398423433e+00,-3.306093216e+00,-8.771275878e-01,4.000000000e+00,7.000000000e+00,7.000000000e+00,0.000000000e+00,6.244009733e-01,2.678486347e+00,-3.160382807e-01,1.000000000e+00,-1.829773188e+00,-3.657388926e+00,-4.895567596e-01,2.678486347e+00,-3.507405996e+00,-1.978974104e+00,3.400717974e+00,8.771275878e-01,1.000000000e+00,0.000000000e+00,1.000000000e+00,3.000000000e+00,-2.000000000e+00,8.000000000e+00,1.000000000e+00,1.000000000e+00,-4.938201427e+00,-1.985419273e+00,-3.022884130e-01,-4.934119225e+00,1.000000000e+00,4.141753038e-07,9.913579226e-01
35,4,6.235061288e-01,3.589252234e-01,-1.413947701e+00,7.300486565e-01,-1.150489300e-01,-3.097276449e+00,-3.044333220e+00,-2.531701803e+00,-2.533569336e+00,-2.267188311e+00,-2.395939827e+00,-3.361401796e+00,-1.218567848e+00,3.000000000e+00,6.000000000e+00,6.000000000e+00,0.000000000e+00,5.536175892e-02,2.294949532e+00,-4.810221493e-02,1.000000000e+00,-1.772858262e+00,-3.543903589e+00,-4.861305058e-01,2.294949055e+00,-3.377737045e+00,-2.037417650e+00,3.047075748e+00,1.218567848e+00,1.000000000e+00,1.000000000e+00,0.000000000e+00,2.000000000e+00,4.000000000e+00,3.200000000e+01,1.000000000e+00,1.000000000e+00,-4.121830463e+00,-2.760840654e+00,-1.977877378e+00,-4.121088028e+00,1.000000000e+00,1.131037593e+00,9.956342578e-01
35,5,1.082029104e+00,3.326565027e-01,-7.899383307e-01,8.663195968e-01,-1.750724912e-01,-2.949742556e+00,-2.657468557e+00,-2.430835724e+00,-2.222699404e+00,-1.681559205e+00,-2.204510212e+00,-3.697333574e+00,2.410617113e+00,8.000000000e+00,6.000000000e+00,8.000000000e+00,0.000000000e+00,1.472774982e+00,2.417969704e+00,-3.676997498e-02,1.000000000e+00,-1.122591496e+00,-2.245071650e+00,-7.915982604e-02,2.417967319e+00,-2.634401321e+00,-1.871937633e+00,3.038232565e+00,2.410617113e+00,1.000000000e+00,1.000000000e+00,0.000000000e+00,1.000000000e+00,5.000000000e+00,3.300000000e+01,1.000000000e+00,1.000000000e+00,-4.069713593e+00,-1.778566599e+00,-1.297398567e+00,-4.062625885e+00,1.000000000e+00,1.134815574e+00,9.966579676e-01
35,6,4.441531301e-01,3.322780728e-01,-1.512259841e+00,8.323733807e-01,-1.218685657e-01,-3.063066483e+00,-3.096267700e+00,-2.378605604e+00,-2.510938883e+00,-2.266754150e+00,-2.288301945e+00,-3.174794197e+00,-7.489537597e-01,4.000000000e+00,6.000000000e+00,7.000000000e+00,0.000000000e+00,5.931223556e-02,2.296490908e+00,-1.272422262e-02,1.000000000e+00,-1.844521523e+00,-3.686669111e+00,-3.617654741e-01,2.296489954e+00,-3.204428196e+00,-1.956387758e+00,2.902177811e+00,7.489537597e-01,1.000000000e+00,0.000000000e+00,1.000000000e+00,3.000000000e+00,-2.000000000e+00,8.000000000e+00,1.000000000e+00,1.000000000e+00,-4.583242416e+00,-2.485697985e+00,-1.279707432e+00,-4.581880093e+00,1.000000000e+00,7.509900928e-01,9.966705441e-01
35,7,8.498928547e-01,3.301312923e-01,-1.176230550e+00,6.670566201e-01,-4.468856156e-01,-2.936595678e+00,-2.838643551e+00,-2.461977243e+00,-2.362678051e+00,-1.942303300e+00,-2.355890989e+00,-3.455491304e+00,-1.866293669e+00,7.000000000e+00,7.000000000e+00,9.000000000e+00,0.000000000e+00,7.551084757e-01,2.320051670e+00,-2.871851623e-01,1.000000000e+00,-1.506354094e+00,-3.012017965e+00,7.820406556e-01,2.319869280e+00,-1.910833120e+00,-2.026083708e+00,1.958248734e+00,1.866293669e+00,1.000000000e+00,1.000000000e+00,0.000000000e+00,2.000000000e+00,4.000000000e+00,3.200000000e+01,1.000000000e+00,1.000000000e+00,-4.356219292e+00,-2.087085962e+00,-1.154399633e+00,-4.352760315e+00,1.000000000e+00,5.555071831e-01,9.967400432e-01
36,0,1.170423150e+00,5.642070770e-01,-7.922022343e-01,3.391461372e-01,-7.022445798e-01,-3.121648312e+00,-2.957160234e+00,-2.554407835e+00,-2.410034657e+00,-1.948308825e+00,-2.526628971e+00,-3.726121664e+00,-2.073317528e+00,7.000000000e+00,6.000000000e+00,8.000000000e+00,0.000000000e+00,1.271844625e+00,2.584269762e+00,-5.639424324e-01,1.000000000e+00,-1.356402040e+00,-2.712539673e+00,-1.069092631e+00,2.584269762e+00,-4.038677216e+00,-1.962588072e+00,4.113859177e+00,2.073317528e+00,4.000000000e+00,4.000000000e+00,0.000000000e+00,3.000000000e+00,-5.000000000e+00,5.000000000e+00,3.000000000e+00,1.000000000e+00,-4.798573494e+00,-1.161640406e+00,4.515578151e-01,-4.771391869e+00,1.000000000e+00,4.141753038e-07,9.350969791e-01
36,1,1.210874438e+00,4.335668087e-01,-4.392573237e-01,4.923498631e-01,-4.618915021e-01,-3.082761288e+00,-2.556099892e+00,-2.553719997e+00,-2.112236977e+00,-1.776541710e+00,-2.083638906e+00,-3.857455730e+00,-2.475918770e+00,7.000000000e+00,5.000000000e+00,7.000000000e+00,0.000000000e+00,-1.836956620e+00,8.586769104e-01,-3.527473211e-01,1.000000000e+00,-8.728219867e-01,-1.745618224e+00,-3.680338264e-01,8.579111099e-01,-2.913538694e+00,-1.650113463e+00,1.561540127e+00,2.475918770e+00,0.000000000e+00,0.000000000e+00,0.000000000e+00,0.000000000e+00,-1.000000000e+00,-1.000000000e+00,-1.000000000e+00,0.000000000e+00,-9.999956489e-01,4.141753038e-07,1.000000000e+00,-6.989678144e-01,1.000000000e+00,1.321886420e+00,9.897740483e-01
36,2,8.199290037e-01,3.215101659e-01,-1.222652435e+00,9.429363608e-01,-1.710063815e-01,-2.860536098e+00,-2.795328140e+00,-2.279279947e+00,-2.323113918e+00,-1.780917406e+00,-2.363544464e+00,-3.358278036e+00,1.814608216e+00,6.000000000e+00,7.000000000e+00,9.000000000e+00,0.000000000e+00,4.453351200e-01,2.003612995e+00,-1.130571775e-02,1.000000000e+00,-1.544154406e+00,-3.087354183e+00,-5.215882659e-01,2.003611088e+00,-3.165668488e+00,-2.042540550e+00,3.067158699e+00,1.814608216e+00,1.000000000e+00,1.000000000e+00,0.000000000e+00,1.000000000e+00,5.000000000e+00,2.900000000e+01,1.000000000e+00,1.000000000e+00,-5.146040916e+00,-2.869910955e+00,-2.653101683e+00,-5.145537376e+00,1.000000000e+00,1.088707328e+00,9.970021844e-01
36,3,7.651211023e-01,3.209415376e-01,-1.274911880e+00,5.273968577e-01,-3.177004158e-01,-3.059635162e+00,-2.945222616e+00,-2.476976633e+00,-2.401417971e+00,-2.032880545e+00,-2.360660076e+00,-3.502928257e+00,-1.681889653e+00,4.000000000e+00,6.000000000e+00,6.000000000e+00,0.000000000e+00,1.256167531e+00,2.661012173e+00,-2.507537603e-01,1.000000000e+00,-1.595844269e+00,-3.190825701e+00,9.097329527e-02,2.661010742e+00,-2.631309986e+00,-2.039993525e+00,2.938549042e+00,1.681889653e+00,2.000000000e+00,2.000000000e+00,0.000000000e+00,2.000000000e+00,4.000000000e+00,2.500000000e+01,2.000000000e+00,1.000000000e+00,-4.666797161e+00,-1.833587408e+00,-4.626746774e-01,-4.660764217e+00,1.000000000e+00,1.089946389e+00,9.970185757e-01
37,0,5.209890604e-01,4.284846783e-01,-1.439608574e+00,3.842850626e-01,-5.699560642e-01,-3.128951788e+00,-3.149059057e+00,-2.395906925e+00,-2.591525078e+00,-2.303423166e+00,-2.388761759e+00,-3.221317530e+00,-6.760836244e-01,4.000000000e+00,7.000000000e+00,7.000000000e+00,0.000000000e+00,1.820756197e+00,3.213888645e+00,-4.608119130e-01,1.000000000e+00,-1.868072987e+00,-3.733625889e+00,1.547926515e-01,3.213888407e+00,-2.865068436e+00,-1.960569739e+00,3.347161531e+00,6.760836244e-01,1.000000000e+00,0.000000000e+00,1.000000000e+00,3.000000000e+00,-1.000000000e+00,1.000000000e+00,1.000000000e+00,1.000000000e+00,-5.745325565e+00,-2.701503038e+00,-1.665485024e+00,-5.744942665e+00,1.000000000e+00,4.141753038e-07,9.903936982e-01
37,1,6.683893800e-01,3.683007360e-01,-1.380905271e+00,8.241350651e-01,-2.096259221e-02,-3.091200829e+00,-3.036031723e+00,-2.538699865e+00,-2.530261278e+00,-2.238686085e+00,-2.417156458e+00,-3.390756369e+00,1.314454317e+00,3.000000000e+00,6.000000000e+00,6.000000000e+00,0.000000000e+00,1.191385627e+00,2.834454536e+00,4.598413780e-02,1.000000000e+00,-1.749191880e+00,-3.496731758e+00,2.945888601e-02,2.834453821e+00,-2.868929386e+00,-2.049256325e+00,3.096505165e+00,1.314454317e+00,1.000000000e+00,0.000000000e+00,1.000000000e+00,3.000000000e+00,2.000000000e+00,2.000000000e+00,1.000000000e+00,1.000000000e+00,-5.277673721e+00,-2.431447983e+00,-1.361466646e+00,-5.276372433e+00,1.000000000e+00,4.141753038e-07,9.951785803e-01
38,0,7.544320822e-01,4.493772984e-01,-1.285186291e+00,4.110050797e-01,-5.432360172e-01,-3.124579906e+00,-3.046978474e+00,-2.498636484e+00,-2.459206343e+00,-2.193650723e+00,-2.488599062e+00,-3.429045916e+00,-1.327642798e+00,4.000000000e+00,6.000000000e+00,7.000000000e+00,0.000000000e+00,1.980653048e+00,3.184045076e+00,-4.340918958e-01,1.000000000e+00,-1.734548211e+00,-3.467596054e+00,-7.821840048e-02,3.184045076e+00,-2.986505985e+00,-2.039579153e+00,3.527727127e+00,1.327642798e+00,0.000000000e+00,0.000000000e+00,0.000000000e+00,0.000000000e+00,-1.000000000e+00,-1.000000000e+00,-1.000000000e+00,0.000000000e+00,-9.999956489e-01,4.141753038e-07,1.000000000e+00,-6.989678144e-01,1.000000000e+00,4.141753038e-07,9.875230193e-01
38,1,1.125843048e+00,4.049473107e-01,-8.852374554e-01,1.752077937e+00,6.381345987e-01,-2.970929384e+00,-2.815674782e+00,-2.521319151e+00,-2.364035368e+00,-1.800540090e+00,-2.415827036e+00,-3.690099001e+00,-2.343906641e+00,8.000000000e+00,7.000000000e+00,9.000000000e+00,0.000000000e+00,1.263561726e+00,2.432523251e+00,7.978354692e-01,1.000000000e+00,-1.290179491e+00,-2.580119848e+00,9.023243189e-01,2.432334185e+00,-1.866726756e+00,-2.011039257e+00,2.093565702e+00,2.343906641e+00,4.000000000e+00,4.000000000e+00,0.000000000e+00,1.000000000e+00,-5.000000000e+00,1.900000000e+01,1.000000000e+00,1.000000000e+00,-4.365752220e+00,-1.361351728e+00,-1.037035063e-01,-4.347674370e+00,1.000000000e+00,7.333868742e-01,9.927442074e-01
38,2,1.154626250e+00,3.965615332e-01,-7.764761448e-01,6.857498884e-01,-4.281923771e-01,-2.947098494e+00,-2.741591692e+00,-2.481181383e+00,-2.316182852e+00,-1.723225117e+00,-2.327514410e+00,-3.703348875e+00,-2.430949926e+00,9.000000000e+00,7.000000000e+00,9.000000000e+00,0.000000000e+00,7.309483886e-01,2.088726282e+00,-2.684919238e-01,1.000000000e+00,-1.173033714e+00,-2.345924377e+00,-2.615284622e-01,2.088721991e+00,-2.973954201e+00,-1.931067824e+00,2.943111658e+00,2.430949926e+00,0.000000000e+00,0.000000000e+00,0.000000000e+00,0.000000000e+00,-1.000000000e+00,-1.000000000e+00,-1.000000000e+00,0.000000000e+00,-9.999956489e-01,4.141753038e-07,1.000000000e+00,-6.989678144e-01,0.000000000e+00,5.553364754e-01,9.934117198e-01
38,3,9.111166000e-01,3.662050068e-01,-1.024076819e+00,8.446234465e-01,-1.967686117e-01,-2.963426590e+00,-2.819488049e+00,-2.497879505e+00,-2.349178553e+00,-1.953065395e+00,-2.301173925e+00,-3.507338762e+00,-1.926874399e+00,7.000000000e+00,6.000000000e+00,8.000000000e+00,0.000000000e+00,-7.506766170e-02,1.915571570e+00,-5.846611410e-02,1.000000000e+00,-1.390275598e+00,-2.780168533e+00,-6.620136499e-01,1.915570021e+00,-3.376461506e+00,-1.935160637e+00,2.973311424e+00,1.926874399e+00,1.000000000e+00,1.000000000e+00,0.000000000e+00,1.000000000e+00,-5.000000000e+00,5.000000000e+00,1.000000000e+00,1.000000000e+00,-4.616851807e+00,-2.309666872e+00,-1.843154430e+00,-4.614816189e+00,1.000000000e+00,4.141753038e-07,9.952853322e-01
38,4,9.250516891e-01,2.936758399e-01,-1.067433238e+00,1.437645793e+00,3.237026036e-01,-2.896162271e+00,-2.757544994e+00,-2.447007656e+00,-2.313384056e+00,-1.815724850e+00,-2.285907507e+00,-3.526418447e+00,2.133004189e+00,8.000000000e+00,7.000000000e+00,9.000000000e+00,0.000000000e+00,-7.536491752e-01,1.438941360e+00,4.834033847e-01,1.000000000e+00,-1.361104012e+00,-2.721824646e+00,-6.346995234e-01,1.438925862e+00,-3.241093159e+00,-1.992447257e+00,2.570962191e+00,2.133004189e+00,1.000000000e+00,1.000000000e+00,0.000000000e+00,1.000000000e+00,5.000000000e+00,1.800000000e+01,1.000000000e+00,1.000000000e+00,-4.832174301e+00,-1.774885654e+00,-8.128834367e-01,-4.825429916e+00,1.000000000e+00,4.141753038e-07,9.976875782e-01
39,0,1.627054214e+00,1.284215331e+00,-3.730652332e-01,9.586985111e-01,4.456365947e-03,-3.623208523e+00,-3.637252092e+00,-2.769715548e+00,-2.963877678e+00,-2.427016258e+00,-3.283480883e+00,-3.963860512e+00,1.426492810e+00,4.000000000e+00,7.000000000e+00,7.000000000e+00,0.000000000e+00,8.851263523e-01,2.870029449e+00,1.136007532e-01,1.000000000e+00,-1.657261848e+00,-3.313647985e+00,1.482449532e+00,2.869664669e+00,-2.765789986e+00,-2.000077009e+00,1.924347162e+00,1.426492810e+00,3.000000000e+00,3.000000000e+00,0.000000000e+00,3.000000000e+00,4.000000000e+00,2.800000000e+01,2.000000000e+00,1.000000000e+00,-5.670564175e+00,-2.029826164e+00,-7.532508373e-01,-5.668413639e+00,1.000000000e+00,4.141753038e-07,2.061153692e-09
39,1,1.280722976e+00,6.286013722e-01,-6.385781765e-01,5.744917393e-01,-4.668997526e-01,-3.131949186e+00,-2.656877995e+00,-2.343376398e+00,-1.946772695e+00,-1.691329122e+00,-2.547712564e+00,-3.782022476e+00,2.182067394e+00,7.000000000e+00,6.000000000e+00,8.000000000e+00,0.000000000e+00,1.591811895e+00,2.487256527e+00,-3.285973966e-01,1.000000000e+00,-1.267173290e+00,-2.534175873e+00,-4.719657302e-01,2.487256289e+00,-3.046895504e+00,-1.919266939e+00,3.214570284e+00,2.182067394e+00,3.000000000e+00,3.000000000e+00,0.000000000e+00,2.000000000e+00,-5.000000000e+00,2.000000000e+01,4.000000000e+00,1.000000000e+00,-5.255697727e+00,-1.853506804e+00,-1.160451055e+00,-5.250737667e+00,1.000000000e+00,3.151892126e-01,8.169535995e-01
39,2,1.081798434e+00,6.132621765e-01,-9.280868173e-01,3.517234325e-01,-6.896673441e-01,-3.224930286e+00,-3.012893200e+00,-2.390860081e+00,-2.230705976e+00,-1.922394276e+00,-2.622886419e+00,-3.692053795e+00,1.741754174e+00,5.000000000e+00,6.000000000e+00,8.000000000e+00,0.000000000e+00,9.503256679e-01,2.399326086e+00,-5.513652563e-01,1.000000000e+00,-1.541337490e+00,-3.082098007e+00,1.409518719e+00,2.397038221e+00,-1.434511423e+00,-2.009844542e+00,1.295865893e+00,1.741754174e+00,4.000000000e+00,4.000000000e+00,0.000000000e+00,3.000000000e+00,5.000000000e+00,1.700000000e+01,3.000000000e+00,1.000000000e+00,-4.144896984e+00,-1.227449536e+00,5.778107643e-01,-4.120245457e+00,1.000000000e+00,3.211461604e-01,8.570457101e-01
39,3,6.605629921e-01,6.084640622e-01,-1.269592404e+00,9.839366078e-01,2.969446406e-02,-3.221937418e+00,-3.270979404e+00,-2.405374289e+00,-2.673258543e+00,-2.353287697e+00,-2.538382530e+00,-3.273944139e+00,4.996706247e-01,4.000000000e+00,7.000000000e+00,7.000000000e+00,0.000000000e+00,2.899523079e-01,2.498361826e+00,1.388388425e-01,1.000000000e+00,-1.878031611e+00,-3.753564835e+00,-6.667489409e-01,2.498361588e+00,-3.944836140e+00,-1.930126429e+00,3.484240532e+00,4.996706247e-01,1.000000000e+00,0.000000000e+00,1.000000000e+00,3.000000000e+00,1.000000000e+00,5.000000000e+00,1.000000000e+00,1.000000000e+00,-4.434157848e+00,-3.119618416e+00,-2.483461618e+00,-4.433837414e+00,1.000000000e+00,4.141753038e-07,8.677443862e-01
39,4,8.368526697e-01,3.442069888e-01,-1.178987145e+00,7.371498346e-01,-3.042420149e-01,-3.032431602e+00,-2.883762121e+00,-2.487846375e+00,-2.336649895e+00,-1.995291114e+00,-2.359767675e+00,-3.524091482e+00,-1.800579786e+00,6.000000000e+00,7.000000000e+00,8.000000000e+00,0.000000000e+00,1.812415242e+00,2.901542902e+00,-1.659395546e-01,1.000000000e+00,-1.523185968e+00,-3.045732260e+00,3.160762191e-01,2.901541471e+00,-2.364774466e+00,-2.015801430e+00,2.926830053e+00,1.800579786e+00,1.000000000e+00,1.000000000e+00,0.000000000e+00,1.000000000e+00,-5.000000000e+00,2.000000000e+01,1.000000000e+00,1.000000000e+00,-5.622963428e+00,-2.359522820e+00,-1.669020057e+00,-5.621863842e+00,1.000000000e+00,4.219594896e-01,9.962486625e-01
39,5,5.421921611e-01,3.337707520e-01,-1.467687011e+00,7.198728919e-01,-1.252246201e-01,-3.072848797e+00,-3.054040670e+00,-2.481175900e+00,-2.536299229e+00,-2.272804499e+00,-2.343183994e+00,-3.280953884e+00,1.059616089e+00,3.000000000e+00,6.000000000e+00,6.000000000e+00,0.000000000e+00,8.625763059e-01,2.704175234e+00,-5.827790871e-02,1.000000000e+00,-1.801442862e+00,-3.600821972e+00,1.217902601e-01,2.704173565e+00,-2.748185873e+00,-2.009847403e+00,2.845833540e+00,1.059616089e+00,1.000000000e+00,0.000000000e+00,1.000000000e+00,3.000000000e+00,2.000000000e+00,4.000000000e+00,1.000000000e+00,1.000000000e+00,-5.024055958e+00,-3.781124353e+00,-3.960728884e+00,-5.023992062e+00,1.000000000e+00,9.334363937e-01,9.966210127e-01
39,6,9.945317507e-01,3.241382241e-01,-1.010566592e+00,4.636163116e-01,-4.906249940e-01,-2.854003668e+00,-2.720811605e+00,-2.408150911e+00,-2.271136522e+00,-1.737844706e+00,-2.328958988e+00,-3.523256302e+00,-2.225178957e+00,6.000000000e+00,6.000000000e+00,7.000000000e+00,0.000000000e+00,1.808271289e+00,2.642005444e+00,-3.814808130e-01,1.000000000e+00,-1.334699750e+00,-2.669026136e+00,5.236597359e-02,2.642004013e+00,-2.542838573e+00,-2.005058765e+00,3.122915745e+00,2.225178957e+00,1.000000000e+00,1.000000000e+00,0.000000000e+00,1.000000000e+00,-5.000000000e+00,2.800000000e+01,1.000000000e+00,1.000000000e+00,-4.510391235e+00,-1.415387750e+00,-1.941284388e-01,-4.494537354e+00,2.000000000e+00,-7.648987174e-01,9.969250560e-01
39,7,9.641114473e-01,3.125978410e-01,-1.009260893e+00,2.871440053e-01,-6.670967340e-01,-2.893834829e+00,-2.637932301e+00,-2.163827658e+00,-1.975055337e+00,-1.512362957e+00,-2.285742760e+00,-3.544165850e+00,-2.180631638e+00,6.000000000e+00,6.000000000e+00,7.000000000e+00,0.000000000e+00,1.575242043e+00,2.299998283e+00,-5.579527020e-01,1.000000000e+00,-1.321853876e+00,-2.643386841e+00,-1.286291122e+00,2.299998045e+00,-3.572368145e+00,-1.973335862e+00,4.048224926e+00,2.180631638e+00,2.000000000e+00,2.000000000e+00,0.000000000e+00,1.000000000e+00,-5.000000000e+00,3.100000000e+01,1.000000000e+00,1.000000000e+00,-4.754898071e+00,-2.384195328e+00,-2.121225119e+00,-4.753210545e+00,2.000000000e+00,-7.542862296e-01,9.972462654e-01
40,0,5.874162912e-01,5.539224148e-01,-1.328658104e+00,3.539314568e-01,-6.003094912e-01,-3.197597980e+00,-3.239353418e+00,-2.449107885e+00,-2.603226423e+00,-2.415623188e+00,-2.469805241e+00,-3.231037140e+00,-3.978074491e-01,4.000000000e+00,7.000000000e+00,7.000000000e+00,0.000000000e+00,8.883509636e-01,2.859931231e+00,-4.911653996e-01,1.000000000e+00,-1.882556438e+00,-3.762585402e+00,9.548540711e-01,2.859897614e+00,-2.202399731e+00,-1.916047692e+00,2.092688560e+00,3.978074491e-01,2.000000000e+00,0.000000000e+00,2.000000000e+00,3.000000000e+00,-1.000000000e+00,7.000000000e+00,1.000000000e+00,1.000000000e+00,-5.313705444e+00,-1.857048392e+00,3.903260082e-02,-5.308939457e+00,1.000000000e+00,4.141753038e-07,9.447657466e-01
40,1,8.390374184e-01,5.015660524e-01,-1.148288608e+00,9.237567782e-01,7.865905017e-02,-3.079475880e+00,-3.105353355e+00,-2.352336407e+00,-2.564349413e+00,-2.014917850e+00,-2.488528013e+00,-3.416334867e+00,1.412598252e+00,4.000000000e+00,6.000000000e+00,6.000000000e+00,0.000000000e+00,1.017923832e+00,2.523924828e+00,1.456057727e-01,1.000000000e+00,-1.649841309e+00,-3.298620462e+00,-5.957018733e-01,2.523924589e+00,-3.659789562e+00,-1.987289906e+00,3.668546438e+00,1.412598252e+00,1.000000000e+00,1.000000000e+00,0.000000000e+00,2.000000000e+00,-3.000000000e+00,9.000000000e+00,2.000000000e+00,1.000000000e+00,-5.693118095e+00,-1.807288051e+00,-3.283415437e-01,-5.689702511e+00,1.000000000e+00,4.141753038e-07,9.747313261e-01
40,2,8.305725455e-01,3.251556754e-01,-1.184667349e+00,9.968295097e-01,-4.456275702e-02,-3.041718960e+00,-2.888176918e+00,-2.479618788e+00,-2.357725382e+00,-1.974291921e+00,-2.340138197e+00,-3.546084404e+00,-1.831585288e+00,6.000000000e+00,7.000000000e+00,8.000000000e+00,0.000000000e+00,4.087685347e-01,2.178721666e+00,9.373980761e-02,1.000000000e+00,-1.509815335e+00,-3.019036055e+00,-1.107315570e-01,2.178716183e+00,-2.793442011e+00,-2.015201569e+00,2.672811985e+00,1.831585288e+00,1.000000000e+00,1.000000000e+00,0.000000000e+00,1.000000000e+00,-5.000000000e+00,1.500000000e+01,1.000000000e+00,1.000000000e+00,-4.303486347e+00,-1.710385084e+00,-3.840675056e-01,-4.295274258e+00,1.000000000e+00,4.141753038e-07,9.968945980e-01
41,0,1.221701980e+00,9.981915355e-01,-7.472259998e-01,8.051394224e-01,-1.491025090e-01,-3.488481998e+00,-3.202527761e+00,-2.672814131e+00,-2.541203737e+00,-2.449385881e+00,-2.966674089e+00,-3.711093187e+00,-1.103389859e+00,4.000000000e+00,7.000000000e+00,7.000000000e+00,0.000000000e+00,-1.729308605e+00,1.586584568e+00,-3.995819017e-02,1.000000000e+00,-1.745395780e+00,-3.489452124e+00,7.690604329e-01,1.581493735e+00,-2.770229816e+00,-1.968889952e+00,9.042543173e-01,1.103389859e+00,2.000000000e+00,1.000000000e+00,1.000000000e+00,3.000000000e+00,-2.000000000e+00,0.000000000e+00,1.000000000e+00,1.000000000e+00,-5.774436474e+00,-2.278209209e+00,-1.070302844e+00,-5.773510456e+00,1.000000000e+00,4.141753038e-07,4.933204764e-05
41,1,1.645773292e+00,9.236980081e-01,-1.227563918e-01,8.411765695e-01,-2.727660239e-01,-3.401787043e+00,-3.028450489e+00,-2.835697174e+00,-2.453780651e+00,-2.113863230e+00,-2.692010403e+00,-4.119206429e+00,-2.346672773e+00,9.000000000e+00,7.000000000e+00,9.000000000e+00,0.000000000e+00,8.161017299e-01,2.521975994e+00,-1.130654216e-01,1.000000000e+00,-1.046450138e+00,-2.092852116e+00,2.764835954e-01,2.521968842e+00,-3.100570917e+00,-1.768504739e+00,2.585404873e+00,2.346672773e+00,2.000000000e+00,2.000000000e+00,0.000000000e+00,1.000000000e+00,-5.000000000e+00,6.000000000e+00,1.000000000e+00,1.000000000e+00,-5.499484062e+00,-1.214454055e+00,-3.874661326e-01,-5.481719494e+00,1.000000000e+00,3.706763089e-01,1.137792482e-03
41,2,7.515829802e-01,6.167912483e-01,-1.215993762e+00,8.948907852e-01,-1.465013921e-01,-3.284480810e+00,-3.238606691e+00,-2.595414639e+00,-2.645620346e+00,-2.460668564e+00,-2.584083319e+00,-3.418968439e+00,-8.291866779e-01,4.000000000e+00,7.000000000e+00,8.000000000e+00,0.000000000e+00,-1.953453183e+00,1.518675089e+00,-8.198862895e-03,1.000000000e+00,-1.832762480e+00,-3.663453579e+00,1.223673344e+00,1.454158545e+00,-2.038882971e+00,-1.967543602e+00,4.154925644e-01,8.291866779e-01,3.000000000e+00,0.000000000e+00,3.000000000e+00,3.000000000e+00,-2.000000000e+00,9.000000000e+00,1.000000000e+00,1.000000000e+00,-5.386642456e+00,-2.501135349e+00,-1.339687109e+00,-5.385608196e+00,1.000000000e+00,4.141753038e-07,8.486417532e-01
41,3,1.282367468e+00,6.138859391e-01,-6.989395618e-01,1.756016970e+00,6.420736909e-01,-3.200365543e+00,-2.997688770e+00,-2.601839304e+00,-2.455368996e+00,-1.933494091e+00,-2.594989300e+00,-3.866332293e+00,-2.220671654e+00,8.000000000e+00,7.000000000e+00,9.000000000e+00,0.000000000e+00,3.494936228e-01,2.108279943e+00,8.017745018e-01,1.000000000e+00,-1.312818646e+00,-2.625437021e+00,-4.212118387e-01,2.108278036e+00,-3.489249945e+00,-1.981267571e+00,3.051125765e+00,2.220671654e+00,1.000000000e+00,1.000000000e+00,0.000000000e+00,1.000000000e+00,-5.000000000e+00,1.100000000e+01,1.000000000e+00,1.000000000e+00,-4.922743320e+00,-1.218407989e+00,2.430095822e-01,-4.899320602e+00,1.000000000e+00,9.138844013e-01,8.555939794e-01
41,4,1.105599165e+00,4.040144682e-01,-8.950999975e-01,8.764797449e-01,-2.374629229e-01,-3.014288664e+00,-2.810073137e+00,-2.473282337e+00,-2.286324501e+00,-1.771801114e+00,-2.404529333e+00,-3.714068413e+00,2.298575878e+00,8.000000000e+00,7.000000000e+00,9.000000000e+00,0.000000000e+00,3.709532320e-01,1.957317591e+00,-7.776232064e-02,1.000000000e+00,-1.299108982e+00,-2.597985983e+00,-1.111816987e-01,1.957301855e+00,-2.801330090e+00,-2.000658989e+00,2.582957268e+00,2.298575878e+00,1.000000000e+00,1.000000000e+00,0.000000000e+00,2.000000000e+00,-5.000000000e+00,8.000000000e+00,3.000000000e+00,1.000000000e+00,-4.932867527e+00,-1.646471262e+00,-6.749160886e-01,-4.923996925e+00,1.000000000e+00,6.511756182e-01,9.928223491e-01
41,5,7.510107756e-01,2.847155333e-01,-1.287650108e+00,1.430567741e+00,3.166245520e-01,-2.835586548e+00,-2.737912178e+00,-2.288377762e+00,-2.188191891e+00,-1.822137833e+00,-2.322724104e+00,-3.301309586e+00,1.736265540e+00,6.000000000e+00,7.000000000e+00,9.000000000e+00,0.000000000e+00,8.631033301e-01,2.253718376e+00,4.763253331e-01,1.000000000e+00,-1.572357535e+00,-3.143573523e+00,-1.113864183e+00,2.253718376e+00,-3.585169792e+00,-2.038621664e+00,3.732810497e+00,1.736265540e+00,1.000000000e+00,1.000000000e+00,0.000000000e+00,2.000000000e+00,-5.000000000e+00,3.200000000e+01,3.000000000e+00,1.000000000e+00,-3.976905584e+00,-1.286614418e+00,6.175981760e-01,-3.955221653e+00,1.000000000e+00,4.141753038e-07,9.978657365e-01
41,6,1.016014218e+00,2.811110616e-01,-9.010162354e-01,2.906998992e-01,-8.232407570e-01,-2.894865990e+00,-2.650518179e+00,-2.370895863e+00,-2.193477631e+00,-1.636075616e+00,-2.197997570e+00,-3.628261328e+00,2.376739979e+00,9.000000000e+00,7.000000000e+00,9.000000000e+00,0.000000000e+00,2.288595289e-01,1.750589728e+00,-6.635408401e-01,1.000000000e+00,-1.182123899e+00,-2.364081860e+00,8.310855366e-03,1.750518560e+00,-2.466218948e+00,-1.916997910e+00,2.299592733e+00,2.376739979e+00,1.000000000e+00,1.000000000e+00,0.000000000e+00,2.000000000e+00,-5.000000000e+00,3.200000000e+01,3.000000000e+00,1.000000000e+00,-3.611739635e+00,-8.569778800e-01,7.802940607e-01,-3.555432320e+00,1.000000000e+00,2.370032370e-01,9.979324341e-01
42,0,1.019003868e+00,5.644357204e-01,-9.658280611e-01,6.783958673e-01,-4.355463982e-01,-3.223764420e+00,-3.083894730e+00,-2.662615061e+00,-2.544607878e+00,-2.208176613e+00,-2.549039841e+00,-3.676990986e+00,-1.707480311e+00,7.000000000e+00,7.000000000e+00,9.000000000e+00,0.000000000e+00,7.683546543e-01,2.592615366e+00,-2.758459449e-01,1.000000000e+00,-1.530252934e+00,-3.059958458e+00,1.117029786e+00,2.592372179e+00,-1.992123365e+00,-1.984793901e+00,1.811844468e+00,1.707480311e+00,4.000000000e+00,4.000000000e+00,0.000000000e+00,3.000000000e+00,-5.000000000e+00,2.000000000e+00,3.000000000e+00,1.000000000e+00,-4.982854843e+00,-1.523785591e+00,3.933502361e-02,-4.971259594e+00,1.000000000e+00,4.141753038e-07,9.348621964e-01
42,1,5.382100344e-01,3.938872814e-01,-1.415009499e+00,9.296051860e-01,-1.117869914e-01,-3.144248486e+00,-3.150537729e+00,-2.507647514e+00,-2.661472559e+00,-2.363364220e+00,-2.346796989e+00,-3.288332939e+00,-8.610624075e-01,5.000000000e+00,7.000000000e+00,8.000000000e+00,0.000000000e+00,1.082988024e+00,2.904960632e+00,2.651552297e-02,1.000000000e+00,-1.808879852e+00,-3.615794659e+00,4.503123760e-01,2.904957771e+00,-2.605071545e+00,-1.953191638e+00,2.752782106e+00,8.610624075e-01,1.000000000e+00,0.000000000e+00,1.000000000e+00,3.000000000e+00,-2.000000000e+00,1.000000000e+00,1.000000000e+00,1.000000000e+00,-4.457568645e+00,-2.487721682e+00,-1.360704780e+00,-4.456199169e+00,1.000000000e+00,4.141753038e-07,9.936089516e-01
42,2,5.195369720e-01,2.747941315e-01,-1.424019217e+00,8.181114197e-01,1.191416755e-01,-3.036028147e+00,-2.980317831e+00,-2.479613304e+00,-2.502677441e+00,-2.234926939e+00,-2.217979908e+00,-3.280414104e+00,-1.163589478e+00,3.000000000e+00,5.000000000e+00,5.000000000e+00,0.000000000e+00,1.742832959e-01,2.322148800e+00,1.191416755e-01,1.000000000e+00,-1.698802948e+00,-3.396256447e+00,1.140913069e-01,2.322140694e+00,-2.663318396e+00,-1.943529367e+00,2.475757599e+00,1.163589478e+00,0.000000000e+00,0.000000000e+00,0.000000000e+00,0.000000000e+00,-1.000000000e+00,-1.000000000e+00,-1.000000000e+00,0.000000000e+00,-9.999956489e-01,4.141753038e-07,1.000000000e+00,-6.989678144e-01,1.000000000e+00,4.141753038e-07,9.980431795e-01
43,0,7.689906359e-01,5.103075504e-01,-1.258390784e+00,8.547558784e-01,9.658219293e-03,-3.194570541e+00,-3.097049713e+00,-2.531400681e+00,-2.483353138e+00,-2.272783995e+00,-2.537335157e+00,-3.452700615e+00,1.202339292e+00,3.000000000e+00,6.000000000e+00,6.000000000e+00,0.000000000e+00,1.757091641e+00,3.151411295e+00,7.660493255e-02,1.000000000e+00,-1.768680573e+00,-3.535706758e+00,2.095236927e-01,3.151411057e+00,-2.784004927e+00,-2.027343035e+00,3.152426004e+00,1.202339292e+00,1.000000000e+00,0.000000000e+00,1.000000000e+00,3.000000000e+00,2.000000000e+00,1.000000000e+01,1.000000000e+00,1.000000000e+00,-4.716190338e+00,-2.440916300e+00,-1.341498733e+00,-4.714701653e+00,1.000000000e+00,4.141753038e-07,9.713502526e-01
43,1,6.526439190e-01,4.131717086e-01,-1.346104026e+00,8.645939827e-01,-1.767981201e-01,-2.948225260e+00,-3.006642342e+00,-1.988260269e+00,-2.264887094e+00,-1.748806000e+00,-2.411211252e+00,-3.187413931e+00,-1.148785353e+00,3.000000000e+00,6.000000000e+00,8.000000000e+00,0.000000000e+00,4.813946187e-01,1.989550591e+00,-3.849561512e-02,1.000000000e+00,-1.759260178e+00,-3.516535521e+00,2.321013622e-02,1.989525318e+00,-2.654732466e+00,-1.998714089e+00,2.482376337e+00,1.148785353e+00,1.000000000e+00,0.000000000e+00,1.000000000e+00,3.000000000e+00,-2.000000000e+00,9.000000000e+00,1.000000000e+00,1.000000000e+00,-5.679533005e+00,-1.981533170e+00,-4.535935223e-01,-5.677174568e+00,2.000000000e+00,-5.335205555e+00,9.920098782e-01
43,2,4.087549448e-01,3.196980655e-01,-1.547466159e+00,9.780168533e-01,1.329191178e-01,-3.053965330e+00,-3.077975273e+00,-2.312707663e+00,-2.498108864e+00,-2.223667145e+00,-2.275544167e+00,-3.142910242e+00,6.625027657e-01,3.000000000e+00,6.000000000e+00,6.000000000e+00,0.000000000e+00,1.711372852e+00,3.079426527e+00,1.998658329e-01,1.000000000e+00,-1.867147326e+00,-3.731702805e+00,1.334309876e-01,3.079426289e+00,-2.684302807e+00,-1.956196904e+00,3.220400810e+00,6.625027657e-01,1.000000000e+00,0.000000000e+00,1.000000000e+00,3.000000000e+00,2.000000000e+00,1.000000000e+01,1.000000000e+00,1.000000000e+00,-5.260296345e+00,-2.549417019e+00,-1.362319589e+00,-5.259295464e+00,1.000000000e+00,4.141753038e-07,9.970538616e-01
44,0,8.372246027e-01,7.753202319e-01,-1.082315922e+00,7.927318215e-01,-1.615101248e-01,-3.301798820e+00,-3.257499933e+00,-2.434083939e+00,-2.591073513e+00,-2.372195244e+00,-2.694581509e+00,-3.363570213e+00,-5.466994047e-01,4.000000000e+00,7.000000000e+00,7.000000000e+00,0.000000000e+00,1.308013439e+00,3.026304960e+00,-5.236582458e-02,1.000000000e+00,-1.857609987e+00,-3.712964773e+00,3.286950588e-01,3.026304007e+00,-3.037394524e+00,-1.919509649e+00,2.916475058e+00,5.466994047e-01,4.000000000e+00,0.000000000e+00,4.000000000e+00,3.000000000e+00,-1.000000000e+00,0.000000000e+00,1.000000000e+00,1.000000000e+00,-5.143775940e+00,-2.187178850e+00,-6.535443664e-01,-5.141353607e+00,1.000000000e+00,4.141753038e-07,1.276355237e-01
44,1,6.636054516e-01,6.500923038e-01,-1.229714751e+00,9.057144523e-01,-4.852763191e-02,-3.224065065e+00,-3.291238546e+00,-2.383859634e+00,-2.680233955e+00,-2.370349884e+00,-2.543241262e+00,-3.237555265e+00,2.507557273e-01,4.000000000e+00,7.000000000e+00,7.000000000e+00,0.000000000e+00,1.301131606e+00,3.021017551e+00,6.061670184e-02,1.000000000e+00,-1.879781365e+00,-3.757112265e+00,-2.171887606e-01,3.021017551e+00,-3.546193361e+00,-1.893293500e+00,3.547854185e+00,2.507557273e-01,1.000000000e+00,0.000000000e+00,1.000000000e+00,3.000000000e+00,1.000000000e+00,5.000000000e+00,3.000000000e+00,1.000000000e+00,-5.730407238e+00,-2.145085812e+00,-5.244219303e-01,-5.728971958e+00,1.000000000e+00,4.141753038e-07,7.435364723e-01
44,2,6.072925329e-01,5.455712676e-01,-1.090283632e+00,5.391228199e-01,-1.598466933e-01,-3.270737410e+00,-3.175144196e+00,-2.542225361e+00,-2.605754614e+00,-2.480524063e+00,-2.243047714e+00,-3.332334995e+00,5.458523035e-01,4.000000000e+00,5.000000000e+00,5.000000000e+00,0.000000000e+00,1.290241718e+00,3.125776768e+00,-1.598466933e-01,1.000000000e+00,-1.635841370e+00,-3.270880222e+00,4.570404291e-01,3.125775814e+00,-2.694245815e+00,-1.697559714e+00,2.793948650e+00,5.458523035e-01,1.000000000e+00,0.000000000e+00,1.000000000e+00,3.000000000e+00,1.000000000e+00,3.000000000e+00,2.000000000e+00,1.000000000e+00,-4.852087975e+00,-2.266458511e+00,-1.256634474e+00,-4.849909306e+00,1.000000000e+00,4.141753038e-07,9.514656067e-01
44,3,4.823848605e-01,4.675192237e-01,-1.436057091e+00,8.613649607e-01,-9.287711978e-02,-3.145911694e+00,-3.206861496e+00,-2.331660271e+00,-2.632471323e+00,-2.316797733e+00,-2.385820150e+00,-3.160756111e+00,2.631416321e-01,4.000000000e+00,7.000000000e+00,7.000000000e+00,0.000000000e+00,-4.344286919e+00,1.921482831e-01,1.626721956e-02,1.000000000e+00,-1.903553128e+00,-3.804352283e+00,-8.499781787e-02,1.210960224e-01,-3.184510469e+00,-1.918417573e+00,5.216373205e-01,2.631416321e-01,1.000000000e+00,0.000000000e+00,1.000000000e+00,3.000000000e+00,1.000000000e+00,5.000000000e+00,3.000000000e+00,1.000000000e+00,-4.945695877e+00,-2.975982666e+00,-2.144633770e+00,-4.945278168e+00,1.000000000e+00,4.141753038e-07,9.841904044e-01
44,4,7.870197296e-01,3.720402122e-01,-1.236078024e+00,6.226069331e-01,-2.224905044e-01,-3.058953524e+00,-2.995254517e+00,-2.549520493e+00,-2.536084890e+00,-2.134635687e+00,-2.394806147e+00,-3.473138094e+00,-1.609453559e+00,4.000000000e+00,6.000000000e+00,6.000000000e+00,0.000000000e+00,7.331611961e-02,2.171363831e+00,-1.555437893e-01,1.000000000e+00,-1.608107924e+00,-3.215306044e+00,6.228046864e-02,2.171350479e+00,-2.845689535e+00,-2.023059368e+00,2.510480404e+00,1.609453559e+00,1.000000000e+00,1.000000000e+00,0.000000000e+00,2.000000000e+00,3.000000000e+00,1.600000000e+01,4.000000000e+00,1.000000000e+00,-4.704592705e+00,-2.308508873e+00,-1.405189633e+00,-4.702571392e+00,1.000000000e+00,4.141753038e-07,9.949808717e-01
44,5,9.510225654e-01,3.152524233e-01,-1.046814442e+00,7.079840899e-01,-2.462577075e-01,-2.895491838e+00,-2.759464741e+00,-2.444217682e+00,-2.307711840e+00,-1.808540106e+00,-2.312829018e+00,-3.530129194e+00,-2.143407345e+00,6.000000000e+00,6.000000000e+00,7.000000000e+00,0.000000000e+00,9.573163390e-01,2.287227631e+00,-1.371134073e-01,1.000000000e+00,-1.362061501e+00,-2.723737240e+00,-2.895702124e-01,2.287226200e+00,-2.912268162e+00,-1.997798562e+00,3.075857162e+00,2.143407345e+00,1.000000000e+00,1.000000000e+00,0.000000000e+00,1.000000000e+00,-5.000000000e+00,5.000000000e+00,1.000000000e+00,1.000000000e+00,-5.025737286e+00,-1.560782075e+00,-3.732381761e-01,-5.015193462e+00,1.000000000e+00,4.141753038e-07,9.971761703e-01
45,0,8.055458069e-01,7.931493521e-01,-1.076585293e+00,-4.868391156e-02,-1.002922535e+00,-3.226616859e+00,-3.194357157e+00,-2.394862890e+00,-2.537728071e+00,-2.382469416e+00,-2.675056696e+00,-3.238992214e+00,-2.400689274e-01,4.000000000e+00,7.000000000e+00,7.000000000e+00,0.000000000e+00,8.136889935e-01,2.789436817e+00,-8.937790394e-01,1.000000000e+00,-1.869707584e+00,-3.737079144e+00,8.943678141e-01,2.789401531e+00,-2.436540842e+00,-1.882103086e+00,2.050318480e+00,2.400689274e-01,2.000000000e+00,0.000000000e+00,2.000000000e+00,3.000000000e+00,-1.000000000e+00,7.000000000e+00,3.000000000e+00,1.000000000e+00,-5.797012806e+00,-1.792958021e+00,1.676139683e-01,-5.794409275e+00,1.000000000e+00,4.141753038e-07,8.153668046e-02
45,1,5.852296948e-01,5.146567225e-01,-1.364458561e+00,7.682043910e-01,-1.860375106e-01,-3.230180025e+00,-3.186835766e+00,-2.525249720e+00,-2.606831074e+00,-2.454698563e+00,-2.464109182e+00,-3.300622940e+00,-5.856461525e-01,4.000000000e+00,7.000000000e+00,7.000000000e+00,0.000000000e+00,5.779675245e-01,2.743806124e+00,-7.689318806e-02,1.000000000e+00,-1.879092336e+00,-3.755649805e+00,-6.062206626e-01,2.743806124e+00,-3.725571156e+00,-1.949659467e+00,3.501503944e+00,5.856461525e-01,2.000000000e+00,0.000000000e+00,2.000000000e+00,3.000000000e+00,-1.000000000e+00,7.000000000e+00,3.000000000e+00,1.000000000e+00,-5.190298557e+00,-2.497604370e+00,-1.234458804e+00,-5.189133644e+00,1.000000000e+00,4.869828746e-02,9.694794416e-01
45,2,5.412728786e-01,5.145053864e-01,-1.376363993e+00,7.388162613e-01,-2.154256254e-01,-3.166877985e+00,-3.187430382e+00,-2.359720469e+00,-2.562782764e+00,-2.332958698e+00,-2.431964397e+00,-3.193604946e+00,3.547146618e-01,4.000000000e+00,7.000000000e+00,7.000000000e+00,0.000000000e+00,8.023793697e-01,2.734393120e+00,-1.062813252e-01,1.000000000e+00,-1.890845776e+00,-3.779069424e+00,1.248104572e+00,2.734161615e+00,-1.829312801e+00,-1.917611241e+00,1.715937257e+00,3.547146618e-01,1.000000000e+00,0.000000000e+00,1.000000000e+00,3.000000000e+00,1.000000000e+00,6.000000000e+00,2.000000000e+00,1.000000000e+00,-4.661496639e+00,-1.888473511e+00,1.604679413e-02,-4.656172752e+00,1.000000000e+00,5.089027062e-02,9.695469141e-01
45,3,4.806218743e-01,4.668356180e-01,-1.397303104e+00,5.271551609e-01,-5.867866278e-01,-3.152673721e+00,-3.264539719e+00,-2.340948820e+00,-2.733716011e+00,-2.327165604e+00,-2.344639778e+00,-3.166440010e+00,2.533034980e-01,6.000000000e+00,7.000000000e+00,9.000000000e+00,0.000000000e+00,1.321309805e+00,2.987912893e+00,-4.270862937e-01,1.000000000e+00,-1.864117622e+00,-3.725946665e+00,-1.655435681e+00,2.987912893e+00,-4.826120377e+00,-1.877902865e+00,5.039544106e+00,2.533034980e-01,1.000000000e+00,0.000000000e+00,1.000000000e+00,3.000000000e+00,1.000000000e+00,6.000000000e+00,2.000000000e+00,1.000000000e+00,-4.868760109e+00,-2.091599941e+00,-4.620124102e-01,-4.865515709e+00,1.000000000e+00,1.023166895e+00,9.843333364e-01
45,4,9.451775551e-01,4.516489506e-01,-1.101402521e+00,6.309480071e-01,-3.232936859e-01,-3.063837528e+00,-2.952247143e+00,-2.498090506e+00,-2.381932020e+00,-2.004654646e+00,-2.497912884e+00,-3.556303263e+00,1.802726626e+00,5.000000000e+00,6.000000000e+00,7.000000000e+00,0.000000000e+00,8.452830315e-01,2.427350283e+00,-2.141494453e-01,1.000000000e+00,-1.553041339e+00,-3.105375051e+00,3.050974011e-01,2.427337885e+00,-2.528441668e+00,-2.046537161e+00,2.499526978e+00,1.802726626e+00,2.000000000e+00,2.000000000e+00,0.000000000e+00,3.000000000e+00,5.000000000e+00,1.600000000e+01,3.000000000e+00,1.000000000e+00,-4.311193943e+00,-2.228826284e+00,-1.356788874e+00,-4.308689594e+00,1.000000000e+00,1.021934152e+00,9.871540666e-01
45,5,6.770165563e-01,4.322596788e-01,-1.306533933e+00,5.607554913e-01,-4.806359410e-01,-3.130331278e+00,-3.087486982e+00,-2.531569719e+00,-2.547540188e+00,-2.286876440e+00,-2.415464401e+00,-3.374644518e+00,-1.163628578e+00,4.000000000e+00,7.000000000e+00,8.000000000e+00,0.000000000e+00,8.357123733e-01,2.704816818e+00,-3.423336148e-01,1.000000000e+00,-1.738778353e+00,-3.476061583e+00,-1.223952055e+00,2.704816818e+00,-4.197021961e+00,-1.983517289e+00,4.186949253e+00,1.163628578e+00,1.000000000e+00,0.000000000e+00,1.000000000e+00,3.000000000e+00,-2.000000000e+00,1.100000000e+01,1.000000000e+00,1.000000000e+00,-5.787517071e+00,-2.172211647e+00,-8.727667928e-01,-5.786388397e+00,1.000000000e+00,1.065734029e+00,9.899377823e-01
45,6,9.737794995e-01,3.790005744e-01,-1.018473983e+00,1.546763659e+00,5.925213099e-01,-3.011829376e+00,-2.859343529e+00,-2.481765032e+00,-2.363674641e+00,-1.887084246e+00,-2.371036530e+00,-3.605301380e+00,2.046112537e+00,6.000000000e+00,6.000000000e+00,7.000000000e+00,0.000000000e+00,-3.244329393e-01,1.725067139e+00,7.016656995e-01,1.000000000e+00,-1.397468090e+00,-2.794567347e+00,1.927588433e-01,1.724879861e+00,-2.549862862e+00,-1.992215276e+00,2.008714199e+00,2.046112537e+00,2.000000000e+00,2.000000000e+00,0.000000000e+00,3.000000000e+00,5.000000000e+00,1.600000000e+01,3.000000000e+00,1.000000000e+00,-4.471639633e+00,-1.741674662e+00,-6.725490093e-01,-4.464066982e+00,1.000000000e+00,9.998579025e-01,9.945861101e-01
45,7,5.534737110e-01,3.530639410e-01,-1.453615427e+00,6.992406845e-01,-2.550011277e-01,-3.113543034e+00,-3.068841934e+00,-2.521570683e+00,-2.540474892e+00,-2.321214199e+00,-2.359748125e+00,-3.313621998e+00,-1.035993695e+00,4.000000000e+00,7.000000000e+00,7.000000000e+00,0.000000000e+00,9.690847993e-01,2.805847645e+00,-1.458568275e-01,1.000000000e+00,-1.806663632e+00,-3.611287355e+00,-9.956004024e-01,2.805847645e+00,-3.885941505e+00,-2.007057190e+00,4.019282341e+00,1.035993695e+00,1.000000000e+00,0.000000000e+00,1.000000000e+00,3.000000000e+00,-2.000000000e+00,1.000000000e+01,1.000000000e+00,1.000000000e+00,-4.815948009e+00,-2.692029238e+00,-1.772839785e+00,-4.815124512e+00,1.000000000e+00,6.253057122e-01,9.958926439e-01
45,8,9.980037212e-01,3.508787155e-01,-9.668669105e-01,7.872285843e-01,-3.267139196e-01,-2.936978817e+00,-2.751859426e+00,-2.387943506e+00,-2.241812229e+00,-1.740900636e+00,-2.315544605e+00,-3.582814932e+00,-2.170262337e+00,8.000000000e+00,7.000000000e+00,9.000000000e+00,0.000000000e+00,1.545195937e+00,2.513523102e+00,-1.670133770e-01,1.000000000e+00,-1.317740440e+00,-2.635192633e+00,-2.455711067e-01,2.513522387e+00,-2.838039160e+00,-1.964834452e+00,3.259924412e+00,2.170262337e+00,1.000000000e+00,1.000000000e+00,0.000000000e+00,1.000000000e+00,-5.000000000e+00,2.800000000e+01,1.000000000e+00,1.000000000e+00,-4.667584896e+00,-1.778413773e+00,-9.067885876e-01,-4.660742283e+00,1.000000000e+00,5.693862438e-01,9.959841967e-01
45,9,7.108445764e-01,3.170893192e-01,-1.355975747e+00,8.403476477e-01,-4.749993328e-03,-2.922080517e+00,-2.793820381e+00,-2.139546156e+00,-2.051198483e+00,-1.745826483e+00,-2.383238792e+00,-3.315300465e+00,1.556276321e+00,3.000000000e+00,6.000000000e+00,6.000000000e+00,0.000000000e+00,-1.523724049e-01,1.669863462e+00,6.219672412e-02,1.000000000e+00,-1.673054218e+00,-3.344612598e+00,2.122125179e-01,1.669599414e+00,-2.156061888e+00,-2.066779375e+00,1.762753844e+00,1.556276321e+00,2.000000000e+00,2.000000000e+00,0.000000000e+00,3.000000000e+00,5.000000000e+00,1.600000000e+01,3.000000000e+00,1.000000000e+00,-4.522338867e+00,-2.205782175e+00,-1.070939898e+00,-4.519733429e+00,1.000000000e+00,1.404821277e+00,9.971264005e-01
45,10,1.054879904e+00,3.039955497e-01,-8.852111101e-01,4.142355919e-01,-6.997057199e-01,-2.903036356e+00,-2.667746782e+00,-2.368426800e+00,-2.196998596e+00,-1.617625833e+00,-2.243934870e+00,-3.652313709e+00,-2.414154291e+00,9.000000000e+00,7.000000000e+00,9.000000000e+00,0.000000000e+00,-1.746534824e+00,7.497214675e-01,-5.400055647e-01,1.000000000e+00,-1.189203024e+00,-2.378237247e+00,-4.125186056e-02,7.439596653e-01,-2.542163134e+00,-1.940056324e+00,1.364559889e+00,2.414154291e+00,1.000000000e+00,1.000000000e+00,0.000000000e+00,1.000000000e+00,-5.000000000e+00,2.000000000e+01,1.000000000e+00,1.000000000e+00,-4.634383678e+00,-1.099899411e+00,2.505154312e-01,-4.602560520e+00,1.000000000e+00,5.695427060e-01,9.974588752e-01
46,0,9.811921716e-01,9.701155424e-01,-8.846650720e-01,8.503524661e-01,-1.038895473e-01,-3.262763977e+00,-3.363379478e+00,-2.387708664e+00,-2.713159084e+00,-2.376634836e+00,-2.835662127e+00,-3.273819923e+00,2.268146724e-01,4.000000000e+00,7.000000000e+00,7.000000000e+00,0.000000000e+00,1.009106159e+00,2.881324768e+00,5.254772957e-03,1.000000000e+00,-1.854752898e+00,-3.707332134e+00,1.028110981e+00,2.881282091e+00,-2.655191660e+00,-1.865828633e+00,2.189795494e+00,2.268146724e-01,3.000000000e+00,0.000000000e+00,3.000000000e+00,3.000000000e+00,0.000000000e+00,1.000000000e+00,1.000000000e+00,1.000000000e+00,-5.024720192e+00,-2.370089531e+00,-1.027098775e+00,-5.023067474e+00,1.000000000e+00,4.141753038e-07,1.716207917e-04
46,1,8.796501756e-01,4.145823121e-01,-1.086286068e+00,7.755886316e-01,-2.658033073e-01,-3.086198330e+00,-2.933978558e+00,-2.517807245e+00,-2.376080036e+00,-2.052833557e+00,-2.380290270e+00,-3.550251722e+00,-1.733257651e+00,6.000000000e+00,6.000000000e+00,8.000000000e+00,0.000000000e+00,1.725902438e+00,2.915833712e+00,-1.275008470e-01,1.000000000e+00,-1.500859737e+00,-3.001182318e+00,-1.908004880e-01,2.915833712e+00,-2.981150627e+00,-1.965901256e+00,3.429775476e+00,1.733257651e+00,1.000000000e+00,1.000000000e+00,0.000000000e+00,2.000000000e+00,5.000000000e+00,2.600000000e+01,3.000000000e+00,1.000000000e+00,-5.457035065e+00,-2.821562052e+00,-2.643070459e+00,-5.456568241e+00,1.000000000e+00,5.439963937e-01,9.918752313e-01
46,2,7.334913015e-01,4.019652009e-01,-1.332859278e+00,1.127522469e+00,1.732801795e-01,-3.106575012e+00,-3.048098087e+00,-2.560395479e+00,-2.539080620e+00,-2.228953600e+00,-2.467891455e+00,-3.437465906e+00,-1.397154570e+00,4.000000000e+00,7.000000000e+00,7.000000000e+00,0.000000000e+00,6.925411224e-01,2.575302601e+00,2.824245989e-01,1.000000000e+00,-1.734810114e+00,-3.468083620e+00,3.121474981e-01,2.575296164e+00,-2.628863811e+00,-2.066309214e+00,2.573279381e+00,1.397154570e+00,1.000000000e+00,1.000000000e+00,0.000000000e+00,3.000000000e+00,-4.000000000e+00,1.000000000e+01,1.000000000e+00,1.000000000e+00,-4.448774338e+00,-2.501603842e+00,-1.531061172e+00,-4.447447300e+00,1.000000000e+00,5.424524546e-01,9.929903746e-01
46,3,8.158089519e-01,2.993304729e-01,-1.194711447e+00,9.014253616e-01,-2.125172913e-01,-2.839356184e+00,-2.726497173e+00,-2.318318844e+00,-2.203076363e+00,-1.801903129e+00,-2.309368134e+00,-3.355149984e+00,-1.858360529e+00,7.000000000e+00,7.000000000e+00,9.000000000e+00,0.000000000e+00,8.806387186e-01,2.242251396e+00,-5.281669274e-02,1.000000000e+00,-1.494035006e+00,-2.987274408e+00,-3.111826777e-01,2.242249727e+00,-2.813376665e+00,-2.010482550e+00,2.954506397e+00,1.858360529e+00,1.000000000e+00,1.000000000e+00,0.000000000e+00,1.000000000e+00,-5.000000000e+00,2.000000000e+00,1.000000000e+00,1.000000000e+00,-4.639492989e+00,-1.715982080e+00,-4.270447791e-01,-4.631577969e+00,2.000000000e+00,4.141753038e-07,9.975656271e-01
47,0,1.011730313e+00,9.868908525e-01,-8.638226390e-01,7.448767424e-01,-2.093651742e-01,-3.354802608e+00,-3.290060520e+00,-2.464307785e+00,-2.654824495e+00,-2.439475298e+00,-2.862107754e+00,-3.379584312e+00,3.414488733e-01,4.000000000e+00,7.000000000e+00,7.000000000e+00,0.000000000e+00,1.426908135e+00,3.153048992e+00,-1.002208516e-01,1.000000000e+00,-1.850685835e+00,-3.699232101e+00,-1.855252385e-01,3.153048992e+00,-3.824528456e+00,-1.875523448e+00,3.553699970e+00,3.414488733e-01,4.000000000e+00,0.000000000e+00,4.000000000e+00,3.000000000e+00,1.000000000e+00,7.000000000e+00,1.000000000e+00,1.000000000e+00,-5.185574532e+00,-2.318101406e+00,-9.391109943e-01,-5.183810711e+00,1.000000000e+00,4.141753038e-07,8.227828221e-05
47,1,1.103859067e+00,5.663279295e-01,-9.149008989e-01,7.817827463e-01,-3.943075240e-01,-3.143191576e+00,-3.018831015e+00,-2.590425253e+00,-2.459879637e+00,-2.053014278e+00,-2.584830284e+00,-3.679247141e+00,1.909130216e+00,8.000000000e+00,8.000000000e+00,1.000000000e+01,0.000000000e+00,-1.306813210e-01,1.987745285e+00,-2.182165980e-01,1.000000000e+00,-1.481219172e+00,-2.961972475e+00,3.686487675e-02,1.987718105e+00,-2.989044666e+00,-2.018718243e+00,2.357680321e+00,1.909130216e+00,1.000000000e+00,1.000000000e+00,0.000000000e+00,1.000000000e+00,5.000000000e+00,1.600000000e+01,1.000000000e+00,1.000000000e+00,-4.784767628e+00,-1.466917038e+00,-5.404209951e-04,-4.771068573e+00,1.000000000e+00,6.158294082e-01,9.328841567e-01
47,2,6.288761497e-01,5.645947456e-01,-1.310513377e+00,6.579223275e-01,-2.963193655e-01,-3.222040892e+00,-3.216515303e+00,-2.520501852e+00,-2.629495144e+00,-2.456240177e+00,-2.503742218e+00,-3.286206961e+00,5.575995445e-01,4.000000000e+00,7.000000000e+00,7.000000000e+00,0.000000000e+00,1.427927494e+00,3.170328140e+00,-1.871751249e-01,1.000000000e+00,-1.875084281e+00,-3.747685432e+00,-4.027876258e-01,3.170328140e+00,-3.595349550e+00,-1.939360499e+00,3.745964766e+00,5.575995445e-01,2.000000000e+00,0.000000000e+00,2.000000000e+00,3.000000000e+00,1.000000000e+00,7.000000000e+00,1.000000000e+00,1.000000000e+00,-5.372826576e+00,-2.444108248e+00,-1.141335845e+00,-5.371634960e+00,1.000000000e+00,6.154402494e-01,9.346984029e-01
48,0,1.270682216e+00,7.672237754e-01,-7.248984575e-01,4.747087955e-01,-6.392328143e-01,-3.297888041e+00,-3.182731867e+00,-2.757550478e+00,-2.626574039e+00,-2.254262447e+00,-2.762507439e+00,-3.799464226e+00,1.826836944e+00,7.000000000e+00,7.000000000e+00,9.000000000e+00,0.000000000e+00,2.669471502e-01,2.387815952e+00,-4.795325398e-01,1.000000000e+00,-1.492111087e+00,-2.983782768e+00,-1.026159972e-01,2.387813568e+00,-3.495237589e+00,-1.995540023e+00,2.862614632e+00,1.826836944e+00,3.000000000e+00,3.000000000e+00,0.000000000e+00,3.000000000e+00,5.000000000e+00,3.000000000e+00,4.000000000e+00,1.000000000e+00,-4.203639030e+00,-1.085072398e+00,8.886067867e-01,-4.169855118e+00,1.000000000e+00,4.141753038e-07,1.542266607e-01
48,1,8.942544460e-01,6.161376834e-01,-1.062469244e+00,1.147246242e+00,1.930039674e-01,-3.296835661e+00,-3.199327469e+00,-2.666501045e+00,-2.631453037e+00,-2.388479710e+00,-2.572613239e+00,-3.574181318e+00,-1.255470872e+00,4.000000000e+00,6.000000000e+00,7.000000000e+00,0.000000000e+00,2.173397064e+00,3.475284576e+00,3.021483719e-01,1.000000000e+00,-1.678591013e+00,-3.356145859e+00,-5.929740891e-02,3.475284338e+00,-3.306194544e+00,-1.956689239e+00,3.777422428e+00,1.255470872e+00,3.000000000e+00,3.000000000e+00,0.000000000e+00,3.000000000e+00,-4.000000000e+00,2.400000000e+01,1.000000000e+00,1.000000000e+00,-5.170985222e+00,-2.783676624e+00,-2.212013960e+00,-5.170377254e+00,1.000000000e+00,1.063512802e+00,8.502333760e-01
48,2,8.369143009e-01,5.899015665e-01,-1.175870419e+00,1.308053732e+00,1.941106468e-01,-3.287109852e+00,-3.205682039e+00,-2.592516661e+00,-2.584705830e+00,-2.345577478e+00,-2.602385521e+00,-3.533478737e+00,1.169938207e+00,5.000000000e+00,7.000000000e+00,9.000000000e+00,0.000000000e+00,4.787884653e-01,2.585073948e+00,3.538114130e-01,1.000000000e+00,-1.765753031e+00,-3.529949665e+00,4.000082612e-01,2.585064888e+00,-2.774507761e+00,-2.012746334e+00,2.424189329e+00,1.169938207e+00,4.000000000e+00,4.000000000e+00,0.000000000e+00,3.000000000e+00,4.000000000e+00,1.000000000e+00,2.000000000e+00,1.000000000e+00,-4.327971935e+00,-1.914564490e+00,-2.870045304e-01,-4.322828293e+00,1.000000000e+00,4.141753038e-07,9.021074772e-01
48,3,7.037625313e-01,5.247638822e-01,-1.256254315e+00,7.981355786e-01,-2.432564050e-01,-3.199184418e+00,-3.160972118e+00,-2.553179979e+00,-2.594978333e+00,-2.374233723e+00,-2.484478712e+00,-3.377832890e+00,-9.713816047e-01,4.000000000e+00,7.000000000e+00,8.000000000e+00,0.000000000e+00,-5.308746696e-01,2.108920336e+00,-1.049539149e-01,1.000000000e+00,-1.780999660e+00,-3.560293913e+00,2.091508955e-01,2.108886003e+00,-2.910408974e+00,-1.959984899e+00,2.120442629e+00,9.713816047e-01,1.000000000e+00,0.000000000e+00,1.000000000e+00,3.000000000e+00,-2.000000000e+00,4.000000000e+00,1.000000000e+00,1.000000000e+00,-5.632617950e+00,-2.912932873e+00,-2.265505075e+00,-5.632315159e+00,1.000000000e+00,7.335572243e-01,9.645772576e-01
48,4,8.147226572e-01,5.209515691e-01,-1.224996090e+00,4.634693861e-01,-5.779218674e-01,-3.174511671e+00,-3.138725758e+00,-2.529934883e+00,-2.542402744e+00,-2.236236095e+00,-2.560296535e+00,-3.467655659e+00,1.297603369e+00,4.000000000e+00,7.000000000e+00,8.000000000e+00,0.000000000e+00,6.280419230e-01,2.550339699e+00,-4.396195412e-01,1.000000000e+00,-1.745930552e+00,-3.490341425e+00,3.942382932e-01,2.550329208e+00,-2.669064760e+00,-2.039678335e+00,2.462273359e+00,1.297603369e+00,3.000000000e+00,3.000000000e+00,0.000000000e+00,3.000000000e+00,4.000000000e+00,1.000000000e+00,2.000000000e+00,1.000000000e+00,-5.833619595e+00,-2.736481905e+00,-1.983077049e+00,-5.833366394e+00,2.000000000e+00,7.333307862e-01,9.665232301e-01
48,5,7.079737782e-01,4.861480594e-01,-1.306517243e+00,4.568740726e-01,-4.973672032e-01,-3.202358723e+00,-3.139121056e+00,-2.576185942e+00,-2.575819492e+00,-2.354425669e+00,-2.500300407e+00,-3.423723459e+00,1.098546147e+00,4.000000000e+00,7.000000000e+00,7.000000000e+00,0.000000000e+00,4.797016978e-01,2.594375372e+00,-3.882230520e-01,1.000000000e+00,-1.792647004e+00,-3.583470583e+00,-4.601709545e-03,2.594374180e+00,-3.066227198e+00,-2.014454842e+00,2.820270300e+00,1.098546147e+00,4.000000000e+00,4.000000000e+00,0.000000000e+00,3.000000000e+00,4.000000000e+00,1.000000000e+00,2.000000000e+00,1.000000000e+00,-5.466211796e+00,-2.002690077e+00,-4.114441872e-01,-5.463169575e+00,1.000000000e+00,1.050198674e+00,9.796475172e-01
48,6,5.896192789e-01,3.925987780e-01,-1.419003963e+00,5.482151508e-01,-4.060263336e-01,-3.146294117e+00,-3.116624594e+00,-2.537303925e+00,-2.591588259e+00,-2.340337753e+00,-2.400847435e+00,-3.342965841e+00,-1.025914788e+00,4.000000000e+00,7.000000000e+00,7.000000000e+00,0.000000000e+00,-1.709107399e+00,1.485868812e+00,-2.968821526e-01,1.000000000e+00,-1.811585665e+00,-3.621132374e+00,-1.174800038e+00,1.485867739e+00,-4.152942657e+00,-2.008590221e+00,2.909469604e+00,1.025914788e+00,0.000000000e+00,0.000000000e+00,0.000000000e+00,0.000000000e+00,-1.000000000e+00,-1.000000000e+00,-1.000000000e+00,0.000000000e+00,-9.999956489e-01,4.141753038e-07,1.000000000e+00,-6.989678144e-01,0.000000000e+00,4.141753038e-07,9.937014580e-01
48,7,7.483285666e-01,3.720050752e-01,-1.259974599e+00,6.346408129e-01,-3.196008503e-01,-3.087657690e+00,-3.015726328e+00,-2.567423344e+00,-2.532391787e+00,-2.191192627e+00,-2.379993200e+00,-3.463249207e+00,-1.512222886e+00,5.000000000e+00,6.000000000e+00,7.000000000e+00,0.000000000e+00,1.132558286e-01,2.247888088e+00,-2.104565799e-01,1.000000000e+00,-1.631968737e+00,-3.262959719e+00,-7.162454724e-01,2.247887850e+00,-3.618982315e+00,-2.008266687e+00,3.304645538e+00,1.512222886e+00,2.000000000e+00,2.000000000e+00,0.000000000e+00,3.000000000e+00,-4.000000000e+00,2.400000000e+01,1.000000000e+00,1.000000000e+00,-3.470768929e+00,-1.336805940e+00,6.312885880e-01,-3.451275110e+00,1.000000000e+00,1.060790896e+00,9.949827194e-01
48,8,5.788084269e-01,3.544977009e-01,-1.358926415e+00,1.481921434e+00,6.368234754e-01,-3.096701145e+00,-3.039483309e+00,-2.513354540e+00,-2.533185482e+00,-2.289100885e+00,-2.291918516e+00,-3.320645332e+00,1.105687380e+00,4.000000000e+00,6.000000000e+00,6.000000000e+00,0.000000000e+00,6.998506188e-01,2.639110565e+00,7.037702799e-01,1.000000000e+00,-1.713411331e+00,-3.425470829e+00,-2.199725866e+00,2.639110565e+00,-5.037495136e+00,-1.937706947e+00,5.060175419e+00,1.105687380e+00,3.000000000e+00,3.000000000e+00,0.000000000e+00,3.000000000e+00,4.000000000e+00,2.000000000e+00,3.000000000e+00,1.000000000e+00,-3.531799793e+00,-1.660990596e+00,1.240154281e-01,-3.522454023e+00,1.000000000e+00,4.141753038e-07,9.958311915e-01
48,9,1.007156491e+00,3.041000068e-01,-1.009912014e+00,9.725427032e-01,-1.414000988e-01,-2.895070076e+00,-2.722389936e+00,-2.376839876e+00,-2.232954741e+00,-1.673866034e+00,-2.320938349e+00,-3.596748590e+00,-2.302033663e+00,8.000000000e+00,7.000000000e+00,9.000000000e+00,0.000000000e+00,1.373723269e+00,2.360753536e+00,1.830053143e-02,1.000000000e+00,-1.314007282e+00,-2.627704620e+00,7.869053632e-02,2.360747814e+00,-2.458313704e+00,-2.017027617e+00,2.841137886e+00,2.302033663e+00,1.000000000e+00,1.000000000e+00,0.000000000e+00,1.000000000e+00,-5.000000000e+00,1.900000000e+01,1.000000000e+00,1.000000000e+00,-4.655262470e+00,-1.282760262e+00,1.090137735e-01,-4.634160042e+00,1.000000000e+00,4.141753038e-07,9.974563718e-01
49,0,1.231980681e+00,6.894012690e-01,-6.388773918e-01,8.713496476e-02,-9.542541504e-01,-3.290453196e+00,-3.034737110e+00,-2.704727888e+00,-2.448899508e+00,-2.162305355e+00,-2.560079813e+00,-3.830928802e+00,1.921270132e+00,7.000000000e+00,6.000000000e+00,8.000000000e+00,0.000000000e+00,1.339357615e+00,2.832047462e+00,-8.159525394e-01,1.000000000e+00,-1.328271270e+00,-2.656340361e+00,-1.030607000e-01,2.832047224e+00,-3.240727186e+00,-1.870827675e+00,3.221606731e+00,1.921270132e+00,1.000000000e+00,1.000000000e+00,0.000000000e+00,2.000000000e+00,-5.000000000e+00,3.000000000e+00,3.000000000e+00,1.000000000e+00,-5.100534916e+00,-1.340541601e+00,1.604454964e-02,-5.083544731e+00,1.000000000e+00,1.053760529e+00,5.542657375e-01
49,1,8.047153354e-01,6.813862920e-01,-1.151211023e+00,6.965234876e-01,-2.577183247e-01,-3.335557938e+00,-3.228964806e+00,-2.600519896e+00,-2.620670080e+00,-2.477233648e+00,-2.637037992e+00,-3.458578110e+00,-7.897484899e-01,4.000000000e+00,7.000000000e+00,7.000000000e+00,0.000000000e+00,1.750424027e+00,3.352576017e+00,-1.485740244e-01,1.000000000e+00,-1.832573771e+00,-3.663110256e+00,-4.203824326e-02,3.352576017e+00,-3.343317986e+00,-1.955893159e+00,3.537902594e+00,7.897484899e-01,2.000000000e+00,0.000000000e+00,2.000000000e+00,3.000000000e+00,-1.000000000e+00,6.000000000e+00,1.000000000e+00,1.000000000e+00,-5.046380043e+00,-2.644846678e+00,-1.622882843e+00,-5.045506954e+00,1.000000000e+00,4.141753038e-07,5.979174376e-01
49,2,6.611576080e-01,6.434928179e-01,-1.246369839e+00,7.477583289e-01,-2.064835578e-01,-3.169158936e+00,-3.192936182e+00,-2.363284826e+00,-2.550468922e+00,-2.345624208e+00,-2.550826550e+00,-3.186797142e+00,2.871553600e-01,4.000000000e+00,7.000000000e+00,7.000000000e+00,0.000000000e+00,1.747136116e+00,3.219288588e+00,-9.733925015e-02,1.000000000e+00,-1.889836550e+00,-3.777086496e+00,2.238221020e-01,3.219288349e+00,-2.969888687e+00,-1.907499909e+00,3.200277328e+00,2.871553600e-01,2.000000000e+00,0.000000000e+00,2.000000000e+00,3.000000000e+00,1.000000000e+00,9.000000000e+00,2.000000000e+00,1.000000000e+00,-5.262895107e+00,-2.235969067e+00,-6.973742247e-01,-5.260839939e+00,1.000000000e+00,4.141753038e-07,7.683803439e-01
49,3,4.647412896e-01,4.274932742e-01,-1.464213610e+00,6.846081018e-01,-2.696337104e-01,-3.179178238e+00,-3.160688877e+00,-2.484239578e+00,-2.593188524e+00,-2.447002411e+00,-2.356271029e+00,-3.216367722e+00,-4.201111197e-01,4.000000000e+00,7.000000000e+00,7.000000000e+00,0.000000000e+00,3.878496885e-01,2.641048908e+00,-1.604893655e-01,1.000000000e+00,-1.891685486e+00,-3.780718803e+00,-1.605552554e+00,2.641048908e+00,-4.608426094e+00,-1.928930521e+00,4.386041164e+00,4.201111197e-01,1.000000000e+00,0.000000000e+00,1.000000000e+00,3.000000000e+00,-2.000000000e+00,6.000000000e+00,2.000000000e+00,1.000000000e+00,-4.825544357e+00,-2.127698421e+00,-4.785214067e-01,-4.822535515e+00,1.000000000e+00,4.141753038e-07,9.905093908e-01
49,4,3.552613854e-01,3.211258054e-01,-1.561182141e+00,6.341637373e-01,-3.200779557e-01,-3.068719864e+00,-3.071260214e+00,-2.389806747e+00,-2.471963167e+00,-2.355679274e+00,-2.237376213e+00,-3.102813959e+00,4.016984403e-01,4.000000000e+00,7.000000000e+00,7.000000000e+00,0.000000000e+00,1.312031269e+00,3.011793375e+00,-2.109337002e-01,1.000000000e+00,-1.882290483e+00,-3.761995554e+00,-1.108746156e-01,3.011793137e+00,-2.903744459e+00,-1.916423321e+00,3.238816261e+00,4.016984403e-01,2.000000000e+00,0.000000000e+00,2.000000000e+00,3.000000000e+00,1.000000000e+00,9.000000000e+00,2.000000000e+00,1.000000000e+00,-5.884104252e+00,-3.334013700e+00,-2.905308485e+00,-5.884057522e+00,1.000000000e+00,4.141753038e-07,9.970132113e-01
50,0,5.531468987e-01,5.496338010e-01,-1.351606965e+00,1.012709618e+00,5.846749991e-02,-3.146431923e+00,-3.249478102e+00,-2.332964897e+00,-2.657966852e+00,-2.329452753e+00,-2.454262257e+00,-3.149940014e+00,-1.273657233e-01,4.000000000e+00,7.000000000e+00,7.000000000e+00,0.000000000e+00,1.187856674e+00,2.923478127e+00,1.676118523e-01,1.000000000e+00,-1.901215792e+00,-3.799742460e+00,6.343174577e-01,2.923472404e+00,-2.573318243e+00,-1.904728651e+00,2.617728233e+00,1.273657233e-01,2.000000000e+00,0.000000000e+00,2.000000000e+00,3.000000000e+00,0.000000000e+00,6.000000000e+00,1.000000000e+00,1.000000000e+00,-4.778137207e+00,-2.312176466e+00,-8.177849054e-01,-4.776152611e+00,1.000000000e+00,4.141753038e-07,9.483245611e-01
50,1,1.141969681e+00,5.227076411e-01,-8.231173754e-01,7.709068656e-01,-3.430355787e-01,-3.115525484e+00,-2.949945211e+00,-2.627750397e+00,-2.449621201e+00,-2.008628368e+00,-2.487605095e+00,-3.732999802e+00,2.104292870e+00,8.000000000e+00,7.000000000e+00,9.000000000e+00,0.000000000e+00,8.108208179e-01,2.414084196e+00,-1.833350360e-01,1.000000000e+00,-1.345818162e+00,-2.691383123e+00,-1.843162775e-01,2.414082766e+00,-3.156145334e+00,-1.965049744e+00,3.039283514e+00,2.104292870e+00,2.000000000e+00,2.000000000e+00,0.000000000e+00,2.000000000e+00,-5.000000000e+00,3.100000000e+01,3.000000000e+00,1.000000000e+00,-4.636590481e+00,-1.894966483e+00,-1.087207794e+00,-4.631330967e+00,1.000000000e+00,6.747619510e-01,9.656420946e-01
50,2,8.857514858e-01,4.678811729e-01,-1.085499167e+00,1.188436151e+00,1.470437199e-01,-3.160801888e+00,-3.043696642e+00,-2.608575344e+00,-2.530138493e+00,-2.190814018e+00,-2.438904762e+00,-3.577656269e+00,1.616660237e+00,6.000000000e+00,7.000000000e+00,8.000000000e+00,0.000000000e+00,1.379594326e+00,2.880679607e+00,2.853463590e-01,1.000000000e+00,-1.553369880e+00,-3.106103420e+00,2.763920426e-01,2.880678177e+00,-2.721545935e+00,-1.971215129e+00,2.943612814e+00,1.616660237e+00,1.000000000e+00,1.000000000e+00,0.000000000e+00,2.000000000e+00,-4.000000000e+00,2.500000000e+01,4.000000000e+00,1.000000000e+00,-5.368431091e+00,-1.506613135e+00,1.209986284e-01,-5.358186722e+00,1.000000000e+00,2.340155542e-01,9.841140509e-01
50,3,6.437118649e-01,3.845870793e-01,-1.385357618e+00,4.493201971e-01,-5.049210787e-01,-3.123208761e+00,-3.066681623e+00,-2.540904999e+00,-2.540245056e+00,-2.281847954e+00,-2.413257837e+00,-3.381863117e+00,-1.203557968e+00,4.000000000e+00,7.000000000e+00,7.000000000e+00,0.000000000e+00,9.320096970e-01,2.747935772e+00,-3.957769275e-01,1.000000000e+00,-1.769929528e+00,-3.538111687e+00,-1.080137372e+00,2.747935772e+00,-4.000752926e+00,-2.029033422e+00,4.084734440e+00,1.203557968e+00,1.000000000e+00,1.000000000e+00,0.000000000e+00,2.000000000e+00,4.000000000e+00,8.000000000e+00,1.000000000e+00,1.000000000e+00,-4.875904560e+00,-1.518847346e+00,5.288930535e-01,-4.863910198e+00,1.000000000e+00,4.141753038e-07,9.942420125e-01
50,4,1.110817790e+00,3.649936318e-01,-5.717703104e-01,1.065133095e+00,1.108908281e-01,-2.986932278e+00,-2.589923620e+00,-2.517021894e+00,-2.200197458e+00,-1.771314859e+00,-2.047518015e+00,-3.730835199e+00,2.402312756e+00,7.000000000e+00,5.000000000e+00,7.000000000e+00,0.000000000e+00,9.484022260e-01,2.245541811e+00,2.200352103e-01,1.000000000e+00,-9.367616773e-01,-1.873481750e+00,-7.098168135e-01,2.245541573e+00,-3.274261475e+00,-1.682568789e+00,3.383933544e+00,2.402312756e+00,1.000000000e+00,1.000000000e+00,0.000000000e+00,2.000000000e+00,-5.000000000e+00,2.500000000e+01,3.000000000e+00,1.000000000e+00,-1.667356491e+00,-8.307994604e-01,3.506778777e-01,-1.607554317e+00,1.000000000e+00,7.618174702e-02,9.953456521e-01
50,5,6.525449753e-01,3.558781743e-01,-1.394638181e+00,1.224217176e+00,2.699748874e-01,-3.089227200e+00,-3.031625032e+00,-2.524653912e+00,-2.514030457e+00,-2.228059053e+00,-2.402623177e+00,-3.385371923e+00,1.305337787e+00,4.000000000e+00,7.000000000e+00,7.000000000e+00,0.000000000e+00,4.635003209e-01,2.459882498e+00,3.791193068e-01,1.000000000e+00,-1.750502586e+00,-3.499341726e+00,-1.006061673e+00,2.459882498e+00,-3.872863293e+00,-2.047145367e+00,3.750551701e+00,1.305337787e+00,1.000000000e+00,1.000000000e+00,0.000000000e+00,1.000000000e+00,5.000000000e+00,2.100000000e+01,1.000000000e+00,1.000000000e+00,-4.507089615e+00,-2.068214178e+00,-6.428650618e-01,-4.503512859e+00,1.000000000e+00,4.141753038e-07,9.957709908e-01
50,6,4.800423384e-01,3.234298527e-01,-1.514724731e+00,7.530563325e-02,-7.697901726e-01,-3.073800564e+00,-3.056603909e+00,-2.418110609e+00,-2.479133844e+00,-2.261532545e+00,-2.317744732e+00,-3.230189562e+00,-9.010933042e-01,3.000000000e+00,6.000000000e+00,6.000000000e+00,0.000000000e+00,5.007081032e-01,2.511965752e+00,-7.028437853e-01,1.000000000e+00,-1.838138700e+00,-3.673906803e+00,-6.156921983e-01,2.511965752e+00,-3.417251587e+00,-1.994738340e+00,3.344772577e+00,9.010933042e-01,1.000000000e+00,1.000000000e+00,0.000000000e+00,2.000000000e+00,4.000000000e+00,8.000000000e+00,1.000000000e+00,1.000000000e+00,-4.873380661e+00,-2.045384884e+00,-4.066692591e-01,-4.869776249e+00,1.000000000e+00,7.147567868e-01,9.969461560e-01
50,7,3.414950371e-01,3.226206899e-01,-1.574230671e+00,8.919568658e-01,-6.228519976e-02,-3.031428337e+00,-3.108326197e+00,-2.292164564e+00,-2.558306217e+00,-2.273293972e+00,-2.238190174e+00,-3.050281763e+00,2.969610095e-01,4.000000000e+00,7.000000000e+00,7.000000000e+00,0.000000000e+00,4.078895748e-01,2.477321148e+00,4.685914889e-02,1.000000000e+00,-1.896833181e+00,-3.790946007e+00,-8.957105130e-02,2.477319717e+00,-2.970249653e+00,-1.915706038e+00,2.851786137e+00,2.969610095e-01,1.000000000e+00,0.000000000e+00,1.000000000e+00,3.000000000e+00,0.000000000e+00,6.000000000e+00,1.000000000e+00,1.000000000e+00,-5.197884083e+00,-2.407483816e+00,-1.024841428e+00,-5.196455479e+00,1.000000000e+00,7.167307734e-01,9.969698787e-01
51,0,1.469979525e+00,1.162453175e+00,-4.770627618e-01,8.862497807e-01,-1.551423669e-01,-3.635745525e+00,-3.284611702e+00,-2.827541351e+00,-2.652442455e+00,-2.520163059e+00,-3.108921528e+00,-3.941342354e+00,-1.334187984e+00,5.000000000e+00,7.000000000e+00,8.000000000e+00,0.000000000e+00,-1.232698917e+00,1.903976798e+00,-1.683983020e-02,1.000000000e+00,-1.639498234e+00,-3.278192759e+00,8.623281866e-02,1.903926492e+00,-3.726538181e+00,-1.947005033e+00,1.949864626e+00,1.334187984e+00,4.000000000e+00,4.000000000e+00,0.000000000e+00,3.000000000e+00,-4.000000000e+00,8.000000000e+00,1.000000000e+00,1.000000000e+00,-4.886208057e+00,-1.748162508e+00,-2.327123433e-01,-4.879107952e+00,1.000000000e+00,4.141753038e-07,5.210729181e-09
51,1,6.797093749e-01,6.185453534e-01,-1.145588279e+00,1.310917497e+00,4.658195376e-01,-3.270473719e+00,-3.282535791e+00,-2.450675726e+00,-2.694752455e+00,-2.389527798e+00,-2.443676710e+00,-3.331515312e+00,-5.432677269e-01,4.000000000e+00,6.000000000e+00,6.000000000e+00,0.000000000e+00,1.072496057e+00,2.925882339e+00,5.327662826e-01,1.000000000e+00,-1.764114380e+00,-3.526764393e+00,-3.630322218e-01,2.925882339e+00,-3.674488783e+00,-1.825274587e+00,3.593752623e+00,5.432677269e-01,1.000000000e+00,0.000000000e+00,1.000000000e+00,3.000000000e+00,-1.000000000e+00,1.100000000e+01,3.000000000e+00,1.000000000e+00,-5.093974590e+00,-2.141829967e+00,-7.617412210e-01,-5.091239452e+00,1.000000000e+00,4.141753038e-07,8.442890644e-01
51,2,7.377139926e-01,3.186199665e-01,-1.213070273e+00,5.397738218e-01,-3.053234518e-01,-2.995596170e+00,-1.924447060e+00,-1.962364674e+00,-9.158798456e-01,-1.543295145e+00,-2.269111633e+00,-3.413992405e+00,1.619708657e+00,4.000000000e+00,4.000000000e+00,6.000000000e+00,0.000000000e+00,2.490835190e-01,1.667831540e+00,-2.383767664e-01,1.000000000e+00,-1.531682372e+00,-3.062673569e+00,-9.606063366e-01,1.667830348e+00,-2.195045471e+00,-1.950752497e+00,2.000981092e+00,1.619708657e+00,1.000000000e+00,1.000000000e+00,0.000000000e+00,1.000000000e+00,5.000000000e+00,2.900000000e+01,1.000000000e+00,1.000000000e+00,-4.516983509e+00,-1.700654268e+00,-3.204787374e-01,-4.508695602e+00,1.000000000e+00,4.141753038e-07,9.970840812e-01
51,3,8.575840592e-01,2.101489007e-01,-9.784289002e-01,5.684707165e-01,-3.857709169e-01,-2.811435461e+00,-2.554031610e+00,-2.294550419e+00,-2.094031811e+00,-1.647181273e+00,-2.046000481e+00,-3.457903862e+00,-2.170995474e+00,7.000000000e+00,5.000000000e+00,7.000000000e+00,0.000000000e+00,1.146102190e+00,2.220251560e+00,-2.766266465e-01,1.000000000e+00,-1.188575029e+00,-2.376943111e+00,-1.374238610e+00,2.220251560e+00,-3.676416636e+00,-1.835987210e+00,4.040110588e+00,2.170995474e+00,0.000000000e+00,0.000000000e+00,0.000000000e+00,0.000000000e+00,-1.000000000e+00,-1.000000000e+00,-1.000000000e+00,0.000000000e+00,-9.999956489e-01,4.141753038e-07,1.000000000e+00,-6.989678144e-01,0.000000000e+00,4.141753038e-07,9.988366961e-01
52,0,1.095680475e+00,5.217884779e-01,-8.389389515e-01,9.634462595e-01,-1.504965127e-01,-3.087862968e+00,-2.913644075e+00,-2.528181314e+00,-2.364714384e+00,-1.954396725e+00,-2.456215858e+00,-3.660296202e+00,1.996299028e+00,8.000000000e+00,7.000000000e+00,9.000000000e+00,0.000000000e+00,8.583810329e-01,2.383626938e+00,9.204104543e-03,1.000000000e+00,-1.360720396e+00,-2.721161366e+00,-3.922943771e-01,2.383626223e+00,-3.278074265e+00,-1.934585094e+00,3.186052561e+00,1.996299028e+00,2.000000000e+00,2.000000000e+00,0.000000000e+00,2.000000000e+00,-5.000000000e+00,3.100000000e+01,3.000000000e+00,1.000000000e+00,-5.544436455e+00,-1.300959349e+00,1.640842855e-01,-5.530550480e+00,1.000000000e+00,4.141753038e-07,9.661064744e-01
52,1,9.251251817e-01,4.511461854e-01,-1.023885727e+00,1.409087300e+00,3.676947653e-01,-3.088855505e+00,-2.841515541e+00,-2.266011000e+00,-2.108667612e+00,-1.792085052e+00,-2.399938583e+00,-3.561781645e+00,1.755069733e+00,6.000000000e+00,6.000000000e+00,8.000000000e+00,0.000000000e+00,6.302956939e-01,2.110766888e+00,5.059974194e-01,1.000000000e+00,-1.475023270e+00,-2.949571848e+00,1.270626307e+00,2.106184959e+00,-1.289234757e+00,-1.948976755e+00,1.152167201e+00,1.755069733e+00,1.000000000e+00,1.000000000e+00,0.000000000e+00,1.000000000e+00,5.000000000e+00,3.200000000e+01,1.000000000e+00,1.000000000e+00,-4.343833923e+00,-2.324171305e+00,-1.702538371e+00,-4.341825485e+00,1.000000000e+00,4.141753038e-07,9.872367382e-01
52,2,9.878605604e-01,4.307641387e-01,-9.434260726e-01,4.022040963e-01,-6.391868591e-01,-3.119777679e+00,-2.868026733e+00,-2.615355968e+00,-2.360858202e+00,-2.058388948e+00,-2.361889839e+00,-3.675385237e+00,1.956110477e+00,7.000000000e+00,6.000000000e+00,8.000000000e+00,0.000000000e+00,2.004037619e+00,3.060459614e+00,-5.008846521e-01,1.000000000e+00,-1.374183536e+00,-2.748080015e+00,6.332630515e-01,3.060456514e+00,-2.158396244e+00,-1.931253314e+00,2.729689837e+00,1.956110477e+00,0.000000000e+00,0.000000000e+00,0.000000000e+00,0.000000000e+00,-1.000000000e+00,-1.000000000e+00,-1.000000000e+00,0.000000000e+00,-9.999956489e-01,4.141753038e-07,1.000000000e+00,-6.989678144e-01,2.000000000e+00,1.400808692e+00,9.901213646e-01
52,3,1.055792093e+00,3.603399694e-01,-9.648218751e-01,3.832819760e-01,-7.306592464e-01,-2.924017668e+00,-2.781487942e+00,-2.461084127e+00,-2.323389053e+00,-1.765732050e+00,-2.380721569e+00,-3.618028879e+00,-2.284163475e+00,8.000000000e+00,7.000000000e+00,9.000000000e+00,0.000000000e+00,1.345938444e+00,2.438727617e+00,-5.709590912e-01,1.000000000e+00,-1.325156450e+00,-2.650005341e+00,-2.239354551e-01,2.438726425e+00,-2.907405376e+00,-2.020572424e+00,3.220232725e+00,2.284163475e+00,1.000000000e+00,1.000000000e+00,0.000000000e+00,1.000000000e+00,-5.000000000e+00,1.400000000e+01,1.000000000e+00,1.000000000e+00,-4.788715839e+00,-1.460044026e+00,-2.391333133e-01,-4.774809837e+00,1.000000000e+00,1.407864809e+00,9.955689311e-01
52,4,9.034669399e-01,3.584505916e-01,-1.101216912e+00,2.296463400e-01,-8.842939138e-01,-2.937630177e+00,-2.807147264e+00,-2.393430710e+00,-2.275775194e+00,-1.848491073e+00,-2.362819195e+00,-3.481704235e+00,1.927125931e+00,7.000000000e+00,7.000000000e+00,9.000000000e+00,0.000000000e+00,8.585884571e-01,2.277851582e+00,-7.245941162e-01,1.000000000e+00,-1.459660292e+00,-2.918764830e+00,4.187311530e-01,2.277810097e+00,-2.215505362e+00,-2.004645348e+00,2.286383390e+00,1.927125931e+00,1.000000000e+00,1.000000000e+00,0.000000000e+00,1.000000000e+00,5.000000000e+00,3.200000000e+01,1.000000000e+00,1.000000000e+00,-4.018456459e+00,-1.540197253e+00,-1.857624948e-01,-4.006241798e+00,2.000000000e+00,-9.243257642e-01,9.956558943e-01
52,5,9.397609830e-01,3.582113385e-01,-1.017742872e+00,1.326765418e+00,2.853729129e-01,-3.050008774e+00,-2.943499327e+00,-2.536592007e+00,-2.478287458e+00,-1.955152392e+00,-2.315539122e+00,-3.630188942e+00,2.014582157e+00,7.000000000e+00,6.000000000e+00,8.000000000e+00,0.000000000e+00,1.042824984e+00,2.476604223e+00,4.236755371e-01,1.000000000e+00,-1.375948191e+00,-2.751581192e+00,-4.877564907e-01,2.476603985e+00,-3.323471546e+00,-1.957468867e+00,3.487186909e+00,2.014582157e+00,2.000000000e+00,2.000000000e+00,0.000000000e+00,1.000000000e+00,5.000000000e+00,1.600000000e+01,3.000000000e+00,1.000000000e+00,-5.594137192e+00,-4.050103664e+00,-5.268928051e+00,-5.594114304e+00,2.000000000e+00,-9.398419857e-01,9.956667423e-01
53,0,1.471824288e+00,8.258966208e-01,-4.979239106e-01,9.682065845e-01,-1.457361877e-01,-3.357553005e+00,-3.076333046e+00,-2.796305180e+00,-2.469146967e+00,-2.150587797e+00,-2.795357227e+00,-4.000105381e+00,-2.167432070e+00,8.000000000e+00,7.000000000e+00,9.000000000e+00,0.000000000e+00,9.732999653e-02,2.199666977e+00,1.396442670e-02,1.000000000e+00,-1.323812723e+00,-2.647433281e+00,8.618817329e-01,2.199208260e+00,-2.433171988e+00,-1.969709039e+00,1.655934572e+00,2.167432070e+00,4.000000000e+00,4.000000000e+00,0.000000000e+00,3.000000000e+00,-5.000000000e+00,3.000000000e+00,3.000000000e+00,1.000000000e+00,-4.865436077e+00,-1.394149542e+00,-1.750349104e-01,-4.849494457e+00,1.000000000e+00,4.141753038e-07,3.246774152e-02
53,1,7.262399197e-01,5.394738913e-01,-1.262967944e+00,3.045296669e-01,-6.497111320e-01,-3.237486362e+00,-3.229139328e+00,-2.501235485e+00,-2.609714746e+00,-2.314517498e+00,-2.528374672e+00,-3.423849583e+00,-9.950878620e-01,4.000000000e+00,7.000000000e+00,7.000000000e+00,0.000000000e+00,-3.960350752e+00,3.412829638e-01,-5.405670404e-01,1.000000000e+00,-1.802422166e+00,-3.602986574e+00,-2.937974334e-01,3.293012679e-01,-3.441960335e+00,-1.989173412e+00,9.180362225e-01,9.950878620e-01,1.000000000e+00,1.000000000e+00,0.000000000e+00,2.000000000e+00,4.000000000e+00,1.500000000e+01,2.000000000e+00,1.000000000e+00,-5.481435299e+00,-2.126765966e+00,-6.552088857e-01,-5.479180813e+00,1.000000000e+00,3.163431883e-01,9.557930827e-01
53,2,7.332374454e-01,5.306577682e-01,-1.240272403e+00,1.087683678e+00,-2.625922114e-02,-3.226096869e+00,-3.189656258e+00,-2.565057278e+00,-2.634242058e+00,-2.362536907e+00,-2.503875017e+00,-3.428242445e+00,-1.042419553e+00,5.000000000e+00,7.000000000e+00,9.000000000e+00,0.000000000e+00,2.183546066e+00,3.454410076e+00,1.334414780e-01,1.000000000e+00,-1.770911932e+00,-3.540204525e+00,1.509030163e-01,3.454410076e+00,-3.013735771e+00,-1.973476410e+00,3.575167418e+00,1.042419553e+00,1.000000000e+00,1.000000000e+00,0.000000000e+00,2.000000000e+00,4.000000000e+00,1.500000000e+01,2.000000000e+00,1.000000000e+00,-4.511396408e+00,-1.826745272e+00,-1.245208681e-01,-4.505179405e+00,1.000000000e+00,3.167470694e-01,9.613149166e-01
53,3,8.064333200e-01,3.486919403e-01,-1.236785889e+00,2.722466588e-01,-5.728499889e-01,-3.051039219e+00,-2.945541382e+00,-2.553183317e+00,-2.458890200e+00,-2.095542908e+00,-2.391588449e+00,-3.507868528e+00,1.715279818e+00,4.000000000e+00,6.000000000e+00,6.000000000e+00,0.000000000e+00,1.658872366e+00,2.925033331e+00,-5.059033632e-01,1.000000000e+00,-1.585468411e+00,-3.170104265e+00,-1.267668724e+00,2.925033331e+00,-4.070248127e+00,-2.043178558e+00,4.553819656e+00,1.715279818e+00,2.000000000e+00,2.000000000e+00,0.000000000e+00,1.000000000e+00,5.000000000e+00,1.800000000e+01,1.000000000e+00,1.000000000e+00,-4.617219448e+00,-1.691688895e+00,-2.299370170e-01,-4.608834743e+00,1.000000000e+00,4.141753038e-07,9.960733652e-01
54,0,1.017820358e+00,9.282939434e-01,-8.982173800e-01,4.757479429e-01,-4.784933925e-01,-3.412219286e+00,-3.208514214e+00,-2.588220119e+00,-2.544769049e+00,-2.498725176e+00,-2.843982458e+00,-3.501488924e+00,-6.643648148e-01,4.000000000e+00,7.000000000e+00,7.000000000e+00,0.000000000e+00,1.789855599e+00,3.393789768e+00,-3.693491817e-01,1.000000000e+00,-1.826485515e+00,-3.651031256e+00,-1.601378173e-01,3.393789768e+00,-3.631490707e+00,-1.916005373e+00,3.599767447e+00,6.643648148e-01,4.000000000e+00,0.000000000e+00,4.000000000e+00,3.000000000e+00,-1.000000000e+00,4.000000000e+00,1.000000000e+00,1.000000000e+00,-5.380198479e+00,-2.587010622e+00,-1.519062877e+00,-5.379345417e+00,1.000000000e+00,4.141753038e-07,9.519758751e-04
54,1,6.419404149e-01,6.359078884e-01,-1.251757145e+00,7.258412838e-01,-2.284005433e-01,-3.216342688e+00,-3.293237686e+00,-2.321636677e+00,-2.637771368e+00,-2.315605402e+00,-2.529453039e+00,-3.222365379e+00,1.670620143e-01,4.000000000e+00,7.000000000e+00,7.000000000e+00,0.000000000e+00,1.785399556e+00,3.208395720e+00,-1.192562431e-01,1.000000000e+00,-1.887639165e+00,-3.772751093e+00,5.179147124e-01,3.208394766e+00,-2.755705595e+00,-1.893671274e+00,3.012687683e+00,1.670620143e-01,2.000000000e+00,0.000000000e+00,2.000000000e+00,3.000000000e+00,0.000000000e+00,2.000000000e+00,1.000000000e+00,1.000000000e+00,-5.490014553e+00,-1.602036715e+00,5.497893095e-01,-5.482576370e+00,1.000000000e+00,1.058657289e+00,7.943844795e-01
54,2,8.746001720e-01,6.227229238e-01,-1.118988156e+00,1.001500130e+00,-3.989218175e-02,-3.257592916e+00,-3.281954527e+00,-2.545310736e+00,-2.660111427e+00,-2.293500662e+00,-2.615999222e+00,-3.508852720e+00,-1.183491945e+00,4.000000000e+00,7.000000000e+00,8.000000000e+00,0.000000000e+00,1.780679822e+00,3.183928013e+00,9.841038287e-02,1.000000000e+00,-1.741692781e+00,-3.481975794e+00,7.285845280e-01,3.183925390e+00,-2.554292679e+00,-1.993551254e+00,2.822027683e+00,1.183491945e+00,4.000000000e+00,4.000000000e+00,0.000000000e+00,3.000000000e+00,-4.000000000e+00,2.500000000e+01,2.000000000e+00,1.000000000e+00,-4.603921890e+00,-2.247827768e+00,-1.007449150e+00,-4.601572514e+00,1.000000000e+00,1.058320522e+00,8.334359527e-01
54,3,9.877632260e-01,5.179111958e-01,-1.003170490e+00,4.162916243e-01,-6.976497173e-01,-3.189511538e+00,-3.056815624e+00,-2.644768953e+00,-2.536130905e+00,-2.175043583e+00,-2.508620739e+00,-3.658055305e+00,-1.744975090e+00,7.000000000e+00,7.000000000e+00,9.000000000e+00,0.000000000e+00,3.063817858e-04,2.175264835e+00,-5.379495025e-01,1.000000000e+00,-1.521071553e+00,-3.041605473e+00,-1.911274046e-01,2.175260782e+00,-3.244555950e+00,-1.990895510e+00,2.727328777e+00,1.744975090e+00,1.000000000e+00,1.000000000e+00,0.000000000e+00,2.000000000e+00,4.000000000e+00,3.100000000e+01,4.000000000e+00,1.000000000e+00,-4.785571575e+00,-1.854583025e+00,-6.791096926e-01,-4.779909134e+00,1.000000000e+00,1.339877248e+00,9.679894447e-01
54,4,1.198063612e+00,4.479067326e-01,-7.286327481e-01,5.471390486e-01,-5.668028593e-01,-3.022784233e+00,-2.801202536e+00,-2.549577475e+00,-2.364966631e+00,-1.799547195e+00,-2.374459743e+00,-3.770829201e+00,2.412451982e+00,9.000000000e+00,7.000000000e+00,9.000000000e+00,0.000000000e+00,-1.236543536e+00,1.181484222e+00,-4.071024656e-01,1.000000000e+00,-1.176535130e+00,-2.352942944e+00,-3.365567327e-01,1.181284189e+00,-3.148919106e+00,-1.926661849e+00,2.083116055e+00,2.412451982e+00,1.000000000e+00,1.000000000e+00,0.000000000e+00,3.000000000e+00,5.000000000e+00,9.000000000e+00,4.000000000e+00,1.000000000e+00,-4.760881901e+00,-9.206225276e-01,6.229183674e-01,-4.714335442e+00,1.000000000e+00,1.111914039e+00,9.877552390e-01
54,5,3.799281716e-01,3.670971990e-01,-1.535609007e+00,9.147891998e-01,6.969143450e-02,-3.052221298e+00,-3.125315666e+00,-2.284037828e+00,-2.524251223e+00,-2.271209240e+00,-2.282503366e+00,-3.065037489e+00,2.442808002e-01,3.000000000e+00,6.000000000e+00,6.000000000e+00,0.000000000e+00,1.878390074e+00,3.210485458e+00,1.366381794e-01,1.000000000e+00,-1.902686238e+00,-3.802613735e+00,1.483904719e-01,3.210485220e+00,-2.742863178e+00,-1.915516138e+00,3.315098047e+00,2.442808002e-01,1.000000000e+00,0.000000000e+00,1.000000000e+00,3.000000000e+00,0.000000000e+00,8.000000000e+00,1.000000000e+00,1.000000000e+00,-5.077895641e+00,-2.189757586e+00,-5.685777068e-01,-5.075432777e+00,2.000000000e+00,-4.422335148e+00,9.952402115e-01
54,6,3.325600624e-01,3.162492216e-01,-1.580231667e+00,6.446930766e-01,-3.095486462e-01,-3.022535563e+00,-3.100950241e+00,-2.258850336e+00,-2.510589838e+00,-2.242542505e+00,-2.228895903e+00,-3.038828850e+00,2.757887542e-01,4.000000000e+00,7.000000000e+00,7.000000000e+00,0.000000000e+00,4.633922875e-01,2.474314928e+00,-2.004043758e-01,1.000000000e+00,-1.896462917e+00,-3.790219069e+00,-2.611464858e-01,2.474314213e+00,-3.087595224e+00,-1.912772536e+00,3.003317118e+00,2.757887542e-01,2.000000000e+00,0.000000000e+00,2.000000000e+00,3.000000000e+00,0.000000000e+00,2.000000000e+00,1.000000000e+00,1.000000000e+00,-4.575387478e+00,-2.368398666e+00,-9.477122426e-01,-4.573602200e+00,1.000000000e+00,3.863834441e-01,9.971492887e-01
54,7,8.140410185e-01,3.121227622e-01,-1.239838123e+00,7.288798690e-01,-1.162176579e-01,-3.000308275e+00,-2.878568649e+00,-2.456187248e+00,-2.354458332e+00,-1.954354048e+00,-2.365660906e+00,-3.501281738e+00,-1.823101521e+00,4.000000000e+00,6.000000000e+00,6.000000000e+00,0.000000000e+00,1.882418871e+00,2.895603418e+00,-4.927094281e-02,1.000000000e+00,-1.551952720e+00,-3.103137732e+00,1.920579076e-01,2.895602465e+00,-2.474492073e+00,-2.053837538e+00,3.103645086e+00,1.823101521e+00,1.000000000e+00,1.000000000e+00,0.000000000e+00,1.000000000e+00,-5.000000000e+00,2.500000000e+01,1.000000000e+00,1.000000000e+00,-4.801555157e+00,-1.697562099e+00,-2.736257315e-01,-4.793468952e+00,1.000000000e+00,9.323685765e-01,9.972585440e-01
54,8,4.214821458e-01,3.090508878e-01,-1.549381614e+00,3.249294758e-01,-6.293113828e-01,-3.100267410e+00,-3.066639900e+00,-2.436950922e+00,-2.491292715e+00,-2.324546814e+00,-2.279559851e+00,-3.212537289e+00,-7.509703040e-01,4.000000000e+00,7.000000000e+00,7.000000000e+00,0.000000000e+00,5.906857848e-01,2.619981289e+00,-5.201673508e-01,1.000000000e+00,-1.858416319e+00,-3.714352608e+00,-3.988914192e-01,2.619981289e+00,-3.198683739e+00,-1.970838308e+00,3.185325384e+00,7.509703040e-01,4.000000000e+00,0.000000000e+00,4.000000000e+00,3.000000000e+00,-1.000000000e+00,4.000000000e+00,1.000000000e+00,1.000000000e+00,-5.424130440e+00,-2.527311087e+00,-1.340584278e+00,-5.423184395e+00,1.000000000e+00,3.894086182e-01,9.973364472e-01
55,0,6.752314568e-01,6.743882298e-01,-1.211961985e+00,7.184035778e-01,-2.358382344e-01,-3.170979500e+00,-3.284115314e+00,-2.320983648e+00,-2.628870964e+00,-2.320140600e+00,-2.561428070e+00,-3.171821356e+00,-6.233446673e-02,4.000000000e+00,7.000000000e+00,7.000000000e+00,0.000000000e+00,2.089624882e+00,3.365044355e+00,-1.266939342e-01,1.000000000e+00,-1.886323810e+00,-3.770146370e+00,5.971990824e-01,3.365043640e+00,-2.706024408e+00,-1.887166858e+00,3.076622486e+00,6.233446673e-02,3.000000000e+00,0.000000000e+00,3.000000000e+00,3.000000000e+00,0.000000000e+00,2.000000000e+00,1.000000000e+00,1.000000000e+00,-5.679251671e+00,-1.928234220e+00,-7.352057844e-02,-5.676584244e+00,1.000000000e+00,4.141753038e-07,6.342046857e-01
55,1,6.068484187e-01,5.932366252e-01,-1.295810223e+00,4.736889005e-01,-4.805524051e-01,-3.148024559e+00,-3.155899763e+00,-2.346072912e+00,-2.508337021e+00,-2.332463980e+00,-2.495727539e+00,-3.161616802e+00,-2.516788244e-01,4.000000000e+00,7.000000000e+00,7.000000000e+00,0.000000000e+00,2.089335203e+00,3.377225399e+00,-3.714082241e-01,1.000000000e+00,-1.889021635e+00,-3.775473118e+00,5.520315766e-01,3.377224922e+00,-2.549528122e+00,-1.902632356e+00,3.001073599e+00,2.516788244e-01,2.000000000e+00,0.000000000e+00,2.000000000e+00,3.000000000e+00,0.000000000e+00,2.000000000e+00,1.000000000e+00,1.000000000e+00,-5.772517204e+00,-2.467697144e+00,-1.160485506e+00,-5.771914482e+00,1.000000000e+00,4.141753038e-07,8.966825008e-01
55,2,5.522925854e-01,5.520671010e-01,-1.357660770e+00,6.888880134e-01,-1.562094688e-01,-3.135742188e+00,-3.222785950e+00,-2.330147028e+00,-2.625445366e+00,-2.329921722e+00,-2.461903572e+00,-3.135967255e+00,3.222320601e-02,3.000000000e+00,6.000000000e+00,6.000000000e+00,0.000000000e+00,8.775848150e-01,2.768813133e+00,-8.926277608e-02,1.000000000e+00,-1.909702420e+00,-3.816617966e+00,5.604928732e-01,2.768804789e+00,-2.617023230e+00,-1.909927845e+00,2.503875971e+00,3.222320601e-02,2.000000000e+00,0.000000000e+00,2.000000000e+00,3.000000000e+00,0.000000000e+00,2.000000000e+00,1.000000000e+00,1.000000000e+00,-5.174750805e+00,-3.142725945e+00,-2.467680693e+00,-5.174485683e+00,1.000000000e+00,4.141753038e-07,9.463371634e-01
55,3,1.060272217e+00,5.096207857e-01,-8.523690701e-01,8.484362364e-01,-1.929558218e-01,-3.067364931e+00,-2.935128212e+00,-2.348921299e+00,-2.375319719e+00,-1.798339605e+00,-2.422072649e+00,-3.616723299e+00,-1.940655231e+00,7.000000000e+00,6.000000000e+00,8.000000000e+00,0.000000000e+00,1.118711472e+00,2.357722998e+00,-5.465330556e-02,1.000000000e+00,-1.361982822e+00,-2.723678112e+00,-5.586072206e-01,2.357722521e+00,-3.442447662e+00,-1.912608862e+00,3.493014336e+00,1.940655231e+00,2.000000000e+00,2.000000000e+00,0.000000000e+00,2.000000000e+00,5.000000000e+00,8.000000000e+00,3.000000000e+00,1.000000000e+00,-4.999496460e+00,-1.376315951e+00,8.639701642e-03,-4.983365536e+00,2.000000000e+00,6.000906825e-01,9.716336727e-01
55,4,1.096501589e+00,4.883189797e-01,-8.773444891e-01,1.004658937e+00,-1.092838719e-01,-3.102493286e+00,-2.937170506e+00,-2.620157719e+00,-2.442281246e+00,-2.012111425e+00,-2.461973906e+00,-3.708998203e+00,2.077990770e+00,8.000000000e+00,7.000000000e+00,9.000000000e+00,0.000000000e+00,1.187596440e+00,2.605955839e+00,5.041678622e-02,1.000000000e+00,-1.365656495e+00,-2.731030941e+00,6.849712133e-02,2.605953932e+00,-2.861907482e+00,-1.973808408e+00,2.967599869e+00,2.077990770e+00,1.000000000e+00,1.000000000e+00,0.000000000e+00,1.000000000e+00,5.000000000e+00,1.100000000e+01,2.000000000e+00,1.000000000e+00,-4.849987507e+00,-2.303047180e+00,-1.870570779e+00,-4.847983837e+00,1.000000000e+00,1.256529570e+00,9.790261984e-01
55,5,5.199817419e-01,4.223304391e-01,-1.441344023e+00,6.520287991e-01,-3.022129238e-01,-3.138361454e+00,-3.138080597e+00,-2.492379665e+00,-2.573147058e+00,-2.394755602e+00,-2.383341789e+00,-3.235862255e+00,-6.959879398e-01,4.000000000e+00,7.000000000e+00,7.000000000e+00,0.000000000e+00,1.136116266e+00,2.962921381e+00,-1.930686682e-01,1.000000000e+00,-1.863654494e+00,-3.724840403e+00,-9.818738103e-01,2.962921381e+00,-3.973413467e+00,-1.961297870e+00,4.121688843e+00,6.959879398e-01,1.000000000e+00,0.000000000e+00,1.000000000e+00,3.000000000e+00,-2.000000000e+00,4.000000000e+00,1.000000000e+00,1.000000000e+00,-4.820855618e+00,-2.130839348e+00,-5.408242345e-01,-4.817865849e+00,1.000000000e+00,5.792407990e-01,9.910858274e-01
55,6,8.792202473e-01,4.152133167e-01,-1.111662745e+00,8.106607199e-01,-3.032817841e-01,-2.973880291e+00,-2.875288248e+00,-2.497722387e+00,-2.387348652e+00,-2.033805132e+00,-2.405747175e+00,-3.437106609e+00,-1.730656862e+00,7.000000000e+00,7.000000000e+00,9.000000000e+00,0.000000000e+00,-1.186924338e+00,1.440472841e+00,-1.435812116e-01,1.000000000e+00,-1.526866913e+00,-3.053028107e+00,-2.128988057e-01,1.440365672e+00,-3.015117407e+00,-1.990845919e+00,2.006694555e+00,1.730656862e+00,1.000000000e+00,1.000000000e+00,0.000000000e+00,1.000000000e+00,-5.000000000e+00,1.600000000e+01,1.000000000e+00,1.000000000e+00,-4.902310371e+00,-1.685357571e+00,-2.988816202e-01,-4.894141674e+00,1.000000000e+00,5.814453363e-01,9.918141365e-01
55,7,5.249508023e-01,4.082733691e-01,-1.445794344e+00,7.751128674e-01,-1.791290343e-01,-3.165394545e+00,-3.155968904e+00,-2.512854338e+00,-2.617600679e+00,-2.396210194e+00,-2.378711939e+00,-3.281876087e+00,7.662413716e-01,4.000000000e+00,7.000000000e+00,7.000000000e+00,0.000000000e+00,4.573817849e-01,2.625009298e+00,-6.998469681e-02,1.000000000e+00,-1.854048610e+00,-3.705733538e+00,-1.046721697e+00,2.625009298e+00,-4.067675591e+00,-1.970716476e+00,3.891196966e+00,7.662413716e-01,1.000000000e+00,0.000000000e+00,1.000000000e+00,3.000000000e+00,2.000000000e+00,1.000000000e+00,1.000000000e+00,1.000000000e+00,-4.935093880e+00,-3.045684099e+00,-2.383288145e+00,-4.934736729e+00,1.000000000e+00,6.662939191e-01,9.924573898e-01
55,8,5.480416417e-01,3.536783457e-01,-1.423265100e+00,8.058446646e-01,-2.355473489e-01,-3.082547903e+00,-3.077435255e+00,-2.484695196e+00,-2.570265055e+00,-2.290379763e+00,-2.324591160e+00,-3.276614904e+00,1.017975569e+00,5.000000000e+00,7.000000000e+00,8.000000000e+00,0.000000000e+00,1.516667366e+00,3.048798323e+00,-9.724484384e-02,1.000000000e+00,-1.776928782e+00,-3.552045107e+00,-1.568562984e+00,3.048798323e+00,-4.479385376e+00,-1.971277475e+00,4.891398907e+00,1.017975569e+00,1.000000000e+00,0.000000000e+00,1.000000000e+00,3.000000000e+00,2.000000000e+00,1.000000000e+00,1.000000000e+00,1.000000000e+00,-4.483285427e+00,-2.462085485e+00,-1.373494387e+00,-4.481835365e+00,1.000000000e+00,8.054651022e-01,9.958664179e-01
55,9,4.883064628e-01,3.363883197e-01,-1.497693896e+00,7.964776754e-01,-1.577642411e-01,-3.099375725e+00,-3.072021723e+00,-2.476463556e+00,-2.535161018e+00,-2.324583769e+00,-2.321989775e+00,-3.251065254e+00,-8.859356046e-01,4.000000000e+00,7.000000000e+00,7.000000000e+00,0.000000000e+00,-1.308578610e+00,1.670398355e+00,-4.861989245e-02,1.000000000e+00,-1.834066033e+00,-3.665853739e+00,-2.835609615e-01,1.670371532e+00,-3.154639482e+00,-1.985971808e+00,2.164281845e+00,8.859356046e-01,1.000000000e+00,0.000000000e+00,1.000000000e+00,3.000000000e+00,-2.000000000e+00,4.000000000e+00,1.000000000e+00,1.000000000e+00,-4.965461254e+00,-2.088067055e+00,-5.009281039e-01,-4.962255478e+00,1.000000000e+00,8.039385080e-01,9.965319633e-01
56,0,8.341342211e-01,7.329969406e-01,-1.099924445e+00,9.388989806e-01,-1.024932042e-01,-3.353054762e+00,-3.183069229e+00,-2.582536936e+00,-2.537769079e+00,-2.481434107e+00,-2.666785955e+00,-3.453935385e+00,-7.092328072e-01,4.000000000e+00,7.000000000e+00,8.000000000e+00,0.000000000e+00,8.961155415e-01,2.929628849e+00,3.580931202e-02,1.000000000e+00,-1.832897186e+00,-3.663773298e+00,9.446092844e-01,2.929605484e+00,-2.326214552e+00,-1.934026718e+00,2.041332483e+00,7.092328072e-01,3.000000000e+00,0.000000000e+00,3.000000000e+00,3.000000000e+00,-1.000000000e+00,2.000000000e+00,1.000000000e+00,1.000000000e+00,-5.838276863e+00,-1.950772166e+00,-2.259850502e-01,-5.836767197e+00,1.000000000e+00,4.141753038e-07,3.068243265e-01
56,1,1.169829965e+00,5.127575397e-01,-8.067296743e-01,6.829996109e-01,-4.309426546e-01,-3.088494301e+00,-2.929487705e+00,-2.628527164e+00,-2.453353643e+00,-1.971598625e+00,-2.489126205e+00,-3.743686199e+00,2.193757772e+00,8.000000000e+00,7.000000000e+00,9.000000000e+00,0.000000000e+00,1.375039458e+00,2.659162521e+00,-2.712422013e-01,1.000000000e+00,-1.319480777e+00,-2.638731003e+00,2.955674529e-01,2.659158468e+00,-2.670463800e+00,-1.976521254e+00,2.845366478e+00,2.193757772e+00,1.000000000e+00,1.000000000e+00,0.000000000e+00,1.000000000e+00,5.000000000e+00,1.000000000e+01,1.000000000e+00,1.000000000e+00,-3.432111979e+00,-8.016604185e-01,9.083237648e-01,-3.368607283e+00,1.000000000e+00,4.141753038e-07,9.703128934e-01
56,2,8.019447327e-01,3.041310012e-01,-1.207293153e+00,8.840789795e-01,-1.573131680e-01,-3.018484354e+00,-2.830277681e+00,-2.472325802e+00,-2.280926466e+00,-1.974599719e+00,-2.313097715e+00,-3.515326500e+00,-1.813138962e+00,6.000000000e+00,7.000000000e+00,8.000000000e+00,0.000000000e+00,1.977588296e+00,2.963434935e+00,-1.901062019e-02,1.000000000e+00,-1.511416793e+00,-3.022216082e+00,-6.562077999e-01,2.963434935e+00,-3.240593672e+00,-2.009200335e+00,3.925637722e+00,1.813138962e+00,1.000000000e+00,1.000000000e+00,0.000000000e+00,1.000000000e+00,-5.000000000e+00,2.000000000e+00,1.000000000e+00,1.000000000e+00,-4.315737724e+00,-2.144696951e+00,-1.272846818e+00,-4.312700748e+00,1.000000000e+00,4.141753038e-07,9.974556565e-01
57,0,1.086191297e+00,8.814094067e-01,-8.890594244e-01,1.005787015e+00,-3.560522571e-02,-3.449071169e+00,-3.248076439e+00,-2.714676380e+00,-2.627195597e+00,-2.509979010e+00,-2.856293440e+00,-3.653117895e+00,-1.048919559e+00,4.000000000e+00,7.000000000e+00,8.000000000e+00,0.000000000e+00,6.213481426e-01,2.820800781e+00,1.026973277e-01,1.000000000e+00,-1.770446539e+00,-3.539379835e+00,7.730668783e-01,2.820783377e+00,-2.735486031e+00,-1.975213051e+00,2.164945602e+00,1.048919559e+00,4.000000000e+00,2.000000000e+00,2.000000000e+00,3.000000000e+00,-2.000000000e+00,4.000000000e+00,1.000000000e+00,1.000000000e+00,-5.760174751e+00,-1.998871207e+00,-4.481321573e-01,-5.758331299e+00,1.000000000e+00,4.141753038e-07,5.373620428e-03
57,1,8.781977892e-01,4.931094050e-01,-1.179107547e+00,1.058911800e+00,1.751950942e-02,-3.173348665e+00,-3.082261562e+00,-2.613564968e+00,-2.547039270e+00,-2.228581429e+00,-2.550088167e+00,-3.557514429e+00,-1.534418583e+00,5.000000000e+00,7.000000000e+00,8.000000000e+00,0.000000000e+00,6.345272064e-01,2.546192169e+00,1.558220834e-01,1.000000000e+00,-1.672202826e+00,-3.343309402e+00,1.153238893e+00,2.545836449e+00,-1.887029290e+00,-2.057262182e+00,1.711124301e+00,1.534418583e+00,4.000000000e+00,4.000000000e+00,0.000000000e+00,3.000000000e+00,-4.000000000e+00,2.400000000e+01,1.000000000e+00,1.000000000e+00,-4.492115498e+00,-1.787086129e+00,-2.438444048e-01,-4.485299110e+00,1.000000000e+00,4.141753038e-07,9.775772691e-01
57,2,1.070071697e+00,3.784711361e-01,-9.447699785e-01,1.709541798e+00,5.955985785e-01,-2.939021826e+00,-2.793033838e+00,-2.473557949e+00,-2.332143784e+00,-1.782060266e+00,-2.393087149e+00,-3.629147291e+00,-2.275106907e+00,8.000000000e+00,7.000000000e+00,9.000000000e+00,0.000000000e+00,1.412886500e+00,2.488532066e+00,7.552993298e-01,1.000000000e+00,-1.323235631e+00,-2.646175385e+00,2.275150828e-02,2.488529682e+00,-2.687745094e+00,-2.014800549e+00,3.015840292e+00,2.275106907e+00,1.000000000e+00,1.000000000e+00,0.000000000e+00,1.000000000e+00,-5.000000000e+00,9.000000000e+00,1.000000000e+00,1.000000000e+00,-4.419582367e+00,-2.181302547e+00,-1.710485458e+00,-4.416806221e+00,1.000000000e+00,1.099853992e+00,9.946175218e-01
57,3,6.234932542e-01,3.471609354e-01,-1.322741151e+00,7.133870125e-01,-1.317104995e-01,-3.099680185e+00,-2.998201609e+00,-2.462725878e+00,-2.421051979e+00,-2.186452866e+00,-2.293103456e+00,-3.375526905e+00,1.250632167e+00,4.000000000e+00,6.000000000e+00,6.000000000e+00,0.000000000e+00,-3.160437644e-01,2.028566599e+00,-6.476379186e-02,1.000000000e+00,-1.669890642e+00,-3.338658333e+00,3.705869317e-01,2.028461456e+00,-2.397632122e+00,-1.946205020e+00,1.892473102e+00,1.250632167e+00,1.000000000e+00,0.000000000e+00,1.000000000e+00,3.000000000e+00,2.000000000e+00,1.000000000e+00,1.000000000e+00,1.000000000e+00,-4.936157227e+00,-1.776049495e+00,-2.267534584e-01,-4.929562569e+00,1.000000000e+00,4.141753038e-07,9.961342812e-01
58,0,2.090248823e+00,1.548929572e+00,4.200794399e-01,1.546459317e+00,4.325160980e-01,-3.687010765e+00,-3.545277357e+00,-3.016953230e+00,-2.926938534e+00,-2.475955963e+00,-3.218378782e+00,-4.223126411e+00,-1.918240666e+00,7.000000000e+00,7.000000000e+00,9.000000000e+00,0.000000000e+00,1.239038944e+00,3.095681667e+00,5.922169685e-01,1.000000000e+00,-1.128844380e+00,-2.257620335e+00,1.397517681e+00,3.095594406e+00,-3.078197479e+00,-1.670149088e+00,2.149281979e+00,1.918240666e+00,0.000000000e+00,0.000000000e+00,0.000000000e+00,0.000000000e+00,-1.000000000e+00,-1.000000000e+00,-1.000000000e+00,0.000000000e+00,-9.999956489e-01,4.141753038e-07,1.000000000e+00,-6.989678144e-01,1.000000000e+00,4.141753038e-07,2.061153692e-09
58,1,1.319504619e+00,8.518816233e-01,-6.732541323e-01,5.134543777e-01,-3.316428363e-01,-3.431546688e+00,-3.210135221e+00,-2.772949934e+00,-2.568525791e+00,-2.305496693e+00,-2.844309330e+00,-3.896905661e+00,-1.739517689e+00,4.000000000e+00,6.000000000e+00,6.000000000e+00,0.000000000e+00,1.234046102e+00,2.922612906e+00,-2.646962106e-01,1.000000000e+00,-1.525123119e+00,-3.049758673e+00,7.016263604e-01,2.922605038e+00,-2.718714714e+00,-1.992717981e+00,2.484049082e+00,1.739517689e+00,4.000000000e+00,4.000000000e+00,0.000000000e+00,3.000000000e+00,-4.000000000e+00,4.000000000e+00,4.000000000e+00,1.000000000e+00,-5.107682705e+00,-1.822783947e+00,-5.821875334e-01,-5.102025986e+00,1.000000000e+00,4.141753038e-07,1.448015310e-02
58,2,1.095058560e+00,5.001715422e-01,-8.689606190e-01,5.707091689e-01,-3.835324347e-01,-3.119519234e+00,-2.930462360e+00,-2.575488806e+00,-2.386061668e+00,-1.980723619e+00,-2.464003325e+00,-3.712731361e+00,2.046369553e+00,6.000000000e+00,6.000000000e+00,7.000000000e+00,0.000000000e+00,1.111452222e+00,2.536491394e+00,-2.743882239e-01,1.000000000e+00,-1.369125128e+00,-2.737968922e+00,-6.190660596e-01,2.536491394e+00,-3.504018068e+00,-1.963982344e+00,3.560521841e+00,2.046369553e+00,3.000000000e+00,3.000000000e+00,0.000000000e+00,3.000000000e+00,5.000000000e+00,1.100000000e+01,3.000000000e+00,1.000000000e+00,-5.145119667e+00,-1.481629610e+00,-2.532048523e-01,-5.132966042e+00,1.000000000e+00,1.254245162e+00,9.752277732e-01
58,3,1.014593363e+00,3.584622145e-01,-9.739810824e-01,8.004283905e-01,-3.135141134e-01,-2.967408895e+00,-2.790430069e+00,-2.438498259e+00,-2.284492970e+00,-1.782459974e+00,-2.346833229e+00,-3.622120142e+00,2.191535473e+00,8.000000000e+00,7.000000000e+00,9.000000000e+00,0.000000000e+00,2.348055691e-01,1.899894476e+00,-1.538135707e-01,1.000000000e+00,-1.332437873e+00,-2.664582968e+00,-3.757853806e-01,1.899888396e+00,-3.018371582e+00,-1.988536119e+00,2.777566433e+00,2.191535473e+00,2.000000000e+00,2.000000000e+00,0.000000000e+00,3.000000000e+00,5.000000000e+00,1.100000000e+01,3.000000000e+00,1.000000000e+00,-4.582933903e+00,-1.890844941e+00,-1.105618000e+00,-4.577597141e+00,1.000000000e+00,1.127697229e+00,9.956554174e-01
58,4,5.420656800e-01,3.194291890e-01,-1.400354385e+00,5.473766327e-01,-2.977206409e-01,-3.083734512e+00,-3.022751093e+00,-2.511487007e+00,-2.510830164e+00,-2.288907051e+00,-2.261520624e+00,-3.306018353e+00,-1.100878596e+00,4.000000000e+00,6.000000000e+00,6.000000000e+00,0.000000000e+00,9.746940136e-01,2.776338577e+00,-2.307739854e-01,1.000000000e+00,-1.719771504e+00,-3.438136101e+00,-4.993495643e-01,2.776338577e+00,-3.328823805e+00,-1.942392826e+00,3.497224331e+00,1.100878596e+00,2.000000000e+00,2.000000000e+00,0.000000000e+00,3.000000000e+00,-4.000000000e+00,2.200000000e+01,1.000000000e+00,1.000000000e+00,-5.353981972e+00,-2.463523388e+00,-1.484705925e+00,-5.352827549e+00,1.000000000e+00,4.141753038e-07,9.970614314e-01
58,5,7.212663889e-01,2.913203537e-01,-1.300374031e+00,7.091166973e-01,-1.359808594e-01,-3.033712626e+00,-2.925678015e+00,-2.468378544e+00,-2.402649403e+00,-2.038512707e+00,-2.312636137e+00,-3.462865591e+00,-1.646678448e+00,4.000000000e+00,6.000000000e+00,6.000000000e+00,0.000000000e+00,-1.836993814e+00,1.120066285e+00,-6.903413683e-02,1.000000000e+00,-1.591685772e+00,-3.182500124e+00,-8.766990900e-01,1.120044231e+00,-3.569168091e+00,-2.021603346e+00,2.360119820e+00,1.646678448e+00,0.000000000e+00,0.000000000e+00,0.000000000e+00,0.000000000e+00,-1.000000000e+00,-1.000000000e+00,-1.000000000e+00,0.000000000e+00,-9.999956489e-01,4.141753038e-07,1.000000000e+00,-6.989678144e-01,0.000000000e+00,4.141753038e-07,9.977362156e-01
59,0,9.047192335e-01,6.407592297e-01,-1.126651645e+00,6.146388650e-01,-2.304585427e-01,-3.277178526e+00,-3.136799335e+00,-2.591145039e+00,-2.505473852e+00,-2.327262163e+00,-2.671786308e+00,-3.540451527e+00,1.216863871e+00,3.000000000e+00,6.000000000e+00,6.000000000e+00,0.000000000e+00,1.277685761e+00,2.966262102e+00,-1.635118574e-01,1.000000000e+00,-1.767391205e+00,-3.533202887e+00,1.329709172e+00,2.966146231e+00,-1.816634417e+00,-2.031330109e+00,1.814689159e+00,1.216863871e+00,3.000000000e+00,3.000000000e+00,0.000000000e+00,3.000000000e+00,4.000000000e+00,3.000000000e+00,2.000000000e+00,1.000000000e+00,-4.665249348e+00,-1.669915199e+00,1.765855104e-01,-4.656481266e+00,1.000000000e+00,4.141753038e-07,7.780622244e-01
59,1,8.145099878e-01,5.507601500e-01,-9.628268480e-01,6.935728788e-01,-5.396784749e-03,-3.243715763e+00,-3.142605543e+00,-2.610181570e+00,-2.624903440e+00,-2.346512318e+00,-2.327955484e+00,-3.506830215e+00,1.216286778e+00,4.000000000e+00,5.000000000e+00,5.000000000e+00,0.000000000e+00,1.531794667e+00,3.112506151e+00,-5.396784749e-03,1.000000000e+00,-1.513576627e+00,-3.026666880e+00,1.302501708e-01,3.112505913e+00,-3.045114756e+00,-1.777314663e+00,3.260598421e+00,1.216286778e+00,1.000000000e+00,1.000000000e+00,0.000000000e+00,2.000000000e+00,-4.000000000e+00,2.200000000e+01,1.000000000e+00,1.000000000e+00,-5.361808300e+00,-1.710164070e+00,-3.760941625e-01,-5.355339527e+00,1.000000000e+00,4.141753038e-07,9.474148154e-01
59,2,6.733729243e-01,4.275174737e-01,-1.223302722e+00,6.350058317e-01,-2.100915909e-01,-3.155560493e+00,-2.973835230e+00,-2.287732363e+00,-2.218400002e+00,-2.041913271e+00,-2.323965073e+00,-3.400943041e+00,1.166703343e+00,4.000000000e+00,5.000000000e+00,6.000000000e+00,0.000000000e+00,1.296770453e+00,2.690515041e+00,-1.431449205e-01,1.000000000e+00,-1.650807858e+00,-3.300642490e+00,1.263139725e+00,2.690211535e+00,-1.382838964e+00,-1.896648526e+00,1.603578687e+00,1.166703343e+00,1.000000000e+00,1.000000000e+00,0.000000000e+00,2.000000000e+00,-4.000000000e+00,2.200000000e+01,1.000000000e+00,1.000000000e+00,-4.561021328e+00,-2.124436140e+00,-9.538263083e-01,-4.557890892e+00,1.000000000e+00,4.141753038e-07,9.905065894e-01
59,3,1.029012680e+00,3.618909419e-01,-9.219836593e-01,9.142066240e-01,-1.271855086e-01,-2.977406979e+00,-1.675650716e+00,-2.312100649e+00,-1.073132277e+00,-1.645048618e+00,-2.312716722e+00,-3.643028259e+00,2.217465878e+00,7.000000000e+00,6.000000000e+00,8.000000000e+00,0.000000000e+00,1.786102891e+00,2.538118839e+00,1.111699268e-02,1.000000000e+00,-1.283869743e+00,-2.567510843e+00,-8.713256717e-01,2.538118839e+00,-2.306269169e+00,-1.950961113e+00,2.837479115e+00,2.217465878e+00,3.000000000e+00,3.000000000e+00,0.000000000e+00,2.000000000e+00,-5.000000000e+00,3.300000000e+01,3.000000000e+00,1.000000000e+00,-5.225031376e+00,-2.298155546e+00,-2.024299383e+00,-5.223216534e+00,1.000000000e+00,6.560176015e-01,9.954960346e-01
59,4,6.726273894e-01,3.288853765e-01,-1.370589375e+00,9.020521045e-01,-1.393400431e-01,-3.045214415e+00,-2.981463909e+00,-2.518049955e+00,-2.489895582e+00,-2.174386263e+00,-2.371659756e+00,-3.388375282e+00,1.428826451e+00,5.000000000e+00,7.000000000e+00,8.000000000e+00,0.000000000e+00,7.739727497e-01,2.561438560e+00,-1.037505339e-03,1.000000000e+00,-1.699463010e+00,-3.397533417e+00,-1.530614868e-02,2.561437130e+00,-2.833925009e+00,-2.043178797e+00,2.892183304e+00,1.428826451e+00,1.000000000e+00,1.000000000e+00,0.000000000e+00,2.000000000e+00,-4.000000000e+00,2.100000000e+01,1.000000000e+00,1.000000000e+00,-4.567277431e+00,-1.957650542e+00,-5.067812204e-01,-4.562691212e+00,1.000000000e+00,4.141753038e-07,9.967796206e-01
60,0,8.644449711e-01,6.249615550e-01,-1.161239386e+00,1.000237823e+00,4.599568620e-02,-3.293576241e+00,-3.306210518e+00,-2.625247240e+00,-2.777591467e+00,-2.385841370e+00,-2.650318146e+00,-3.532431841e+00,-1.148816824e+00,4.000000000e+00,7.000000000e+00,7.000000000e+00,0.000000000e+00,9.178799391e-01,2.844887495e+00,1.551400870e-01,1.000000000e+00,-1.786180615e+00,-3.570655823e+00,5.532101542e-02,2.844886780e+00,-3.346527100e+00,-2.025644541e+00,3.181241751e+00,1.148816824e+00,0.000000000e+00,0.000000000e+00,0.000000000e+00,0.000000000e+00,-1.000000000e+00,-1.000000000e+00,-1.000000000e+00,0.000000000e+00,-9.999956489e-01,4.141753038e-07,1.000000000e+00,-6.989678144e-01,1.000000000e+00,1.007661343e+00,8.273295760e-01
60,1,6.276501417e-01,6.231722236e-01,-1.215684772e+00,7.313262820e-01,-3.826161027e-01,-3.262394190e+00,-3.109854937e+00,-2.508852959e+00,-2.468981504e+00,-2.504376650e+00,-2.466380596e+00,-3.266863823e+00,-1.438495964e-01,6.000000000e+00,7.000000000e+00,9.000000000e+00,0.000000000e+00,3.440542519e-01,2.676532745e+00,-2.229156047e-01,1.000000000e+00,-1.838834047e+00,-3.675658941e+00,8.753396273e-01,2.676478386e+00,-2.216870308e+00,-1.843311667e+00,1.765716076e+00,1.438495964e-01,1.000000000e+00,0.000000000e+00,1.000000000e+00,3.000000000e+00,0.000000000e+00,5.000000000e+00,2.000000000e+00,1.000000000e+00,-5.442509174e+00,-2.551630735e+00,-1.428265810e+00,-5.441628933e+00,1.000000000e+00,9.804776907e-01,8.322269320e-01
60,2,9.372827411e-01,4.789339006e-01,-1.044409633e+00,1.317598820e-01,-9.821796417e-01,-3.030053854e+00,-2.918091059e+00,-2.486042500e+00,-2.374197006e+00,-2.027780294e+00,-2.460320950e+00,-3.487531900e+00,1.716772079e+00,7.000000000e+00,7.000000000e+00,9.000000000e+00,0.000000000e+00,-6.058043614e-02,1.997548819e+00,-8.224800825e-01,1.000000000e+00,-1.523333669e+00,-3.046028614e+00,-7.023174316e-02,1.997532964e+00,-2.923101902e+00,-1.981655478e+00,2.414117336e+00,1.716772079e+00,1.000000000e+00,1.000000000e+00,0.000000000e+00,1.000000000e+00,5.000000000e+00,4.000000000e+00,1.000000000e+00,1.000000000e+00,-4.928528309e+00,-1.787483931e+00,-5.140385628e-01,-4.922092915e+00,1.000000000e+00,4.141753038e-07,9.815651774e-01
60,3,7.475525737e-01,3.340750039e-01,-1.130448580e+00,6.083589196e-01,-2.367385030e-01,-3.022488594e+00,-2.888037205e+00,-2.521307230e+00,-2.430072308e+00,-2.107918024e+00,-2.211869955e+00,-3.435239315e+00,-1.605705857e+00,5.000000000e+00,5.000000000e+00,6.000000000e+00,0.000000000e+00,-5.496087670e-02,2.080496073e+00,-1.697918028e-01,1.000000000e+00,-1.464516640e+00,-2.928548813e+00,-3.036813438e-01,2.080492258e+00,-3.067438602e+00,-1.877974153e+00,2.706154585e+00,1.605705857e+00,1.000000000e+00,1.000000000e+00,0.000000000e+00,3.000000000e+00,-4.000000000e+00,8.000000000e+00,1.000000000e+00,1.000000000e+00,-4.182162762e+00,-1.512253523e+00,-1.217761412e-01,-4.169209957e+00,1.000000000e+00,2.033985704e-01,9.966108203e-01
60,4,7.324647307e-01,3.065166771e-01,-1.291867852e+00,2.291696966e-01,-7.250707746e-01,-3.024147987e+00,-2.925334692e+00,-2.524394989e+00,-2.444022655e+00,-2.098537445e+00,-2.330502510e+00,-3.449331522e+00,-1.636755466e+00,5.000000000e+00,6.000000000e+00,7.000000000e+00,0.000000000e+00,-9.903917313e-01,1.603732705e+00,-6.159268022e-01,1.000000000e+00,-1.598375559e+00,-3.195841312e+00,2.495151609e-01,1.603307366e+00,-2.501007318e+00,-2.024295092e+00,1.699275732e+00,1.636755466e+00,1.000000000e+00,1.000000000e+00,0.000000000e+00,3.000000000e+00,-4.000000000e+00,2.500000000e+01,1.000000000e+00,1.000000000e+00,-5.148856640e+00,-2.542419434e+00,-1.885828972e+00,-5.147788048e+00,2.000000000e+00,-1.897117972e+00,9.973987341e-01
60,5,7.711983323e-01,3.006671965e-01,-1.220640659e+00,3.833188117e-01,-6.580720544e-01,-3.005069971e+00,-2.897101402e+00,-2.520358801e+00,-2.441879272e+00,-2.049922705e+00,-2.292221308e+00,-3.474743366e+00,-1.746637344e+00,6.000000000e+00,7.000000000e+00,8.000000000e+00,0.000000000e+00,1.109518409e+00,2.604731321e+00,-5.197699070e-01,1.000000000e+00,-1.521300435e+00,-3.041944504e+00,-1.470428258e-01,2.604730606e+00,-2.889373064e+00,-1.991803527e+00,3.143633366e+00,1.746637344e+00,3.000000000e+00,3.000000000e+00,0.000000000e+00,3.000000000e+00,-5.000000000e+00,1.300000000e+01,3.000000000e+00,1.000000000e+00,-4.407078266e+00,-1.507040739e+00,5.597485974e-02,-4.394106388e+00,2.000000000e+00,-1.837745905e+00,9.975355864e-01
60,6,1.028100729e+00,2.924255431e-01,-8.302676678e-01,8.216081262e-01,-2.197838873e-01,-2.935683727e+00,-2.633762598e+00,-2.408685684e+00,-2.181272745e+00,-1.673101068e+00,-2.150685787e+00,-3.669699192e+00,-2.378548622e+00,8.000000000e+00,6.000000000e+00,8.000000000e+00,0.000000000e+00,9.314563870e-01,2.138864040e+00,-8.148138970e-02,1.000000000e+00,-1.122690201e+00,-2.245265961e+00,6.785708666e-02,2.138848305e+00,-2.405796766e+00,-1.858340025e+00,2.579152346e+00,2.378548622e+00,1.000000000e+00,1.000000000e+00,0.000000000e+00,2.000000000e+00,5.000000000e+00,3.300000000e+01,3.000000000e+00,1.000000000e+00,-4.398151875e+00,-1.306910157e+00,-3.245079517e-01,-4.377752304e+00,1.000000000e+00,7.679772377e-01,9.977135658e-01
60,7,7.986688614e-01,2.807734609e-01,-1.212021947e+00,1.030682564e+00,-8.326024562e-02,-2.816646338e+00,-2.715729952e+00,-2.365730524e+00,-2.247077942e+00,-1.847905159e+00,-2.290943623e+00,-3.333888769e+00,1.861785054e+00,7.000000000e+00,7.000000000e+00,9.000000000e+00,0.000000000e+00,1.149587274e+00,2.422730923e+00,7.644040883e-02,1.000000000e+00,-1.492788792e+00,-2.984742403e+00,-1.094751135e-01,2.422729254e+00,-2.637215137e+00,-2.010653257e+00,2.931324959e+00,1.861785054e+00,1.000000000e+00,1.000000000e+00,0.000000000e+00,2.000000000e+00,-5.000000000e+00,3.300000000e+01,3.000000000e+00,1.000000000e+00,-4.832941532e+00,-1.219997048e+00,5.995764732e-01,-4.809214115e+00,1.000000000e+00,1.267714262e+00,9.979385734e-01
61,0,1.016425133e+00,7.589612007e-01,-9.815748334e-01,6.036602855e-01,-4.377313256e-01,-3.364053011e+00,-3.392613888e+00,-2.673251867e+00,-2.851236105e+00,-2.415879250e+00,-2.756632328e+00,-3.620705128e+00,1.198972702e+00,4.000000000e+00,7.000000000e+00,8.000000000e+00,0.000000000e+00,8.259141445e-01,2.829113722e+00,-2.994289696e-01,1.000000000e+00,-1.740516186e+00,-3.479682684e+00,1.299733162e+00,2.828923941e+00,-2.310683727e+00,-1.997960925e+00,1.964727402e+00,1.198972702e+00,3.000000000e+00,3.000000000e+00,0.000000000e+00,3.000000000e+00,4.000000000e+00,2.100000000e+01,2.000000000e+00,1.000000000e+00,-5.183804035e+00,-1.364256024e+00,7.909283638e-01,-5.168182373e+00,1.000000000e+00,4.141753038e-07,1.852309406e-01
61,1,7.890088558e-01,6.738229990e-01,-1.167220354e+00,7.792718410e-01,-1.749700755e-01,-3.179394484e+00,-3.172456980e+00,-2.479470730e+00,-2.528519392e+00,-2.364315510e+00,-2.629685640e+00,-3.294380903e+00,7.609009147e-01,4.000000000e+00,7.000000000e+00,7.000000000e+00,0.000000000e+00,8.406333327e-01,2.784760237e+00,-6.582574546e-02,1.000000000e+00,-1.841019511e+00,-3.679828882e+00,9.740778804e-01,2.784708261e+00,-2.228337765e+00,-1.956196189e+00,1.974864841e+00,7.609009147e-01,2.000000000e+00,0.000000000e+00,2.000000000e+00,3.000000000e+00,2.000000000e+00,6.000000000e+00,1.000000000e+00,1.000000000e+00,-5.165094376e+00,-2.181168556e+00,-6.746259332e-01,-5.162658691e+00,1.000000000e+00,4.141753038e-07,6.370510459e-01
61,2,9.849999547e-01,4.832863808e-01,-1.025828123e+00,1.161442041e+00,4.749903455e-02,-3.051170588e+00,-2.955692768e+00,-2.579087973e+00,-2.483494282e+00,-2.077487230e+00,-2.493822813e+00,-3.551823139e+00,1.822604895e+00,7.000000000e+00,7.000000000e+00,9.000000000e+00,0.000000000e+00,-4.362647533e-01,1.860473990e+00,2.071997672e-01,1.000000000e+00,-1.509104967e+00,-3.017624855e+00,7.421500683e-01,1.859211087e+00,-2.224689960e+00,-2.010788202e+00,1.523124456e+00,1.822604895e+00,3.000000000e+00,3.000000000e+00,0.000000000e+00,1.000000000e+00,5.000000000e+00,1.000000000e+01,1.000000000e+00,1.000000000e+00,-4.578666687e+00,-1.195675135e+00,6.840684414e-01,-4.552824020e+00,1.000000000e+00,4.141753038e-07,9.804343581e-01
61,3,6.242619157e-01,4.327413440e-01,-1.374245405e+00,4.344184995e-01,-5.198227167e-01,-3.173037052e+00,-3.086237669e+00,-2.510165691e+00,-2.482975245e+00,-2.318695068e+00,-2.430906534e+00,-3.364199162e+00,1.009444594e+00,4.000000000e+00,7.000000000e+00,7.000000000e+00,0.000000000e+00,5.406652689e-01,2.589118958e+00,-4.106785655e-01,1.000000000e+00,-1.806969047e+00,-3.611977816e+00,-2.669855393e-02,2.589117527e+00,-2.942167282e+00,-1.998474121e+00,2.779997826e+00,1.009444594e+00,1.000000000e+00,0.000000000e+00,1.000000000e+00,3.000000000e+00,2.000000000e+00,2.000000000e+00,1.000000000e+00,1.000000000e+00,-5.350355148e+00,-1.822063923e+00,-1.700847782e-02,-5.345308304e+00,1.000000000e+00,4.141753038e-07,9.898777604e-01
61,4,7.899929285e-01,3.576796651e-01,-1.181125283e+00,1.264679193e+00,1.507360935e-01,-2.940334558e+00,-2.841743469e+00,-2.459664583e+00,-2.358413935e+00,-2.027430296e+00,-2.328417301e+00,-3.372002602e+00,-1.652546883e+00,7.000000000e+00,7.000000000e+00,9.000000000e+00,0.000000000e+00,7.150040865e-01,2.384983778e+00,3.104368448e-01,1.000000000e+00,-1.538796306e+00,-3.076809645e+00,1.334082037e-01,2.384977102e+00,-2.582618475e+00,-1.971083999e+00,2.582532644e+00,1.652546883e+00,1.000000000e+00,1.000000000e+00,0.000000000e+00,1.000000000e+00,-5.000000000e+00,2.500000000e+01,1.000000000e+00,1.000000000e+00,-5.168913841e+00,-1.568594217e+00,-8.273979276e-02,-5.159030437e+00,1.000000000e+00,4.141753038e-07,9.956907630e-01
62,0,1.587276578e+00,9.688527584e-01,-2.911627591e-01,7.131493092e-01,-4.007930160e-01,-3.463288069e+00,-3.205826998e+00,-2.915277004e+00,-2.618204355e+00,-2.297124624e+00,-2.846979618e+00,-4.077750206e+00,-2.102304459e+00,8.000000000e+00,7.000000000e+00,9.000000000e+00,0.000000000e+00,1.617173076e+00,3.105890751e+00,-2.410925478e-01,1.000000000e+00,-1.260008454e+00,-2.519880772e+00,1.479226232e+00,3.105769634e+00,-2.107955694e+00,-1.878407478e+00,1.947711468e+00,2.102304459e+00,4.000000000e+00,4.000000000e+00,0.000000000e+00,3.000000000e+00,-5.000000000e+00,1.300000000e+01,3.000000000e+00,1.000000000e+00,-4.367625713e+00,-1.222009420e+00,2.540712617e-02,-4.342902660e+00,1.000000000e+00,4.141753038e-07,1.811792026e-04
63,0,1.089077950e+00,6.618542671e-01,-7.546569109e-01,4.624647796e-01,-2.365046442e-01,-3.298560858e+00,-3.082593203e+00,-2.656286716e+00,-2.490676641e+00,-2.229186058e+00,-2.505420446e+00,-3.724340916e+00,-1.639923215e+00,4.000000000e+00,5.000000000e+00,5.000000000e+00,0.000000000e+00,-2.450907946e+00,1.214324117e+00,-2.365046442e-01,1.000000000e+00,-1.416502237e+00,-2.832699537e+00,1.188211322e+00,7.414479852e-01,-1.964414001e+00,-1.843707085e+00,-1.852199137e-01,1.639923215e+00,3.000000000e+00,3.000000000e+00,0.000000000e+00,3.000000000e+00,-4.000000000e+00,2.000000000e+01,3.000000000e+00,1.000000000e+00,-4.690611839e+00,-1.398925781e+00,7.052881271e-02,-4.674434662e+00,1.000000000e+00,4.141753038e-07,6.940501928e-01
63,1,1.112518311e+00,5.398389101e-01,-8.191308379e-01,6.309955716e-01,-4.103960693e-01,-3.142467260e+00,-2.954746962e+00,-2.550907373e+00,-2.405373812e+00,-1.978340983e+00,-2.471307755e+00,-3.713498831e+00,-1.993401527e+00,7.000000000e+00,6.000000000e+00,8.000000000e+00,0.000000000e+00,-2.095878363e+00,1.357372403e+00,-2.720937133e-01,1.000000000e+00,-1.358962536e+00,-2.717663765e+00,1.357348680e+00,-6.238559484e-01,-1.587957501e+00,-1.931614876e+00,-1.554093957e+00,1.993401527e+00,3.000000000e+00,3.000000000e+00,0.000000000e+00,2.000000000e+00,5.000000000e+00,8.000000000e+00,3.000000000e+00,1.000000000e+00,-4.669328690e+00,-1.333806634e+00,1.094760373e-02,-4.650545120e+00,1.000000000e+00,4.141753038e-07,9.555463791e-01
63,2,9.539630413e-01,4.231925607e-01,-9.962403178e-01,1.352224469e+00,3.108319938e-01,-3.080511570e+00,-2.917166233e+00,-2.592704058e+00,-2.422647715e+00,-2.062053442e+00,-2.373203278e+00,-3.610032320e+00,-1.892852426e+00,7.000000000e+00,6.000000000e+00,8.000000000e+00,0.000000000e+00,1.662232995e+00,2.893220425e+00,4.491346478e-01,1.000000000e+00,-1.419425607e+00,-2.838480234e+00,1.135682315e-01,2.893219948e+00,-2.732152700e+00,-1.950168848e+00,3.140222788e+00,1.892852426e+00,1.000000000e+00,1.000000000e+00,0.000000000e+00,1.000000000e+00,-5.000000000e+00,2.800000000e+01,1.000000000e+00,1.000000000e+00,-4.399916649e+00,-1.468265653e+00,-1.267392635e-01,-4.385746956e+00,1.000000000e+00,4.141753038e-07,9.909925461e-01
63,3,7.500374317e-01,3.031002283e-01,-1.276028633e+00,3.291110098e-01,-5.159857869e-01,-3.036966562e+00,-2.924982786e+00,-2.476207018e+00,-2.401068926e+00,-2.029353142e+00,-2.328852177e+00,-3.483054161e+00,-1.688691497e+00,4.000000000e+00,6.000000000e+00,6.000000000e+00,0.000000000e+00,2.671027184e-01,2.162951469e+00,-4.490391910e-01,1.000000000e+00,-1.579120398e+00,-3.157419920e+00,-6.008276939e-01,2.162950754e+00,-3.304231882e+00,-2.026028156e+00,3.135122776e+00,1.688691497e+00,2.000000000e+00,2.000000000e+00,0.000000000e+00,3.000000000e+00,-4.000000000e+00,2.000000000e+01,3.000000000e+00,1.000000000e+00,-4.454542160e+00,-1.590556860e+00,-2.854866325e-04,-4.443843842e+00,1.000000000e+00,1.298450828e+00,9.974798560e-01
64,0,5.254338384e-01,5.197969079e-01,-1.379052401e+00,5.437841415e-01,-4.104573727e-01,-3.133583069e+00,-3.199670076e+00,-2.336133480e+00,-2.611685276e+00,-2.330497742e+00,-2.424159288e+00,-3.139212132e+00,1.614668667e-01,4.000000000e+00,7.000000000e+00,7.000000000e+00,0.000000000e+00,-2.052438110e-01,2.227973700e+00,-3.013131618e-01,1.000000000e+00,-1.898825169e+00,-3.794983149e+00,-1.549627818e-02,2.227966547e+00,-3.146547318e+00,-1.904461622e+00,2.524551153e+00,1.614668667e-01,1.000000000e+00,0.000000000e+00,1.000000000e+00,3.000000000e+00,0.000000000e+00,8.000000000e+00,1.000000000e+00,1.000000000e+00,-5.384280205e+00,-2.060957909e+00,-3.318108022e-01,-5.381430149e+00,1.000000000e+00,4.141753038e-07,9.670887589e-01
64,1,1.182553172e+00,4.558384120e-01,-7.173242569e-01,3.199497759e-01,-7.939910889e-01,-3.024510860e+00,-2.782237291e+00,-2.485632658e+00,-2.300495386e+00,-1.759025693e+00,-2.355577946e+00,-3.749240637e+00,-2.357550859e+00,9.000000000e+00,7.000000000e+00,9.000000000e+00,0.000000000e+00,4.067713767e-02,1.789091587e+00,-6.342910528e-01,1.000000000e+00,-1.173158407e+00,-2.346191645e+00,1.128042936e+00,1.778493881e+00,-1.628358960e+00,-1.899845123e+00,1.191975951e+00,2.357550859e+00,1.000000000e+00,1.000000000e+00,0.000000000e+00,1.000000000e+00,-5.000000000e+00,2.300000000e+01,1.000000000e+00,1.000000000e+00,-4.156920910e+00,-8.910788298e-01,4.591587782e-01,-4.105127811e+00,1.000000000e+00,5.760143995e-01,9.864395261e-01
64,2,9.023451805e-01,4.177893996e-01,-1.119510770e+00,1.364449143e+00,3.230565786e-01,-3.132404089e+00,-2.991906881e+00,-2.535626650e+00,-2.434049129e+00,-2.051171064e+00,-2.439406633e+00,-3.615752935e+00,1.780885339e+00,6.000000000e+00,7.000000000e+00,8.000000000e+00,0.000000000e+00,1.296884298e+00,2.699662209e+00,4.613592327e-01,1.000000000e+00,-1.537290812e+00,-3.073971510e+00,-2.836846709e-01,2.699661970e+00,-3.135048628e+00,-2.021816015e+00,3.366067886e+00,1.780885339e+00,1.000000000e+00,1.000000000e+00,0.000000000e+00,2.000000000e+00,-5.000000000e+00,3.200000000e+01,3.000000000e+00,1.000000000e+00,-4.723667145e+00,-1.157745481e+00,8.217148185e-01,-4.695966244e+00,1.000000000e+00,7.371660471e-01,9.915590286e-01
64,3,1.108175159e+00,4.162288308e-01,-8.969103098e-01,9.200166464e-01,-1.213755384e-01,-3.035044432e+00,-2.849825859e+00,-2.570974112e+00,-2.371563196e+00,-1.879156470e+00,-2.421128273e+00,-3.725149393e+00,-2.275920153e+00,7.000000000e+00,7.000000000e+00,8.000000000e+00,0.000000000e+00,7.200303078e-01,2.239207506e+00,1.692697965e-02,1.000000000e+00,-1.313133478e+00,-2.626026392e+00,-1.661782563e-01,2.239204168e+00,-2.953682184e+00,-2.005044937e+00,2.897709131e+00,2.275920153e+00,2.000000000e+00,2.000000000e+00,0.000000000e+00,2.000000000e+00,5.000000000e+00,3.100000000e+01,3.000000000e+00,1.000000000e+00,-4.678242683e+00,-1.755175114e+00,-8.992410302e-01,-4.671035290e+00,1.000000000e+00,5.801001787e-01,9.917146564e-01
64,4,1.050916076e+00,3.861573935e-01,-9.136014581e-01,5.759166479e-01,-4.654749036e-01,-2.967685938e+00,-2.783027172e+00,-2.433937788e+00,-2.284929037e+00,-1.769271493e+00,-2.350485563e+00,-3.630987406e+00,2.211893320e+00,7.000000000e+00,6.000000000e+00,8.000000000e+00,0.000000000e+00,1.501495957e+00,2.520045280e+00,-3.271725178e-01,1.000000000e+00,-1.299753666e+00,-2.599256516e+00,-3.299805522e-01,2.520045042e+00,-3.000716209e+00,-1.964480996e+00,3.365563154e+00,2.211893320e+00,1.000000000e+00,1.000000000e+00,0.000000000e+00,1.000000000e+00,5.000000000e+00,8.000000000e+00,1.000000000e+00,1.000000000e+00,-5.406165123e+00,-1.840201497e+00,-1.068293810e+00,-5.401514530e+00,2.000000000e+00,-1.307899833e+00,9.941405654e-01
64,5,1.063184500e+00,3.762725890e-01,-9.439094663e-01,6.849028468e-01,-4.290394187e-01,-2.980499744e+00,-2.802474737e+00,-2.455533743e+00,-2.296370506e+00,-1.768720150e+00,-2.383166075e+00,-3.665810823e+00,2.264078140e+00,8.000000000e+00,7.000000000e+00,9.000000000e+00,0.000000000e+00,6.735882163e-01,2.105548382e+00,-2.693389654e-01,1.000000000e+00,-1.320176601e+00,-2.640082598e+00,-7.144337147e-02,2.105538845e+00,-2.743931770e+00,-2.007053614e+00,2.704592228e+00,2.264078140e+00,1.000000000e+00,1.000000000e+00,0.000000000e+00,1.000000000e+00,5.000000000e+00,1.700000000e+01,2.000000000e+00,1.000000000e+00,-5.705079556e+00,-2.852693319e+00,-3.066345453e+00,-5.704779148e+00,1.000000000e+00,1.377907395e-01,9.947451353e-01
64,6,1.034382224e+00,3.588045537e-01,-9.816240668e-01,8.324456215e-01,-2.814969718e-01,-2.951143503e+00,-2.807985067e+00,-2.498427391e+00,-2.352568865e+00,-1.822957635e+00,-2.374587536e+00,-3.625272989e+00,2.237394333e+00,8.000000000e+00,7.000000000e+00,9.000000000e+00,0.000000000e+00,2.264596969e-01,1.936303139e+00,-1.217963994e-01,1.000000000e+00,-1.340423107e+00,-2.680532694e+00,2.570867538e-01,1.936207891e+00,-2.454260826e+00,-2.015965223e+00,2.208747387e+00,2.237394333e+00,1.000000000e+00,1.000000000e+00,0.000000000e+00,1.000000000e+00,5.000000000e+00,6.000000000e+00,1.000000000e+00,1.000000000e+00,-4.240282536e+00,-1.352855444e+00,-6.257744879e-02,-4.221746922e+00,2.000000000e+00,-1.319050431e+00,9.956398010e-01
65,0,1.377252817e+00,1.075424790e+00,-6.209008694e-01,8.136091828e-01,-1.406327784e-01,-3.537262678e+00,-3.340160608e+00,-2.768544436e+00,-2.715357780e+00,-2.466844082e+00,-3.073032379e+00,-3.837591410e+00,1.319078922e+00,4.000000000e+00,7.000000000e+00,7.000000000e+00,0.000000000e+00,1.623524070e+00,3.278743267e+00,-3.148843721e-02,1.000000000e+00,-1.696305871e+00,-3.391550064e+00,1.188575864e+00,3.278728962e+00,-2.602258444e+00,-1.998112202e+00,2.338750362e+00,1.319078922e+00,4.000000000e+00,4.000000000e+00,0.000000000e+00,3.000000000e+00,4.000000000e+00,9.000000000e+00,1.000000000e+00,1.000000000e+00,-5.525866508e+00,-2.220060587e+00,-1.042357564e+00,-5.524132252e+00,1.000000000e+00,4.141753038e-07,1.022451556e-06
65,1,1.077863097e+00,5.599647760e-01,-8.868151903e-01,8.661248684e-01,-1.752671897e-01,-3.159869194e+00,-2.340291023e+00,-2.324528456e+00,-1.554719448e+00,-1.806693792e+00,-2.524427176e+00,-3.676329613e+00,1.861792088e+00,6.000000000e+00,6.000000000e+00,8.000000000e+00,0.000000000e+00,1.588939428e+00,2.601143122e+00,-3.696466610e-02,1.000000000e+00,-1.446771026e+00,-2.893152952e+00,6.039314866e-01,2.601121187e+00,-1.510754108e+00,-1.964641571e+00,1.745199203e+00,1.861792088e+00,4.000000000e+00,4.000000000e+00,0.000000000e+00,2.000000000e+00,-5.000000000e+00,1.400000000e+01,3.000000000e+00,1.000000000e+00,-4.541148186e+00,-1.990430355e+00,-1.096207261e+00,-4.536884308e+00,1.000000000e+00,4.141753038e-07,9.392908216e-01
65,2,5.466333628e-01,3.919886947e-01,-1.434994102e+00,9.529135823e-01,-1.328504528e-03,-3.153318882e+00,-3.101449728e+00,-2.484079123e+00,-2.510442019e+00,-2.329473972e+00,-2.373279810e+00,-3.307699442e+00,-8.947585821e-01,4.000000000e+00,7.000000000e+00,7.000000000e+00,0.000000000e+00,9.265127778e-01,2.792823553e+00,1.078158394e-01,1.000000000e+00,-1.826965213e+00,-3.651791096e+00,-2.538144123e-03,2.792822838e+00,-2.904760838e+00,-1.981597543e+00,2.976235867e+00,8.947585821e-01,1.000000000e+00,0.000000000e+00,1.000000000e+00,3.000000000e+00,-2.000000000e+00,4.000000000e+00,1.000000000e+00,1.000000000e+00,-4.259220600e+00,-2.948686123e+00,-2.243102074e+00,-4.258741379e+00,1.000000000e+00,4.141753038e-07,9.937446713e-01
65,3,5.416575074e-01,3.525691330e-01,-1.465974331e+00,8.399099112e-01,-1.143320575e-01,-3.113373756e+00,-3.071155071e+00,-2.517300606e+00,-2.545699835e+00,-2.328262568e+00,-2.359790325e+00,-3.302154779e+00,1.002114654e+00,4.000000000e+00,7.000000000e+00,7.000000000e+00,0.000000000e+00,-4.450257719e-01,2.105842590e+00,-5.187734496e-03,1.000000000e+00,-1.818527341e+00,-3.634910345e+00,-4.620934129e-01,2.105840921e+00,-3.359521151e+00,-2.007600069e+00,2.784991026e+00,1.002114654e+00,2.000000000e+00,2.000000000e+00,0.000000000e+00,3.000000000e+00,4.000000000e+00,9.000000000e+00,1.000000000e+00,1.000000000e+00,-5.082911968e+00,-3.050023794e+00,-2.464557409e+00,-5.082572460e+00,1.000000000e+00,9.872144461e-01,9.959135652e-01
65,4,7.838859558e-01,3.317461610e-01,-1.243973374e+00,7.306535840e-01,-2.235882729e-01,-2.997391701e+00,-2.892575741e+00,-2.444007397e+00,-2.354429960e+00,-1.991945505e+00,-2.359241486e+00,-3.448741436e+00,1.701506495e+00,5.000000000e+00,6.000000000e+00,7.000000000e+00,0.000000000e+00,1.612217426e+00,2.798096895e+00,-1.144439653e-01,1.000000000e+00,-1.575710535e+00,-3.150567055e+00,-1.008063912e+00,2.798096895e+00,-3.692199230e+00,-2.027820349e+00,4.167705536e+00,1.701506495e+00,1.000000000e+00,1.000000000e+00,0.000000000e+00,1.000000000e+00,5.000000000e+00,1.500000000e+01,1.000000000e+00,1.000000000e+00,-4.636590958e+00,-2.347928762e+00,-1.540675998e+00,-4.634730816e+00,1.000000000e+00,9.880474210e-01,9.966879487e-01
66,0,8.806861043e-01,8.264773488e-01,-1.023919702e+00,5.673556328e-01,-3.868859708e-01,-3.314142704e+00,-3.345523834e+00,-2.557211876e+00,-2.730304480e+00,-2.503021479e+00,-2.730797529e+00,-3.368232489e+00,5.100966096e-01,4.000000000e+00,7.000000000e+00,7.000000000e+00,0.000000000e+00,5.350152254e-01,2.770667791e+00,-2.777417302e-01,1.000000000e+00,-1.850370765e+00,-3.698571682e+00,1.396648306e-02,2.770667315e+00,-3.541535378e+00,-1.904575467e+00,2.983853102e+00,5.100966096e-01,4.000000000e+00,0.000000000e+00,4.000000000e+00,3.000000000e+00,1.000000000e+00,1.000000000e+01,1.000000000e+00,1.000000000e+00,-4.981988430e+00,-2.552987337e+00,-1.407897949e+00,-4.980891228e+00,1.000000000e+00,4.141753038e-07,3.190942854e-02
66,1,1.044329047e+00,7.104498148e-01,-1.013302445e+00,1.172538042e+00,5.859494954e-02,-3.282253265e+00,-3.237701178e+00,-2.674980164e+00,-2.711092234e+00,-2.341211319e+00,-2.767701626e+00,-3.615171194e+00,1.403273940e+00,5.000000000e+00,7.000000000e+00,9.000000000e+00,0.000000000e+00,5.543992519e-01,2.618506908e+00,2.182956785e-01,1.000000000e+00,-1.723733664e+00,-3.446168661e+00,-6.937865168e-03,2.618505716e+00,-3.427539825e+00,-2.057586432e+00,2.995226383e+00,1.403273940e+00,4.000000000e+00,4.000000000e+00,0.000000000e+00,3.000000000e+00,4.000000000e+00,3.600000000e+01,2.000000000e+00,1.000000000e+00,-4.648709297e+00,-2.758699179e+00,-2.071843863e+00,-4.647987366e+00,1.000000000e+00,4.141753038e-07,4.334335923e-01
66,2,5.675104856e-01,3.103090525e-01,-1.432311773e+00,9.246616960e-01,-1.167304590e-01,-3.070525885e+00,-3.020682096e+00,-2.427252769e+00,-2.443690062e+00,-2.170103312e+00,-2.309722185e+00,-3.327314854e+00,1.198247433e+00,5.000000000e+00,7.000000000e+00,8.000000000e+00,0.000000000e+00,1.474804163e+00,2.907570124e+00,2.157207578e-02,1.000000000e+00,-1.742608428e+00,-3.483608484e+00,2.272214144e-01,2.907569170e+00,-2.526752234e+00,-1.999790549e+00,2.953919649e+00,1.198247433e+00,1.000000000e+00,0.000000000e+00,1.000000000e+00,3.000000000e+00,2.000000000e+00,6.000000000e+00,1.000000000e+00,1.000000000e+00,-5.116461754e+00,-2.028576136e+00,-5.638083220e-01,-5.112941742e+00,1.000000000e+00,4.141753038e-07,9.973049164e-01
66,3,8.644760847e-01,1.696395576e-01,-1.016911387e+00,7.537636757e-01,-2.876282334e-01,-2.812642336e+00,-2.582359314e+00,-2.353765488e+00,-2.179026604e+00,-1.659006953e+00,-2.050866127e+00,-3.506365299e+00,-2.282716274e+00,8.000000000e+00,6.000000000e+00,8.000000000e+00,0.000000000e+00,-2.986433804e-01,1.509813309e+00,-1.493257731e-01,1.000000000e+00,-1.186548591e+00,-2.372891665e+00,-1.198432595e-01,1.509693742e+00,-2.468447447e+00,-1.881358862e+00,2.149516582e+00,2.282716274e+00,0.000000000e+00,0.000000000e+00,0.000000000e+00,0.000000000e+00,-1.000000000e+00,-1.000000000e+00,-1.000000000e+00,0.000000000e+00,-9.999956489e-01,4.141753038e-07,1.000000000e+00,-6.989678144e-01,0.000000000e+00,4.141753038e-07,9.991284013e-01
67,0,1.179164767e+00,1.092717171e+00,-6.962709427e-01,6.956254244e-01,-2.586163282e-01,-3.453002214e+00,-3.415515423e+00,-2.583611727e+00,-2.718472481e+00,-2.497194290e+00,-2.967718363e+00,-3.539178610e+00,6.520820260e-01,4.000000000e+00,7.000000000e+00,7.000000000e+00,0.000000000e+00,1.160908341e+00,3.077784777e+00,-1.494720429e-01,1.000000000e+00,-1.788963556e+00,-3.576307058e+00,-8.327040672e-01,3.077784777e+00,-4.625395298e+00,-1.875405192e+00,4.130317688e+00,6.520820260e-01,4.000000000e+00,0.000000000e+00,4.000000000e+00,3.000000000e+00,1.000000000e+00,9.000000000e+00,1.000000000e+00,1.000000000e+00,-5.071532249e+00,-2.334216595e+00,-1.086603165e+00,-5.069761753e+00,1.000000000e+00,4.141753038e-07,3.889557263e-07
67,1,9.568610787e-01,6.907150149e-01,-1.022377133e+00,8.044754267e-01,-2.369165719e-01,-3.314929247e+00,-3.199256182e+00,-2.647175074e+00,-2.602035999e+00,-2.381117344e+00,-2.669658899e+00,-3.580317736e+00,-1.222858787e+00,5.000000000e+00,7.000000000e+00,8.000000000e+00,0.000000000e+00,9.830554128e-01,2.872749567e+00,-9.861408919e-02,1.000000000e+00,-1.713074207e+00,-3.424940825e+00,-3.769612312e-01,2.872749329e+00,-3.667860746e+00,-1.979201317e+00,3.470285892e+00,1.222858787e+00,1.000000000e+00,0.000000000e+00,1.000000000e+00,3.000000000e+00,-2.000000000e+00,6.000000000e+00,1.000000000e+00,1.000000000e+00,-4.742665291e+00,-4.091583729e+00,-4.742976189e+00,-4.742632389e+00,1.000000000e+00,4.141753038e-07,5.469326377e-01
67,2,7.113540769e-01,4.082687199e-01,-1.348193169e+00,9.275783896e-01,-2.666370571e-02,-3.127424002e+00,-3.051668406e+00,-2.502945662e+00,-2.467390537e+00,-2.199929714e+00,-2.467402935e+00,-3.429921865e+00,-1.322418571e+00,4.000000000e+00,6.000000000e+00,7.000000000e+00,0.000000000e+00,1.139187098e+00,2.769592285e+00,8.248063922e-02,1.000000000e+00,-1.756446600e+00,-3.511236191e+00,-5.672650337e-01,2.769592285e+00,-3.441850185e+00,-2.059506893e+00,3.603907824e+00,1.322418571e+00,4.000000000e+00,4.000000000e+00,0.000000000e+00,3.000000000e+00,-4.000000000e+00,1.000000000e+00,3.000000000e+00,1.000000000e+00,-4.139472008e+00,-3.040552378e+00,-2.568164587e+00,-4.139082432e+00,1.000000000e+00,4.141753038e-07,9.924577475e-01
67,3,7.616578937e-01,3.668753803e-01,-1.335727811e+00,9.544641972e-01,2.220448368e-04,-3.063848495e+00,-2.995670080e+00,-2.548508883e+00,-2.501055956e+00,-2.153817892e+00,-2.463800192e+00,-3.457886219e+00,-1.558861256e+00,4.000000000e+00,7.000000000e+00,7.000000000e+00,0.000000000e+00,-1.791135311e+00,1.259226322e+00,1.093664095e-01,1.000000000e+00,-1.702590466e+00,-3.403779507e+00,1.230584383e-01,1.258063316e+00,-2.744769335e+00,-2.097340584e+00,1.482215285e+00,1.558861256e+00,1.000000000e+00,1.000000000e+00,0.000000000e+00,3.000000000e+00,-4.000000000e+00,1.000000000e+00,3.000000000e+00,1.000000000e+00,-5.569862366e+00,-2.156926155e+00,-9.026763439e-01,-5.567964554e+00,1.000000000e+00,4.141753038e-07,9.952514172e-01
68,0,7.947875857e-01,7.824611664e-01,-1.103500009e+00,9.384394884e-01,-1.580263488e-02,-3.220639229e+00,-3.346223831e+00,-2.403203726e+00,-2.731583595e+00,-2.390880585e+00,-2.680520296e+00,-3.232944965e+00,-2.393832952e-01,4.000000000e+00,7.000000000e+00,7.000000000e+00,0.000000000e+00,1.074620843e+00,2.928297758e+00,9.334173054e-02,1.000000000e+00,-1.885933161e+00,-3.769346714e+00,-2.153533936e+00,2.928297758e+00,-5.501903057e+00,-1.898258686e+00,5.390584946e+00,2.393832952e-01,3.000000000e+00,0.000000000e+00,3.000000000e+00,3.000000000e+00,0.000000000e+00,6.000000000e+00,1.000000000e+00,1.000000000e+00,-5.544009686e+00,-1.816390038e+00,1.259410083e-01,-5.539722443e+00,1.000000000e+00,4.141753038e-07,1.071989313e-01
68,1,6.700025797e-01,6.634717584e-01,-1.230228424e+00,1.227661967e+00,2.734196186e-01,-3.226733923e+00,-3.256700754e+00,-2.359889984e+00,-2.642273903e+00,-2.353360415e+00,-2.563537121e+00,-3.233253717e+00,1.738586128e-01,4.000000000e+00,7.000000000e+00,7.000000000e+00,0.000000000e+00,-1.509275138e-01,2.279405117e+00,3.825640380e-01,1.000000000e+00,-1.893673420e+00,-3.784747362e+00,1.251686335e+00,2.277485371e+00,-2.054200888e+00,-1.900203824e+00,1.314794779e+00,1.738586128e-01,3.000000000e+00,0.000000000e+00,3.000000000e+00,3.000000000e+00,0.000000000e+00,3.000000000e+00,1.000000000e+00,1.000000000e+00,-4.604682446e+00,-1.627769470e+00,5.525498986e-01,-4.594970703e+00,1.000000000e+00,4.141753038e-07,6.867279410e-01
68,2,6.180052757e-01,6.098722816e-01,-1.285999775e+00,1.013398051e+00,5.915589631e-02,-3.151910543e+00,-3.242183208e+00,-2.316075802e+00,-2.595340967e+00,-2.307944536e+00,-2.513719320e+00,-3.160031796e+00,1.941352636e-01,4.000000000e+00,7.000000000e+00,7.000000000e+00,0.000000000e+00,-1.497202367e-01,2.234762192e+00,1.683002859e-01,1.000000000e+00,-1.895846128e+00,-3.789055824e+00,1.233455300e+00,2.232593060e+00,-1.971888423e+00,-1.903978586e+00,1.286607265e+00,1.941352636e-01,2.000000000e+00,0.000000000e+00,2.000000000e+00,3.000000000e+00,0.000000000e+00,3.000000000e+00,1.000000000e+00,1.000000000e+00,-5.713729382e+00,-2.604138136e+00,-1.419011116e+00,-5.713208199e+00,1.000000000e+00,4.141753038e-07,8.646888137e-01
68,3,8.972011805e-01,4.887706041e-01,-1.124725103e+00,7.326800227e-01,-1.124175340e-01,-3.174548149e+00,-3.092056036e+00,-2.623145580e+00,-2.582394600e+00,-2.214825869e+00,-2.510423422e+00,-3.581966639e+00,-1.593095899e+00,4.000000000e+00,6.000000000e+00,6.000000000e+00,0.000000000e+00,-2.930550575e+00,7.500454187e-01,-4.547081143e-02,1.000000000e+00,-1.613483548e+00,-3.226132631e+00,-4.823163748e-01,7.492993474e-01,-3.552097797e+00,-2.021886349e+00,1.598776579e+00,1.593095899e+00,1.000000000e+00,1.000000000e+00,0.000000000e+00,2.000000000e+00,4.000000000e+00,1.800000000e+01,4.000000000e+00,1.000000000e+00,-5.862576962e+00,-2.205907583e+00,-1.190333962e+00,-5.861844540e+00,1.000000000e+00,6.715446711e-01,9.788943529e-01
68,4,5.812141299e-01,4.725317359e-01,-1.382639170e+00,5.237801671e-01,-4.304612875e-01,-3.209270239e+00,-3.159884930e+00,-2.534483433e+00,-2.589272499e+00,-2.425833941e+00,-2.436109781e+00,-3.317752600e+00,-7.373037934e-01,4.000000000e+00,7.000000000e+00,7.000000000e+00,0.000000000e+00,-1.396147758e-01,2.356144190e+00,-3.213170767e-01,1.000000000e+00,-1.855150104e+00,-3.707973003e+00,-1.443193574e-02,2.356140137e+00,-3.075887680e+00,-1.963823676e+00,2.533889532e+00,7.373037934e-01,1.000000000e+00,0.000000000e+00,1.000000000e+00,3.000000000e+00,-2.000000000e+00,5.000000000e+00,1.000000000e+00,1.000000000e+00,-5.500191689e+00,-4.009781837e+00,-4.309105873e+00,-5.500163078e+00,1.000000000e+00,6.712717414e-01,9.830946326e-01
68,5,5.692893863e-01,4.454110563e-01,-1.396961331e+00,5.292872787e-01,-3.158099949e-01,-3.189352274e+00,-3.148416519e+00,-2.494816065e+00,-2.547067404e+00,-2.370971203e+00,-2.411370039e+00,-3.313008785e+00,-7.916682363e-01,3.000000000e+00,6.000000000e+00,6.000000000e+00,0.000000000e+00,1.735494375e+00,3.238820553e+00,-2.488633245e-01,1.000000000e+00,-1.842352867e+00,-3.682480335e+00,-3.555615246e-01,3.238820553e+00,-3.347226620e+00,-1.966221333e+00,3.770183086e+00,7.916682363e-01,1.000000000e+00,0.000000000e+00,1.000000000e+00,3.000000000e+00,-2.000000000e+00,5.000000000e+00,1.000000000e+00,1.000000000e+00,-5.379691124e+00,-2.073533297e+00,-4.550386369e-01,-5.376913071e+00,1.000000000e+00,4.141753038e-07,9.881380200e-01
68,6,3.950309753e-01,3.909288645e-01,-1.514531255e+00,7.572619915e-01,-1.969799250e-01,-3.064452887e+00,-3.152955532e+00,-2.314589024e+00,-2.591117382e+00,-2.310487747e+00,-2.300398588e+00,-3.068550110e+00,1.376608610e-01,4.000000000e+00,7.000000000e+00,7.000000000e+00,0.000000000e+00,3.316141665e-01,2.476383448e+00,-8.783559501e-02,1.000000000e+00,-1.905439138e+00,-3.808127642e+00,-2.060222626e+00,2.476383448e+00,-4.997056484e+00,-1.909540892e+00,4.798321247e+00,1.376608610e-01,2.000000000e+00,0.000000000e+00,2.000000000e+00,3.000000000e+00,0.000000000e+00,6.000000000e+00,1.000000000e+00,1.000000000e+00,-5.322365761e+00,-2.448542118e+00,-1.083278060e+00,-5.321146488e+00,1.000000000e+00,4.141753038e-07,9.938189387e-01
68,7,3.660951555e-01,3.650536835e-01,-1.533518434e+00,9.724135995e-01,1.817141101e-02,-3.047679424e+00,-3.099385500e+00,-2.267820358e+00,-2.488877058e+00,-2.266779184e+00,-2.264596701e+00,-3.048719883e+00,-6.928160042e-02,4.000000000e+00,7.000000000e+00,7.000000000e+00,0.000000000e+00,-1.046974182e+00,1.743461847e+00,1.273158342e-01,1.000000000e+00,-1.898552299e+00,-3.794454336e+00,1.537927538e-01,1.743318081e+00,-2.700054169e+00,-1.899593711e+00,1.811583281e+00,6.928160042e-02,3.000000000e+00,0.000000000e+00,3.000000000e+00,3.000000000e+00,0.000000000e+00,3.000000000e+00,1.000000000e+00,1.000000000e+00,-4.858884335e+00,-2.649548054e+00,-1.504240036e+00,-4.857983112e+00,1.000000000e+00,4.141753038e-07,9.953426123e-01
68,8,9.496837854e-01,3.151415884e-01,-1.041788697e+00,1.659531116e+00,6.181384921e-01,-2.897524834e+00,-2.765405178e+00,-2.444377184e+00,-2.302501440e+00,-1.809927583e+00,-2.306360722e+00,-3.530933142e+00,-2.140501022e+00,7.000000000e+00,7.000000000e+00,8.000000000e+00,0.000000000e+00,4.119431600e-02,1.830605865e+00,7.564412355e-01,1.000000000e+00,-1.356925011e+00,-2.713474989e+00,4.891084507e-02,1.830546498e+00,-2.568658590e+00,-1.991434574e+00,2.274190903e+00,2.140501022e+00,1.000000000e+00,1.000000000e+00,0.000000000e+00,1.000000000e+00,-5.000000000e+00,3.500000000e+01,1.000000000e+00,1.000000000e+00,-4.725820541e+00,-1.766125441e+00,-8.331848979e-01,-4.718832016e+00,1.000000000e+00,6.644134521e-01,9.971791506e-01
69,0,6.774696708e-01,6.530526280e-01,-1.225126505e+00,8.347114325e-01,-1.195305958e-01,-3.132453203e+00,-3.279465199e+00,-2.354153872e+00,-2.663689137e+00,-2.329742193e+00,-2.555428505e+00,-3.156836271e+00,3.384786248e-01,4.000000000e+00,7.000000000e+00,7.000000000e+00,0.000000000e+00,1.757336140e+00,3.208503008e+00,-1.038624719e-02,1.000000000e+00,-1.878153443e+00,-3.753830433e+00,-2.387689352e-01,3.208503008e+00,-3.554153204e+00,-1.902568698e+00,3.780980110e+00,3.384786248e-01,1.000000000e+00,0.000000000e+00,1.000000000e+00,3.000000000e+00,1.000000000e+00,7.000000000e+00,2.000000000e+00,1.000000000e+00,-4.749218464e+00,-1.679823995e+00,3.787164092e-01,-4.740734100e+00,1.000000000e+00,4.141753038e-07,7.317098379e-01
69,1,6.794731617e-01,5.374974608e-01,-1.288415790e+00,6.009742022e-01,-3.532674611e-01,-3.236552954e+00,-3.183654070e+00,-2.542265177e+00,-2.601574183e+00,-2.400331736e+00,-2.505098820e+00,-3.378239155e+00,8.532840610e-01,4.000000000e+00,7.000000000e+00,7.000000000e+00,0.000000000e+00,4.585875198e-02,2.423374176e+00,-2.441231906e-01,1.000000000e+00,-1.825892448e+00,-3.649743319e+00,1.703742743e-01,2.423367500e+00,-2.968466997e+00,-1.967856884e+00,2.454182863e+00,8.532840610e-01,2.000000000e+00,1.000000000e+00,1.000000000e+00,3.000000000e+00,2.000000000e+00,9.000000000e+00,1.000000000e+00,1.000000000e+00,-5.269785404e+00,-2.538491488e+00,-1.427937746e+00,-5.268764019e+00,1.000000000e+00,7.101805210e-01,9.571030140e-01
69,2,1.006049514e+00,4.661087692e-01,-1.018980861e+00,1.051751256e+00,-1.243394613e-01,-3.049343109e+00,-2.928618193e+00,-2.513936043e+00,-2.385504723e+00,-1.974096060e+00,-2.490861416e+00,-3.588085413e+00,1.914926410e+00,8.000000000e+00,8.000000000e+00,1.000000000e+01,0.000000000e+00,6.272377074e-02,2.005509615e+00,5.175155774e-02,1.000000000e+00,-1.485080719e+00,-2.969635248e+00,-1.095117554e-01,2.005496740e+00,-2.960834026e+00,-2.024988890e+00,2.526346445e+00,1.914926410e+00,3.000000000e+00,3.000000000e+00,0.000000000e+00,2.000000000e+00,-5.000000000e+00,7.000000000e+00,4.000000000e+00,1.000000000e+00,-4.354152679e+00,-2.192962885e+00,-1.421412945e+00,-4.351439953e+00,1.000000000e+00,9.193138480e-01,9.844837785e-01
69,3,8.352658749e-01,4.570765495e-01,-1.245983124e+00,8.075881004e-01,-2.338038832e-01,-3.137293339e+00,-3.036375761e+00,-2.507582903e+00,-2.433801174e+00,-2.129474640e+00,-2.537941456e+00,-3.514656067e+00,-1.516955853e+00,4.000000000e+00,7.000000000e+00,8.000000000e+00,0.000000000e+00,1.756039858e+00,3.007553101e+00,-9.550138563e-02,1.000000000e+00,-1.703045249e+00,-3.404788256e+00,-8.947660923e-01,3.007553101e+00,-3.783121109e+00,-2.081204176e+00,4.205783844e+00,1.516955853e+00,4.000000000e+00,4.000000000e+00,0.000000000e+00,3.000000000e+00,-4.000000000e+00,1.500000000e+01,1.000000000e+00,1.000000000e+00,-4.548259258e+00,-2.444909573e+00,-1.480790854e+00,-4.546758175e+00,1.000000000e+00,8.502970934e-01,9.862196445e-01
69,4,6.431952715e-01,3.816299438e-01,-1.341777444e+00,9.230690002e-01,-1.183231175e-01,-2.979526520e+00,-2.545522690e+00,-2.458428144e+00,-2.054906607e+00,-2.196919441e+00,-2.366044998e+00,-3.240749598e+00,1.210282087e+00,4.000000000e+00,6.000000000e+00,8.000000000e+00,0.000000000e+00,1.738451362e+00,3.066213369e+00,1.997938566e-02,1.000000000e+00,-1.723393798e+00,-3.445155382e+00,-9.377529621e-01,3.066213369e+00,-3.373315334e+00,-1.984940290e+00,3.861511469e+00,1.210282087e+00,1.000000000e+00,0.000000000e+00,1.000000000e+00,3.000000000e+00,2.000000000e+00,4.000000000e+00,1.000000000e+00,1.000000000e+00,-5.449792385e+00,-1.859071255e+00,-2.833032906e-01,-5.445498466e+00,1.000000000e+00,1.127400637e+00,9.944273233e-01
69,5,7.448396087e-01,2.929393053e-01,-1.290786982e+00,8.660734892e-01,2.097572945e-02,-2.999413490e+00,-2.903609753e+00,-2.503250122e+00,-2.427311182e+00,-2.051439285e+00,-2.328202009e+00,-3.450520754e+00,1.700917125e+00,4.000000000e+00,6.000000000e+00,6.000000000e+00,0.000000000e+00,1.055319548e+00,2.579148531e+00,8.792245388e-02,1.000000000e+00,-1.583717823e+00,-3.166551590e+00,-1.275892556e-01,2.579147816e+00,-2.847650290e+00,-2.035587788e+00,3.082520723e+00,1.700917125e+00,2.000000000e+00,2.000000000e+00,0.000000000e+00,1.000000000e+00,5.000000000e+00,4.000000000e+00,2.000000000e+00,1.000000000e+00,-4.020216465e+00,-1.474187851e+00,2.487162501e-01,-4.006029129e+00,1.000000000e+00,4.141753038e-07,9.977030158e-01
69,6,7.585254312e-01,2.277675271e-01,-1.168655038e+00,7.851439714e-01,-2.562480271e-01,-2.925871611e+00,-2.732803583e+00,-2.358786106e+00,-2.212682486e+00,-1.828098178e+00,-2.154719353e+00,-3.455754042e+00,-1.892822266e+00,7.000000000e+00,6.000000000e+00,8.000000000e+00,0.000000000e+00,1.465959668e+00,2.561108351e+00,-1.179455221e-01,1.000000000e+00,-1.396417856e+00,-2.792415142e+00,-4.736733809e-02,2.561106920e+00,-2.487755060e+00,-1.927150011e+00,2.993021965e+00,1.892822266e+00,0.000000000e+00,0.000000000e+00,0.000000000e+00,0.000000000e+00,-1.000000000e+00,-1.000000000e+00,-1.000000000e+00,0.000000000e+00,-9.999956489e-01,4.141753038e-07,1.000000000e+00,-6.989678144e-01,0.000000000e+00,4.141753038e-07,9.986696243e-01
70,0,9.065870643e-01,7.176220417e-01,-1.083882451e+00,9.690229297e-01,1.478078961e-02,-3.355518818e+00,-3.173995972e+00,-2.602924347e+00,-2.527629852e+00,-2.414020777e+00,-2.707777023e+00,-3.543947458e+00,1.001741767e+00,4.000000000e+00,7.000000000e+00,7.000000000e+00,0.000000000e+00,-1.421896458e+00,1.731285095e+00,1.239251420e-01,1.000000000e+00,-1.801482201e+00,-3.601184368e+00,1.468359232e+00,1.654468179e+00,-1.777013063e+00,-1.990432143e+00,2.997470498e-01,1.001741767e+00,3.000000000e+00,2.000000000e+00,1.000000000e+00,3.000000000e+00,2.000000000e+00,3.000000000e+00,1.000000000e+00,1.000000000e+00,-4.710060596e+00,-1.734621882e+00,1.178726032e-01,-4.702535629e+00,1.000000000e+00,4.141753038e-07,3.920190334e-01
70,1,4.758753181e-01,3.443427086e-01,-1.496699214e+00,6.496862173e-01,-1.954112053e-01,-3.114252090e+00,-3.061947584e+00,-2.446214199e+00,-2.465961456e+00,-2.314713240e+00,-2.316560984e+00,-3.245584965e+00,8.181024790e-01,3.000000000e+00,6.000000000e+00,6.000000000e+00,0.000000000e+00,1.625792980e+00,3.127699375e+00,-1.284645349e-01,1.000000000e+00,-1.841025233e+00,-3.679748774e+00,3.899881244e-02,3.127699137e+00,-2.771176100e+00,-1.972547174e+00,3.239870310e+00,8.181024790e-01,3.000000000e+00,2.000000000e+00,1.000000000e+00,3.000000000e+00,2.000000000e+00,3.000000000e+00,1.000000000e+00,1.000000000e+00,-5.512603760e+00,-2.391606331e+00,-1.097778797e+00,-5.511416912e+00,1.000000000e+00,4.141753038e-07,9.962434769e-01
71,0,1.359169483e+00,8.793241978e-01,-2.215989530e-01,1.591994762e-01,-6.858967543e-01,-3.450909376e+00,-3.064475298e+00,-2.773804426e+00,-2.486716747e+00,-2.294131517e+00,-2.459964275e+00,-3.928285599e+00,-1.769397616e+00,6.000000000e+00,5.000000000e+00,6.000000000e+00,0.000000000e+00,8.189532161e-01,2.703694582e+00,-6.189502478e-01,1.000000000e+00,-1.100918293e+00,-2.201774597e+00,1.287296116e-01,2.703692913e+00,-3.236695051e+00,-1.580752611e+00,2.767497540e+00,1.769397616e+00,4.000000000e+00,4.000000000e+00,0.000000000e+00,3.000000000e+00,-5.000000000e+00,6.000000000e+00,3.000000000e+00,1.000000000e+00,-5.086440086e+00,-1.217579722e+00,-1.790341437e-01,-5.063930035e+00,1.000000000e+00,4.141753038e-07,5.777678918e-03
71,1,9.588417411e-01,4.117874205e-01,-1.057103872e+00,7.151646614e-01,-3.262271285e-01,-3.049686909e+00,-2.926453114e+00,-2.571084023e+00,-2.454793692e+00,-2.024145365e+00,-2.427484274e+00,-3.595513821e+00,-1.932020664e+00,6.000000000e+00,7.000000000e+00,8.000000000e+00,0.000000000e+00,7.982045412e-01,2.423413992e+00,-1.879246980e-01,1.000000000e+00,-1.468883276e+00,-2.937278986e+00,8.274855018e-01,2.423274279e+00,-2.039171934e+00,-2.015905380e+00,2.026496649e+00,1.932020664e+00,3.000000000e+00,3.000000000e+00,0.000000000e+00,3.000000000e+00,-5.000000000e+00,1.100000000e+01,3.000000000e+00,1.000000000e+00,-4.640977859e+00,-1.775606871e+00,-5.987875462e-01,-4.634071350e+00,1.000000000e+00,4.141753038e-07,9.921395183e-01
71,2,6.254460216e-01,3.600954413e-01,-1.415410399e+00,7.931691408e-01,-5.192846432e-02,-3.095890760e+00,-3.050250769e+00,-2.529690266e+00,-2.542173386e+00,-2.264406681e+00,-2.400504589e+00,-3.360785484e+00,-1.220678806e+00,3.000000000e+00,6.000000000e+00,6.000000000e+00,0.000000000e+00,-3.043258376e-02,2.249270439e+00,1.501826290e-02,1.000000000e+00,-1.775491118e+00,-3.549144268e+00,-5.973811150e-01,2.249269962e+00,-3.498432398e+00,-2.040819883e+00,3.123892307e+00,1.220678806e+00,1.000000000e+00,1.000000000e+00,0.000000000e+00,1.000000000e+00,-5.000000000e+00,3.200000000e+01,1.000000000e+00,1.000000000e+00,-5.323233604e+00,-2.039137840e+00,-5.193624496e-01,-5.320111752e+00,2.000000000e+00,4.141753038e-07,9.955802560e-01
71,3,6.438520551e-01,3.310967386e-01,-1.422173619e+00,5.370121002e-01,-4.172293842e-01,-3.082060337e+00,-3.024035215e+00,-2.473731995e+00,-2.464221478e+00,-2.161042929e+00,-2.396661997e+00,-3.394262791e+00,-1.347996831e+00,4.000000000e+00,7.000000000e+00,7.000000000e+00,0.000000000e+00,1.774975657e-01,2.249867439e+00,-3.080851734e-01,1.000000000e+00,-1.753257036e+00,-3.504808903e+00,1.967064887e-01,2.249850273e+00,-2.598566055e+00,-2.065986395e+00,2.356305838e+00,1.347996831e+00,1.000000000e+00,1.000000000e+00,0.000000000e+00,1.000000000e+00,-5.000000000e+00,1.800000000e+01,1.000000000e+00,1.000000000e+00,-5.801742554e+00,-2.223611116e+00,-9.355955720e-01,-5.800792217e+00,2.000000000e+00,4.141753038e-07,9.967089891e-01
72,0,8.365190029e-01,8.126532435e-01,-1.058508158e+00,7.629363537e-01,-1.913055480e-01,-3.277929544e+00,-3.271882772e+00,-2.401219368e+00,-2.601189852e+00,-2.377359390e+00,-2.707429171e+00,-3.301748753e+00,3.345648646e-01,4.000000000e+00,7.000000000e+00,7.000000000e+00,0.000000000e+00,1.657138348e+00,3.206032038e+00,-8.216122538e-02,1.000000000e+00,-1.871134043e+00,-3.739905357e+00,-1.191469431e-01,3.206032038e+00,-3.531684160e+00,-1.894997954e+00,3.548851728e+00,3.345648646e-01,3.000000000e+00,0.000000000e+00,3.000000000e+00,3.000000000e+00,1.000000000e+00,1.000000000e+01,1.000000000e+00,1.000000000e+00,-5.601604939e+00,-2.040719271e+00,-3.470722735e-01,-5.599237442e+00,1.000000000e+00,4.141753038e-07,4.777885228e-02
72,1,1.167630672e+00,5.502774715e-01,-8.196178675e-01,1.632751584e+00,5.188083649e-01,-3.149491787e+00,-2.999453545e+00,-2.660579681e+00,-2.512114763e+00,-2.043377161e+00,-2.537322760e+00,-3.764923334e+00,2.099764347e+00,8.000000000e+00,7.000000000e+00,9.000000000e+00,0.000000000e+00,1.757124543e+00,2.922075510e+00,6.785091162e-01,1.000000000e+00,-1.369887948e+00,-2.739501476e+00,1.252751708e+00,2.921975851e+00,-1.809753776e+00,-1.987209082e+00,2.138047218e+00,2.099764347e+00,0.000000000e+00,0.000000000e+00,0.000000000e+00,0.000000000e+00,-1.000000000e+00,-1.000000000e+00,-1.000000000e+00,0.000000000e+00,-9.999956489e-01,4.141753038e-07,1.000000000e+00,-6.989678144e-01,0.000000000e+00,7.551164031e-01,9.478068352e-01
72,2,7.602965832e-01,5.366024971e-01,-1.250024199e+00,1.180953383e+00,2.267111093e-01,-3.239016056e+00,-3.183020353e+00,-2.545952082e+00,-2.572648764e+00,-2.322319269e+00,-2.546604633e+00,-3.462203264e+00,1.103917599e+00,4.000000000e+00,7.000000000e+00,7.000000000e+00,0.000000000e+00,3.687634170e-01,2.506793499e+00,3.358555436e-01,1.000000000e+00,-1.786607742e+00,-3.571473360e+00,-2.929615416e-02,2.506791592e+00,-3.138112783e+00,-2.010283947e+00,2.786315203e+00,1.103917599e+00,1.000000000e+00,1.000000000e+00,0.000000000e+00,2.000000000e+00,-4.000000000e+00,8.000000000e+00,1.000000000e+00,1.000000000e+00,-4.237154484e+00,-2.086769581e+00,-5.932338834e-01,-4.233674049e+00,1.000000000e+00,3.042160869e-01,9.576820135e-01
72,3,1.226742029e+00,5.054289103e-01,-6.112928391e-01,7.286615372e-01,-3.127303123e-01,-3.029537916e+00,-1.568871021e+00,-2.388592005e+00,-1.012637258e+00,-1.667364955e+00,-2.343338490e+00,-3.748873472e+00,2.344885349e+00,8.000000000e+00,6.000000000e+00,8.000000000e+00,0.000000000e+00,1.737878919e+00,2.536310673e+00,-1.744278669e-01,1.000000000e+00,-1.116717815e+00,-2.233341217e+00,-2.028320730e-01,2.536309958e+00,-1.720880508e+00,-1.838006735e+00,2.084392071e+00,2.344885349e+00,4.000000000e+00,4.000000000e+00,0.000000000e+00,2.000000000e+00,-5.000000000e+00,7.000000000e+00,3.000000000e+00,1.000000000e+00,-4.635171890e+00,-1.372869730e+00,-4.747017026e-01,-4.617910385e+00,1.000000000e+00,2.072692215e-01,9.732964039e-01
72,4,1.007154346e+00,4.817375541e-01,-1.003726602e+00,6.445516348e-01,-4.693905115e-01,-3.021314144e+00,-2.906685829e+00,-2.489261627e+00,-2.369157791e+00,-1.963938594e+00,-2.492320299e+00,-3.545659304e+00,1.879945040e+00,7.000000000e+00,7.000000000e+00,9.000000000e+00,0.000000000e+00,5.925242901e-01,2.260240555e+00,-3.096900880e-01,1.000000000e+00,-1.485455036e+00,-2.970363617e+00,-2.379443169e+00,2.260240555e+00,-5.162344456e+00,-2.010840654e+00,5.021371841e+00,1.879945040e+00,1.000000000e+00,1.000000000e+00,0.000000000e+00,1.000000000e+00,5.000000000e+00,1.000000000e+00,1.000000000e+00,1.000000000e+00,-4.319288254e+00,-3.572967052e+00,-4.171982288e+00,-4.319175243e+00,1.000000000e+00,1.062119961e+00,9.808456898e-01
72,5,8.587517738e-01,4.807468057e-01,-1.185761452e+00,5.646654367e-01,-5.492765307e-01,-3.092788219e+00,-3.013795137e+00,-2.521088600e+00,-2.454637051e+00,-2.143167257e+00,-2.524870396e+00,-3.470047474e+00,-1.516488194e+00,6.000000000e+00,7.000000000e+00,9.000000000e+00,0.000000000e+00,1.423406482e+00,2.854930878e+00,-3.895761371e-01,1.000000000e+00,-1.666494608e+00,-3.331845522e+00,-2.064787745e-01,2.854930878e+00,-3.141385078e+00,-2.044471741e+00,3.372744322e+00,1.516488194e+00,1.000000000e+00,1.000000000e+00,0.000000000e+00,1.000000000e+00,-5.000000000e+00,3.000000000e+00,1.000000000e+00,1.000000000e+00,-5.921391010e+00,-2.695944786e+00,-2.057491541e+00,-5.921246052e+00,1.000000000e+00,1.063909411e+00,9.811035395e-01
72,6,1.112522721e+00,4.147248268e-01,-9.009044766e-01,8.815749884e-01,-1.598170996e-01,-2.991550922e+00,-2.813148499e+00,-2.466446400e+00,-2.290029526e+00,-1.768749952e+00,-2.427946568e+00,-3.687654257e+00,-2.289677382e+00,7.000000000e+00,7.000000000e+00,8.000000000e+00,0.000000000e+00,1.268839836e+00,2.403196335e+00,-2.151457779e-02,1.000000000e+00,-1.315623641e+00,-2.630986929e+00,-2.107718438e-01,2.403195143e+00,-2.915254116e+00,-2.013385773e+00,3.135169029e+00,2.289677382e+00,4.000000000e+00,4.000000000e+00,0.000000000e+00,1.000000000e+00,-5.000000000e+00,2.100000000e+01,1.000000000e+00,1.000000000e+00,-4.294807911e+00,-1.480002403e+00,-2.995174229e-01,-4.280934811e+00,2.000000000e+00,-2.397151709e+00,9.918614626e-01
72,7,6.828353405e-01,3.986407518e-01,-1.358097315e+00,9.835366607e-01,2.929447219e-02,-3.134572983e+00,-3.039571047e+00,-2.491401196e+00,-2.441539288e+00,-2.207271099e+00,-2.439186335e+00,-3.418220997e+00,1.271895289e+00,4.000000000e+00,7.000000000e+00,7.000000000e+00,0.000000000e+00,-2.146865129e+00,1.133880615e+00,1.384388804e-01,1.000000000e+00,-1.756722927e+00,-3.511804819e+00,-1.248120189e+00,1.133876920e+00,-4.083136559e+00,-2.040894508e+00,2.614202261e+00,1.271895289e+00,1.000000000e+00,1.000000000e+00,0.000000000e+00,2.000000000e+00,-4.000000000e+00,8.000000000e+00,1.000000000e+00,1.000000000e+00,-5.832333088e+00,-2.791699648e+00,-2.071791649e+00,-5.832108498e+00,1.000000000e+00,4.141753038e-07,9.932532907e-01
72,8,5.397790670e-01,3.379512131e-01,-1.473312378e+00,9.277953506e-01,-2.644675225e-02,-3.096927643e+00,-3.057261229e+00,-2.492198229e+00,-2.525595665e+00,-2.290420294e+00,-2.350606441e+00,-3.298434496e+00,-1.040195465e+00,4.000000000e+00,7.000000000e+00,7.000000000e+00,0.000000000e+00,-2.793694139e-01,2.150820255e+00,8.269762248e-02,1.000000000e+00,-1.811248183e+00,-3.620385170e+00,-6.936031580e-01,2.150819778e+00,-3.555733442e+00,-2.013059378e+00,3.078942299e+00,1.040195465e+00,1.000000000e+00,1.000000000e+00,0.000000000e+00,2.000000000e+00,4.000000000e+00,5.000000000e+00,1.000000000e+00,1.000000000e+00,-5.843565464e+00,-2.007027388e+00,-4.000931680e-01,-5.842274666e+00,1.000000000e+00,1.072460771e+00,9.964775443e-01
72,9,8.798670173e-01,3.040523529e-01,-1.065320730e+00,5.230894089e-01,-5.183019042e-01,-2.895089865e+00,-2.749828815e+00,-2.428439617e+00,-2.291360855e+00,-1.852710366e+00,-2.248988867e+00,-3.469962358e+00,2.000891924e+00,7.000000000e+00,6.000000000e+00,8.000000000e+00,0.000000000e+00,-1.380902082e-01,1.783706427e+00,-3.799996078e-01,1.000000000e+00,-1.369367719e+00,-2.738338947e+00,-3.428274989e-01,1.783694267e+00,-2.937949896e+00,-1.945154428e+00,2.565040350e+00,2.000891924e+00,3.000000000e+00,3.000000000e+00,0.000000000e+00,1.000000000e+00,5.000000000e+00,4.000000000e+00,2.000000000e+00,1.000000000e+00,-5.059651375e+00,-1.418998122e+00,-6.551728398e-02,-5.045242310e+00,1.000000000e+00,1.072911263e+00,9.974575639e-01
72,10,8.068820834e-01,2.372254878e-01,-1.135023236e+00,4.132313430e-01,-6.281596422e-01,-2.867390633e+00,-2.688212872e+00,-2.314501286e+00,-2.180377722e+00,-1.744910002e+00,-2.178865433e+00,-3.436180353e+00,1.986176372e+00,7.000000000e+00,6.000000000e+00,8.000000000e+00,0.000000000e+00,-1.620661020e+00,9.348198175e-01,-4.898574352e-01,1.000000000e+00,-1.372244120e+00,-2.744062185e+00,-5.260424614e-01,9.345596433e-01,-2.943331242e+00,-1.941873193e+00,1.895891905e+00,1.986176372e+00,0.000000000e+00,0.000000000e+00,0.000000000e+00,0.000000000e+00,-1.000000000e+00,-1.000000000e+00,-1.000000000e+00,0.000000000e+00,-9.999956489e-01,4.141753038e-07,1.000000000e+00,-6.989678144e-01,0.000000000e+00,4.141753038e-07,9.985670447e-01
72,11,9.708120227e-01,2.307491004e-01,-9.561119676e-01,8.216903210e-01,-2.922522724e-01,-2.833987474e+00,-2.594779015e+00,-2.319818974e+00,-2.151456594e+00,-1.579830050e+00,-2.157507896e+00,-3.572720051e+00,-2.388824940e+00,9.000000000e+00,7.000000000e+00,9.000000000e+00,0.000000000e+00,-7.733554840e-01,1.195337296e+00,-1.325516999e-01,1.000000000e+00,-1.186858058e+00,-2.373520374e+00,2.102751881e-01,1.192998648e+00,-2.171927452e+00,-1.926891088e+00,1.554357171e+00,2.388824940e+00,0.000000000e+00,0.000000000e+00,0.000000000e+00,0.000000000e+00,-1.000000000e+00,-1.000000000e+00,-1.000000000e+00,0.000000000e+00,-9.999956489e-01,4.141753038e-07,1.000000000e+00,-6.989678144e-01,0.000000000e+00,4.141753038e-07,9.986383319e-01
73,0,9.809913635e-01,7.343171835e-01,-1.031636238e+00,5.858223885e-02,-8.956571817e-01,-3.361684799e+00,-3.224419355e+00,-2.656958818e+00,-2.616889477e+00,-2.410370111e+00,-2.746612549e+00,-3.607595921e+00,-1.168992162e+00,3.000000000e+00,6.000000000e+00,7.000000000e+00,0.000000000e+00,4.213630408e-02,2.431833506e+00,-7.865135074e-01,1.000000000e+00,-1.765932679e+00,-3.530346394e+00,1.095745802e+00,2.431371212e+00,-2.255562305e+00,-2.012587547e+00,1.542198300e+00,1.168992162e+00,3.000000000e+00,2.000000000e+00,1.000000000e+00,3.000000000e+00,-2.000000000e+00,5.000000000e+00,1.000000000e+00,1.000000000e+00,-5.391891956e+00,-2.603857517e+00,-1.673963308e+00,-5.391078472e+00,1.000000000e+00,4.141753038e-07,2.998660803e-01
73,1,6.582879424e-01,6.471710205e-01,-1.247785211e+00,8.706520200e-01,-8.359002322e-02,-3.209619284e+00,-3.241560459e+00,-2.329931259e+00,-2.583666086e+00,-2.318816662e+00,-2.553071022e+00,-3.220717907e+00,-2.272306383e-01,4.000000000e+00,7.000000000e+00,7.000000000e+00,0.000000000e+00,-1.229868159e-01,2.258373022e+00,2.555432543e-02,1.000000000e+00,-1.894929647e+00,-3.787233114e+00,1.156540871e+00,2.257010221e+00,-2.074411154e+00,-1.906045675e+00,1.365383267e+00,2.272306383e-01,3.000000000e+00,0.000000000e+00,3.000000000e+00,3.000000000e+00,0.000000000e+00,6.000000000e+00,1.000000000e+00,1.000000000e+00,-4.494445324e+00,-2.144557476e+00,-5.055107474e-01,-4.491440296e+00,2.000000000e+00,4.141753038e-07,7.547917962e-01
73,2,1.134652019e+00,4.893509150e-01,-8.689372540e-01,1.141697288e+00,2.775428630e-02,-3.087454081e+00,-2.938220024e+00,-2.613944292e+00,-2.461498022e+00,-1.968781233e+00,-2.492736578e+00,-3.730943203e+00,2.165951252e+00,8.000000000e+00,7.000000000e+00,9.000000000e+00,0.000000000e+00,6.304304004e-01,2.284038067e+00,1.874550134e-01,1.000000000e+00,-1.358281374e+00,-2.716284990e+00,-3.073889017e-01,2.284036636e+00,-3.257577658e+00,-2.003548622e+00,3.083973408e+00,2.165951252e+00,3.000000000e+00,3.000000000e+00,0.000000000e+00,3.000000000e+00,5.000000000e+00,9.000000000e+00,3.000000000e+00,1.000000000e+00,-5.674559116e+00,-1.404639244e+00,-1.262719184e-01,-5.665631294e+00,1.000000000e+00,4.141753038e-07,9.787234068e-01
74,0,1.333832860e+00,7.580893040e-01,-5.301161408e-01,4.167570472e-01,-5.374841094e-01,-3.305273533e+00,-3.073659897e+00,-2.737321854e+00,-2.500070810e+00,-2.161752462e+00,-2.621839285e+00,-3.878598690e+00,-2.000721931e+00,6.000000000e+00,6.000000000e+00,7.000000000e+00,0.000000000e+00,7.304349542e-01,2.527033567e+00,-4.283400178e-01,1.000000000e+00,-1.288198471e+00,-2.576231480e+00,-1.636449844e-01,2.527032852e+00,-3.420797110e+00,-1.863918781e+00,3.028870821e+00,2.000721931e+00,3.000000000e+00,3.000000000e+00,0.000000000e+00,1.000000000e+00,-5.000000000e+00,9.000000000e+00,2.000000000e+00,1.000000000e+00,-5.311132908e+00,-2.045031071e+00,-1.505865693e+00,-5.308030605e+00,1.000000000e+00,4.141753038e-07,1.887313277e-01
74,1,1.226291418e+00,6.077595949e-01,-7.362200618e-01,9.804985523e-01,-1.334442645e-01,-3.199639559e+00,-3.020102024e+00,-2.696764708e+00,-2.511982679e+00,-2.078396797e+00,-2.570072174e+00,-3.816007376e+00,-2.102560759e+00,8.000000000e+00,7.000000000e+00,9.000000000e+00,0.000000000e+00,1.137159348e+00,2.647029161e+00,2.625637874e-02,1.000000000e+00,-1.343972325e+00,-2.687712431e+00,-9.534720331e-02,2.647028446e+00,-3.214518785e+00,-1.962473989e+00,3.175875187e+00,2.102560759e+00,1.000000000e+00,1.000000000e+00,0.000000000e+00,2.000000000e+00,5.000000000e+00,1.000000000e+00,3.000000000e+00,1.000000000e+00,-5.246891499e+00,-2.000250816e+00,-1.303892374e+00,-5.243332386e+00,1.000000000e+00,4.141753038e-07,8.692472577e-01
74,2,1.073297024e+00,3.890156448e-01,-9.369900227e-01,1.640287399e+00,5.263442397e-01,-2.963735104e+00,-2.819214582e+00,-2.510448694e+00,-2.363578320e+00,-1.826278806e+00,-2.399087429e+00,-3.646487713e+00,-2.257887602e+00,8.000000000e+00,7.000000000e+00,9.000000000e+00,0.000000000e+00,7.308726311e-01,2.191751480e+00,6.860450506e-01,1.000000000e+00,-1.326000094e+00,-2.651713848e+00,-2.853909694e-02,2.191743612e+00,-2.780971289e+00,-2.010246277e+00,2.757546663e+00,2.257887602e+00,0.000000000e+00,0.000000000e+00,0.000000000e+00,0.000000000e+00,-1.000000000e+00,-1.000000000e+00,-1.000000000e+00,0.000000000e+00,-9.999956489e-01,4.141753038e-07,1.000000000e+00,-6.989678144e-01,1.000000000e+00,1.102835298e+00,9.939504862e-01
74,3,6.314731836e-01,3.843260705e-01,-1.316217899e+00,7.398788929e-01,-1.052186862e-01,-3.119874716e+00,-3.077199936e+00,-2.533222675e+00,-2.569355726e+00,-2.286139727e+00,-2.331719398e+00,-3.366583347e+00,1.170313597e+00,4.000000000e+00,6.000000000e+00,6.000000000e+00,0.000000000e+00,1.650842428e+00,3.111645222e+00,-3.827196360e-02,1.000000000e+00,-1.700531006e+00,-3.399800539e+00,2.985495329e-01,3.111644745e+00,-2.655097246e+00,-1.947661519e+00,3.096307516e+00,1.170313597e+00,1.000000000e+00,1.000000000e+00,0.000000000e+00,2.000000000e+00,-3.000000000e+00,2.000000000e+01,1.000000000e+00,1.000000000e+00,-4.847728729e+00,-1.695791364e+00,-7.844337262e-03,-4.839671135e+00,1.000000000e+00,2.506051958e-01,9.942586422e-01
74,4,1.121518612e+00,3.787803948e-01,-7.279284596e-01,6.610794067e-01,-3.803122938e-01,-2.950647831e+00,-1.589067936e+00,-2.307469368e+00,-1.007008791e+00,-1.564803362e+00,-2.228113174e+00,-3.691633463e+00,2.395088673e+00,8.000000000e+00,6.000000000e+00,8.000000000e+00,0.000000000e+00,1.444319248e+00,2.286978960e+00,-2.420098931e-01,1.000000000e+00,-1.106705427e+00,-2.213307858e+00,-1.447193146e+00,2.286978960e+00,-2.832703114e+00,-1.849418640e+00,3.176254272e+00,2.395088673e+00,1.000000000e+00,1.000000000e+00,0.000000000e+00,1.000000000e+00,5.000000000e+00,1.300000000e+01,1.000000000e+00,1.000000000e+00,-5.405496120e+00,-1.507978559e+00,-7.751667500e-01,-5.395557404e+00,1.000000000e+00,-3.537904322e-01,9.945992231e-01
74,5,9.989237189e-01,3.712581098e-01,-9.156194329e-01,1.058421612e+00,1.041793674e-01,-2.978791714e+00,-1.702244401e+00,-2.138046265e+00,-8.998708725e-01,-1.510426044e+00,-2.285636187e+00,-3.605118275e+00,-2.124215364e+00,6.000000000e+00,5.000000000e+00,7.000000000e+00,0.000000000e+00,2.489034235e-01,1.631336093e+00,2.133237720e-01,1.000000000e+00,-1.286872506e+00,-2.573514700e+00,1.430869251e-01,1.631106734e+00,-1.128039837e+00,-1.914510965e+00,8.774519563e-01,2.124215364e+00,1.000000000e+00,1.000000000e+00,0.000000000e+00,1.000000000e+00,-5.000000000e+00,1.100000000e+01,1.000000000e+00,1.000000000e+00,-4.303009033e+00,-8.542018533e-01,7.516241074e-01,-4.247217178e+00,1.000000000e+00,8.170077801e-01,9.950230122e-01
74,6,1.037476063e+00,3.069105744e-01,-9.784706831e-01,9.111202359e-01,-2.028224617e-01,-2.882714272e+00,-2.727881193e+00,-2.431868553e+00,-2.290699005e+00,-1.701398253e+00,-2.322636366e+00,-3.611831188e+00,2.366576672e+00,8.000000000e+00,7.000000000e+00,9.000000000e+00,0.000000000e+00,1.371905565e+00,2.387381315e+00,-4.312184080e-02,1.000000000e+00,-1.285376787e+00,-2.570475101e+00,1.980776638e-01,2.387372255e+00,-2.399507999e+00,-2.015905857e+00,2.778604984e+00,2.366576672e+00,1.000000000e+00,1.000000000e+00,0.000000000e+00,2.000000000e+00,-5.000000000e+00,3.000000000e+00,3.000000000e+00,1.000000000e+00,-4.182231426e+00,-1.767386317e+00,-9.490821362e-01,-4.174985409e+00,1.000000000e+00,9.566338062e-01,9.973891377e-01
74,7,1.013648748e+00,3.063451052e-01,-8.602051735e-01,8.922560811e-01,-1.491360366e-01,-2.913587809e+00,-1.599731207e+00,-2.267037868e+00,-1.013023853e+00,-1.559798598e+00,-2.180069447e+00,-3.619435787e+00,-2.312008858e+00,8.000000000e+00,6.000000000e+00,8.000000000e+00,0.000000000e+00,1.656505823e+00,2.388066769e+00,-1.083350368e-02,1.000000000e+00,-1.166546941e+00,-2.332946301e+00,-9.217111468e-01,2.388066769e+00,-2.241012335e+00,-1.873824596e+00,2.762958050e+00,2.312008858e+00,1.000000000e+00,1.000000000e+00,0.000000000e+00,1.000000000e+00,-5.000000000e+00,2.700000000e+01,1.000000000e+00,1.000000000e+00,-3.758954763e+00,-1.128091812e+00,1.441178918e-01,-3.727938890e+00,1.000000000e+00,8.202336431e-01,9.974028468e-01
75,0,4.062048495e-01,4.001676738e-01,-1.506768823e+00,1.347917318e+00,3.065247536e-01,-3.108471870e+00,-3.231264591e+00,-2.450905800e+00,-2.700828314e+00,-2.444870472e+00,-2.313042164e+00,-3.114501238e+00,-1.671265215e-01,4.000000000e+00,7.000000000e+00,8.000000000e+00,0.000000000e+00,1.468011618e+00,3.178997040e+00,4.448274076e-01,1.000000000e+00,-1.906915188e+00,-3.811057091e+00,-5.001999140e-01,3.178997040e+00,-3.599684000e+00,-1.912951827e+00,3.934563637e+00,1.671265215e-01,1.000000000e+00,0.000000000e+00,1.000000000e+00,3.000000000e+00,-1.000000000e+00,0.000000000e+00,2.000000000e+00,1.000000000e+00,-4.994701385e+00,-2.288765669e+00,-7.682520151e-01,-4.992693424e+00,1.000000000e+00,4.141753038e-07,9.931340218e-01
75,1,4.304045439e-01,3.545116484e-01,-1.518362999e+00,5.870103836e-01,-3.672312498e-01,-3.129218578e+00,-3.113344193e+00,-2.480585575e+00,-2.575313091e+00,-2.404713869e+00,-2.303009987e+00,-3.204999924e+00,-6.085444093e-01,4.000000000e+00,7.000000000e+00,7.000000000e+00,0.000000000e+00,7.434977293e-01,2.776572943e+00,-2.580870092e-01,1.000000000e+00,-1.872856379e+00,-3.743170738e+00,-5.131280422e-01,2.776572943e+00,-3.441914320e+00,-1.948743105e+00,3.459822655e+00,6.085444093e-01,1.000000000e+00,0.000000000e+00,1.000000000e+00,3.000000000e+00,-1.000000000e+00,1.100000000e+01,1.000000000e+00,1.000000000e+00,-5.575644016e+00,-2.269376993e+00,-7.977930307e-01,-5.574190140e+00,1.000000000e+00,4.141753038e-07,9.958305955e-01
76,0,1.112228632e+00,7.722330689e-01,-9.390011430e-01,8.542199135e-01,-1.000221446e-01,-3.341702461e+00,-3.283783197e+00,-2.670385361e+00,-2.682797909e+00,-2.330500364e+00,-2.823083639e+00,-3.680566788e+00,-1.419138193e+00,3.000000000e+00,6.000000000e+00,7.000000000e+00,0.000000000e+00,-1.230350137e+00,1.716350794e+00,9.122189134e-03,1.000000000e+00,-1.711215496e+00,-3.421234846e+00,5.809285045e-01,1.715183735e+00,-2.873986721e+00,-2.051184654e+00,1.486614466e+00,1.419138193e+00,4.000000000e+00,4.000000000e+00,0.000000000e+00,3.000000000e+00,-4.000000000e+00,3.000000000e+00,1.000000000e+00,1.000000000e+00,-4.843651295e+00,-1.891360283e+00,-3.713940680e-01,-4.838494301e+00,1.000000000e+00,4.141753038e-07,1.373375654e-01
76,1,8.017205000e-01,5.026611686e-01,-1.249727607e+00,2.301364690e-01,-7.241039872e-01,-3.200476408e+00,-3.121645451e+00,-2.596880913e+00,-2.566734552e+00,-2.297906876e+00,-2.553755999e+00,-3.498853683e+00,-1.311714411e+00,4.000000000e+00,7.000000000e+00,7.000000000e+00,0.000000000e+00,-1.302500010e+00,1.648081064e+00,-6.149600148e-01,1.000000000e+00,-1.752371788e+00,-3.503201485e+00,6.172764301e-01,1.646188617e+00,-2.452156305e+00,-2.051406860e+00,1.297775149e+00,1.311714411e+00,4.000000000e+00,4.000000000e+00,0.000000000e+00,3.000000000e+00,-4.000000000e+00,1.000000000e+00,1.000000000e+00,1.000000000e+00,-5.203976631e+00,-1.939017773e+00,-3.632647097e-01,-5.199798584e+00,1.000000000e+00,4.141753038e-07,9.743335843e-01
76,2,9.533536434e-01,3.625861108e-01,-1.003849387e+00,5.986733437e-01,-4.427182376e-01,-3.050493002e+00,-2.840484858e+00,-2.494258881e+00,-2.326317787e+00,-1.903592110e+00,-2.319616079e+00,-3.639849424e+00,-2.036559105e+00,7.000000000e+00,7.000000000e+00,8.000000000e+00,0.000000000e+00,1.272215128e+00,2.539734364e+00,-3.044158816e-01,1.000000000e+00,-1.366429687e+00,-2.732558012e+00,-7.518240213e-01,2.539734364e+00,-3.439625263e+00,-1.957168102e+00,3.713824034e+00,2.036559105e+00,2.000000000e+00,2.000000000e+00,0.000000000e+00,2.000000000e+00,5.000000000e+00,2.600000000e+01,4.000000000e+00,1.000000000e+00,-4.191743374e+00,-1.047876716e+00,7.186146379e-01,-4.155047417e+00,1.000000000e+00,4.141753038e-07,9.954628348e-01
77,0,1.148149490e+00,4.595348835e-01,-8.489766121e-01,9.399089217e-01,-1.740338504e-01,-3.043707848e+00,-2.878396988e+00,-2.586603642e+00,-2.404664993e+00,-1.898122072e+00,-2.456469297e+00,-3.730462074e+00,2.268083811e+00,8.000000000e+00,7.000000000e+00,9.000000000e+00,0.000000000e+00,-2.590789199e-01,1.768768311e+00,-1.433317456e-02,1.000000000e+00,-1.308505535e+00,-2.616778851e+00,2.130191922e-01,1.768600345e+00,-2.651096582e+00,-1.997085929e+00,2.062132597e+00,2.268083811e+00,1.000000000e+00,1.000000000e+00,0.000000000e+00,1.000000000e+00,5.000000000e+00,4.000000000e+00,1.000000000e+00,1.000000000e+00,-5.625172138e+00,-1.613742232e+00,-6.313739419e-01,-5.619104385e+00,1.000000000e+00,2.641253173e-01,9.857705832e-01
77,1,9.096201062e-01,4.576607347e-01,-1.062844872e+00,4.783304781e-02,-9.935557246e-01,-3.092628717e+00,-2.964420080e+00,-2.520277262e+00,-2.411550045e+00,-2.068410873e+00,-2.429877758e+00,-3.543605089e+00,1.701062441e+00,6.000000000e+00,6.000000000e+00,8.000000000e+00,0.000000000e+00,1.431027889e+00,2.783975840e+00,-8.552541733e-01,1.000000000e+00,-1.520496011e+00,-3.040408134e+00,-2.163349688e-01,2.783975601e+00,-3.085129499e+00,-1.972429156e+00,3.343327284e+00,1.701062441e+00,4.000000000e+00,4.000000000e+00,0.000000000e+00,3.000000000e+00,5.000000000e+00,1.100000000e+01,4.000000000e+00,1.000000000e+00,-5.387141228e+00,-2.059601784e+00,-1.085815430e+00,-5.384288311e+00,1.000000000e+00,2.331443876e-01,9.861143827e-01
77,2,9.328436852e-01,4.338897467e-01,-1.116309524e+00,7.901055813e-01,-2.512863874e-01,-3.000505447e+00,-2.941994667e+00,-2.289203882e+00,-2.368512154e+00,-1.790307641e+00,-2.482671499e+00,-3.498523712e+00,-1.815907359e+00,5.000000000e+00,6.000000000e+00,8.000000000e+00,0.000000000e+00,9.375454187e-01,2.259179115e+00,-1.129839197e-01,1.000000000e+00,-1.550189376e+00,-3.099617958e+00,5.355663300e-01,2.259101629e+00,-2.266856670e+00,-2.049110174e+00,2.301784992e+00,1.815907359e+00,4.000000000e+00,4.000000000e+00,0.000000000e+00,1.000000000e+00,-5.000000000e+00,1.400000000e+01,1.000000000e+00,1.000000000e+00,-5.304471493e+00,-1.978307366e+00,-8.653668165e-01,-5.300841808e+00,1.000000000e+00,1.250204802e+00,9.897330403e-01
77,3,1.141878605e+00,4.042465389e-01,-7.107428312e-01,5.173615813e-01,-5.240297914e-01,-2.951798439e+00,-2.614712000e+00,-2.263938189e+00,-2.015992165e+00,-1.526371121e+00,-2.256747246e+00,-3.687698364e+00,2.383131981e+00,8.000000000e+00,6.000000000e+00,8.000000000e+00,0.000000000e+00,1.478046179e+00,2.265410423e+00,-3.857274652e-01,1.000000000e+00,-1.114985704e+00,-2.229864597e+00,-2.702307105e-01,2.265408516e+00,-2.690302134e+00,-1.852592707e+00,3.025207520e+00,2.383131981e+00,1.000000000e+00,1.000000000e+00,0.000000000e+00,2.000000000e+00,-5.000000000e+00,3.200000000e+01,3.000000000e+00,1.000000000e+00,-4.825803280e+00,-1.173855543e+00,-5.749477446e-02,-4.799465179e+00,1.000000000e+00,2.304334044e-01,9.928029180e-01
78,0,7.336558104e-01,4.984175563e-01,-1.250430226e+00,5.946563482e-01,-4.467352629e-01,-3.183279037e+00,-3.128807306e+00,-2.562023640e+00,-2.570029497e+00,-2.326851845e+00,-2.482185602e+00,-3.418041468e+00,1.136828423e+00,4.000000000e+00,7.000000000e+00,8.000000000e+00,0.000000000e+00,1.461729050e+00,3.057808399e+00,-3.084329069e-01,1.000000000e+00,-1.748831034e+00,-3.496153831e+00,-2.970626056e-01,3.057808399e+00,-3.364665031e+00,-1.984051824e+00,3.597799301e+00,1.136828423e+00,1.000000000e+00,0.000000000e+00,1.000000000e+00,3.000000000e+00,2.000000000e+00,1.000000000e+00,1.000000000e+00,1.000000000e+00,-5.556392193e+00,-1.938452959e+00,-3.692040741e-01,-5.553201675e+00,1.000000000e+00,4.141753038e-07,9.758363962e-01
78,1,1.110942125e+00,4.686307907e-01,-8.553094268e-01,1.048153758e+00,-6.578912586e-02,-3.091780663e+00,-2.876835585e+00,-2.553442717e+00,-2.340080261e+00,-1.911251307e+00,-2.434707165e+00,-3.732278109e+00,-2.158882141e+00,8.000000000e+00,7.000000000e+00,9.000000000e+00,0.000000000e+00,5.650663972e-01,2.193825722e+00,9.391153604e-02,1.000000000e+00,-1.323934078e+00,-2.647633553e+00,-5.874548107e-02,2.193818808e+00,-2.867231846e+00,-1.966214418e+00,2.681344748e+00,2.158882141e+00,3.000000000e+00,3.000000000e+00,0.000000000e+00,3.000000000e+00,-5.000000000e+00,4.000000000e+00,4.000000000e+00,1.000000000e+00,-5.030022144e+00,-1.337086439e+00,-6.538091600e-02,-5.012536049e+00,1.000000000e+00,9.698081017e-01,9.839546680e-01
78,2,1.017240763e+00,3.945274055e-01,-9.576100707e-01,3.367012739e-01,-7.772396803e-01,-2.970810175e+00,-2.840489626e+00,-2.323309660e+00,-2.319883585e+00,-1.700665832e+00,-2.369162083e+00,-3.592228413e+00,-2.112477779e+00,8.000000000e+00,7.000000000e+00,9.000000000e+00,0.000000000e+00,6.082805395e-01,2.004827976e+00,-6.175396442e-01,1.000000000e+00,-1.352131486e+00,-2.703944445e+00,-1.009892225e+00,2.004827976e+00,-3.722101688e+00,-1.974813700e+00,3.633083820e+00,2.112477779e+00,1.000000000e+00,1.000000000e+00,0.000000000e+00,2.000000000e+00,5.000000000e+00,2.000000000e+01,3.000000000e+00,1.000000000e+00,-4.565243244e+00,-1.359617591e+00,2.382959425e-02,-4.547340393e+00,1.000000000e+00,1.343178153e+00,9.935623407e-01
78,3,9.300006032e-01,3.799513280e-01,-1.031139851e+00,7.584733963e-01,-1.957684755e-01,-2.979990005e+00,-2.825898170e+00,-2.415057659e+00,-2.289767981e+00,-1.865089417e+00,-2.340855837e+00,-3.528983831e+00,1.939210296e+00,6.000000000e+00,6.000000000e+00,7.000000000e+00,0.000000000e+00,-3.251504898e-01,1.702552557e+00,-8.662416786e-02,1.000000000e+00,-1.411084414e+00,-2.821757793e+00,-5.111088753e-01,1.702544451e+00,-3.180255890e+00,-1.961105347e+00,2.638111591e+00,1.939210296e+00,1.000000000e+00,1.000000000e+00,0.000000000e+00,2.000000000e+00,-5.000000000e+00,7.000000000e+00,4.000000000e+00,1.000000000e+00,-4.462399006e+00,-1.193980455e+00,4.916422665e-01,-4.436225414e+00,2.000000000e+00,-7.407323718e-01,9.945293069e-01
78,4,5.834629536e-01,3.325739801e-01,-1.433830857e+00,1.012013197e+00,5.777102336e-02,-3.081128359e+00,-3.029859066e+00,-2.505417824e+00,-2.511880636e+00,-2.254589796e+00,-2.349434137e+00,-3.331608295e+00,1.180744052e+00,4.000000000e+00,6.000000000e+00,7.000000000e+00,0.000000000e+00,2.752800882e-01,2.392309666e+00,1.669154167e-01,1.000000000e+00,-1.766391039e+00,-3.531007290e+00,-5.727956071e-02,2.392307043e+00,-2.901529312e+00,-2.017260313e+00,2.706779957e+00,1.180744052e+00,1.000000000e+00,0.000000000e+00,1.000000000e+00,3.000000000e+00,2.000000000e+00,1.000000000e+00,1.000000000e+00,1.000000000e+00,-4.575394630e+00,-1.917896271e+00,-3.134604096e-01,-4.570374489e+00,1.000000000e+00,9.000576735e-01,9.966607094e-01
78,5,1.013122201e+00,2.943846583e-01,-8.627772331e-01,4.776721597e-01,-5.637190938e-01,-2.908744574e+00,-1.602823973e+00,-2.270982504e+00,-1.026661754e+00,-1.552310348e+00,-2.170157194e+00,-3.625994921e+00,2.338844538e+00,8.000000000e+00,6.000000000e+00,8.000000000e+00,0.000000000e+00,1.648948669e+00,2.376799107e+00,-4.254168272e-01,1.000000000e+00,-1.157158613e+00,-2.314174652e+00,-7.923402786e-01,2.376799107e+00,-2.113337517e+00,-1.875869870e+00,2.643454075e+00,2.338844538e+00,1.000000000e+00,1.000000000e+00,0.000000000e+00,1.000000000e+00,5.000000000e+00,1.400000000e+01,1.000000000e+00,1.000000000e+00,-4.477124691e+00,-1.135983229e+00,1.083007753e-01,-4.447366714e+00,2.000000000e+00,8.989453316e-01,9.976727366e-01
79,0,6.891605258e-01,6.855102777e-01,-1.103818417e+00,5.889681578e-01,-1.100013927e-01,-3.176813602e+00,-3.297682762e+00,-2.334222317e+00,-2.684174061e+00,-2.330572605e+00,-2.478357792e+00,-3.180458307e+00,1.298353672e-01,3.000000000e+00,5.000000000e+00,5.000000000e+00,0.000000000e+00,1.013378978e+00,2.837357283e+00,-1.100013927e-01,1.000000000e+00,-1.789307356e+00,-3.577019215e+00,3.869104385e-01,2.837354660e+00,-2.982566595e+00,-1.792957425e+00,2.804076672e+00,1.298353672e-01,4.000000000e+00,0.000000000e+00,4.000000000e+00,3.000000000e+00,0.000000000e+00,9.000000000e+00,1.000000000e+00,1.000000000e+00,-5.111990452e+00,-1.858885050e+00,-1.511014551e-01,-5.106789589e+00,1.000000000e+00,4.141753038e-07,5.757061243e-01
79,1,7.652752399e-01,6.572743654e-01,-1.194602728e+00,6.771516204e-01,-2.770901620e-01,-3.321764469e+00,-3.275335312e+00,-2.583612680e+00,-2.673125029e+00,-2.475648403e+00,-2.616881847e+00,-3.429508209e+00,-7.348000407e-01,4.000000000e+00,7.000000000e+00,7.000000000e+00,0.000000000e+00,8.656229377e-01,2.908590794e+00,-1.679458469e-01,1.000000000e+00,-1.851852894e+00,-3.701480865e+00,3.902656436e-01,2.908588886e+00,-2.939960241e+00,-1.959845185e+00,2.715791702e+00,7.348000407e-01,3.000000000e+00,1.000000000e+00,2.000000000e+00,3.000000000e+00,-3.000000000e+00,1.700000000e+01,1.000000000e+00,1.000000000e+00,-5.734011173e+00,-2.613306284e+00,-1.525299549e+00,-5.733527184e+00,1.000000000e+00,4.141753038e-07,7.141104341e-01
79,2,1.050363421e+00,5.855680108e-01,-9.512537718e-01,1.082984686e+00,-3.095827252e-02,-3.239105463e+00,-3.100614548e+00,-2.675745010e+00,-2.557592392e+00,-2.211084843e+00,-2.586946011e+00,-3.702460527e+00,-1.732589960e+00,7.000000000e+00,7.000000000e+00,9.000000000e+00,0.000000000e+00,8.763138056e-01,2.649316311e+00,1.287424266e-01,1.000000000e+00,-1.536810517e+00,-3.073061705e+00,3.343786597e-01,2.649311066e+00,-2.808658838e+00,-2.001577377e+00,2.661453724e+00,1.732589960e+00,3.000000000e+00,3.000000000e+00,0.000000000e+00,3.000000000e+00,-4.000000000e+00,2.700000000e+01,4.000000000e+00,1.000000000e+00,-5.710131645e+00,-2.727190733e+00,-2.382714510e+00,-5.709735870e+00,1.000000000e+00,4.141753038e-07,9.087195396e-01
79,3,3.430917859e-01,3.047545552e-01,-1.583863258e+00,9.984012246e-01,4.415907711e-02,-3.096099138e+00,-3.091503143e+00,-2.444200039e+00,-2.560476065e+00,-2.405873060e+00,-2.231517076e+00,-3.134386301e+00,-4.263861477e-01,4.000000000e+00,7.000000000e+00,7.000000000e+00,0.000000000e+00,6.933680177e-01,2.752668142e+00,1.533034444e-01,1.000000000e+00,-1.888600707e+00,-3.774541855e+00,7.267110795e-02,2.752666950e+00,-2.792448044e+00,-1.926934838e+00,2.834512949e+00,4.263861477e-01,1.000000000e+00,0.000000000e+00,1.000000000e+00,3.000000000e+00,-2.000000000e+00,5.000000000e+00,3.000000000e+00,1.000000000e+00,-5.225169182e+00,-2.064819574e+00,-3.599191904e-01,-5.222068310e+00,1.000000000e+00,4.141753038e-07,9.974409342e-01
80,0,8.447880149e-01,4.375314116e-01,-1.043022037e+00,7.113107443e-01,-1.337868273e-01,-3.148109913e+00,-3.000462055e+00,-2.536020756e+00,-2.450316668e+00,-2.128854752e+00,-2.325169563e+00,-3.554418325e+00,1.590158939e+00,5.000000000e+00,6.000000000e+00,6.000000000e+00,0.000000000e+00,1.477205753e+00,2.867516756e+00,-6.684010476e-02,1.000000000e+00,-1.480544925e+00,-2.960634708e+00,1.424212456e-01,2.867516041e+00,-2.745307684e+00,-1.887781262e+00,3.046532631e+00,1.590158939e+00,1.000000000e+00,1.000000000e+00,0.000000000e+00,1.000000000e+00,5.000000000e+00,9.000000000e+00,1.000000000e+00,1.000000000e+00,-4.049597263e+00,-1.720762730e+00,-4.968193769e-01,-4.041505337e+00,1.000000000e+00,4.141753038e-07,9.892577529e-01
81,0,9.004629850e-01,7.988231778e-01,-1.041787624e+00,8.831052780e-01,-7.113675028e-02,-3.382354021e+00,-3.369576454e+00,-2.557519913e+00,-2.694633722e+00,-2.455912590e+00,-2.740772724e+00,-3.483717918e+00,7.111275196e-01,4.000000000e+00,7.000000000e+00,7.000000000e+00,0.000000000e+00,1.531949997e+00,3.222013950e+00,3.800758347e-02,1.000000000e+00,-1.840585470e+00,-3.679085016e+00,8.068324327e-01,3.222010612e+00,-2.686628342e+00,-1.942217350e+00,2.653956652e+00,7.111275196e-01,3.000000000e+00,0.000000000e+00,3.000000000e+00,3.000000000e+00,1.000000000e+00,8.000000000e+00,1.000000000e+00,1.000000000e+00,-5.263381004e+00,-2.167446613e+00,-6.596739292e-01,-5.260976315e+00,1.000000000e+00,4.141753038e-07,7.011030614e-02
81,1,1.144610882e+00,6.283447742e-01,-8.494081497e-01,7.415528297e-01,-3.723896146e-01,-3.180787325e+00,-3.067968845e+00,-2.626236439e+00,-2.499946594e+00,-2.110098124e+00,-2.622107744e+00,-3.695552826e+00,1.857846737e+00,7.000000000e+00,7.000000000e+00,9.000000000e+00,0.000000000e+00,-7.671382427e-01,1.726670146e+00,-2.126890570e-01,1.000000000e+00,-1.477742910e+00,-2.955042839e+00,6.589227915e-02,1.726566553e+00,-3.062035561e+00,-1.993979216e+00,2.050486565e+00,1.857846737e+00,4.000000000e+00,4.000000000e+00,0.000000000e+00,3.000000000e+00,5.000000000e+00,8.000000000e+00,4.000000000e+00,1.000000000e+00,-5.466994762e+00,-2.130686045e+00,-1.299517155e+00,-5.464728355e+00,1.000000000e+00,4.141753038e-07,8.177036047e-01
81,2,1.138066888e+00,3.871849477e-01,-7.866942286e-01,2.571787834e-01,-7.842115164e-01,-3.003899097e+00,-2.718901157e+00,-2.459048033e+00,-2.209312201e+00,-1.708268762e+00,-2.311813593e+00,-3.752754927e+00,2.414148569e+00,8.000000000e+00,7.000000000e+00,8.000000000e+00,0.000000000e+00,7.918380499e-01,2.104217768e+00,-6.459095478e-01,1.000000000e+00,-1.173875213e+00,-2.347620726e+00,-9.635946900e-02,2.104209185e+00,-2.692713261e+00,-1.924727201e+00,2.701572895e+00,2.414148569e+00,4.000000000e+00,4.000000000e+00,0.000000000e+00,3.000000000e+00,5.000000000e+00,5.000000000e+00,4.000000000e+00,1.000000000e+00,-5.339322090e+00,-1.916744709e+00,-1.475200295e+00,-5.335230350e+00,1.000000000e+00,6.535622478e-01,9.940730929e-01
81,3,1.005502820e+00,3.486667871e-01,-9.658057094e-01,7.291913629e-01,-3.847509921e-01,-2.959114313e+00,-2.776833534e+00,-2.434336901e+00,-2.278789997e+00,-1.777592778e+00,-2.319782495e+00,-3.614554405e+00,2.193199635e+00,8.000000000e+00,7.000000000e+00,9.000000000e+00,0.000000000e+00,-8.322982788e-01,1.361696362e+00,-2.250504941e-01,1.000000000e+00,-1.314467430e+00,-2.628662109e+00,-1.048704907e-01,1.361442924e+00,-2.732175589e+00,-1.971271753e+00,1.967462659e+00,2.193199635e+00,1.000000000e+00,1.000000000e+00,0.000000000e+00,1.000000000e+00,5.000000000e+00,2.200000000e+01,1.000000000e+00,1.000000000e+00,-3.666632652e+00,-1.005410194e+00,5.363171101e-01,-3.625910759e+00,1.000000000e+00,6.522325873e-01,9.960743189e-01
81,4,6.248016357e-01,3.181125522e-01,-1.344227552e+00,5.439057350e-01,-3.011915088e-01,-3.051414967e+00,-2.975208282e+00,-2.511471033e+00,-2.486356020e+00,-2.204853296e+00,-2.286793947e+00,-3.357602596e+00,1.331972241e+00,4.000000000e+00,6.000000000e+00,6.000000000e+00,0.000000000e+00,8.251736760e-01,2.617509842e+00,-2.342448235e-01,1.000000000e+00,-1.662329555e+00,-3.323510170e+00,-8.159743547e-01,2.617509842e+00,-3.618769646e+00,-1.968998194e+00,3.714182615e+00,1.331972241e+00,1.000000000e+00,0.000000000e+00,1.000000000e+00,3.000000000e+00,2.000000000e+00,1.000000000e+01,1.000000000e+00,1.000000000e+00,-4.852184296e+00,-2.065517902e+00,-8.138720393e-01,-4.848729610e+00,1.000000000e+00,7.945185304e-01,9.970982075e-01
81,5,9.258753061e-01,3.056995273e-01,-1.050721884e+00,1.055513501e+00,1.412111614e-02,-2.956727505e+00,-2.767286062e+00,-2.414539576e+00,-2.250315189e+00,-1.794449449e+00,-2.282089472e+00,-3.575658798e+00,-2.106460333e+00,7.000000000e+00,6.000000000e+00,8.000000000e+00,0.000000000e+00,4.692463204e-02,1.818222404e+00,1.524237096e-01,1.000000000e+00,-1.356416225e+00,-2.712499380e+00,4.045866430e-01,1.817898989e+00,-2.151443958e+00,-1.976560831e+00,1.869198084e+00,2.106460333e+00,0.000000000e+00,0.000000000e+00,0.000000000e+00,0.000000000e+00,-1.000000000e+00,-1.000000000e+00,-1.000000000e+00,0.000000000e+00,-9.999956489e-01,4.141753038e-07,1.000000000e+00,-6.989678144e-01,1.000000000e+00,1.358941197e+00,9.974184036e-01
82,0,1.355166316e+00,7.368477583e-01,-5.490840673e-01,8.103960156e-01,-2.309959829e-01,-3.209503889e+00,-2.695461512e+00,-2.390467644e+00,-1.966141820e+00,-1.772230148e+00,-2.640880585e+00,-3.825610161e+00,-2.102054596e+00,7.000000000e+00,6.000000000e+00,8.000000000e+00,0.000000000e+00,1.727121949e+00,2.635816813e+00,-9.269349277e-02,1.000000000e+00,-1.285924911e+00,-2.571675777e+00,-1.525001168e+00,2.635816813e+00,-4.220764637e+00,-1.904217124e+00,4.353415012e+00,2.102054596e+00,4.000000000e+00,4.000000000e+00,0.000000000e+00,3.000000000e+00,-5.000000000e+00,1.500000000e+01,3.000000000e+00,1.000000000e+00,-4.754810810e+00,-1.406987667e+00,-2.755065560e-01,-4.739054203e+00,1.000000000e+00,4.141753038e-07,2.867276967e-01
82,1,1.001596689e+00,5.409448743e-01,-1.037093639e+00,4.795390368e-01,-5.618522167e-01,-3.191383362e+00,-3.080352306e+00,-2.657980204e+00,-2.552952766e+00,-2.197457552e+00,-2.579361916e+00,-3.650762796e+00,1.722426414e+00,5.000000000e+00,7.000000000e+00,8.000000000e+00,0.000000000e+00,5.694098473e-01,2.482230902e+00,-4.235499203e-01,1.000000000e+00,-1.578026772e+00,-3.155351877e+00,-6.640284061e-01,2.482230663e+00,-3.755601883e+00,-2.038647652e+00,3.501127720e+00,1.722426414e+00,4.000000000e+00,4.000000000e+00,0.000000000e+00,2.000000000e+00,-4.000000000e+00,2.700000000e+01,3.000000000e+00,1.000000000e+00,-5.194985867e+00,-2.749674797e+00,-2.345198870e+00,-5.194334984e+00,1.000000000e+00,4.141753038e-07,9.547894001e-01
82,2,8.341985345e-01,4.067205787e-01,-1.148128986e+00,8.481653333e-01,-1.932267249e-01,-3.099065065e+00,-2.987980604e+00,-2.591184616e+00,-2.503046036e+00,-2.163812637e+00,-2.388795853e+00,-3.525629759e+00,1.640554309e+00,6.000000000e+00,7.000000000e+00,8.000000000e+00,0.000000000e+00,1.037462711e+00,2.682607651e+00,-5.492421612e-02,1.000000000e+00,-1.554839969e+00,-3.109000683e+00,-9.085360169e-02,2.682607174e+00,-3.000324011e+00,-1.982291937e+00,3.112599134e+00,1.640554309e+00,1.000000000e+00,1.000000000e+00,0.000000000e+00,1.000000000e+00,5.000000000e+00,1.100000000e+01,1.000000000e+00,1.000000000e+00,-4.352039814e+00,-1.477019310e+00,1.271603256e-01,-4.338111877e+00,1.000000000e+00,5.489825010e-01,9.925928712e-01
82,3,8.899783492e-01,4.032578468e-01,-1.052743435e+00,6.875711679e-01,-2.666705847e-01,-3.090637445e+00,-2.946909904e+00,-2.581457615e+00,-2.469834566e+00,-2.094848633e+00,-2.345783949e+00,-3.576253414e+00,1.786159515e+00,6.000000000e+00,6.000000000e+00,7.000000000e+00,0.000000000e+00,-7.653682828e-01,1.712253094e+00,-1.575263292e-01,1.000000000e+00,-1.455993652e+00,-2.911553383e+00,-1.356303990e-01,1.712209463e+00,-3.008408308e+00,-1.942688465e+00,2.222725391e+00,1.786159515e+00,3.000000000e+00,3.000000000e+00,0.000000000e+00,3.000000000e+00,5.000000000e+00,1.800000000e+01,3.000000000e+00,1.000000000e+00,-4.295799732e+00,-1.599723935e+00,-3.090307713e-01,-4.285229683e+00,1.000000000e+00,5.460152626e-01,9.928849339e-01
82,4,9.937373400e-01,3.468164504e-01,-9.933402538e-01,7.112450600e-01,-4.026972651e-01,-2.976621866e+00,-2.786145926e+00,-2.404674292e+00,-2.276436090e+00,-1.757838607e+00,-2.333694696e+00,-3.622131348e+00,-2.169780016e+00,8.000000000e+00,7.000000000e+00,9.000000000e+00,0.000000000e+00,1.235977530e+00,2.375864267e+00,-2.429967672e-01,1.000000000e+00,-1.340151310e+00,-2.680004120e+00,2.678108215e-01,2.375851154e+00,-2.355425358e+00,-1.987039685e+00,2.626650572e+00,2.169780016e+00,1.000000000e+00,1.000000000e+00,0.000000000e+00,1.000000000e+00,-5.000000000e+00,3.000000000e+01,1.000000000e+00,1.000000000e+00,-4.656958580e+00,-1.588184118e+00,-4.733656645e-01,-4.646387577e+00,1.000000000e+00,1.212861419e+00,9.961478710e-01
82,5,9.823276997e-01,3.054999411e-01,-1.029168367e+00,1.473044991e+00,3.591017723e-01,-2.917267323e+00,-2.773368359e+00,-2.455719709e+00,-2.342365980e+00,-1.778989792e+00,-2.316768885e+00,-3.592750549e+00,2.240339041e+00,8.000000000e+00,7.000000000e+00,9.000000000e+00,0.000000000e+00,-1.272470355e+00,1.142782927e+00,5.188025832e-01,1.000000000e+00,-1.334663391e+00,-2.669001102e+00,-1.113617182e+00,1.142776251e+00,-3.759083033e+00,-2.011456013e+00,2.818604946e+00,2.240339041e+00,4.000000000e+00,4.000000000e+00,0.000000000e+00,3.000000000e+00,5.000000000e+00,1.800000000e+01,3.000000000e+00,1.000000000e+00,-4.275177002e+00,-1.985223293e+00,-1.310115576e+00,-4.270791054e+00,2.000000000e+00,8.673070669e-01,9.974231720e-01
82,6,8.781474829e-01,3.009649813e-01,-1.088340402e+00,9.316692948e-01,-1.097228974e-01,-2.959744930e+00,-2.806830883e+00,-2.480329275e+00,-2.357355595e+00,-1.903243065e+00,-2.267231941e+00,-3.535829544e+00,2.004158258e+00,7.000000000e+00,7.000000000e+00,8.000000000e+00,0.000000000e+00,1.385778427e+00,2.596171379e+00,2.857962437e-02,1.000000000e+00,-1.389299870e+00,-2.778214693e+00,2.707255483e-01,2.596166372e+00,-2.387588024e+00,-1.966452837e+00,2.779564857e+00,2.004158258e+00,1.000000000e+00,1.000000000e+00,0.000000000e+00,1.000000000e+00,5.000000000e+00,1.000000000e+01,1.000000000e+00,1.000000000e+00,-4.907670498e+00,-1.516417265e+00,-2.273828983e-01,-4.895683289e+00,1.000000000e+00,8.692018986e-01,9.975288510e-01
83,0,9.650473595e-01,9.616521597e-01,-8.774651289e-01,5.890362263e-01,-3.652053475e-01,-3.236571312e+00,-3.309226274e+00,-2.354880095e+00,-2.630497694e+00,-2.351485729e+00,-2.803885937e+00,-3.239960670e+00,-1.252047718e-01,3.000000000e+00,6.000000000e+00,7.000000000e+00,0.000000000e+00,1.029361963e+00,2.866295099e+00,-2.560611367e-01,1.000000000e+00,-1.839090466e+00,-3.676170349e+00,1.014405489e+00,2.866252184e+00,-2.577765703e+00,-1.842485428e+00,2.130928993e+00,1.252047718e-01,4.000000000e+00,0.000000000e+00,4.000000000e+00,3.000000000e+00,0.000000000e+00,5.000000000e+00,1.000000000e+00,1.000000000e+00,-5.169611454e+00,-2.159238100e+00,-6.343190670e-01,-5.167054653e+00,1.000000000e+00,4.141753038e-07,2.460479154e-04
83,1,8.194950819e-01,8.002496958e-01,-1.077361226e+00,6.296446919e-01,-3.245969713e-01,-3.291596651e+00,-3.328462362e+00,-2.388276100e+00,-2.694854736e+00,-2.369035244e+00,-2.696867704e+00,-3.310803413e+00,2.999084890e-01,4.000000000e+00,7.000000000e+00,7.000000000e+00,0.000000000e+00,1.019153118e+00,2.878801107e+00,-2.154527158e-01,1.000000000e+00,-1.877583265e+00,-3.752740145e+00,1.236816525e+00,2.878688097e+00,-2.258424282e+00,-1.896827102e+00,1.967792392e+00,2.999084890e-01,3.000000000e+00,0.000000000e+00,3.000000000e+00,3.000000000e+00,1.000000000e+00,5.000000000e+00,2.000000000e+00,1.000000000e+00,-5.790305138e+00,-2.317265034e+00,-8.752821088e-01,-5.789505005e+00,1.000000000e+00,4.141753038e-07,6.745838374e-02
83,2,3.163949549e-01,3.087412119e-01,-1.590144157e+00,4.503179193e-01,-5.039232969e-01,-3.026983976e+00,-3.124003410e+00,-2.287723303e+00,-2.600890160e+00,-2.280071020e+00,-2.215183973e+00,-3.034629583e+00,1.882932335e-01,4.000000000e+00,7.000000000e+00,7.000000000e+00,0.000000000e+00,1.134694695e+00,2.847501993e+00,-3.947791457e-01,1.000000000e+00,-1.898867607e+00,-3.795044899e+00,1.921041757e-01,2.847500801e+00,-2.717473984e+00,-1.906520724e+00,2.976195335e+00,1.882932335e-01,3.000000000e+00,0.000000000e+00,3.000000000e+00,3.000000000e+00,1.000000000e+00,5.000000000e+00,2.000000000e+00,1.000000000e+00,-5.636810303e+00,-2.646929264e+00,-1.498381615e+00,-5.636256218e+00,1.000000000e+00,4.141753038e-07,9.973441958e-01
84,0,1.080947757e+00,4.061858058e-01,-9.279840589e-01,1.230052590e+00,1.161094829e-01,-3.023991108e+00,-2.857109070e+00,-2.565370798e+00,-2.387077808e+00,-1.890734673e+00,-2.414921761e+00,-3.697045326e+00,2.235472679e+00,8.000000000e+00,7.000000000e+00,9.000000000e+00,0.000000000e+00,-6.154196337e-03,1.887695789e+00,2.758102417e-01,1.000000000e+00,-1.334164023e+00,-2.668058157e+00,-4.221251607e-01,1.887690544e+00,-3.214782953e+00,-2.008891106e+00,2.805952311e+00,2.235472679e+00,1.000000000e+00,1.000000000e+00,0.000000000e+00,1.000000000e+00,5.000000000e+00,1.600000000e+01,1.000000000e+00,1.000000000e+00,-5.400296211e+00,-1.752744555e+00,-8.217035532e-01,-5.394588947e+00,1.000000000e+00,1.309953332e-01,9.926389456e-01
84,1,1.040763259e+00,3.752976060e-01,-9.581791162e-01,7.194101810e-01,-3.945321441e-01,-3.016879082e+00,-2.814202785e+00,-2.491494656e+00,-2.296891212e+00,-1.826134562e+00,-2.374052048e+00,-3.680709362e+00,2.213560581e+00,8.000000000e+00,7.000000000e+00,9.000000000e+00,0.000000000e+00,7.737351060e-01,2.213031292e+00,-2.348316610e-01,1.000000000e+00,-1.333471060e+00,-2.666670561e+00,-1.990076542e+00,2.213031292e+00,-4.642878056e+00,-1.998902917e+00,4.665632248e+00,2.213560581e+00,1.000000000e+00,1.000000000e+00,0.000000000e+00,2.000000000e+00,-5.000000000e+00,1.000000000e+00,3.000000000e+00,1.000000000e+00,-4.777291298e+00,-1.411319137e+00,-1.213397384e-01,-4.761737823e+00,1.000000000e+00,1.654576063e-01,9.948006868e-01
84,2,7.353988886e-01,3.747338057e-01,-1.260492563e+00,4.703434706e-01,-3.747536540e-01,-3.081695080e+00,-2.999300003e+00,-2.550482988e+00,-2.506390572e+00,-2.189904690e+00,-2.370306492e+00,-3.441682100e+00,1.472326756e+00,4.000000000e+00,6.000000000e+00,6.000000000e+00,0.000000000e+00,7.060855627e-01,2.543014765e+00,-3.078070283e-01,1.000000000e+00,-1.635215282e+00,-3.269435406e+00,-7.666884661e-01,2.543014765e+00,-3.646028042e+00,-1.995856166e+00,3.625449657e+00,1.472326756e+00,3.000000000e+00,3.000000000e+00,0.000000000e+00,2.000000000e+00,-4.000000000e+00,1.600000000e+01,1.000000000e+00,1.000000000e+00,-4.951203346e+00,-1.821043849e+00,-3.584619761e-01,-4.945272446e+00,1.000000000e+00,8.870118856e-01,9.948323965e-01
84,3,8.739497066e-01,3.277668357e-01,-1.147308230e+00,1.084070444e+00,-9.202034026e-02,-2.898454666e+00,-2.803113699e+00,-2.247964382e+00,-2.265033245e+00,-1.701836467e+00,-2.348650217e+00,-3.443773270e+00,1.929927945e+00,8.000000000e+00,8.000000000e+00,1.000000000e+01,0.000000000e+00,-6.385214925e-01,1.382657766e+00,8.407071978e-02,1.000000000e+00,-1.475067973e+00,-2.949491501e+00,-3.756660223e-01,1.382591724e+00,-2.968142986e+00,-2.021218300e+00,2.321323633e+00,1.929927945e+00,1.000000000e+00,1.000000000e+00,0.000000000e+00,1.000000000e+00,5.000000000e+00,8.000000000e+00,2.000000000e+00,1.000000000e+00,-5.508725166e+00,-3.026779413e+00,-3.104583740e+00,-5.508449078e+00,1.000000000e+00,9.378495812e-01,9.968146682e-01
84,4,1.007740378e+00,3.259743154e-01,-9.667135477e-01,-9.059018455e-03,-9.632980227e-01,-2.891245604e+00,-2.615944624e+00,-2.155583858e+00,-1.946216822e+00,-1.473866820e+00,-2.300213575e+00,-3.571727037e+00,2.251967430e+00,6.000000000e+00,6.000000000e+00,7.000000000e+00,0.000000000e+00,1.121971726e+00,2.034869194e+00,-8.541544080e-01,1.000000000e+00,-1.292683125e+00,-2.585084677e+00,-3.273574114e-01,2.034865141e+00,-2.599414825e+00,-1.974416971e+00,2.834517479e+00,2.251967430e+00,1.000000000e+00,1.000000000e+00,0.000000000e+00,1.000000000e+00,5.000000000e+00,3.000000000e+01,1.000000000e+00,1.000000000e+00,-5.153151989e+00,-1.753718019e+00,-9.066485167e-01,-5.146634102e+00,1.000000000e+00,4.390435219e-01,9.968698621e-01
85,0,5.979216099e-01,5.936806798e-01,-1.297487855e+00,4.144353569e-01,-5.398057699e-01,-3.142890692e+00,-3.184867620e+00,-2.317959547e+00,-2.546964645e+00,-2.313719511e+00,-2.488951445e+00,-3.147125721e+00,-1.399779022e-01,4.000000000e+00,7.000000000e+00,7.000000000e+00,0.000000000e+00,1.099688172e+00,2.863729954e+00,-4.306616783e-01,1.000000000e+00,-1.891143203e+00,-3.779717922e+00,1.228739619e+00,2.863613367e+00,-1.912023306e+00,-1.895383835e+00,1.868173480e+00,1.399779022e-01,3.000000000e+00,0.000000000e+00,3.000000000e+00,3.000000000e+00,0.000000000e+00,6.000000000e+00,1.000000000e+00,1.000000000e+00,-5.313350201e+00,-1.682664394e+00,3.991326392e-01,-5.306246281e+00,1.000000000e+00,4.141753038e-07,8.959372044e-01
85,1,9.839395285e-01,3.881049752e-01,-9.840799570e-01,1.520563245e+00,4.791706800e-01,-2.981046200e+00,-2.846973419e+00,-2.506293774e+00,-2.391660452e+00,-1.910562992e+00,-2.355906963e+00,-3.575659037e+00,-2.048625469e+00,7.000000000e+00,6.000000000e+00,8.000000000e+00,0.000000000e+00,-4.519904256e-01,1.684605837e+00,6.174733043e-01,1.000000000e+00,-1.372178674e+00,-2.744014025e+00,-6.943605542e-01,1.684602141e+00,-3.472942591e+00,-1.967983246e+00,2.859604597e+00,2.048625469e+00,1.000000000e+00,1.000000000e+00,0.000000000e+00,1.000000000e+00,-5.000000000e+00,1.700000000e+01,1.000000000e+00,1.000000000e+00,-4.971901417e+00,-1.804162979e+00,-8.775282502e-01,-4.965766907e+00,1.000000000e+00,1.310277939e+00,9.940118194e-01
85,2,8.449916840e-01,3.730242550e-01,-1.087988496e+00,1.589860439e+00,6.356179714e-01,-3.107342243e+00,-2.921773434e+00,-2.524591684e+00,-2.388271332e+00,-2.052720308e+00,-2.305823803e+00,-3.578218699e+00,-1.750151038e+00,6.000000000e+00,6.000000000e+00,7.000000000e+00,0.000000000e+00,7.068377733e-01,2.406210184e+00,7.447624207e-01,1.000000000e+00,-1.461005330e+00,-2.921575308e+00,4.594823420e-01,2.406182289e+00,-2.301832199e+00,-1.932948232e+00,2.282271385e+00,1.750151038e+00,0.000000000e+00,0.000000000e+00,0.000000000e+00,0.000000000e+00,-1.000000000e+00,-1.000000000e+00,-1.000000000e+00,0.000000000e+00,-9.999956489e-01,4.141753038e-07,1.000000000e+00,-6.989678144e-01,1.000000000e+00,1.407716751e+00,9.949272871e-01
85,3,1.063494325e+00,3.329084516e-01,-8.906288147e-01,1.064449072e+00,2.305674180e-02,-2.882155180e+00,-2.080775738e+00,-2.042190790e+00,-1.268900037e+00,-1.311643720e+00,-2.286849737e+00,-3.611294270e+00,2.366624117e+00,7.000000000e+00,6.000000000e+00,8.000000000e+00,0.000000000e+00,1.924676895e+00,2.273990631e+00,1.613593400e-01,1.000000000e+00,-1.223533154e+00,-2.446858406e+00,-2.530391812e-01,2.273988724e+00,-1.854825258e+00,-1.954087377e+00,2.484269619e+00,2.366624117e+00,1.000000000e+00,1.000000000e+00,0.000000000e+00,2.000000000e+00,-5.000000000e+00,9.000000000e+00,3.000000000e+00,1.000000000e+00,-5.186599255e+00,-1.793712378e+00,-1.126312494e+00,-5.180728912e+00,1.000000000e+00,1.310469151e+00,9.966496825e-01
86,0,1.260093093e+00,7.591478229e-01,-7.187858224e-01,6.100470424e-01,-4.313445687e-01,-3.368336439e+00,-3.116146326e+00,-2.722232580e+00,-2.487175465e+00,-2.221444130e+00,-2.737759113e+00,-3.867087364e+00,-1.820740581e+00,6.000000000e+00,7.000000000e+00,8.000000000e+00,0.000000000e+00,1.030085921e+00,2.736566067e+00,-2.930421829e-01,1.000000000e+00,-1.477922797e+00,-2.955447435e+00,5.541873574e-01,2.736556530e+00,-2.692055702e+00,-1.978839755e+00,2.448124647e+00,1.820740581e+00,4.000000000e+00,4.000000000e+00,0.000000000e+00,2.000000000e+00,4.000000000e+00,3.100000000e+01,4.000000000e+00,1.000000000e+00,-5.706425190e+00,-1.422471762e+00,1.443768293e-01,-5.698432922e+00,1.000000000e+00,4.141753038e-07,1.844872683e-01
86,1,1.061681509e+00,3.954695165e-01,-9.395530224e-01,1.168117762e+00,5.417480692e-02,-2.997129440e+00,-2.845206499e+00,-2.542580843e+00,-2.383488417e+00,-1.876487494e+00,-2.396501541e+00,-3.661775351e+00,2.215320826e+00,8.000000000e+00,7.000000000e+00,9.000000000e+00,0.000000000e+00,2.864031792e-01,2.019869804e+00,2.138755172e-01,1.000000000e+00,-1.335016847e+00,-2.669751406e+00,4.586917758e-01,2.019705772e+00,-2.320280552e+00,-2.001194715e+00,2.068050861e+00,2.215320826e+00,1.000000000e+00,1.000000000e+00,0.000000000e+00,1.000000000e+00,5.000000000e+00,3.000000000e+00,1.000000000e+00,1.000000000e+00,-4.822946072e+00,-2.160228014e+00,-1.656493902e+00,-4.820152283e+00,1.000000000e+00,4.141753038e-07,9.934931397e-01
87,0,8.500020504e-01,5.551331043e-01,-1.093017936e+00,8.700203896e-01,2.492265776e-02,-3.157606125e+00,-3.067110300e+00,-2.539629459e+00,-2.495151997e+00,-2.244834900e+00,-2.497867584e+00,-3.451868773e+00,-1.300537705e+00,3.000000000e+00,5.000000000e+00,6.000000000e+00,0.000000000e+00,1.450329721e-01,2.317427635e+00,9.186939150e-02,1.000000000e+00,-1.648136973e+00,-3.295300484e+00,-6.698435545e-01,2.317427397e+00,-3.717991590e+00,-1.942987204e+00,3.237014771e+00,1.300537705e+00,4.000000000e+00,4.000000000e+00,0.000000000e+00,3.000000000e+00,-4.000000000e+00,4.000000000e+00,1.000000000e+00,1.000000000e+00,-4.365808487e+00,-1.267288566e+00,7.160064578e-01,-4.343469620e+00,1.000000000e+00,4.141753038e-07,9.437131882e-01
87,1,7.813099027e-01,4.835768938e-01,-1.243031502e+00,9.272984862e-01,-1.140936613e-01,-3.165709496e+00,-3.113679171e+00,-2.577888727e+00,-2.576601744e+00,-2.280237198e+00,-2.507571936e+00,-3.462816715e+00,-1.308180928e+00,5.000000000e+00,7.000000000e+00,8.000000000e+00,0.000000000e+00,1.478985429e+00,3.019813776e+00,2.420884557e-02,1.000000000e+00,-1.726592660e+00,-3.451786995e+00,4.531541467e-01,3.019812107e+00,-2.607012749e+00,-2.024302959e+00,2.863046169e+00,1.308180928e+00,4.000000000e+00,4.000000000e+00,0.000000000e+00,3.000000000e+00,-4.000000000e+00,3.000000000e+01,1.000000000e+00,1.000000000e+00,-4.172475338e+00,-1.801823735e+00,-1.366533339e-01,-4.165775299e+00,1.000000000e+00,4.141753038e-07,9.803560972e-01
87,2,7.189305425e-01,2.983007431e-01,-1.242273569e+00,5.338079929e-01,-5.075834394e-01,-3.042475700e+00,-2.898120165e+00,-2.467603445e+00,-2.367837429e+00,-2.047052622e+00,-2.259249449e+00,-3.462323666e+00,1.623532295e+00,6.000000000e+00,6.000000000e+00,8.000000000e+00,0.000000000e+00,3.510017097e-01,2.222945690e+00,-3.692811131e-01,1.000000000e+00,-1.540566564e+00,-3.080456495e+00,8.788855076e-01,2.222499847e+00,-1.787327290e+00,-1.961171865e+00,1.664438963e+00,1.623532295e+00,1.000000000e+00,1.000000000e+00,0.000000000e+00,1.000000000e+00,5.000000000e+00,1.200000000e+01,1.000000000e+00,1.000000000e+00,-3.895281315e+00,-1.666465402e+00,-2.328813374e-01,-3.886092424e+00,1.000000000e+00,4.141753038e-07,9.975883961e-01
88,0,1.383882523e+00,9.708238840e-01,-4.577193260e-01,1.117792368e+00,1.635501683e-01,-3.507089138e+00,-3.437829494e+00,-2.827991009e+00,-2.851512671e+00,-2.415111542e+00,-2.812132359e+00,-3.917935848e+00,-1.604659915e+00,6.000000000e+00,5.000000000e+00,7.000000000e+00,0.000000000e+00,1.070559502e+00,2.950504303e+00,2.726945877e-01,1.000000000e+00,-1.428532839e+00,-2.856763601e+00,-1.282964349e+00,2.950504303e+00,-5.053489208e+00,-1.841572881e+00,4.664190292e+00,1.604659915e+00,4.000000000e+00,4.000000000e+00,0.000000000e+00,3.000000000e+00,-4.000000000e+00,1.000000000e+00,1.000000000e+00,1.000000000e+00,-5.821338654e+00,-1.549617290e+00,-2.663372457e-01,-5.817226410e+00,1.000000000e+00,4.141753038e-07,1.664703013e-04
88,1,1.037616372e+00,6.078522801e-01,-9.836260080e-01,9.577888250e-01,1.126910448e-01,-3.252481937e+00,-3.123200178e+00,-2.691146612e+00,-2.570791721e+00,-2.261516333e+00,-2.628825188e+00,-3.680935144e+00,-1.646227002e+00,4.000000000e+00,6.000000000e+00,6.000000000e+00,0.000000000e+00,1.072226048e+00,2.797708750e+00,1.796377897e-01,1.000000000e+00,-1.591465354e+00,-3.182214737e+00,-9.942018986e-01,2.797708750e+00,-4.166590691e+00,-2.021200895e+00,4.099679947e+00,1.646227002e+00,5.000000000e+00,5.000000000e+00,0.000000000e+00,2.000000000e+00,4.000000000e+00,3.500000000e+01,1.000000000e+00,1.000000000e+00,-4.735747814e+00,-1.762341022e+00,-3.266232014e-01,-4.728707314e+00,1.000000000e+00,4.141753038e-07,8.690505028e-01
88,2,6.289016604e-01,3.716705739e-01,-1.405392408e+00,-5.713093095e-03,-8.508085012e-01,-3.111844778e+00,-3.061893225e+00,-2.520867348e+00,-2.531181574e+00,-2.263700485e+00,-2.405543566e+00,-3.368622065e+00,-1.198329210e+00,3.000000000e+00,6.000000000e+00,6.000000000e+00,0.000000000e+00,-1.959486753e-01,2.165814877e+00,-7.838621736e-01,1.000000000e+00,-1.777047873e+00,-3.552274466e+00,5.510481447e-02,2.165801764e+00,-2.847589254e+00,-2.034258127e+00,2.378116131e+00,1.198329210e+00,1.000000000e+00,0.000000000e+00,1.000000000e+00,3.000000000e+00,-2.000000000e+00,1.000000000e+00,1.000000000e+00,1.000000000e+00,-5.261711121e+00,-2.391502142e+00,-1.232581377e+00,-5.260272980e+00,1.000000000e+00,4.141753038e-07,9.950007796e-01
88,3,8.704214096e-01,3.028746545e-01,-1.066010714e+00,9.679684639e-01,-7.342376560e-02,-2.892601252e+00,-2.746541739e+00,-2.434095860e+00,-2.291023016e+00,-1.866634965e+00,-2.239056110e+00,-3.459235191e+00,-1.981130838e+00,7.000000000e+00,6.000000000e+00,8.000000000e+00,0.000000000e+00,-2.852785289e-01,1.724098444e+00,6.487878412e-02,1.000000000e+00,-1.368880033e+00,-2.737363100e+00,1.497454941e-02,1.724015474e+00,-2.578843355e+00,-1.936399698e+00,2.133400202e+00,1.981130838e+00,3.000000000e+00,3.000000000e+00,0.000000000e+00,3.000000000e+00,-5.000000000e+00,6.000000000e+00,3.000000000e+00,1.000000000e+00,-4.067087173e+00,-1.023392677e+00,7.774540186e-01,-4.028208733e+00,1.000000000e+00,4.141753038e-07,9.974850416e-01
89,0,8.332480192e-01,8.113260865e-01,-1.027229309e+00,8.521523476e-01,-1.892396808e-01,-3.310281992e+00,-3.263885975e+00,-2.418237448e+00,-2.642895222e+00,-2.396321058e+00,-2.671580315e+00,-3.332157850e+00,-3.204125762e-01,4.000000000e+00,7.000000000e+00,8.000000000e+00,0.000000000e+00,6.415480375e-01,2.717592955e+00,-5.093719065e-02,1.000000000e+00,-1.838529944e+00,-3.675036192e+00,1.428454518e+00,2.717018604e+00,-2.025911570e+00,-1.860450387e+00,1.535213947e+00,3.204125762e-01,3.000000000e+00,0.000000000e+00,3.000000000e+00,3.000000000e+00,-1.000000000e+00,3.000000000e+00,1.000000000e+00,1.000000000e+00,-4.829236507e+00,-1.648814440e+00,3.991721272e-01,-4.820239544e+00,1.000000000e+00,4.141753038e-07,4.961509630e-02
89,1,1.048076272e+00,5.119338036e-01,-9.584647417e-01,4.908228517e-01,-6.231188178e-01,-3.069446325e+00,-2.962566376e+00,-2.581078291e+00,-2.470253468e+00,-2.045053005e+00,-2.518209696e+00,-3.604348898e+00,1.905788541e+00,7.000000000e+00,7.000000000e+00,9.000000000e+00,0.000000000e+00,5.701755881e-01,2.330196381e+00,-4.634185135e-01,1.000000000e+00,-1.470389605e+00,-2.940300465e+00,1.264826357e-01,2.330187798e+00,-2.855521679e+00,-2.006500721e+00,2.628890038e+00,1.905788541e+00,3.000000000e+00,3.000000000e+00,0.000000000e+00,3.000000000e+00,5.000000000e+00,7.000000000e+00,4.000000000e+00,1.000000000e+00,-5.325057030e+00,-3.932155371e+00,-4.895509243e+00,-5.325017452e+00,2.000000000e+00,4.141753038e-07,9.706662893e-01
89,2,1.096644282e+00,4.563779831e-01,-8.806470633e-01,5.846877098e-01,-5.292543173e-01,-3.003212452e+00,-2.860227346e+00,-2.543007851e+00,-2.395400286e+00,-1.902858257e+00,-2.433459044e+00,-3.642007828e+00,2.154045820e+00,8.000000000e+00,7.000000000e+00,9.000000000e+00,0.000000000e+00,1.530420065e+00,2.668103456e+00,-3.695539534e-01,1.000000000e+00,-1.337018728e+00,-2.673755884e+00,-1.721080989e-01,2.668102980e+00,-3.023535967e+00,-1.977253437e+00,3.332666636e+00,2.154045820e+00,3.000000000e+00,3.000000000e+00,0.000000000e+00,3.000000000e+00,5.000000000e+00,7.000000000e+00,4.000000000e+00,1.000000000e+00,-5.123469830e+00,-1.397622824e+00,-1.553005725e-01,-5.108651638e+00,2.000000000e+00,-1.166228652e+00,9.863442183e-01
90,0,9.249824286e-01,4.361816645e-01,-1.085171223e+00,6.491330862e-01,-3.922585845e-01,-3.116360426e+00,-2.986574173e+00,-2.609386206e+00,-2.489165783e+00,-2.120704889e+00,-2.446094036e+00,-3.603981018e+00,-1.791224957e+00,6.000000000e+00,7.000000000e+00,8.000000000e+00,0.000000000e+00,1.259911418e+00,2.750737429e+00,-2.539561987e-01,1.000000000e+00,-1.521343470e+00,-3.042112112e+00,7.734640837e-01,2.750713348e+00,-2.151955605e+00,-2.010114431e+00,2.345764399e+00,1.791224957e+00,3.000000000e+00,3.000000000e+00,0.000000000e+00,3.000000000e+00,-5.000000000e+00,1.800000000e+01,4.000000000e+00,1.000000000e+00,-5.387125492e+00,-1.398381829e+00,2.813505232e-01,-5.374197960e+00,2.000000000e+00,-1.357660890e+00,9.894368649e-01
90,1,1.027927041e+00,4.227633476e-01,-9.681705832e-01,8.265639544e-01,-1.276780516e-01,-2.947163582e+00,-2.851152420e+00,-2.371158123e+00,-2.393584251e+00,-1.766071081e+00,-2.418593884e+00,-3.551164150e+00,-2.070816517e+00,6.000000000e+00,6.000000000e+00,7.000000000e+00,0.000000000e+00,1.242445350e+00,2.387367487e+00,-1.853371225e-02,1.000000000e+00,-1.390927076e+00,-2.781455994e+00,5.739318132e-01,2.387316227e+00,-2.242447376e+00,-1.996058583e+00,2.440951109e+00,2.070816517e+00,3.000000000e+00,3.000000000e+00,0.000000000e+00,3.000000000e+00,-5.000000000e+00,6.000000000e+00,3.000000000e+00,1.000000000e+00,-4.779826164e+00,-2.460655212e+00,-2.136614561e+00,-4.778415680e+00,2.000000000e+00,8.902021646e-01,9.910390973e-01
90,2,9.693868160e-01,4.201304317e-01,-9.702169299e-01,1.726554513e+00,6.851618886e-01,-3.072763205e+00,-2.810600281e+00,-2.566485167e+00,-2.326139927e+00,-2.017343521e+00,-2.359552622e+00,-3.620716333e+00,-1.937307358e+00,7.000000000e+00,6.000000000e+00,8.000000000e+00,0.000000000e+00,1.071256161e+00,2.553022385e+00,8.234645128e-01,1.000000000e+00,-1.390340567e+00,-2.780354500e+00,3.205327392e-01,2.553014994e+00,-2.425714016e+00,-1.939569950e+00,2.541281700e+00,1.937307358e+00,2.000000000e+00,2.000000000e+00,0.000000000e+00,3.000000000e+00,-5.000000000e+00,1.800000000e+01,4.000000000e+00,1.000000000e+00,-4.479173183e+00,-1.126132488e+00,5.959483385e-01,-4.448760033e+00,2.000000000e+00,-1.355675101e+00,9.913188815e-01
90,3,9.397669435e-01,3.807024360e-01,-9.938265085e-01,9.566456079e-01,-8.474659920e-02,-3.011573553e+00,-2.856566429e+00,-2.537072182e+00,-2.386177063e+00,-1.978115916e+00,-2.314103842e+00,-3.569469929e+00,1.960826397e+00,7.000000000e+00,6.000000000e+00,8.000000000e+00,0.000000000e+00,1.024280190e+00,2.490297794e+00,5.355594680e-02,1.000000000e+00,-1.374522805e+00,-2.748716116e+00,-3.353673220e-01,2.490297318e+00,-3.101803780e+00,-1.933560371e+00,3.233562231e+00,1.960826397e+00,1.000000000e+00,1.000000000e+00,0.000000000e+00,1.000000000e+00,5.000000000e+00,2.100000000e+01,1.000000000e+00,1.000000000e+00,-5.562041283e+00,-1.572686434e+00,-3.727885485e-01,-5.554724216e+00,1.000000000e+00,1.234841943e+00,9.944840074e-01
90,4,9.688694477e-01,3.249220252e-01,-9.727410078e-01,6.073802710e-01,-4.340113103e-01,-2.986492634e+00,-2.616954327e+00,-2.175039291e+00,-1.937584162e+00,-1.531141877e+00,-2.266370058e+00,-3.629009008e+00,-2.162751198e+00,7.000000000e+00,6.000000000e+00,8.000000000e+00,0.000000000e+00,2.128633261e+00,2.595749617e+00,-2.957089245e-01,1.000000000e+00,-1.297658324e+00,-2.595076561e+00,1.184212685e+00,2.595422983e+00,-1.078325748e+00,-1.941576481e+00,1.817672968e+00,2.162751198e+00,4.000000000e+00,4.000000000e+00,0.000000000e+00,1.000000000e+00,-5.000000000e+00,1.900000000e+01,1.000000000e+00,1.000000000e+00,-4.013705730e+00,-1.322265267e+00,-6.841396913e-03,-3.993708372e+00,1.000000000e+00,4.141753038e-07,9.969016314e-01
91,0,8.869459033e-01,6.907297969e-01,-9.959256649e-01,6.687949300e-01,-1.763025224e-01,-3.351250648e+00,-3.217344522e+00,-2.609288454e+00,-2.594561577e+00,-2.413136721e+00,-2.573382616e+00,-3.546910048e+00,-1.023514867e+00,4.000000000e+00,6.000000000e+00,6.000000000e+00,0.000000000e+00,-1.434614062e-01,2.342103720e+00,-1.093558222e-01,1.000000000e+00,-1.686638594e+00,-3.372234583e+00,1.180653214e+00,2.341068745e+00,-2.104753733e+00,-1.882842660e+00,1.341887712e+00,1.023514867e+00,3.000000000e+00,2.000000000e+00,1.000000000e+00,3.000000000e+00,-2.000000000e+00,7.000000000e+00,1.000000000e+00,1.000000000e+00,-4.878459454e+00,-4.328172684e+00,-5.222388268e+00,-4.878440857e+00,1.000000000e+00,4.141753038e-07,5.468499064e-01
91,1,9.893504977e-01,3.773642778e-01,-9.705546498e-01,1.011679649e+00,-2.971254289e-02,-2.976936102e+00,-2.823468208e+00,-2.508774042e+00,-2.356476784e+00,-1.896893501e+00,-2.337066412e+00,-3.587650776e+00,2.087025404e+00,7.000000000e+00,6.000000000e+00,8.000000000e+00,0.000000000e+00,-8.184279799e-01,1.488260746e+00,1.085899994e-01,1.000000000e+00,-1.347913146e+00,-2.695517778e+00,2.170186192e-01,1.487637281e+00,-2.516778469e+00,-1.959869623e+00,1.730206609e+00,2.087025404e+00,1.000000000e+00,1.000000000e+00,0.000000000e+00,1.000000000e+00,5.000000000e+00,2.300000000e+01,1.000000000e+00,1.000000000e+00,-5.327939034e+00,-1.224042177e+00,1.973837465e-01,-5.307994843e+00,1.000000000e+00,7.927963734e-01,9.946822524e-01
91,2,7.450498939e-01,3.592532873e-01,-1.351759911e+00,8.527305126e-01,-1.015115231e-01,-3.087740421e+00,-2.991096497e+00,-2.479367733e+00,-2.411488533e+00,-2.093647957e+00,-2.455631256e+00,-3.472777128e+00,-1.536208034e+00,4.000000000e+00,7.000000000e+00,7.000000000e+00,0.000000000e+00,-8.133984208e-01,1.687278271e+00,7.632779889e-03,1.000000000e+00,-1.711000443e+00,-3.420582771e+00,2.971424460e-01,1.686917782e+00,-2.473582029e+00,-2.096765041e+00,1.707617760e+00,1.536208034e+00,3.000000000e+00,3.000000000e+00,0.000000000e+00,3.000000000e+00,-4.000000000e+00,3.400000000e+01,3.000000000e+00,1.000000000e+00,-5.502202511e+00,-1.956333399e+00,-4.810413122e-01,-5.498939037e+00,1.000000000e+00,1.139940858e+00,9.956192374e-01
91,3,9.799664021e-01,3.287919462e-01,-1.030748129e+00,8.257865906e-01,-2.881559432e-01,-2.960335970e+00,-2.779600143e+00,-2.399024010e+00,-2.260639429e+00,-1.747933865e+00,-2.339286566e+00,-3.610133648e+00,2.179830551e+00,8.000000000e+00,7.000000000e+00,9.000000000e+00,0.000000000e+00,2.303451002e-01,1.863147616e+00,-1.284553409e-01,1.000000000e+00,-1.359534621e+00,-2.718732357e+00,-1.693650484e-01,1.863128901e+00,-2.758626938e+00,-2.010674715e+00,2.545138121e+00,2.179830551e+00,3.000000000e+00,3.000000000e+00,0.000000000e+00,2.000000000e+00,-5.000000000e+00,1.300000000e+01,3.000000000e+00,1.000000000e+00,-5.603075027e+00,-1.738015652e+00,-7.727208734e-01,-5.598345280e+00,1.000000000e+00,7.931063175e-01,9.967825413e-01
92,0,8.823320866e-01,7.537651658e-01,-1.072578192e+00,6.545920372e-01,-2.996497452e-01,-3.359736443e+00,-3.260148525e+00,-2.581103325e+00,-2.616777897e+00,-2.452578783e+00,-2.708375692e+00,-3.487961054e+00,-8.079290986e-01,4.000000000e+00,7.000000000e+00,7.000000000e+00,0.000000000e+00,-1.271259308e+00,1.817069054e+00,-1.905054450e-01,1.000000000e+00,-1.826319218e+00,-3.650666714e+00,-7.653401494e-01,1.817067504e+00,-4.130165100e+00,-1.954876065e+00,2.745620012e+00,8.079290986e-01,2.000000000e+00,0.000000000e+00,2.000000000e+00,3.000000000e+00,-2.000000000e+00,6.000000000e+00,2.000000000e+00,1.000000000e+00,-5.219509602e+00,-2.544819832e+00,-1.439708471e+00,-5.218477726e+00,1.000000000e+00,4.141753038e-07,2.067293227e-01
92,1,7.185359597e-01,4.024549127e-01,-1.301689267e+00,5.586609840e-01,-4.827305079e-01,-3.114944220e+00,-3.059855700e+00,-2.494154692e+00,-2.496564865e+00,-2.178143740e+00,-2.422323465e+00,-3.430419922e+00,1.356752396e+00,5.000000000e+00,7.000000000e+00,8.000000000e+00,0.000000000e+00,-2.279691219e+00,1.040970564e+00,-3.444281816e-01,1.000000000e+00,-1.704130650e+00,-3.406945229e+00,1.397090703e-01,1.037521720e+00,-2.759197474e+00,-2.020188332e+00,1.216206193e+00,1.356752396e+00,4.000000000e+00,4.000000000e+00,0.000000000e+00,3.000000000e+00,4.000000000e+00,9.000000000e+00,1.000000000e+00,1.000000000e+00,-4.788038254e+00,-2.693382502e+00,-1.977086663e+00,-4.787213802e+00,1.000000000e+00,4.141753038e-07,9.929506779e-01
93,0,1.194344997e+00,7.003980279e-01,-8.508430123e-01,5.657842159e-01,-3.884573579e-01,-3.263315201e+00,-3.151808023e+00,-2.744468451e+00,-2.587186098e+00,-2.250685453e+00,-2.745274067e+00,-3.755578279e+00,-1.803743362e+00,5.000000000e+00,6.000000000e+00,7.000000000e+00,0.000000000e+00,9.249790907e-01,2.713252306e+00,-2.793131173e-01,1.000000000e+00,-1.551228642e+00,-3.101865530e+00,-4.200911224e-01,2.713252306e+00,-3.705633402e+00,-2.045142889e+00,3.469494104e+00,1.803743362e+00,4.000000000e+00,4.000000000e+00,0.000000000e+00,3.000000000e+00,-4.000000000e+00,1.900000000e+01,3.000000000e+00,1.000000000e+00,-5.111087322e+00,-2.482233763e+00,-1.865067124e+00,-5.109843731e+00,1.000000000e+00,4.141753038e-07,4.917674065e-01
93,1,1.198424101e+00,5.338281393e-01,-7.993578911e-01,1.127282739e+00,1.333971322e-02,-3.103082418e+00,-2.943662882e+00,-2.640603781e+00,-2.451136351e+00,-1.976156473e+00,-2.531405449e+00,-3.765689850e+00,2.211509705e+00,8.000000000e+00,7.000000000e+00,9.000000000e+00,0.000000000e+00,-4.657140002e-02,1.952986598e+00,1.730404198e-01,1.000000000e+00,-1.333179355e+00,-2.666116238e+00,2.479414791e-01,1.952902198e+00,-2.736908674e+00,-1.997741461e+00,2.179953098e+00,2.211509705e+00,1.000000000e+00,1.000000000e+00,0.000000000e+00,2.000000000e+00,-5.000000000e+00,2.700000000e+01,3.000000000e+00,1.000000000e+00,-4.858249187e+00,-1.890346766e+00,-1.125486493e+00,-4.853093147e+00,1.000000000e+00,4.141753038e-07,9.594225883e-01
93,2,1.236831546e+00,4.923632145e-01,-6.586122513e-01,8.999782205e-01,-2.139644772e-01,-3.053544760e+00,-2.797426939e+00,-2.514934778e+00,-2.304161310e+00,-1.770583034e+00,-2.387670040e+00,-3.795782566e+00,-2.399138927e+00,9.000000000e+00,7.000000000e+00,9.000000000e+00,0.000000000e+00,-1.498127729e-01,1.695746303e+00,-5.426384881e-02,1.000000000e+00,-1.150971174e+00,-2.301834822e+00,-1.298145950e-01,1.695697784e+00,-2.926060438e+00,-1.895411611e+00,2.359035015e+00,2.399138927e+00,1.000000000e+00,1.000000000e+00,0.000000000e+00,1.000000000e+00,-5.000000000e+00,1.700000000e+01,1.000000000e+00,1.000000000e+00,-4.159209251e+00,-9.797730446e-01,2.558593452e-01,-4.116533279e+00,1.000000000e+00,1.300373554e+00,9.778102636e-01
93,3,9.988148212e-01,4.581419826e-01,-8.777663112e-01,-2.146888338e-02,-8.665641546e-01,-3.061302185e+00,-2.317117453e+00,-2.251740217e+00,-1.558462381e+00,-1.711122632e+00,-2.334562063e+00,-3.600740194e+00,1.916686893e+00,5.000000000e+00,5.000000000e+00,6.000000000e+00,0.000000000e+00,1.600716710e+00,2.511503220e+00,-7.996178865e-01,1.000000000e+00,-1.335901976e+00,-2.671548605e+00,-7.763068080e-01,2.511503220e+00,-2.792659760e+00,-1.876551628e+00,3.135051966e+00,1.916686893e+00,2.000000000e+00,2.000000000e+00,0.000000000e+00,3.000000000e+00,5.000000000e+00,4.000000000e+00,3.000000000e+00,1.000000000e+00,-4.450971603e+00,-1.649854064e+00,-6.082502604e-01,-4.441622257e+00,1.000000000e+00,1.302315354e+00,9.860271215e-01
93,4,8.233714104e-01,2.869060338e-01,-1.133650661e+00,5.935437083e-01,-4.478478432e-01,-2.965512514e+00,-2.818376780e+00,-2.495220184e+00,-2.371765137e+00,-1.958850861e+00,-2.243696451e+00,-3.501000643e+00,1.906566024e+00,7.000000000e+00,7.000000000e+00,8.000000000e+00,0.000000000e+00,-5.561319590e-01,1.682460666e+00,-3.095454872e-01,1.000000000e+00,-1.420550942e+00,-2.840662479e+00,6.554075480e-01,1.680535078e+00,-2.003322124e+00,-1.956988573e+00,1.438082099e+00,1.906566024e+00,1.000000000e+00,1.000000000e+00,0.000000000e+00,2.000000000e+00,-5.000000000e+00,2.700000000e+01,3.000000000e+00,1.000000000e+00,-4.105555058e+00,-1.494850159e+00,-1.203536689e-01,-4.092047215e+00,1.000000000e+00,2.030367032e-02,9.978238344e-01
93,5,6.437065005e-01,1.545557827e-01,-1.311636806e+00,7.588194609e-01,-2.825724483e-01,-2.833735228e+00,-2.707762957e+00,-2.376903296e+00,-2.275255919e+00,-1.887822270e+00,-2.109494925e+00,-3.322269440e+00,1.792076945e+00,7.000000000e+00,6.000000000e+00,8.000000000e+00,0.000000000e+00,8.845779896e-01,2.330180645e+00,-1.442699879e-01,1.000000000e+00,-1.466188550e+00,-2.931674480e+00,4.788292944e-01,2.330137491e+00,-1.951025248e+00,-1.955312967e+00,2.238763094e+00,1.792076945e+00,0.000000000e+00,0.000000000e+00,0.000000000e+00,0.000000000e+00,-1.000000000e+00,-1.000000000e+00,-1.000000000e+00,0.000000000e+00,-9.999956489e-01,4.141753038e-07,1.000000000e+00,-6.989678144e-01,0.000000000e+00,4.141753038e-07,9.992119074e-01
94,0,1.008535862e+00,8.226617575e-01,-9.695344567e-01,8.516773582e-01,-1.025646627e-01,-3.405935526e+00,-3.184720039e+00,-2.637117624e+00,-2.532708645e+00,-2.451308966e+00,-2.800388098e+00,-3.591219187e+00,-9.923816919e-01,3.000000000e+00,6.000000000e+00,7.000000000e+00,0.000000000e+00,9.523114562e-01,2.927615643e+00,6.579665001e-03,1.000000000e+00,-1.792173266e+00,-3.582662344e+00,1.236404538e+00,2.927525520e+00,-2.119056940e+00,-1.978033066e+00,1.772537470e+00,9.923816919e-01,3.000000000e+00,2.000000000e+00,1.000000000e+00,3.000000000e+00,-2.000000000e+00,6.000000000e+00,1.000000000e+00,1.000000000e+00,-4.764060020e+00,-1.542582273e+00,5.244704485e-01,-4.752488136e+00,1.000000000e+00,4.141753038e-07,3.573959693e-02
94,1,1.124930024e+00,7.394393086e-01,-7.706526518e-01,9.140544534e-01,-1.273377091e-01,-3.291812897e+00,-2.303068399e+00,-2.692850828e+00,-1.809217572e+00,-2.307486057e+00,-2.634788036e+00,-3.676089764e+00,-1.535435081e+00,6.000000000e+00,6.000000000e+00,8.000000000e+00,0.000000000e+00,9.134804606e-01,2.764232635e+00,1.096481830e-02,1.000000000e+00,-1.510080338e+00,-3.019685030e+00,5.767940283e-01,2.764223576e+00,-1.971850157e+00,-1.895550966e+00,1.689093590e+00,1.535435081e+00,4.000000000e+00,4.000000000e+00,0.000000000e+00,3.000000000e+00,-4.000000000e+00,2.000000000e+01,1.000000000e+00,1.000000000e+00,-4.596543312e+00,-1.455657840e+00,1.398130506e-01,-4.582174778e+00,1.000000000e+00,4.141753038e-07,2.735599875e-01
94,2,6.699699163e-01,3.676424623e-01,-1.389049888e+00,6.083513498e-01,-3.458902836e-01,-3.101032972e+00,-3.040150642e+00,-2.532945633e+00,-2.516681433e+00,-2.230692148e+00,-2.426223516e+00,-3.402809620e+00,-1.320406199e+00,4.000000000e+00,7.000000000e+00,7.000000000e+00,0.000000000e+00,1.733315945e+00,3.097424269e+00,-2.367460281e-01,1.000000000e+00,-1.756677985e+00,-3.511659384e+00,-1.408363879e-01,3.097424030e+00,-3.024843216e+00,-2.058980465e+00,3.524121761e+00,1.320406199e+00,4.000000000e+00,4.000000000e+00,0.000000000e+00,3.000000000e+00,-4.000000000e+00,2.000000000e+01,1.000000000e+00,1.000000000e+00,-5.012513161e+00,-2.084435701e+00,-6.626905799e-01,-5.009317398e+00,1.000000000e+00,4.141753038e-07,9.952123165e-01
95,0,1.161049843e+00,5.117332339e-01,-8.364790678e-01,1.115059495e+00,1.116526779e-03,-3.116376162e+00,-2.933995962e+00,-2.632875443e+00,-2.429206371e+00,-1.983703375e+00,-2.509064913e+00,-3.763732910e+00,2.175441027e+00,8.000000000e+00,7.000000000e+00,9.000000000e+00,0.000000000e+00,1.072450757e+00,2.519973755e+00,1.608172357e-01,1.000000000e+00,-1.348205447e+00,-2.696154594e+00,1.368682235e-01,2.519970179e+00,-2.803911686e+00,-1.997488618e+00,2.828594923e+00,2.175441027e+00,3.000000000e+00,3.000000000e+00,0.000000000e+00,3.000000000e+00,5.000000000e+00,1.500000000e+01,3.000000000e+00,1.000000000e+00,-4.847208977e+00,-2.028701544e+00,-1.369147062e+00,-4.843446255e+00,1.000000000e+00,6.639106870e-01,9.707517028e-01
95,1,7.078461051e-01,4.700007439e-01,-1.320726275e+00,1.481311679e+00,5.270692706e-01,-3.193016768e+00,-3.126299143e+00,-2.529433012e+00,-2.528780222e+00,-2.291649580e+00,-2.498219490e+00,-3.430368423e+00,-1.144198060e+00,4.000000000e+00,7.000000000e+00,7.000000000e+00,0.000000000e+00,4.388133287e-01,2.511142731e+00,6.362137198e-01,1.000000000e+00,-1.790709138e+00,-3.579593420e+00,9.176480584e-03,2.511140585e+00,-2.989327669e+00,-2.028535128e+00,2.739013195e+00,1.144198060e+00,1.000000000e+00,1.000000000e+00,0.000000000e+00,2.000000000e+00,3.000000000e+00,4.000000000e+00,2.000000000e+00,1.000000000e+00,-4.781269073e+00,-1.578316450e+00,4.480485916e-01,-4.770626545e+00,1.000000000e+00,1.305057049e+00,9.836586118e-01
95,2,1.165984988e+00,4.520109296e-01,-7.567709088e-01,9.714462161e-01,-1.424965709e-01,-3.012837410e+00,-2.836983919e+00,-2.430785179e+00,-2.383378506e+00,-1.716905355e+00,-2.374614716e+00,-3.724947691e+00,2.327667713e+00,9.000000000e+00,7.000000000e+00,9.000000000e+00,0.000000000e+00,1.058175087e+00,2.246037483e+00,1.720403880e-02,1.000000000e+00,-1.208777189e+00,-2.417403460e+00,2.599845827e-01,2.246014357e+00,-2.575346708e+00,-1.922721982e+00,2.652528048e+00,2.327667713e+00,3.000000000e+00,3.000000000e+00,0.000000000e+00,2.000000000e+00,-5.000000000e+00,1.300000000e+01,4.000000000e+00,1.000000000e+00,-5.152632236e+00,-1.334932923e+00,-2.111898363e-01,-5.135735989e+00,1.000000000e+00,-1.272373050e-01,9.870939851e-01
95,3,9.764741659e-01,4.397854507e-01,-9.489304423e-01,1.210966825e+00,1.695744395e-01,-3.074421644e+00,-2.930670023e+00,-2.596302509e+00,-2.469443798e+00,-2.059735298e+00,-2.365008831e+00,-3.609853983e+00,1.907103300e+00,7.000000000e+00,6.000000000e+00,8.000000000e+00,0.000000000e+00,1.299698949e+00,2.709822893e+00,3.078770339e-01,1.000000000e+00,-1.388708949e+00,-2.777094841e+00,1.214342952e+00,2.709600925e+00,-1.694992781e+00,-1.925371766e+00,1.905036926e+00,1.907103300e+00,2.000000000e+00,2.000000000e+00,0.000000000e+00,2.000000000e+00,-5.000000000e+00,1.500000000e+01,3.000000000e+00,1.000000000e+00,-4.618510723e+00,-1.312360406e+00,1.113889441e-01,-4.598693371e+00,1.000000000e+00,-1.277016252e-01,9.889505506e-01
95,4,1.113457680e+00,3.555453122e-01,-8.007241488e-01,1.053876281e+00,-6.006659195e-02,-2.934974194e+00,-2.688620567e+00,-2.331044197e+00,-2.193870544e+00,-1.573208570e+00,-2.269590616e+00,-3.691122770e+00,2.430593729e+00,9.000000000e+00,7.000000000e+00,9.000000000e+00,0.000000000e+00,-2.732276917e-02,1.559571266e+00,9.963410348e-02,1.000000000e+00,-1.156265855e+00,-2.312396526e+00,-6.434481144e-01,1.559562802e+00,-3.192256689e+00,-1.914148808e+00,2.823427677e+00,2.430593729e+00,1.000000000e+00,1.000000000e+00,0.000000000e+00,1.000000000e+00,5.000000000e+00,3.000000000e+00,1.000000000e+00,1.000000000e+00,-4.878766537e+00,-2.109368563e+00,-1.912994623e+00,-4.875657558e+00,1.000000000e+00,8.812338114e-01,9.957855344e-01
95,5,1.019046903e+00,3.515629172e-01,-9.990233183e-01,1.075894713e+00,-3.804820403e-02,-2.937248707e+00,-2.796096325e+00,-2.487372398e+00,-2.344316721e+00,-1.819993138e+00,-2.369396925e+00,-3.603363037e+00,-2.218319893e+00,8.000000000e+00,7.000000000e+00,9.000000000e+00,0.000000000e+00,7.303344011e-01,2.185189247e+00,1.216524839e-01,1.000000000e+00,-1.350580692e+00,-2.700824022e+00,-9.870216250e-01,2.185189009e+00,-3.680913210e+00,-2.018029213e+00,3.695675135e+00,2.218319893e+00,1.000000000e+00,1.000000000e+00,0.000000000e+00,1.000000000e+00,-5.000000000e+00,1.000000000e+00,1.000000000e+00,1.000000000e+00,-4.504689693e+00,-1.267738342e+00,2.138901651e-01,-4.482568264e+00,1.000000000e+00,1.335789800e+00,9.959558249e-01
96,0,1.313977599e+00,9.383685589e-01,-4.866877794e-01,6.911666393e-01,-2.630751133e-01,-3.513755798e+00,-3.292306662e+00,-2.823001146e+00,-2.683544874e+00,-2.447559357e+00,-2.738785267e+00,-3.887420416e+00,-1.510409236e+00,6.000000000e+00,5.000000000e+00,7.000000000e+00,0.000000000e+00,1.369444966e+00,3.132403612e+00,-1.539308280e-01,1.000000000e+00,-1.425046086e+00,-2.849796057e+00,9.817843884e-02,3.132403374e+00,-3.522495985e+00,-1.800639272e+00,3.270131588e+00,1.510409236e+00,4.000000000e+00,4.000000000e+00,0.000000000e+00,3.000000000e+00,-4.000000000e+00,2.700000000e+01,1.000000000e+00,1.000000000e+00,-5.335588455e+00,-1.487675190e+00,-9.653437138e-02,-5.324658394e+00,1.000000000e+00,4.141753038e-07,6.396457320e-04
96,1,9.213514328e-01,7.009187341e-01,-1.070487499e+00,5.161690116e-01,-4.380724132e-01,-3.167290211e+00,-3.176338673e+00,-2.491636038e+00,-2.539573908e+00,-2.271257162e+00,-2.692325830e+00,-3.387300968e+00,-1.094532847e+00,4.000000000e+00,6.000000000e+00,7.000000000e+00,0.000000000e+00,8.193542957e-01,2.681033134e+00,-3.289282024e-01,1.000000000e+00,-1.771385670e+00,-3.541087389e+00,7.148049474e-01,2.681007862e+00,-2.525692225e+00,-1.991801381e+00,2.234560013e+00,1.094532847e+00,3.000000000e+00,2.000000000e+00,1.000000000e+00,3.000000000e+00,-2.000000000e+00,2.000000000e+00,1.000000000e+00,1.000000000e+00,-5.220222950e+00,-1.965951562e+00,-3.985026777e-01,-5.216323853e+00,1.000000000e+00,4.141753038e-07,4.887594581e-01
96,2,8.069430590e-01,5.884891748e-01,-1.208611250e+00,3.895857632e-01,-4.555112123e-01,-3.270998716e+00,-3.207468510e+00,-2.603343964e+00,-2.628721476e+00,-2.384958982e+00,-2.603721142e+00,-3.488923073e+00,1.088819504e+00,3.000000000e+00,6.000000000e+00,6.000000000e+00,0.000000000e+00,-4.102209210e-02,2.364646912e+00,-3.885645568e-01,1.000000000e+00,-1.797080159e+00,-3.592357874e+00,7.678100467e-01,2.364507914e+00,-2.449462891e+00,-2.015516281e+00,1.840508103e+00,1.088819504e+00,1.000000000e+00,0.000000000e+00,1.000000000e+00,3.000000000e+00,2.000000000e+00,1.000000000e+00,1.000000000e+00,1.000000000e+00,-4.572453976e+00,-2.063697338e+00,-5.407471061e-01,-4.568859100e+00,1.000000000e+00,4.141753038e-07,9.043153524e-01
96,3,8.351435065e-01,3.409236968e-01,-1.165303469e+00,8.640147448e-01,-1.773773730e-01,-3.004824162e+00,-2.891950846e+00,-2.530572653e+00,-2.431183100e+00,-2.036453009e+00,-2.341085911e+00,-3.498113871e+00,-1.804406881e+00,6.000000000e+00,7.000000000e+00,8.000000000e+00,0.000000000e+00,-7.200952768e-01,1.676518083e+00,-3.907486051e-02,1.000000000e+00,-1.506219268e+00,-3.011824369e+00,-4.136024043e-02,1.676438451e+00,-2.813302040e+00,-2.000409603e+00,2.112470388e+00,1.804406881e+00,1.000000000e+00,1.000000000e+00,0.000000000e+00,1.000000000e+00,-5.000000000e+00,2.900000000e+01,1.000000000e+00,1.000000000e+00,-4.905488491e+00,-1.925601363e+00,-8.284368515e-01,-4.900774479e+00,1.000000000e+00,4.141753038e-07,9.963710308e-01
97,0,9.171846509e-01,9.167810678e-01,-9.446557164e-01,5.870557427e-01,-3.671858609e-01,-3.242913723e+00,-3.311844587e+00,-2.354320049e+00,-2.633604050e+00,-2.353916645e+00,-2.778363705e+00,-3.243316650e+00,-4.311826825e-02,4.000000000e+00,7.000000000e+00,7.000000000e+00,0.000000000e+00,1.350684881e+00,3.029356956e+00,-2.580416203e-01,1.000000000e+00,-1.861408949e+00,-3.720592022e+00,-1.550700545e+00,3.029356956e+00,-5.049646854e+00,-1.861812472e+00,4.853257656e+00,4.311826825e-02,4.000000000e+00,0.000000000e+00,4.000000000e+00,3.000000000e+00,0.000000000e+00,0.000000000e+00,1.000000000e+00,1.000000000e+00,-5.864555359e+00,-3.122430086e+00,-2.523640394e+00,-5.864468098e+00,1.000000000e+00,4.141753038e-07,1.482665306e-03
97,1,6.634489298e-01,5.821239352e-01,-1.273240447e+00,8.855042458e-01,-6.873784959e-02,-3.223056078e+00,-3.207561016e+00,-2.438285351e+00,-2.614852905e+00,-2.356980801e+00,-2.518553495e+00,-3.304231644e+00,6.312431097e-01,4.000000000e+00,7.000000000e+00,7.000000000e+00,0.000000000e+00,1.351011872e+00,3.032585621e+00,4.040649906e-02,1.000000000e+00,-1.855341315e+00,-3.708395720e+00,-2.448650301e-01,3.032585382e+00,-3.440821409e+00,-1.936659813e+00,3.535089016e+00,6.312431097e-01,1.000000000e+00,0.000000000e+00,1.000000000e+00,3.000000000e+00,1.000000000e+00,1.100000000e+01,1.000000000e+00,1.000000000e+00,-5.717182159e+00,-2.676201344e+00,-1.643878818e+00,-5.716744423e+00,1.000000000e+00,4.141753038e-07,9.136419296e-01
97,2,9.750937223e-01,3.507514298e-01,-9.941071272e-01,5.868126750e-01,-4.545788765e-01,-2.917356014e+00,-2.773061037e+00,-2.449015379e+00,-2.309847832e+00,-1.824765921e+00,-2.319719315e+00,-3.540547371e+00,-2.116339684e+00,7.000000000e+00,6.000000000e+00,8.000000000e+00,0.000000000e+00,1.138778925e+00,2.394219875e+00,-3.162765205e-01,1.000000000e+00,-1.344853044e+00,-2.689366341e+00,5.244500637e-01,2.394180298e+00,-2.136178255e+00,-1.969164610e+00,2.354845285e+00,2.116339684e+00,1.000000000e+00,1.000000000e+00,0.000000000e+00,1.000000000e+00,-5.000000000e+00,3.100000000e+01,1.000000000e+00,1.000000000e+00,-5.459299564e+00,-1.968632340e+00,-1.256898165e+00,-5.455988407e+00,1.000000000e+00,9.577916861e-01,9.959895015e-01
97,3,3.738676310e-01,3.098605275e-01,-1.566792607e+00,9.243908525e-02,-8.618006706e-01,-3.089097500e+00,-3.087064743e+00,-2.460062981e+00,-2.559569597e+00,-2.396073103e+00,-2.250251293e+00,-3.153019905e+00,5.563506484e-01,4.000000000e+00,7.000000000e+00,7.000000000e+00,0.000000000e+00,-9.942255914e-03,2.391209841e+00,-7.526568174e-01,1.000000000e+00,-1.876636267e+00,-3.750677109e+00,-1.272822976e+00,2.391209841e+00,-4.136431694e+00,-1.940638185e+00,3.824643373e+00,5.563506484e-01,1.000000000e+00,0.000000000e+00,1.000000000e+00,3.000000000e+00,1.000000000e+00,1.100000000e+01,1.000000000e+00,1.000000000e+00,-5.058946609e+00,-2.315057039e+00,-8.811460733e-01,-5.057088852e+00,1.000000000e+00,4.141753038e-07,9.973161817e-01
98,0,8.390109539e-01,5.392237902e-01,-1.217708945e+00,9.185043573e-01,-3.573772684e-02,-3.231992006e+00,-3.147066355e+00,-2.575594187e+00,-2.543307543e+00,-2.275888443e+00,-2.595597982e+00,-3.531043291e+00,1.313652039e+00,4.000000000e+00,7.000000000e+00,7.000000000e+00,0.000000000e+00,6.096743941e-01,2.580814123e+00,7.340662926e-02,1.000000000e+00,-1.756915092e+00,-3.512283087e+00,3.961146474e-01,2.580804825e+00,-2.686357498e+00,-2.056677580e+00,2.452118158e+00,1.313652039e+00,4.000000000e+00,4.000000000e+00,0.000000000e+00,3.000000000e+00,4.000000000e+00,1.400000000e+01,1.000000000e+00,1.000000000e+00,-4.995816231e+00,-1.954927683e+00,-3.863642812e-01,-4.991497517e+00,1.000000000e+00,4.141753038e-07,9.559612870e-01
98,1,7.689693570e-01,5.102889538e-01,-1.258434057e+00,8.551102877e-01,1.001255866e-02,-3.194576979e+00,-3.097052813e+00,-2.531403303e+00,-2.483354807e+00,-2.272789001e+00,-2.537338495e+00,-3.452704430e+00,1.202331901e+00,3.000000000e+00,6.000000000e+00,6.000000000e+00,0.000000000e+00,1.757205963e+00,3.151473522e+00,7.695927471e-02,1.000000000e+00,-1.768705249e+00,-3.535755634e+00,2.090662867e-01,3.151473284e+00,-2.784445286e+00,-2.027364969e+00,3.152942181e+00,1.202331901e+00,1.000000000e+00,0.000000000e+00,1.000000000e+00,3.000000000e+00,2.000000000e+00,1.000000000e+01,1.000000000e+00,1.000000000e+00,-4.714524746e+00,-2.435828447e+00,-1.331233978e+00,-4.713017941e+00,1.000000000e+00,4.141753038e-07,9.713580012e-01
98,2,9.335936904e-01,4.768623114e-01,-1.036136866e+00,4.585803151e-01,-6.553611755e-01,-3.009472370e+00,-2.891150475e+00,-2.463719606e+00,-2.331685305e+00,-2.007070303e+00,-2.446282625e+00,-3.465378046e+00,1.712798476e+00,7.000000000e+00,7.000000000e+00,9.000000000e+00,0.000000000e+00,6.143169999e-01,2.314277172e+00,-4.956609607e-01,1.000000000e+00,-1.512989521e+00,-3.025353432e+00,1.857994311e-02,2.314271688e+00,-2.789793491e+00,-1.969694614e+00,2.620266914e+00,1.712798476e+00,3.000000000e+00,3.000000000e+00,0.000000000e+00,1.000000000e+00,5.000000000e+00,9.000000000e+00,1.000000000e+00,1.000000000e+00,-4.466419220e+00,-1.684691906e+00,-3.611859083e-01,-4.457792282e+00,1.000000000e+00,1.446125805e-01,9.820768833e-01
98,3,6.526635885e-01,4.131717086e-01,-1.346105337e+00,8.612782955e-01,-1.801138222e-01,-2.948213100e+00,-3.006635666e+00,-1.988256812e+00,-2.264878988e+00,-1.748782873e+00,-2.411232233e+00,-3.187421322e+00,-1.148840666e+00,3.000000000e+00,6.000000000e+00,8.000000000e+00,0.000000000e+00,4.815814197e-01,1.989620924e+00,-4.181130975e-02,1.000000000e+00,-1.759261608e+00,-3.516538143e+00,2.320135199e-02,1.989595532e+00,-2.654733181e+00,-1.998735070e+00,2.482470274e+00,1.148840666e+00,1.000000000e+00,0.000000000e+00,1.000000000e+00,3.000000000e+00,-2.000000000e+00,9.000000000e+00,1.000000000e+00,1.000000000e+00,-5.665333748e+00,-1.981533170e+00,-4.535908699e-01,-5.662906170e+00,1.000000000e+00,1.047558308e+00,9.920098782e-01
98,4,9.120846987e-01,3.936928213e-01,-1.098834157e+00,9.315938354e-01,-1.823489070e-01,-3.031237602e+00,-2.898559570e+00,-2.492531300e+00,-2.365190029e+00,-1.974233389e+00,-2.404342175e+00,-3.548557997e+00,1.862984776e+00,7.000000000e+00,7.000000000e+00,9.000000000e+00,0.000000000e+00,1.334092855e+00,2.641321659e+00,-2.264825627e-02,1.000000000e+00,-1.492518783e+00,-2.984480858e+00,9.663688019e-03,2.641320467e+00,-2.749076366e+00,-2.010879755e+00,3.022575140e+00,1.862984776e+00,1.000000000e+00,1.000000000e+00,0.000000000e+00,3.000000000e+00,5.000000000e+00,5.000000000e+00,4.000000000e+00,1.000000000e+00,-5.155147552e+00,-1.658391953e+00,-3.124730885e-01,-5.147050381e+00,1.000000000e+00,1.046921134e+00,9.936230779e-01
98,5,5.660071969e-01,3.520500660e-01,-1.445103049e+00,9.387307167e-01,9.363294393e-02,-3.086410999e+00,-3.072198153e+00,-2.509414673e+00,-2.564300776e+00,-2.295512199e+00,-2.362714052e+00,-3.300030947e+00,1.075779915e+00,3.000000000e+00,6.000000000e+00,6.000000000e+00,0.000000000e+00,1.595594883e+00,3.093395472e+00,1.605796963e-01,1.000000000e+00,-1.797137737e+00,-3.592270136e+00,6.705375016e-02,3.093395233e+00,-2.849149466e+00,-2.011077642e+00,3.295067549e+00,1.075779915e+00,3.000000000e+00,3.000000000e+00,0.000000000e+00,3.000000000e+00,4.000000000e+00,1.400000000e+01,1.000000000e+00,1.000000000e+00,-4.738563538e+00,-1.860882640e+00,-1.393807232e-01,-4.732945442e+00,1.000000000e+00,4.141753038e-07,9.959354401e-01
98,6,4.091828465e-01,3.201119304e-01,-1.546640635e+00,1.012195826e+00,1.670979857e-01,-3.053951740e+00,-3.077965260e+00,-2.312705994e+00,-2.498100758e+00,-2.223651648e+00,-2.275560856e+00,-3.142910719e+00,6.625584960e-01,3.000000000e+00,6.000000000e+00,6.000000000e+00,0.000000000e+00,1.711378217e+00,3.079413652e+00,2.340447307e-01,1.000000000e+00,-1.866735697e+00,-3.730884075e+00,1.300933063e-01,3.079413414e+00,-2.688044548e+00,-1.955799341e+00,3.223732233e+00,6.625584960e-01,1.000000000e+00,0.000000000e+00,1.000000000e+00,3.000000000e+00,2.000000000e+00,1.000000000e+01,1.000000000e+00,1.000000000e+00,-5.260175705e+00,-2.727820873e+00,-1.720921516e+00,-5.259511471e+00,1.000000000e+00,4.141753038e-07,9.970421195e-01
99,0,1.152340055e+00,9.948626161e-01,-7.813482285e-01,9.037101269e-01,-1.376819909e-01,-3.564323664e+00,-2.560208321e+00,-2.769693375e+00,-2.067140102e+00,-2.612293720e+00,-2.928155661e+00,-3.721105576e+00,-9.038686752e-01,5.000000000e+00,7.000000000e+00,8.000000000e+00,0.000000000e+00,1.103935361e+00,3.164438963e+00,6.205091486e-04,1.000000000e+00,-1.776187539e+00,-3.550850630e+00,-3.074210584e-01,3.164438963e+00,-3.368459702e+00,-1.933653593e+00,2.926477194e+00,9.038686752e-01,4.000000000e+00,1.000000000e+00,3.000000000e+00,3.000000000e+00,-2.000000000e+00,5.000000000e+00,1.000000000e+00,1.000000000e+00,-5.286521435e+00,-1.985372066e+00,-4.273363352e-01,-5.282914162e+00,1.000000000e+00,4.141753038e-07,5.743456859e-05
99,1,6.742395759e-01,6.658948064e-01,-1.220466256e+00,5.560722351e-01,-3.981692791e-01,-3.184075832e+00,-3.294263363e+00,-2.358790159e+00,-2.691894054e+00,-2.350447178e+00,-2.560429096e+00,-3.192407846e+00,-1.966615319e-01,4.000000000e+00,7.000000000e+00,7.000000000e+00,0.000000000e+00,1.111783147e+00,2.906441689e+00,-2.890250385e-01,1.000000000e+00,-1.886334658e+00,-3.770149708e+00,6.585232019e-01,2.906434536e+00,-2.699261904e+00,-1.894678831e+00,2.589427710e+00,1.966615319e-01,1.000000000e+00,0.000000000e+00,1.000000000e+00,3.000000000e+00,0.000000000e+00,8.000000000e+00,2.000000000e+00,1.000000000e+00,-5.199796677e+00,-2.743413448e+00,-1.716115117e+00,-5.199137688e+00,1.000000000e+00,4.141753038e-07,6.755309105e-01
99,2,7.928602695e-01,3.257057071e-01,-1.194247246e+00,8.915164471e-01,-1.498756409e-01,-2.881675005e+00,-2.783168316e+00,-2.424849033e+00,-2.302795649e+00,-1.957770467e+00,-2.312368870e+00,-3.348191261e+00,-1.738370657e+00,6.000000000e+00,6.000000000e+00,8.000000000e+00,0.000000000e+00,-3.130079508e-01,1.801329374e+00,-1.157310791e-02,1.000000000e+00,-1.519945264e+00,-3.039081812e+00,-1.285236925e-01,1.801299334e+00,-2.756864548e+00,-1.987072110e+00,2.274779320e+00,1.738370657e+00,1.000000000e+00,1.000000000e+00,0.000000000e+00,1.000000000e+00,-5.000000000e+00,6.000000000e+00,1.000000000e+00,1.000000000e+00,-4.311404705e+00,-1.739009142e+00,-4.221585393e-01,-4.303714752e+00,1.000000000e+00,4.141753038e-07,9.968780279e-01
