event_idx,track_idx,muon_general_tracks_p,muon_general_tracks_pt,muon_general_tracks_ptErr,muon_general_tracks_chi2,muon_general_tracks_normalizedChi2,muon_general_tracks_etaErr,muon_general_tracks_phiErr,muon_general_tracks_dszErr,muon_general_tracks_dxyErr,muon_general_tracks_dzErr,muon_general_tracks_qoverpErr,muon_general_tracks_lambdaErr,muon_general_tracks_eta,muon_general_tracks_nPixelHits,muon_general_tracks_nTrkLays,muon_general_tracks_nFoundHits,muon_general_tracks_nLostHits,muon_general_tracks_impact3D,muon_general_tracks_impactSignificance,muon_general_tracks_chi2PerHit,muon_general_tracks_hitEfficiency,muon_general_tracks_sigmaPtOverPt,muon_general_tracks_relUncertaintyProduct,muon_general_tracks_sip2D,muon_general_tracks_sipZ,muon_general_tracks_dxyOverPt,muon_general_tracks_ptErrOverP,muon_general_tracks_dzOverDxy,muon_general_tracks_absEta,L1TkMu_nStubs,L1TkMu_nStubs_Endcap,L1TkMu_nStubs_Barrel,L1TkMu_stubQual_max,L1TkMu_stubMax_etaRegion,L1TkMu_stubMax_phiRegion,L1TkMu_stubMax_depthRegion,L1TkMu_hasMatch,L1TkMu_dR2min,L1TkMu_dPtNorm,L1TkMu_chi2Pt,L1TkMu_matchingScore,L1TkMu_nCompatible,L1TkMu_secondBest_dR2,is_low_pt
0,0,4.541201293e-01,2.595596015e-01,-1.854069233e+00,1.515557766e+00,2.368043810e-01,-2.914400578e+00,-2.912295103e+00,-2.378670216e+00,-2.395880938e+00,-2.184146881e+00,-2.570877790e+00,-3.108759642e+00,1.018566132e+00,4.000000000e+00,9.000000000e+00,1.200000000e+01,1.000000000e+00,7.335061431e-01,2.550967693e+00,4.363766313e-01,9.230769277e-01,-2.113603115e+00,-4.223256111e+00,3.356904909e-02,2.550965548e+00,-2.621797800e+00,-2.308131933e+00,2.729072571e+00,1.018566132e+00,0.000000000e+00,0.000000000e+00,0.000000000e+00,0.000000000e+00,-1.000000000e+00,-1.000000000e+00,-1.000000000e+00,0.000000000e+00,-9.999956489e-01,4.141753038e-07,1.000000000e+00,-6.989678144e-01,0.000000000e+00,4.141753038e-07,9.982810020e-01
0,1,1.020667553e+00,7.856932878e-01,-1.299244881e+00,1.475857615e+00,4.449421912e-02,-3.374381542e+00,-3.443365097e+00,-2.849746704e+00,-3.006337166e+00,-2.614900827e+00,-3.105319977e+00,-3.608618259e+00,1.136081100e+00,4.000000000e+00,1.000000000e+01,1.600000000e+01,0.000000000e+00,3.518951237e-01,2.792531252e+00,2.717378438e-01,1.000000000e+00,-2.084893942e+00,-4.163774014e+00,1.751101375e+00,2.790729523e+00,-2.041322231e+00,-2.319830418e+00,1.431318760e+00,1.136081100e+00,0.000000000e+00,0.000000000e+00,0.000000000e+00,0.000000000e+00,-1.000000000e+00,-1.000000000e+00,-1.000000000e+00,0.000000000e+00,-9.999956489e-01,4.141753038e-07,1.000000000e+00,-6.989678144e-01,1.000000000e+00,4.141753038e-07,9.883721173e-02
0,2,3.962258697e-01,1.760392785e-01,-1.791062951e+00,1.286831141e+00,1.107401773e-01,-2.850043058e+00,-2.840645075e+00,-2.322562695e+00,-2.333214760e+00,-2.102412224e+00,-2.365635157e+00,-3.070026636e+00,1.093823314e+00,3.000000000e+00,6.000000000e+00,1.000000000e+01,1.000000000e+00,1.025784135e+00,2.615360260e+00,2.868313789e-01,9.090909362e-01,-1.967088461e+00,-3.932901859e+00,-7.854906842e-03,2.615359068e+00,-2.517059803e+00,-2.187248707e+00,2.853960037e+00,1.093823314e+00,0.000000000e+00,0.000000000e+00,0.000000000e+00,0.000000000e+00,-1.000000000e+00,-1.000000000e+00,-1.000000000e+00,0.000000000e+00,-9.999956489e-01,4.141753038e-07,1.000000000e+00,-6.989678144e-01,0.000000000e+00,4.141753038e-07,9.990892410e-01
0,3,2.054227114e+00,1.776977301e+00,-1.818983704e-01,1.152106285e+00,-3.102908731e-01,-3.656999826e+00,-4.148818970e+00,-2.669759512e+00,-3.351483345e+00,-2.392605543e+00,-4.008182526e+00,-3.932492018e+00,1.253120899e+00,3.000000000e+00,9.000000000e+00,1.700000000e+01,0.000000000e+00,3.857598603e-01,2.585784197e+00,-7.834214717e-02,1.000000000e+00,-1.958836794e+00,-3.913705349e+00,1.061237097e+00,2.585590124e+00,-4.063148499e+00,-2.236051321e+00,2.484015703e+00,1.253120899e+00,4.000000000e+00,4.000000000e+00,0.000000000e+00,3.000000000e+00,4.000000000e+00,1.000000000e+01,1.000000000e+00,1.000000000e+00,-5.331606865e+00,-1.786263704e+00,3.310794830e-01,-5.326063156e+00,1.000000000e+00,4.141753038e-07,2.061153692e-09
1,0,1.111158371e+00,3.500022292e-01,-1.532749653e+00,1.670260310e+00,2.078626007e-01,-2.727866173e+00,-2.727051973e+00,-2.213336468e+00,-2.212335348e+00,-1.452238798e+00,-2.997830868e+00,-3.487916708e+00,-2.438178539e+00,9.000000000e+00,1.100000000e+01,1.700000000e+01,0.000000000e+00,8.233177066e-01,1.863951206e+00,4.398115575e-01,1.000000000e+00,-1.882733345e+00,-3.767322302e+00,9.843042120e-03,1.863908648e+00,-2.552410603e+00,-2.643731594e+00,2.614151955e+00,2.438178539e+00,0.000000000e+00,0.000000000e+00,0.000000000e+00,0.000000000e+00,-1.000000000e+00,-1.000000000e+00,-1.000000000e+00,0.000000000e+00,-9.999956489e-01,4.141753038e-07,1.000000000e+00,-6.989678144e-01,0.000000000e+00,4.141753038e-07,9.960202575e-01
1,1,1.093885183e+00,3.595202565e-01,-1.373111248e+00,1.127732873e+00,-1.027155519e-01,-2.748027563e+00,-2.749361992e+00,-2.301419497e+00,-2.307821989e+00,-1.567125440e+00,-2.828211546e+00,-3.481318235e+00,-2.375478983e+00,9.000000000e+00,8.000000000e+00,1.100000000e+01,0.000000000e+00,4.923592806e-01,1.813326478e+00,8.634049445e-02,1.000000000e+00,-1.732618213e+00,-3.465988874e+00,-4.783262908e-01,1.813320875e+00,-3.145150900e+00,-2.466879368e+00,3.032151937e+00,2.375478983e+00,0.000000000e+00,0.000000000e+00,0.000000000e+00,0.000000000e+00,-1.000000000e+00,-1.000000000e+00,-1.000000000e+00,0.000000000e+00,-9.999956489e-01,4.141753038e-07,1.000000000e+00,-6.989678144e-01,1.000000000e+00,4.141753038e-07,9.956069589e-01
1,2,1.220145464e+00,4.703225493e-01,-1.387410045e+00,1.509213567e+00,-3.485398367e-02,-2.859835386e+00,-2.835017920e+00,-2.326400518e+00,-2.281323910e+00,-1.576653242e+00,-3.079668760e+00,-3.608207703e+00,-2.411670685e+00,9.000000000e+00,1.200000000e+01,2.000000000e+01,0.000000000e+00,6.624470353e-01,1.908014059e+00,2.081838548e-01,1.000000000e+00,-1.857711792e+00,-3.715526819e+00,2.894276679e-01,1.907888174e+00,-2.462175846e+00,-2.607390165e+00,2.323155403e+00,2.411670685e+00,1.000000000e+00,1.000000000e+00,0.000000000e+00,2.000000000e+00,5.000000000e+00,8.000000000e+00,3.000000000e+00,1.000000000e+00,-4.962148666e+00,-1.590350986e+00,5.573492050e-01,-4.952133179e+00,1.000000000e+00,8.547057956e-02,9.835880995e-01
1,3,1.008859634e+00,3.212463856e-01,-1.368024707e+00,1.275199175e+00,-3.553994233e-03,-2.913930893e+00,-2.618629932e+00,-1.731170535e+00,-1.606019735e+00,-1.043575764e+00,-2.696639538e+00,-3.600167513e+00,-2.265727997e+00,1.000000000e+00,7.000000000e+00,1.200000000e+01,0.000000000e+00,1.294850469e+00,1.797106028e+00,1.960181743e-01,1.000000000e+00,-1.689259768e+00,-3.376243114e+00,1.607622862e+00,1.679618716e+00,-3.196597695e-01,-2.376791000e+00,6.344523430e-01,2.265727997e+00,0.000000000e+00,0.000000000e+00,0.000000000e+00,0.000000000e+00,-1.000000000e+00,-1.000000000e+00,-1.000000000e+00,0.000000000e+00,-9.999956489e-01,4.141753038e-07,1.000000000e+00,-6.989678144e-01,0.000000000e+00,4.141753038e-07,9.970097542e-01
1,4,1.183912992e+00,6.436092257e-01,-1.450876355e+00,1.377664447e+00,-1.408489347e-01,-3.137039661e+00,-3.142235994e+00,-2.605700970e+00,-2.626032829e+00,-2.065521955e+00,-3.279199362e+00,-3.675875425e+00,-1.915799022e+00,6.000000000e+00,1.100000000e+01,1.900000000e+01,0.000000000e+00,1.792417049e+00,2.961781263e+00,9.891112894e-02,1.000000000e+00,-2.094443798e+00,-4.183926582e+00,4.109989852e-02,2.961781025e+00,-3.227991343e+00,-2.634614229e+00,3.481158495e+00,1.915799022e+00,1.000000000e+00,1.000000000e+00,0.000000000e+00,1.000000000e+00,-5.000000000e+00,8.000000000e+00,1.000000000e+00,1.000000000e+00,-5.502759933e+00,-1.823017836e+00,5.560558438e-01,-5.498332500e+00,1.000000000e+00,4.141753038e-07,7.679601908e-01
1,5,8.300442100e-01,3.941038251e-01,-1.677884817e+00,1.445556760e+00,-4.580444470e-02,-2.956882238e+00,-2.949598074e+00,-2.434244633e+00,-2.438777685e+00,-1.998378873e+00,-2.904891729e+00,-3.392143488e+00,-1.661529183e+00,4.000000000e+00,1.100000000e+01,1.800000000e+01,1.000000000e+00,1.516021729e+00,2.756434202e+00,1.902845204e-01,9.473684430e-01,-2.071957827e+00,-4.141152859e+00,1.317190528e-01,2.756432772e+00,-2.701063633e+00,-2.507809877e+00,3.065100670e+00,1.661529183e+00,0.000000000e+00,0.000000000e+00,0.000000000e+00,0.000000000e+00,-1.000000000e+00,-1.000000000e+00,-1.000000000e+00,0.000000000e+00,-9.999956489e-01,4.141753038e-07,1.000000000e+00,-6.989678144e-01,0.000000000e+00,4.141753038e-07,9.935932755e-01
1,6,7.498191595e-01,3.704688549e-01,-1.488424778e+00,1.222358465e+00,-5.639471859e-02,-2.959402084e+00,-2.949855566e+00,-2.492846489e+00,-2.503751278e+00,-2.113574743e+00,-2.609658003e+00,-3.338201046e+00,-1.519898534e+00,6.000000000e+00,8.000000000e+00,1.200000000e+01,0.000000000e+00,8.233047128e-01,2.525286674e+00,1.431774199e-01,1.000000000e+00,-1.858875394e+00,-3.716655016e+00,1.372069269e-01,2.525282860e+00,-2.736914873e+00,-2.238182068e+00,2.778233767e+00,1.519898534e+00,0.000000000e+00,0.000000000e+00,0.000000000e+00,0.000000000e+00,-1.000000000e+00,-1.000000000e+00,-1.000000000e+00,0.000000000e+00,-9.999956489e-01,4.141753038e-07,1.000000000e+00,-6.989678144e-01,0.000000000e+00,4.141753038e-07,9.950651526e-01
1,7,6.815004945e-01,5.333215594e-01,-1.635969400e+00,2.507906199e+00,1.146178484e+00,-3.183043003e+00,-3.193992138e+00,-2.663576126e+00,-2.732114792e+00,-2.515455008e+00,-2.851515293e+00,-3.330952883e+00,-8.737459779e-01,4.000000000e+00,9.000000000e+00,1.400000000e+01,0.000000000e+00,-1.364353061e+00,1.833429933e+00,1.361778259e+00,1.000000000e+00,-2.169245481e+00,-4.330242157e+00,-1.589470655e-01,1.833407521e+00,-3.423465252e+00,-2.317398310e+00,2.208769083e+00,8.737459779e-01,0.000000000e+00,0.000000000e+00,0.000000000e+00,0.000000000e+00,-1.000000000e+00,-1.000000000e+00,-1.000000000e+00,0.000000000e+00,-9.999956489e-01,4.141753038e-07,1.000000000e+00,-6.989678144e-01,0.000000000e+00,4.141753038e-07,9.597316980e-01
1,8,6.314876676e-01,5.780017972e-01,-1.576903343e+00,1.279245615e+00,-1.521175951e-01,-3.226653337e+00,-3.223045349e+00,-2.531264544e+00,-2.560549974e+00,-2.477795601e+00,-2.786487818e+00,-3.280043364e+00,-5.065450072e-01,4.000000000e+00,1.000000000e+01,1.600000000e+01,0.000000000e+00,1.174868226e+00,3.065361023e+00,7.512590289e-02,1.000000000e+00,-2.154859304e+00,-4.301405907e+00,5.894595385e-01,3.065358639e+00,-2.549096346e+00,-2.208337069e+00,2.558640242e+00,5.065450072e-01,3.000000000e+00,0.000000000e+00,3.000000000e+00,3.000000000e+00,-1.000000000e+00,3.000000000e+00,1.000000000e+00,1.000000000e+00,-4.799501896e+00,-3.073259830e+00,-1.838408470e+00,-4.799158573e+00,1.000000000e+00,4.141753038e-07,9.191696644e-01
2,0,1.001072168e+00,3.420407176e-01,-1.583482981e+00,1.713233471e+00,1.691657156e-01,-2.786731005e+00,-2.777160168e+00,-2.272877216e+00,-2.261264563e+00,-1.613909245e+00,-2.930181742e+00,-3.444817305e+00,-2.198381424e+00,8.000000000e+00,1.200000000e+01,2.000000000e+01,1.000000000e+00,9.224011302e-01,2.075135231e+00,4.122036397e-01,9.523809552e-01,-1.925503492e+00,-3.851920366e+00,-1.422796249e-01,2.075127125e+00,-2.745422840e+00,-2.584404945e+00,2.864714384e+00,2.198381424e+00,0.000000000e+00,0.000000000e+00,0.000000000e+00,0.000000000e+00,-1.000000000e+00,-1.000000000e+00,-1.000000000e+00,0.000000000e+00,-9.999956489e-01,4.141753038e-07,1.000000000e+00,-6.989678144e-01,0.000000000e+00,-8.790663444e-03,9.963299632e-01
2,1,9.580103755e-01,3.993909955e-01,-1.626879096e+00,1.583212018e+00,3.914431110e-02,-2.884022474e+00,-2.850886345e+00,-2.406087399e+00,-2.306999207e+00,-1.847547889e+00,-2.988197803e+00,-3.441771984e+00,-1.959759951e+00,6.000000000e+00,1.100000000e+01,2.000000000e+01,0.000000000e+00,1.259997249e+00,2.477577448e+00,2.821822464e-01,1.000000000e+00,-2.026242256e+00,-4.051975727e+00,-3.547415435e-01,2.477576971e+00,-3.060720921e+00,-2.584740877e+00,3.291629076e+00,1.959759951e+00,0.000000000e+00,0.000000000e+00,0.000000000e+00,0.000000000e+00,-1.000000000e+00,-1.000000000e+00,-1.000000000e+00,0.000000000e+00,-9.999956489e-01,4.141753038e-07,1.000000000e+00,-6.989678144e-01,0.000000000e+00,4.141753038e-07,9.931949377e-01
2,2,9.430379272e-01,3.482504487e-01,-1.671936512e+00,1.732563853e+00,2.412023991e-01,-2.817576885e+00,-2.780265331e+00,-2.357783318e+00,-2.249074221e+00,-1.763069391e+00,-2.968174934e+00,-3.411528349e+00,-2.046132803e+00,6.000000000e+00,1.100000000e+01,1.800000000e+01,0.000000000e+00,1.270686388e+00,2.398440361e+00,4.772914648e-01,1.000000000e+00,-2.020161629e+00,-4.040948868e+00,-4.627797753e-02,2.398437500e+00,-2.643488646e+00,-2.614815712e+00,2.930686712e+00,2.046132803e+00,1.000000000e+00,1.000000000e+00,0.000000000e+00,2.000000000e+00,5.000000000e+00,3.000000000e+00,3.000000000e+00,1.000000000e+00,-4.819393635e+00,-2.045058727e+00,-4.193437099e-02,-4.815752506e+00,1.000000000e+00,4.141753038e-07,9.960909486e-01
2,3,8.140053749e-01,2.953229547e-01,-1.742125034e+00,1.451314688e+00,-6.719873101e-02,-2.811542511e+00,-2.803025007e+00,-2.289673090e+00,-2.275136471e+00,-1.771049619e+00,-2.856788158e+00,-3.329577923e+00,-1.863686800e+00,7.000000000e+00,1.100000000e+01,1.900000000e+01,0.000000000e+00,1.421623975e-01,1.842220664e+00,1.725613922e-01,1.000000000e+00,-2.037424564e+00,-4.075370312e+00,1.007262692e-01,1.842149258e+00,-2.469686985e+00,-2.555998087e+00,2.245501518e+00,1.863686800e+00,0.000000000e+00,0.000000000e+00,0.000000000e+00,0.000000000e+00,-1.000000000e+00,-1.000000000e+00,-1.000000000e+00,0.000000000e+00,-9.999956489e-01,4.141753038e-07,1.000000000e+00,-6.989678144e-01,0.000000000e+00,4.141753038e-07,9.976529479e-01
2,4,9.445272088e-01,4.767856002e-01,-1.528322220e+00,1.580327272e+00,1.179295480e-01,-3.240263700e+00,-3.227468491e+00,-2.363148451e+00,-2.411062002e+00,-1.895472765e+00,-2.949810743e+00,-3.706546068e+00,-1.739808440e+00,4.000000000e+00,1.000000000e+01,1.700000000e+01,1.000000000e+00,1.435837626e+00,2.613443613e+00,3.498784900e-01,9.444444180e-01,-2.005078316e+00,-4.006363392e+00,5.921428800e-01,2.613423824e+00,-2.295731068e+00,-2.472735167e+00,2.536919594e+00,1.739808440e+00,1.000000000e+00,1.000000000e+00,0.000000000e+00,2.000000000e+00,5.000000000e+00,1.900000000e+01,3.000000000e+00,1.000000000e+00,-3.783614874e+00,-3.111330032e+00,-2.212795973e+00,-3.783281326e+00,1.000000000e+00,4.141753038e-07,9.820954800e-01
2,5,4.472255409e-01,3.731910288e-01,-1.656967878e+00,1.303974032e+00,-9.396548569e-02,-3.091985703e+00,-3.087166309e+00,-2.620707750e+00,-2.653042793e+00,-2.546701670e+00,-2.477728605e+00,-3.165920496e+00,6.006246209e-01,4.000000000e+00,9.000000000e+00,1.500000000e+01,0.000000000e+00,3.950493336e-01,2.744379282e+00,1.278830171e-01,1.000000000e+00,-2.030131817e+00,-4.055844784e+00,-6.262068450e-02,2.744378805e+00,-3.088517427e+00,-2.104157686e+00,2.913157940e+00,6.006246209e-01,0.000000000e+00,0.000000000e+00,0.000000000e+00,0.000000000e+00,-1.000000000e+00,-1.000000000e+00,-1.000000000e+00,0.000000000e+00,-9.999956489e-01,4.141753038e-07,1.000000000e+00,-6.989678144e-01,0.000000000e+00,4.294933677e-01,9.949181080e-01
2,6,5.268332958e-01,4.112223983e-01,-1.678565264e+00,1.562167764e+00,7.080648094e-02,-3.113121271e+00,-3.134435654e+00,-2.615751982e+00,-2.690254688e+00,-2.500183105e+00,-2.617283106e+00,-3.228560209e+00,7.624255419e-01,4.000000000e+00,1.000000000e+01,1.800000000e+01,0.000000000e+00,3.953761756e-01,2.698010206e+00,3.068955243e-01,1.000000000e+00,-2.089754820e+00,-4.173907757e+00,2.549855709e-01,2.698007345e+00,-2.846399546e+00,-2.205349445e+00,2.633050919e+00,7.624255419e-01,0.000000000e+00,0.000000000e+00,0.000000000e+00,0.000000000e+00,-1.000000000e+00,-1.000000000e+00,-1.000000000e+00,0.000000000e+00,-9.999956489e-01,4.141753038e-07,1.000000000e+00,-6.989678144e-01,0.000000000e+00,4.141753038e-07,9.921916127e-01
2,7,1.064209461e+00,8.309234381e-01,-1.168000698e+00,1.308817387e+00,-8.912214637e-02,-3.354275942e+00,-3.342455626e+00,-2.581756115e+00,-2.670287132e+00,-2.348539114e+00,-3.062984705e+00,-3.586864233e+00,1.131295204e+00,4.000000000e+00,9.000000000e+00,1.500000000e+01,0.000000000e+00,2.962673604e-01,2.496775866e+00,1.327263713e-01,1.000000000e+00,-1.998887181e+00,-3.993904591e+00,2.845358849e-01,2.496767759e+00,-3.216163397e+00,-2.232142448e+00,2.533981085e+00,1.131295204e+00,3.000000000e+00,2.000000000e+00,1.000000000e+00,3.000000000e+00,2.000000000e+00,8.000000000e+00,1.000000000e+00,1.000000000e+00,-4.950685501e+00,-1.747768164e+00,4.868887067e-01,-4.943672657e+00,1.000000000e+00,4.141753038e-07,2.791063860e-02
2,8,7.125125527e-01,3.079388440e-01,-1.701373577e+00,1.678691745e+00,1.601780653e-01,-2.878807783e+00,-2.877630711e+00,-2.335239887e+00,-2.347443581e+00,-1.930722952e+00,-2.724970818e+00,-3.282876492e+00,1.583441734e+00,5.000000000e+00,1.200000000e+01,1.900000000e+01,0.000000000e+00,1.413397670e+00,2.637458801e+00,3.999383152e-01,1.000000000e+00,-2.009289742e+00,-4.017477989e+00,-6.077024937e-01,2.637458801e+00,-3.262387514e+00,-2.413795233e+00,3.661551476e+00,1.583441734e+00,0.000000000e+00,0.000000000e+00,0.000000000e+00,0.000000000e+00,-1.000000000e+00,-1.000000000e+00,-1.000000000e+00,0.000000000e+00,-9.999956489e-01,4.141753038e-07,1.000000000e+00,-6.989678144e-01,0.000000000e+00,4.141753038e-07,9.973639846e-01
2,9,1.166290879e+00,6.184557080e-01,-1.323226929e+00,1.492388010e+00,1.026665675e-03,-3.275695801e+00,-3.312471867e+00,-2.311878443e+00,-2.460005760e+00,-1.764106989e+00,-3.107662439e+00,-3.821462631e+00,1.933895350e+00,6.000000000e+00,1.000000000e+01,1.800000000e+01,0.000000000e+00,-2.914196014e+00,4.080830216e-01,2.371157110e-01,1.000000000e+00,-1.941653609e+00,-3.880310774e+00,2.026923001e-01,3.013361096e-01,-2.875568390e+00,-2.489392757e+00,7.945642471e-01,1.933895350e+00,0.000000000e+00,0.000000000e+00,0.000000000e+00,0.000000000e+00,-1.000000000e+00,-1.000000000e+00,-1.000000000e+00,0.000000000e+00,-9.999956489e-01,4.141753038e-07,1.000000000e+00,-6.989678144e-01,0.000000000e+00,4.141753038e-07,8.445143104e-01
2,10,9.212276936e-01,3.840510845e-01,-1.642162442e+00,1.604823589e+00,6.075585634e-02,-2.884537697e+00,-2.882924557e+00,-2.438497305e+00,-2.432069302e+00,-1.901405215e+00,-2.950882196e+00,-3.420901060e+00,1.908277392e+00,7.000000000e+00,1.100000000e+01,2.000000000e+01,0.000000000e+00,1.644998908e+00,2.723939419e+00,3.037937880e-01,1.000000000e+00,-2.026186228e+00,-4.051359177e+00,-2.793144584e-01,2.723939180e+00,-3.095012188e+00,-2.563250303e+00,3.533778191e+00,1.908277392e+00,0.000000000e+00,0.000000000e+00,0.000000000e+00,0.000000000e+00,-1.000000000e+00,-1.000000000e+00,-1.000000000e+00,0.000000000e+00,-9.999956489e-01,4.141753038e-07,1.000000000e+00,-6.989678144e-01,0.000000000e+00,4.141753038e-07,9.942762256e-01
2,11,9.485087395e-01,4.150130749e-01,-1.617005110e+00,1.627462029e+00,1.650642604e-01,-2.922407389e+00,-2.912904263e+00,-2.111258984e+00,-2.113396168e+00,-1.577802777e+00,-2.983440399e+00,-3.455026388e+00,1.899416804e+00,5.000000000e+00,1.100000000e+01,1.700000000e+01,0.000000000e+00,6.050537229e-01,1.888171434e+00,3.970132172e-01,1.000000000e+00,-2.031989336e+00,-4.062343597e+00,1.181905150e+00,1.879605889e+00,-1.346550822e+00,-2.565372229e+00,1.233330488e+00,1.899416804e+00,0.000000000e+00,0.000000000e+00,0.000000000e+00,0.000000000e+00,-1.000000000e+00,-1.000000000e+00,-1.000000000e+00,0.000000000e+00,-9.999956489e-01,4.141753038e-07,1.000000000e+00,-6.989678144e-01,1.000000000e+00,4.141753038e-07,9.918335676e-01
2,12,9.951506853e-01,4.198000729e-01,-1.552671671e+00,1.476220608e+00,-4.229288921e-02,-2.903119802e+00,-2.900633574e+00,-2.455942154e+00,-2.462885618e+00,-1.880682588e+00,-2.970025539e+00,-3.477512121e+00,1.999783516e+00,7.000000000e+00,1.100000000e+01,1.900000000e+01,0.000000000e+00,1.648450613e+00,2.704941750e+00,1.974672377e-01,1.000000000e+00,-1.972446322e+00,-3.943933725e+00,5.182958767e-02,2.704940796e+00,-2.830688238e+00,-2.547684431e+00,3.235295773e+00,1.999783516e+00,1.000000000e+00,1.000000000e+00,0.000000000e+00,1.000000000e+00,5.000000000e+00,1.700000000e+01,1.000000000e+00,1.000000000e+00,-5.160245419e+00,-1.989760637e+00,-2.569348551e-02,-5.156458855e+00,1.000000000e+00,4.141753038e-07,9.913532138e-01
2,13,1.183210015e+00,5.619060993e-01,-1.374729156e+00,1.700922966e+00,1.824093014e-01,-3.009716511e+00,-3.013496637e+00,-2.487024546e+00,-2.497953653e+00,-1.865822077e+00,-3.120633125e+00,-3.629609823e+00,2.109135628e+00,7.000000000e+00,1.100000000e+01,1.900000000e+01,0.000000000e+00,3.105601966e-01,2.021157742e+00,4.221695364e-01,1.000000000e+00,-1.936607957e+00,-3.871400595e+00,5.214123055e-02,2.021132708e+00,-3.007413626e+00,-2.557792425e+00,2.601106882e+00,2.109135628e+00,4.000000000e+00,4.000000000e+00,0.000000000e+00,3.000000000e+00,5.000000000e+00,1.100000000e+01,3.000000000e+00,1.000000000e+00,-4.465413094e+00,-1.560126305e+00,7.772573233e-01,-4.453957081e+00,1.000000000e+00,4.141753038e-07,9.374091029e-01
2,14,1.030940175e+00,4.124795198e-01,-1.421126008e+00,1.174869418e+00,-1.473492980e-01,-2.927401304e+00,-2.826908588e+00,-1.803414702e+00,-1.815851450e+00,-1.184974909e+00,-2.867515087e+00,-3.544704914e+00,2.102391958e+00,2.000000000e+00,7.000000000e+00,1.300000000e+01,0.000000000e+00,4.436210990e-01,1.408473849e+00,6.092638150e-02,1.000000000e+00,-1.833587170e+00,-3.668483019e+00,3.643689156e-01,1.406694174e+00,-1.863958716e+00,-2.451954603e+00,1.673211575e+00,2.102391958e+00,0.000000000e+00,0.000000000e+00,0.000000000e+00,0.000000000e+00,-1.000000000e+00,-1.000000000e+00,-1.000000000e+00,0.000000000e+00,-9.999956489e-01,4.141753038e-07,1.000000000e+00,-6.989678144e-01,0.000000000e+00,4.141753038e-07,9.920749664e-01
2,15,1.023861408e+00,3.567810059e-01,-1.617442846e+00,1.714113832e+00,1.700460166e-01,-2.780435562e+00,-2.745722055e+00,-2.246217489e+00,-2.173907518e+00,-1.579197049e+00,-3.002359390e+00,-3.446562052e+00,2.217368603e+00,8.000000000e+00,1.200000000e+01,2.000000000e+01,0.000000000e+00,1.386219561e-01,1.648601413e+00,4.130839407e-01,1.000000000e+00,-1.974200726e+00,-3.949295044e+00,-6.189346686e-02,1.648519039e+00,-2.592477322e+00,-2.641132116e+00,2.305097103e+00,2.217368603e+00,1.000000000e+00,1.000000000e+00,0.000000000e+00,1.000000000e+00,5.000000000e+00,1.700000000e+01,1.000000000e+00,1.000000000e+00,-4.662913799e+00,-1.526038885e+00,9.226372242e-01,-4.650747299e+00,1.000000000e+00,4.047419429e-01,9.957310557e-01
3,0,1.021957278e+00,4.784302711e-01,-1.518035293e+00,1.642930031e+00,1.244163439e-01,-2.981627703e+00,-2.974095583e+00,-2.532495260e+00,-2.524607658e+00,-1.989073753e+00,-3.020118713e+00,-3.524117231e+00,-1.923547626e+00,7.000000000e+00,1.100000000e+01,1.900000000e+01,0.000000000e+00,9.514795542e-01,2.464858294e+00,3.641765714e-01,1.000000000e+00,-1.996436715e+00,-3.990823269e+00,-2.671086928e-03,2.464855671e+00,-3.005414724e+00,-2.539856434e+00,3.003017902e+00,1.923547626e+00,4.000000000e+00,4.000000000e+00,0.000000000e+00,2.000000000e+00,5.000000000e+00,2.100000000e+01,3.000000000e+00,1.000000000e+00,-4.504062653e+00,-1.758145332e+00,4.919112921e-01,-4.496787071e+00,1.000000000e+00,4.141753038e-07,9.816910625e-01
3,1,9.323190451e-01,4.412998557e-01,-1.553201914e+00,1.475132585e+00,-6.893494725e-02,-2.970262289e+00,-2.964694500e+00,-2.447043896e+00,-2.444433451e+00,-1.956106901e+00,-2.928638458e+00,-3.460431814e+00,-1.796623707e+00,6.000000000e+00,1.200000000e+01,2.000000000e+01,0.000000000e+00,6.953629851e-01,2.303827763e+00,1.741028875e-01,1.000000000e+00,-1.994474292e+00,-3.986970186e+00,-9.210419655e-01,2.303827524e+00,-3.804124355e+00,-2.485403776e+00,3.712274551e+00,1.796623707e+00,0.000000000e+00,0.000000000e+00,0.000000000e+00,0.000000000e+00,-1.000000000e+00,-1.000000000e+00,-1.000000000e+00,0.000000000e+00,-9.999956489e-01,4.141753038e-07,1.000000000e+00,-6.989678144e-01,0.000000000e+00,4.141753038e-07,9.887384176e-01
3,2,7.104760408e-01,3.840427399e-01,-1.605097175e+00,1.105016112e+00,-1.254322678e-01,-2.597003937e+00,-2.717016459e+00,-1.015081882e+00,-1.392170310e+00,-6.886508465e-01,-2.715506077e+00,-2.923244953e+00,-1.383878231e+00,0.000000000e+00,6.000000000e+00,1.100000000e+01,0.000000000e+00,7.635031939e-01,1.741464019e+00,6.362374127e-02,1.000000000e+00,-1.989114881e+00,-3.990146637e+00,1.740031600e+00,6.504037976e-01,-3.619157150e-02,-2.315500736e+00,-3.860988915e-01,1.383878231e+00,0.000000000e+00,0.000000000e+00,0.000000000e+00,0.000000000e+00,-1.000000000e+00,-1.000000000e+00,-1.000000000e+00,0.000000000e+00,-9.999956489e-01,4.141753038e-07,1.000000000e+00,-6.989678144e-01,0.000000000e+00,4.141753038e-07,9.942767024e-01
3,3,7.198742628e-01,4.346055984e-01,-1.583176255e+00,1.249181271e+00,-2.421797067e-01,-3.047695637e+00,-3.053167582e+00,-2.472527266e+00,-2.507206678e+00,-2.187320709e+00,-2.738847971e+00,-3.332514286e+00,-1.274788976e+00,4.000000000e+00,1.000000000e+01,1.800000000e+01,0.000000000e+00,-1.736347936e-02,2.178705692e+00,-6.090820301e-03,1.000000000e+00,-2.017753124e+00,-4.032306671e+00,-8.813117743e-01,2.178705454e+00,-3.820385456e+00,-2.302979946e+00,3.378917933e+00,1.274788976e+00,1.000000000e+00,1.000000000e+00,0.000000000e+00,2.000000000e+00,4.000000000e+00,1.400000000e+01,2.000000000e+00,1.000000000e+00,-1.508855343e+00,-1.914381266e+00,1.962492466e-01,-1.503598571e+00,1.000000000e+00,4.141753038e-07,9.896416068e-01
3,4,1.001109481e+00,9.383207560e-01,-1.191546917e+00,1.394735694e+00,-3.662760928e-02,-3.575768232e+00,-3.649020433e+00,-2.862848043e+00,-3.079392195e+00,-2.800101995e+00,-3.130471706e+00,-3.638302803e+00,5.507751107e-01,4.000000000e+00,1.000000000e+01,1.600000000e+01,0.000000000e+00,1.073549628e+00,3.337231636e+00,1.906159818e-01,1.000000000e+00,-2.129815817e+00,-4.251994610e+00,1.692099571e+00,3.337120295e+00,-2.326043129e+00,-2.192595482e+00,1.924547791e+00,5.507751107e-01,2.000000000e+00,0.000000000e+00,2.000000000e+00,3.000000000e+00,1.000000000e+00,5.000000000e+00,2.000000000e+00,1.000000000e+00,-4.671597958e+00,-1.722011805e+00,8.323108554e-01,-4.663818359e+00,1.000000000e+00,4.141753038e-07,6.408673944e-04
3,5,8.741537929e-01,4.150251746e-01,-1.602906108e+00,1.611254573e+00,4.305327684e-02,-2.960183620e+00,-2.939988375e+00,-2.149337053e+00,-2.144358397e+00,-1.690248370e+00,-2.894181252e+00,-3.418568611e+00,1.718687057e+00,4.000000000e+00,1.000000000e+01,2.100000000e+01,0.000000000e+00,1.510202408e+00,2.445385933e+00,2.890355289e-01,1.000000000e+00,-2.017903328e+00,-4.033598900e+00,3.940051794e-01,2.445368767e+00,-2.165375471e+00,-2.476947069e+00,2.505488634e+00,1.718687057e+00,0.000000000e+00,0.000000000e+00,0.000000000e+00,0.000000000e+00,-1.000000000e+00,-1.000000000e+00,-1.000000000e+00,0.000000000e+00,-9.999956489e-01,4.141753038e-07,1.000000000e+00,-6.989678144e-01,0.000000000e+00,4.141753038e-07,9.918323755e-01
3,6,7.389690876e-01,2.518660128e-01,-1.739028811e+00,1.525918365e+00,-4.228287190e-02,-2.706718922e+00,-2.705075502e+00,-2.240023375e+00,-2.247165680e+00,-1.752971172e+00,-2.736879349e+00,-3.193364620e+00,1.787091374e+00,7.000000000e+00,1.200000000e+01,2.100000000e+01,0.000000000e+00,1.104639053e+00,2.305315733e+00,2.036993355e-01,1.000000000e+00,-1.990875959e+00,-3.984851360e+00,-4.449280500e-01,2.305315256e+00,-2.943655729e+00,-2.477891207e+00,3.244277239e+00,1.787091374e+00,0.000000000e+00,0.000000000e+00,0.000000000e+00,0.000000000e+00,-1.000000000e+00,-1.000000000e+00,-1.000000000e+00,0.000000000e+00,-9.999956489e-01,4.141753038e-07,1.000000000e+00,-6.989678144e-01,0.000000000e+00,4.141753038e-07,9.983870983e-01
4,0,1.140186667e+00,1.137370110e+00,-1.004677057e+00,1.430656552e+00,-7.067699335e-04,-3.369443417e+00,-3.863578320e+00,-2.513383150e+00,-3.346540213e+00,-2.510567665e+00,-3.281402111e+00,-3.372253418e+00,1.140111536e-01,3.000000000e+00,9.000000000e+00,1.600000000e+01,0.000000000e+00,-4.183105528e-01,2.304062843e+00,2.265368104e-01,1.000000000e+00,-2.141991377e+00,-4.275823593e+00,1.338955283e+00,2.301497936e+00,-3.145313263e+00,-2.144807577e+00,1.799295664e+00,1.140111536e-01,4.000000000e+00,0.000000000e+00,4.000000000e+00,3.000000000e+00,0.000000000e+00,6.000000000e+00,1.000000000e+00,1.000000000e+00,-5.497584820e+00,-2.327321053e+00,-3.747996092e-01,-5.496185780e+00,1.000000000e+00,4.141753038e-07,2.663570164e-08
4,1,8.598898649e-01,7.850181460e-01,-1.304503441e+00,1.437833071e+00,-2.456441522e-02,-3.448925734e+00,-3.467601776e+00,-2.813869476e+00,-2.875333071e+00,-2.739042521e+00,-2.949165583e+00,-3.523567915e+00,6.042025685e-01,5.000000000e+00,1.000000000e+01,1.700000000e+01,0.000000000e+00,-4.857407808e-01,2.496672392e+00,2.073844373e-01,1.000000000e+00,-2.089476824e+00,-4.172680378e+00,1.203659415e+00,2.496108532e+00,-2.456893444e+00,-2.164338589e+00,1.428807139e+00,6.042025685e-01,3.000000000e+00,0.000000000e+00,3.000000000e+00,3.000000000e+00,1.000000000e+00,6.000000000e+00,1.000000000e+00,1.000000000e+00,-5.134340286e+00,-2.319001436e+00,-4.549459517e-01,-5.132544994e+00,1.000000000e+00,4.141753038e-07,1.005394384e-01
4,2,4.151990414e-01,3.149786294e-01,-1.710653424e+00,6.091295481e-01,-3.451121151e-01,-1.917731643e+00,-2.403856039e+00,-1.952375025e-01,-9.583853483e-01,-9.501721710e-02,-2.332951307e+00,-2.017942667e+00,7.057669759e-01,0.000000000e+00,4.000000000e+00,7.000000000e+00,0.000000000e+00,1.508796096e+00,1.661759138e+00,-2.359678745e-01,1.000000000e+00,-2.025608063e+00,-3.939703465e+00,1.660656571e+00,5.140418410e-01,3.872889876e-01,-2.125816584e+00,-2.832425535e-01,7.057669759e-01,0.000000000e+00,0.000000000e+00,0.000000000e+00,0.000000000e+00,-1.000000000e+00,-1.000000000e+00,-1.000000000e+00,0.000000000e+00,-9.999956489e-01,4.141753038e-07,1.000000000e+00,-6.989678144e-01,0.000000000e+00,4.141753038e-07,9.971835017e-01
4,3,5.231440663e-01,3.903725445e-01,-1.742210507e+00,1.399742603e+00,1.802989282e-03,-3.071634531e+00,-3.097367048e+00,-2.493433952e+00,-2.558434486e+00,-2.360698223e+00,-2.656861305e+00,-3.204222918e+00,8.223274946e-01,3.000000000e+00,9.000000000e+00,1.500000000e+01,0.000000000e+00,-1.884147227e-01,2.266603947e+00,2.236515582e-01,1.000000000e+00,-2.132547855e+00,-4.258572102e+00,2.827315629e-01,2.266580582e+00,-2.666031361e+00,-2.265298367e+00,2.181561232e+00,8.223274946e-01,1.000000000e+00,0.000000000e+00,1.000000000e+00,3.000000000e+00,1.000000000e+00,6.000000000e+00,1.000000000e+00,1.000000000e+00,-4.595118523e+00,-2.315547705e+00,-3.618506789e-01,-4.593106270e+00,2.000000000e+00,4.141753038e-07,9.938575625e-01
4,4,3.116909266e-01,1.957901865e-01,-1.903438807e+00,1.338494658e+00,-1.528664529e-01,-2.779435635e+00,-2.843346596e+00,-2.291318178e+00,-2.373062849e+00,-2.175437212e+00,-2.414573431e+00,-2.895256519e+00,7.634639740e-01,5.000000000e+00,1.000000000e+01,1.800000000e+01,0.000000000e+00,5.903275013e-01,2.470669508e+00,8.322244883e-02,1.000000000e+00,-2.099208832e+00,-4.195394516e+00,1.898861825e-01,2.470663548e+00,-2.378965378e+00,-2.215093136e+00,2.478374481e+00,7.634639740e-01,0.000000000e+00,0.000000000e+00,0.000000000e+00,0.000000000e+00,-1.000000000e+00,-1.000000000e+00,-1.000000000e+00,0.000000000e+00,-9.999956489e-01,4.141753038e-07,1.000000000e+00,-6.989678144e-01,0.000000000e+00,4.141753038e-07,9.989529848e-01
4,5,5.449062586e-01,2.520369291e-01,-1.790153027e+00,1.203801274e+00,-2.585959733e-01,-2.891557217e+00,-2.858728409e+00,-2.079373837e+00,-2.069658756e+00,-1.786530018e+00,-2.590126753e+00,-3.184101105e+00,1.295191526e+00,3.000000000e+00,9.000000000e+00,1.700000000e+01,0.000000000e+00,1.108973026e+00,2.341045856e+00,-2.664719149e-02,1.000000000e+00,-2.042168617e+00,-4.082324982e+00,-3.767205030e-02,2.341042042e+00,-2.359319687e+00,-2.334992170e+00,2.661812305e+00,1.295191526e+00,0.000000000e+00,0.000000000e+00,0.000000000e+00,0.000000000e+00,-1.000000000e+00,-1.000000000e+00,-1.000000000e+00,0.000000000e+00,-9.999956489e-01,4.141753038e-07,1.000000000e+00,-6.989678144e-01,0.000000000e+00,4.141753038e-07,9.983848333e-01
4,6,6.390077472e-01,2.039570063e-01,-1.822291613e+00,1.695934176e+00,1.048698872e-01,-2.764646530e+00,-2.758932829e+00,-2.247244358e+00,-2.243540049e+00,-1.812242031e+00,-2.671434164e+00,-3.199262381e+00,1.659327269e+00,6.000000000e+00,1.200000000e+01,2.200000000e+01,0.000000000e+00,1.099162579e+00,2.361886740e+00,3.535116911e-01,1.000000000e+00,-2.026231050e+00,-4.053962231e+00,4.981117249e-01,2.361845970e+00,-1.949422717e+00,-2.461202621e+00,2.295056105e+00,1.659327269e+00,0.000000000e+00,0.000000000e+00,0.000000000e+00,0.000000000e+00,-1.000000000e+00,-1.000000000e+00,-1.000000000e+00,0.000000000e+00,-9.999956489e-01,4.141753038e-07,1.000000000e+00,-6.989678144e-01,0.000000000e+00,4.141753038e-07,9.988887906e-01
4,7,1.052126050e+00,3.593802452e-01,-1.543683052e+00,1.524073958e+00,-1.999365352e-02,-2.739233255e+00,-2.738189697e+00,-2.275243521e+00,-2.277702332e+00,-1.582562804e+00,-2.959382296e+00,-3.431044102e+00,2.277800322e+00,8.000000000e+00,1.200000000e+01,2.000000000e+01,0.000000000e+00,-5.545240641e-01,1.305526972e+00,2.230441719e-01,1.000000000e+00,-1.903043509e+00,-3.807930470e+00,-1.924169064e-01,1.305307627e+00,-2.829288960e+00,-2.595653057e+00,2.192802191e+00,2.277800322e+00,1.000000000e+00,1.000000000e+00,0.000000000e+00,1.000000000e+00,5.000000000e+00,9.000000000e+00,2.000000000e+00,1.000000000e+00,-4.529069901e+00,-1.967838526e+00,-1.201974228e-01,-4.524575233e+00,1.000000000e+00,4.141753038e-07,9.956133366e-01
4,8,9.617277980e-01,2.826112807e-01,-1.665820956e+00,1.629533768e+00,1.110201553e-01,-2.902816296e+00,-2.979976177e+00,-2.274499416e+00,-2.397098541e+00,-1.595447421e+00,-2.912750483e+00,-3.580623865e+00,2.245729208e+00,7.000000000e+00,1.100000000e+01,1.900000000e+01,0.000000000e+00,1.774746656e+00,2.482854605e+00,3.507803380e-01,1.000000000e+00,-1.948413491e+00,-3.896395206e+00,4.342570305e-01,2.482837439e+00,-2.245484829e+00,-2.627384663e+00,2.850283146e+00,2.245729208e+00,0.000000000e+00,0.000000000e+00,0.000000000e+00,0.000000000e+00,-1.000000000e+00,-1.000000000e+00,-1.000000000e+00,0.000000000e+00,-9.999956489e-01,4.141753038e-07,1.000000000e+00,-6.989678144e-01,0.000000000e+00,4.141753038e-07,9.979050159e-01
5,0,1.024872780e+00,3.753282726e-01,-1.528556466e+00,1.527991891e+00,1.662643552e-01,-2.820490360e+00,-2.806464195e+00,-2.299658775e+00,-2.276001692e+00,-1.650181174e+00,-2.931529760e+00,-3.469041824e+00,-2.175979614e+00,5.000000000e+00,1.000000000e+01,1.400000000e+01,0.000000000e+00,1.999300480e+00,2.649852991e+00,3.818640709e-01,1.000000000e+00,-1.903864384e+00,-3.808126450e+00,1.542964429e-01,2.649850607e+00,-2.496979237e+00,-2.553288698e+00,3.121380329e+00,2.175979614e+00,1.000000000e+00,1.000000000e+00,0.000000000e+00,1.000000000e+00,-5.000000000e+00,2.000000000e+00,1.000000000e+00,1.000000000e+00,-5.717482567e+00,-1.578486562e+00,6.740255952e-01,-5.712035179e+00,1.000000000e+00,4.141753038e-07,9.947988987e-01
5,1,1.034507751e+00,4.606393874e-01,-1.494887352e+00,1.591900110e+00,7.338655740e-02,-2.947880030e+00,-2.940313339e+00,-2.501052856e+00,-2.488102436e+00,-1.927285433e+00,-2.991718769e+00,-3.520691156e+00,-1.996242404e+00,7.000000000e+00,1.200000000e+01,1.900000000e+01,1.000000000e+00,1.202423811e+00,2.528551102e+00,3.131467402e-01,9.499999881e-01,-1.955500841e+00,-3.909636021e+00,4.919743538e-01,2.528532743e+00,-2.456776619e+00,-2.529261589e+00,2.597429276e+00,1.996242404e+00,1.000000000e+00,1.000000000e+00,0.000000000e+00,1.000000000e+00,-5.000000000e+00,3.200000000e+01,1.000000000e+00,1.000000000e+00,-1.085798264e+00,-1.569523692e+00,7.489072680e-01,-1.074251652e+00,1.000000000e+00,4.141753038e-07,9.855632782e-01
5,2,1.052790880e+00,4.462710023e-01,-1.493069291e+00,1.571155906e+00,5.264237523e-02,-2.905204296e+00,-2.875782967e+00,-2.371714354e+00,-2.307596684e+00,-1.765271187e+00,-2.993997574e+00,-3.510663748e+00,-2.074039698e+00,7.000000000e+00,1.200000000e+01,1.900000000e+01,0.000000000e+00,1.204799056e+00,2.367699623e+00,2.924025357e-01,1.000000000e+00,-1.939315915e+00,-3.877699375e+00,-4.909977783e-03,2.367695808e+00,-2.758617163e+00,-2.545721054e+00,2.914905548e+00,2.074039698e+00,1.000000000e+00,1.000000000e+00,0.000000000e+00,1.000000000e+00,-5.000000000e+00,3.200000000e+01,1.000000000e+00,1.000000000e+00,-4.192017078e+00,-2.188620567e+00,-4.930229783e-01,-4.189257145e+00,1.000000000e+00,4.141753038e-07,9.880076647e-01
5,3,8.697068095e-01,3.006823957e-01,-1.631347537e+00,1.660154581e+00,1.416409612e-01,-2.790028095e+00,-2.757809639e+00,-2.332753897e+00,-2.222051620e+00,-1.763797522e+00,-2.805491209e+00,-3.358328342e+00,-1.984664679e+00,7.000000000e+00,1.100000000e+01,1.900000000e+01,0.000000000e+00,-3.795306981e-01,1.574676871e+00,3.814011514e-01,1.000000000e+00,-1.932011127e+00,-3.864916563e+00,3.302511275e-01,1.573971152e+00,-2.192487478e+00,-2.500935078e+00,1.701987624e+00,1.984664679e+00,0.000000000e+00,0.000000000e+00,0.000000000e+00,0.000000000e+00,-1.000000000e+00,-1.000000000e+00,-1.000000000e+00,0.000000000e+00,-9.999956489e-01,4.141753038e-07,1.000000000e+00,-6.989678144e-01,0.000000000e+00,4.141753038e-07,9.975352287e-01
5,4,1.100887418e+00,7.719124556e-01,-1.217106462e+00,1.726202607e+00,1.351383477e-01,-3.363945246e+00,-3.361753702e+00,-2.842444181e+00,-2.895070791e+00,-2.513629675e+00,-3.089696169e+00,-3.691784382e+00,-1.390509248e+00,5.000000000e+00,9.000000000e+00,2.200000000e+01,0.000000000e+00,1.944903970e+00,3.486223459e+00,3.837801218e-01,1.000000000e+00,-1.988983750e+00,-3.974256754e+00,-6.571081281e-01,3.486223459e+00,-4.315362930e+00,-2.317910671e+00,4.523427010e+00,1.390509248e+00,4.000000000e+00,4.000000000e+00,0.000000000e+00,3.000000000e+00,-4.000000000e+00,3.500000000e+01,1.000000000e+00,1.000000000e+00,-5.151845932e+00,-2.040823698e+00,-9.574815631e-02,-5.148467064e+00,1.000000000e+00,-4.227408394e-02,1.383756995e-01
5,5,1.149814367e+00,7.561615109e-01,-1.276512146e+00,1.492221117e+00,-2.629235946e-02,-3.281949997e+00,-3.291469336e+00,-2.673140526e+00,-2.713000774e+00,-2.279609680e+00,-3.182409763e+00,-3.674378157e+00,-1.556018353e+00,6.000000000e+00,1.000000000e+01,1.900000000e+01,0.000000000e+00,1.944755912e+00,3.252070427e+00,2.134677917e-01,1.000000000e+00,-2.032634974e+00,-4.060913086e+00,-3.328555822e-01,3.252070427e+00,-3.799497366e+00,-2.426218748e+00,4.017976761e+00,1.556018353e+00,3.000000000e+00,3.000000000e+00,0.000000000e+00,3.000000000e+00,-4.000000000e+00,2.700000000e+01,1.000000000e+00,1.000000000e+00,-4.712928295e+00,-1.872757912e+00,3.315037489e-01,-4.707442760e+00,1.000000000e+00,4.141753038e-07,1.966247112e-01
5,6,1.297425032e+00,9.129096270e-01,-1.237015963e+00,1.299795628e+00,-6.193180010e-02,-3.386472702e+00,-3.357597351e+00,-2.735451221e+00,-2.700691223e+00,-2.351074457e+00,-3.446821213e+00,-3.769484997e+00,-1.532970309e+00,4.000000000e+00,1.000000000e+01,1.400000000e+01,0.000000000e+00,1.210650563e+00,2.956497192e+00,1.536677927e-01,1.000000000e+00,-2.149871826e+00,-4.291955471e+00,-2.316297442e-01,2.956497192e+00,-3.842417479e+00,-2.534299850e+00,3.537493229e+00,1.532970309e+00,0.000000000e+00,0.000000000e+00,0.000000000e+00,0.000000000e+00,-1.000000000e+00,-1.000000000e+00,-1.000000000e+00,0.000000000e+00,-9.999956489e-01,4.141753038e-07,1.000000000e+00,-6.989678144e-01,0.000000000e+00,4.141753038e-07,1.716262545e-03
6,0,7.648494244e-01,3.844931126e-01,-1.648809791e+00,1.498697400e+00,-1.981609501e-02,-2.958193779e+00,-2.961890221e+00,-2.484786034e+00,-2.505342484e+00,-2.104506969e+00,-2.800453424e+00,-3.337997913e+00,-1.522446990e+00,5.000000000e+00,1.100000000e+01,1.900000000e+01,1.000000000e+00,1.186998487e-01,2.163914442e+00,2.199440449e-01,9.499999881e-01,-2.033275127e+00,-4.064136982e+00,-2.766778171e-01,2.163911581e+00,-3.166016102e+00,-2.413565874e+00,2.841246605e+00,1.522446990e+00,2.000000000e+00,2.000000000e+00,0.000000000e+00,3.000000000e+00,-4.000000000e+00,8.000000000e+00,2.000000000e+00,1.000000000e+00,-4.655668259e+00,-2.249466896e+00,-4.275394380e-01,-4.653340816e+00,1.000000000e+00,1.310964108e+00,9.942480326e-01
6,1,7.455035448e-01,3.902472258e-01,-1.630974054e+00,1.126045704e+00,-3.363513649e-01,-2.981461048e+00,-2.980572701e+00,-2.501226425e+00,-2.515729427e+00,-2.146046877e+00,-2.768550873e+00,-3.336190701e+00,-1.458468795e+00,5.000000000e+00,1.000000000e+01,1.700000000e+01,1.000000000e+00,6.921194196e-01,2.492173195e+00,-1.044026688e-01,9.444444180e-01,-2.021193981e+00,-4.039756775e+00,2.479780316e-01,2.492166042e+00,-2.657943487e+00,-2.376392841e+00,2.613872051e+00,1.458468795e+00,0.000000000e+00,0.000000000e+00,0.000000000e+00,0.000000000e+00,-1.000000000e+00,-1.000000000e+00,-1.000000000e+00,0.000000000e+00,-9.999956489e-01,4.141753038e-07,1.000000000e+00,-6.989678144e-01,0.000000000e+00,1.329120755e+00,9.938661456e-01
6,2,8.890325427e-01,6.824938059e-01,-1.409680605e+00,1.586679459e+00,9.531811625e-02,-3.313925028e+00,-3.353297472e+00,-2.712042093e+00,-2.834520340e+00,-2.505588055e+00,-2.981189489e+00,-3.519919395e+00,-1.054089904e+00,5.000000000e+00,1.000000000e+01,1.800000000e+01,0.000000000e+00,1.783349812e-01,2.599324703e+00,3.314071596e-01,1.000000000e+00,-2.092131615e+00,-4.178163052e+00,1.805814505e+00,2.593630791e+00,-1.711474061e+00,-2.298637867e+00,1.116901636e+00,1.054089904e+00,0.000000000e+00,0.000000000e+00,0.000000000e+00,0.000000000e+00,-1.000000000e+00,-1.000000000e+00,-1.000000000e+00,0.000000000e+00,-9.999956489e-01,4.141753038e-07,1.000000000e+00,-6.989678144e-01,1.000000000e+00,4.141753038e-07,5.920084119e-01
6,3,7.585411072e-01,3.541871905e-01,-1.685465574e+00,1.531777740e+00,6.938004494e-02,-2.922403097e+00,-2.923131704e+00,-2.382068396e+00,-2.390689373e+00,-1.977777839e+00,-2.801097393e+00,-3.326199293e+00,1.582890987e+00,5.000000000e+00,1.000000000e+01,1.700000000e+01,1.000000000e+00,-2.189603746e-01,1.868341327e+00,3.013289869e-01,9.444444180e-01,-2.039625883e+00,-4.077284813e+00,-5.453358889e-01,1.868338108e+00,-3.289474010e+00,-2.443906784e+00,2.826277733e+00,1.582890987e+00,0.000000000e+00,0.000000000e+00,0.000000000e+00,0.000000000e+00,-1.000000000e+00,-1.000000000e+00,-1.000000000e+00,0.000000000e+00,-9.999956489e-01,4.141753038e-07,1.000000000e+00,-6.989678144e-01,1.000000000e+00,4.141753038e-07,9.958446622e-01
6,4,7.970825434e-01,3.542736769e-01,-1.710606813e+00,1.458797812e+00,-1.322661936e-01,-2.902609825e+00,-2.902510881e+00,-2.443955421e+00,-2.452585459e+00,-2.001223564e+00,-2.865682840e+00,-3.344804287e+00,1.678506494e+00,7.000000000e+00,1.200000000e+01,2.200000000e+01,0.000000000e+00,3.199587464e-01,2.161246300e+00,1.163754463e-01,1.000000000e+00,-2.064852238e+00,-4.127951622e+00,-1.108707786e+00,2.161246300e+00,-3.912133455e+00,-2.507571697e+00,3.719822168e+00,1.678506494e+00,0.000000000e+00,0.000000000e+00,0.000000000e+00,0.000000000e+00,-1.000000000e+00,-1.000000000e+00,-1.000000000e+00,0.000000000e+00,-9.999956489e-01,4.141753038e-07,1.000000000e+00,-6.989678144e-01,0.000000000e+00,4.141753038e-07,9.958408475e-01
6,5,7.885840535e-01,2.279949486e-01,-1.720281124e+00,1.502596378e+00,2.721476257e-01,-2.620491982e+00,-2.526352644e+00,-1.065604925e+00,-1.259220481e+00,-5.050193071e-01,-2.735100269e+00,-3.180603743e+00,1.964478374e+00,0.000000000e+00,6.000000000e+00,1.100000000e+01,0.000000000e+00,4.442701489e-02,1.279681921e+00,4.612037539e-01,1.000000000e+00,-1.948260069e+00,-3.891653776e+00,1.279625297e+00,-5.124458075e-01,-2.075970471e-01,-2.508747816e+00,-1.037860632e+00,1.964478374e+00,0.000000000e+00,0.000000000e+00,0.000000000e+00,0.000000000e+00,-1.000000000e+00,-1.000000000e+00,-1.000000000e+00,0.000000000e+00,-9.999956489e-01,4.141753038e-07,1.000000000e+00,-6.989678144e-01,0.000000000e+00,4.141753038e-07,9.986672401e-01
6,6,1.115325332e+00,4.466749728e-01,-1.374496341e+00,1.590990901e+00,4.692319036e-02,-2.883332729e+00,-2.856056690e+00,-2.439117670e+00,-2.354915380e+00,-1.770561099e+00,-2.937670946e+00,-3.550768852e+00,2.221069813e+00,8.000000000e+00,1.200000000e+01,2.000000000e+01,0.000000000e+00,1.289393663e+00,2.415283680e+00,2.899610996e-01,1.000000000e+00,-1.821152568e+00,-3.641994715e+00,-6.910197735e-01,2.415283442e+00,-3.491361856e+00,-2.489697695e+00,3.690249681e+00,2.221069813e+00,0.000000000e+00,0.000000000e+00,0.000000000e+00,0.000000000e+00,-1.000000000e+00,-1.000000000e+00,-1.000000000e+00,0.000000000e+00,-9.999956489e-01,4.141753038e-07,1.000000000e+00,-6.989678144e-01,0.000000000e+00,4.141753038e-07,9.879459739e-01
7,0,9.559332132e-01,6.708043814e-01,4.020266607e-02,1.292365432e+00,5.933955908e-01,-2.146238089e+00,-1.496730804e+00,-3.978403509e-01,-3.689747676e-02,-1.127119884e-01,-1.589047074e+00,-2.431310415e+00,-1.274412394e+00,0.000000000e+00,3.000000000e+00,5.000000000e+00,0.000000000e+00,3.004959583e+00,1.613770962e+00,5.933955908e-01,1.000000000e+00,-6.306001544e-01,-1.263724804e+00,7.119392753e-01,1.610331297e+00,4.237347282e-03,-9.157273173e-01,8.225774765e-01,1.274412394e+00,0.000000000e+00,0.000000000e+00,0.000000000e+00,0.000000000e+00,-1.000000000e+00,-1.000000000e+00,-1.000000000e+00,0.000000000e+00,-9.999956489e-01,4.141753038e-07,1.000000000e+00,-6.989678144e-01,1.000000000e+00,4.564563632e-01,6.520258784e-01
7,1,4.948334098e-01,2.112212926e-01,-1.794111013e+00,1.502763152e+00,1.048234850e-01,-2.846780777e+00,-2.842833042e+00,-2.389044762e+00,-2.401860476e+00,-2.105483532e+00,-2.503345966e+00,-3.130111933e+00,-1.270325303e+00,3.000000000e+00,9.000000000e+00,1.500000000e+01,0.000000000e+00,6.126898527e-01,2.411887169e+00,3.266720772e-01,1.000000000e+00,-2.005315065e+00,-4.009548187e+00,7.800747454e-02,2.411882639e+00,-2.535034895e+00,-2.288886786e+00,2.630214930e+00,1.270325303e+00,0.000000000e+00,0.000000000e+00,0.000000000e+00,0.000000000e+00,-1.000000000e+00,-1.000000000e+00,-1.000000000e+00,0.000000000e+00,-9.999956489e-01,4.141753038e-07,1.000000000e+00,-6.989678144e-01,0.000000000e+00,4.141753038e-07,9.988272786e-01
7,2,7.027975321e-01,5.703644753e-01,-1.528932691e+00,1.500387192e+00,6.902369857e-02,-3.226773262e+00,-3.268731594e+00,-2.607228756e+00,-2.732026815e+00,-2.474841833e+00,-2.802402735e+00,-3.358945370e+00,-8.211745620e-01,3.000000000e+00,9.000000000e+00,1.600000000e+01,0.000000000e+00,1.302021027e+00,3.125982761e+00,2.962673604e-01,1.000000000e+00,-2.099257231e+00,-4.192376137e+00,4.843682945e-01,3.125981808e+00,-2.817971706e+00,-2.231670856e+00,2.898826361e+00,8.211745620e-01,1.000000000e+00,0.000000000e+00,1.000000000e+00,3.000000000e+00,-2.000000000e+00,1.100000000e+01,1.000000000e+00,1.000000000e+00,-5.550223827e+00,-4.118753433e+00,-4.045462132e+00,-5.550202847e+00,1.000000000e+00,4.141753038e-07,9.284458756e-01
7,3,2.506149709e-01,2.037061751e-01,-1.919869184e+00,1.337436914e+00,-1.249605939e-01,-2.969230652e+00,-2.964397907e+00,-2.492853642e+00,-2.511368275e+00,-2.445958614e+00,-2.374978065e+00,-3.016093254e+00,4.731931686e-01,4.000000000e+00,1.000000000e+01,1.700000000e+01,0.000000000e+00,5.037308931e-01,2.697945356e+00,1.069882140e-01,1.000000000e+00,-2.123553514e+00,-4.240455627e+00,-1.185179234e+00,2.697945356e+00,-3.896961927e+00,-2.170455694e+00,3.946405888e+00,4.731931686e-01,0.000000000e+00,0.000000000e+00,0.000000000e+00,0.000000000e+00,-1.000000000e+00,-1.000000000e+00,-1.000000000e+00,0.000000000e+00,-9.999956489e-01,4.141753038e-07,1.000000000e+00,-6.989678144e-01,0.000000000e+00,4.141753038e-07,9.988908172e-01
7,4,3.143423498e-01,2.270141542e-01,-1.872379899e+00,1.288745999e+00,-1.736513823e-01,-2.905036688e+00,-2.916937113e+00,-2.311409712e+00,-2.362745047e+00,-2.224097729e+00,-2.415271521e+00,-2.992287159e+00,6.556131840e-01,4.000000000e+00,1.000000000e+01,1.700000000e+01,0.000000000e+00,9.324993193e-02,2.270797491e+00,5.829741061e-02,1.000000000e+00,-2.099371433e+00,-4.193632126e+00,-5.065598711e-02,2.270792484e+00,-2.640325785e+00,-2.186687708e+00,2.460011482e+00,6.556131840e-01,0.000000000e+00,0.000000000e+00,0.000000000e+00,0.000000000e+00,-1.000000000e+00,-1.000000000e+00,-1.000000000e+00,0.000000000e+00,-9.999956489e-01,4.141753038e-07,1.000000000e+00,-6.989678144e-01,0.000000000e+00,4.141753038e-07,9.986773133e-01
7,5,7.721114755e-01,5.854125023e-01,-1.394711256e+00,1.327106357e+00,-7.083323598e-02,-3.216305971e+00,-3.251528502e+00,-2.637090921e+00,-2.730882168e+00,-2.450457573e+00,-2.752431631e+00,-3.402621269e+00,9.948845506e-01,4.000000000e+00,9.000000000e+00,1.500000000e+01,0.000000000e+00,1.820934564e-01,2.541627169e+00,1.510152817e-01,1.000000000e+00,-1.980092883e+00,-3.956751108e+00,-3.013481498e-01,2.541626692e+00,-3.616079330e+00,-2.166769743e+00,3.123043776e+00,9.948845506e-01,4.000000000e+00,2.000000000e+00,2.000000000e+00,3.000000000e+00,2.000000000e+00,1.000000000e+00,1.000000000e+00,1.000000000e+00,-5.427156925e+00,-2.182876110e+00,-3.998958766e-01,-5.425074100e+00,1.000000000e+00,4.141753038e-07,9.089480639e-01
7,6,1.387287498e+00,1.039622068e+00,-9.514204264e-01,1.462869287e+00,4.716967524e-04,-3.549294710e+00,-3.571077824e+00,-2.885331392e+00,-2.956186771e+00,-2.537849665e+00,-3.377471209e+00,-3.895076990e+00,1.438948870e+00,4.000000000e+00,9.000000000e+00,1.700000000e+01,0.000000000e+00,1.854345798e-01,2.630716801e+00,2.324205935e-01,1.000000000e+00,-1.991003752e+00,-3.978117704e+00,-5.639896393e-01,2.630716801e+00,-4.544697285e+00,-2.338617086e+00,3.611850262e+00,1.438948870e+00,4.000000000e+00,4.000000000e+00,0.000000000e+00,3.000000000e+00,4.000000000e+00,3.000000000e+00,1.000000000e+00,1.000000000e+00,-5.975559235e+00,-2.789620638e+00,-1.599074602e+00,-5.975521088e+00,1.000000000e+00,4.141753038e-07,6.719526027e-06
8,0,8.445547521e-02,-3.698940277e-01,-9.194093943e-01,5.290657282e-01,5.290657282e-01,-2.100344658e+00,-6.252855659e-01,1.444424316e-02,5.575932264e-01,4.687941670e-01,-6.338869929e-01,-2.554593801e+00,-1.706944227e+00,0.000000000e+00,2.000000000e+00,3.000000000e+00,0.000000000e+00,3.533295393e+00,1.287002921e+00,5.194467306e-02,1.000000000e+00,-5.495163798e-01,-1.098946095e+00,7.900667191e-01,1.263781071e+00,1.717554808e+00,-1.003863692e+00,3.849154115e-01,1.706944227e+00,0.000000000e+00,0.000000000e+00,0.000000000e+00,0.000000000e+00,-1.000000000e+00,-1.000000000e+00,-1.000000000e+00,0.000000000e+00,-9.999956489e-01,4.141753038e-07,1.000000000e+00,-6.989678144e-01,0.000000000e+00,4.141753038e-07,9.998934269e-01
8,1,7.262592316e-01,2.508971393e-01,-1.743145823e+00,1.469088316e+00,-7.497920841e-02,-2.667204857e+00,-2.605929613e+00,-2.190453529e+00,-2.030919313e+00,-1.715136051e+00,-2.730264187e+00,-3.142166138e+00,-1.758450150e+00,6.000000000e+00,1.200000000e+01,2.000000000e+01,1.000000000e+00,4.246765673e-01,1.927499771e+00,1.680586040e-01,9.523809552e-01,-1.994023919e+00,-3.994000435e+00,-4.459473193e-01,1.927495956e+00,-2.727579594e+00,-2.469300985e+00,2.689121723e+00,1.758450150e+00,0.000000000e+00,0.000000000e+00,0.000000000e+00,0.000000000e+00,-1.000000000e+00,-1.000000000e+00,-1.000000000e+00,0.000000000e+00,-9.999956489e-01,4.141753038e-07,1.000000000e+00,-6.989678144e-01,0.000000000e+00,4.141753038e-07,9.983999133e-01
8,2,7.226595879e-01,3.702887893e-01,-1.654516220e+00,1.603436351e+00,5.936872587e-02,-2.963179588e+00,-2.965312481e+00,-2.426821232e+00,-2.445957661e+00,-2.074514627e+00,-2.749562502e+00,-3.315051794e+00,-1.451058745e+00,4.000000000e+00,1.100000000e+01,2.000000000e+01,3.000000000e+00,1.073825479e+00,2.611814976e+00,3.024066091e-01,8.695651889e-01,-2.024778366e+00,-4.047103882e+00,1.249709368e+00,2.611404896e+00,-1.566642284e+00,-2.377091885e+00,1.733201385e+00,1.451058745e+00,0.000000000e+00,0.000000000e+00,0.000000000e+00,0.000000000e+00,-1.000000000e+00,-1.000000000e+00,-1.000000000e+00,0.000000000e+00,-9.999956489e-01,4.141753038e-07,1.000000000e+00,-6.989678144e-01,0.000000000e+00,4.141753038e-07,9.950746894e-01
8,3,4.850850701e-01,1.546851695e-01,-1.896449208e+00,1.214061499e+00,-1.838778555e-01,-2.769225121e+00,-2.767293215e+00,-2.247049570e+00,-2.257428885e+00,-1.916690350e+00,-2.542401314e+00,-3.099334240e+00,-1.394222617e+00,4.000000000e+00,9.000000000e+00,1.500000000e+01,1.000000000e+00,1.254865155e-02,1.923019528e+00,3.797062859e-02,9.375000000e-01,-2.051119566e+00,-4.103094578e+00,-5.433662236e-02,1.922995329e+00,-2.466402531e+00,-2.381464005e+00,2.318024635e+00,1.394222617e+00,0.000000000e+00,0.000000000e+00,0.000000000e+00,0.000000000e+00,-1.000000000e+00,-1.000000000e+00,-1.000000000e+00,0.000000000e+00,-9.999956489e-01,4.141753038e-07,1.000000000e+00,-6.989678144e-01,0.000000000e+00,4.141753038e-07,9.992111921e-01
8,4,5.830110908e-01,2.692690194e-01,-1.791707039e+00,1.229971766e+00,-2.013912946e-01,-2.897599697e+00,-2.881840229e+00,-2.372967482e+00,-2.372254133e+00,-2.059278011e+00,-2.647330761e+00,-3.210978508e+00,-1.350596905e+00,3.000000000e+00,9.000000000e+00,1.600000000e+01,0.000000000e+00,-5.320191383e-01,1.793356657e+00,2.585218102e-02,1.000000000e+00,-2.060952663e+00,-4.119755268e+00,-2.005548775e-02,1.793305397e+00,-2.661481857e+00,-2.374641895e+00,2.126282930e+00,1.350596905e+00,0.000000000e+00,0.000000000e+00,0.000000000e+00,0.000000000e+00,-1.000000000e+00,-1.000000000e+00,-1.000000000e+00,0.000000000e+00,-9.999956489e-01,4.141753038e-07,1.000000000e+00,-6.989678144e-01,0.000000000e+00,4.141753038e-07,9.981340766e-01
8,5,5.818992853e-01,3.683153689e-01,-1.618359089e+00,1.271680355e+00,4.123170301e-02,-3.027688265e+00,-3.031580687e+00,-2.486439466e+00,-2.521455765e+00,-2.272907257e+00,-2.569557667e+00,-3.240978241e+00,-1.074694037e+00,3.000000000e+00,7.000000000e+00,1.100000000e+01,0.000000000e+00,9.517131373e-03,2.277765751e+00,2.302878499e-01,1.000000000e+00,-1.986650229e+00,-3.970435858e+00,3.288680911e-01,2.277738094e+00,-2.560889244e+00,-2.200207472e+00,2.197414160e+00,1.074694037e+00,0.000000000e+00,0.000000000e+00,0.000000000e+00,0.000000000e+00,-1.000000000e+00,-1.000000000e+00,-1.000000000e+00,0.000000000e+00,-9.999956489e-01,4.141753038e-07,1.000000000e+00,-6.989678144e-01,0.000000000e+00,4.141753038e-07,9.951778650e-01
8,6,7.094996572e-01,6.135489345e-01,-1.488189220e+00,1.668026447e+00,2.366629094e-01,-3.310554981e+00,-3.344906807e+00,-2.777850628e+00,-2.904281139e+00,-2.681951523e+00,-2.811274290e+00,-3.406286478e+00,6.894586086e-01,4.000000000e+00,1.000000000e+01,1.600000000e+01,0.000000000e+00,4.337935448e-01,2.899073601e+00,4.639065862e-01,1.000000000e+00,-2.101696491e+00,-4.196918488e+00,9.357046485e-01,2.899047852e+00,-2.582307816e+00,-2.197633743e+00,2.185772181e+00,6.894586086e-01,3.000000000e+00,0.000000000e+00,3.000000000e+00,3.000000000e+00,1.000000000e+00,1.000000000e+01,1.000000000e+00,1.000000000e+00,-5.347274780e+00,-1.958171725e+00,2.775696814e-01,-5.343572617e+00,1.000000000e+00,4.141753038e-07,8.563800454e-01
8,7,8.389255404e-01,6.942225695e-01,-1.442753911e+00,1.371583462e+00,-5.977983400e-02,-3.315733433e+00,-3.349054575e+00,-2.702400446e+00,-2.859215736e+00,-2.557759523e+00,-2.975951433e+00,-3.460081100e+00,8.623179793e-01,3.000000000e+00,9.000000000e+00,1.600000000e+01,0.000000000e+00,4.053030610e-01,2.760570765e+00,1.674637198e-01,1.000000000e+00,-2.136928797e+00,-4.266331673e+00,3.870189190e-01,2.760566950e+00,-3.166096449e+00,-2.281608343e+00,2.675032616e+00,8.623179793e-01,0.000000000e+00,0.000000000e+00,0.000000000e+00,0.000000000e+00,-1.000000000e+00,-1.000000000e+00,-1.000000000e+00,0.000000000e+00,-9.999956489e-01,4.141753038e-07,1.000000000e+00,-6.989678144e-01,0.000000000e+00,4.141753038e-07,5.271531940e-01
8,8,1.154551506e+00,6.760382652e-01,-1.314498544e+00,1.504082322e+00,-3.998523578e-02,-3.181479454e+00,-3.173537016e+00,-2.631115198e+00,-2.649518013e+00,-2.152725935e+00,-3.145279646e+00,-3.658669233e+00,1.766146302e+00,6.000000000e+00,1.200000000e+01,2.000000000e+01,1.000000000e+00,3.876144290e-01,2.346704960e+00,2.030526102e-01,9.523809552e-01,-1.990503192e+00,-3.977735519e+00,7.224712372e-01,2.346582413e+00,-2.603104591e+00,-2.468931198e+00,2.120998621e+00,1.766146302e+00,4.000000000e+00,4.000000000e+00,0.000000000e+00,3.000000000e+00,5.000000000e+00,1.100000000e+01,3.000000000e+00,1.000000000e+00,-5.844962597e+00,-2.821279049e+00,-1.660711527e+00,-5.844765663e+00,1.000000000e+00,4.141753038e-07,6.258202791e-01
8,9,1.040924430e+00,4.790869355e-01,-1.551485300e+00,1.286559463e+00,-2.319537848e-01,-2.953674078e+00,-2.960583448e+00,-2.492253304e+00,-2.505007029e+00,-1.930513501e+00,-3.073883533e+00,-3.514479876e+00,1.967467666e+00,7.000000000e+00,1.100000000e+01,1.900000000e+01,1.000000000e+00,1.167647123e+00,2.514374018e+00,7.806211710e-03,9.499999881e-01,-2.030540943e+00,-4.059057236e+00,-5.913490057e-01,2.514374018e+00,-3.573952198e+00,-2.592255354e+00,3.679778099e+00,1.967467666e+00,0.000000000e+00,0.000000000e+00,0.000000000e+00,0.000000000e+00,-1.000000000e+00,-1.000000000e+00,-1.000000000e+00,0.000000000e+00,-9.999956489e-01,4.141753038e-07,1.000000000e+00,-6.989678144e-01,0.000000000e+00,4.141753038e-07,9.815266728e-01
9,0,7.443515062e-01,3.589581847e-01,-1.728978634e+00,1.599837303e+00,1.374395788e-01,-2.943892241e+00,-2.942508698e+00,-2.488054991e+00,-2.492745638e+00,-2.102740049e+00,-2.835515976e+00,-3.328740835e+00,1.535189271e+00,3.000000000e+00,1.000000000e+01,1.700000000e+01,0.000000000e+00,1.157761455e+00,2.681676149e+00,3.693885207e-01,1.000000000e+00,-2.087906599e+00,-4.172906399e+00,-2.660324275e-01,2.681675911e+00,-3.117302656e+00,-2.473224163e+00,3.337545395e+00,1.535189271e+00,0.000000000e+00,0.000000000e+00,0.000000000e+00,0.000000000e+00,-1.000000000e+00,-1.000000000e+00,-1.000000000e+00,0.000000000e+00,-9.999956489e-01,4.141753038e-07,1.000000000e+00,-6.989678144e-01,0.000000000e+00,4.141753038e-07,9.956327081e-01
9,1,1.177446842e+00,6.884664893e-01,-1.524295449e+00,1.476089239e+00,7.814951986e-02,-3.206685305e+00,-3.209432602e+00,-2.726500750e+00,-2.711570024e+00,-2.237676859e+00,-3.391024828e+00,-3.694212198e+00,1.791661978e+00,4.000000000e+00,9.000000000e+00,1.500000000e+01,1.000000000e+00,4.715261757e-01,2.477725506e+00,2.999981344e-01,9.375000000e-01,-2.212705612e+00,-4.415956974e+00,1.645383239e+00,2.472974062e+00,-1.754852057e+00,-2.701538324e+00,1.301627755e+00,1.791661978e+00,0.000000000e+00,0.000000000e+00,0.000000000e+00,0.000000000e+00,-1.000000000e+00,-1.000000000e+00,-1.000000000e+00,0.000000000e+00,-9.999956489e-01,4.141753038e-07,1.000000000e+00,-6.989678144e-01,1.000000000e+00,4.141753038e-07,5.594557524e-01
9,2,5.658270717e-01,9.493051469e-02,-1.895998359e+00,9.856983423e-01,-3.760284781e-01,-2.695098162e+00,-2.629276037e+00,-1.619061708e+00,-1.628066301e+00,-1.148176908e+00,-2.562330008e+00,-3.165573835e+00,1.747531652e+00,1.000000000e+00,8.000000000e+00,1.400000000e+01,1.000000000e+00,8.732905844e-04,1.449148059e+00,-1.604290754e-01,9.333333373e-01,-1.990920186e+00,-3.983423710e+00,1.411742449e+00,1.048804641e+00,-3.112716079e-01,-2.461733818e+00,1.169635728e-01,1.747531652e+00,0.000000000e+00,0.000000000e+00,0.000000000e+00,0.000000000e+00,-1.000000000e+00,-1.000000000e+00,-1.000000000e+00,0.000000000e+00,-9.999956489e-01,4.141753038e-07,1.000000000e+00,-6.989678144e-01,0.000000000e+00,4.141753038e-07,9.994534850e-01
9,3,7.379173636e-01,1.613727659e-01,-1.848547459e+00,1.716336966e+00,2.539392114e-01,-2.639449358e+00,-2.642707586e+00,-2.154821634e+00,-2.202294111e+00,-1.578322411e+00,-2.758946657e+00,-3.215469599e+00,2.002635241e+00,6.000000000e+00,1.100000000e+01,1.700000000e+01,1.000000000e+00,1.475206763e-01,1.652112365e+00,4.858881831e-01,9.444444180e-01,-2.009906054e+00,-4.026587486e+00,-4.402886033e-01,1.652098179e+00,-2.803749084e+00,-2.586327791e+00,2.716221809e+00,2.002635241e+00,0.000000000e+00,0.000000000e+00,0.000000000e+00,0.000000000e+00,-1.000000000e+00,-1.000000000e+00,-1.000000000e+00,0.000000000e+00,-9.999956489e-01,4.141753038e-07,1.000000000e+00,-6.989678144e-01,0.000000000e+00,4.141753038e-07,9.991754889e-01
9,4,8.984022141e-01,3.538528979e-01,-1.715695381e+00,1.444446921e+00,1.222279295e-01,-2.858668566e+00,-2.854707956e+00,-2.412976265e+00,-2.409353495e+00,-1.868507147e+00,-2.972890377e+00,-3.402433157e+00,1.926003814e+00,7.000000000e+00,8.000000000e+00,1.300000000e+01,0.000000000e+00,1.248372078e+00,2.492734671e+00,3.305037320e-01,1.000000000e+00,-2.069519520e+00,-4.138452053e+00,3.306930363e-01,2.492724419e+00,-2.432507277e+00,-2.613941431e+00,2.702905178e+00,1.926003814e+00,0.000000000e+00,0.000000000e+00,0.000000000e+00,0.000000000e+00,-1.000000000e+00,-1.000000000e+00,-1.000000000e+00,0.000000000e+00,-9.999956489e-01,4.141753038e-07,1.000000000e+00,-6.989678144e-01,0.000000000e+00,4.141753038e-07,9.958589673e-01
9,5,8.779939413e-01,2.874463797e-01,-1.613230348e+00,1.073675990e+00,-1.567723453e-01,-2.646368742e+00,-2.577128887e+00,-1.084770799e+00,-1.317383170e+00,-4.942270517e-01,-2.783965111e+00,-3.236359835e+00,2.036035061e+00,0.000000000e+00,6.000000000e+00,1.100000000e+01,0.000000000e+00,1.738425851e+00,1.863596439e+00,3.228367865e-02,1.000000000e+00,-1.900659800e+00,-3.804154396e+00,1.845693707e+00,1.312788963e+00,2.408556342e-01,-2.491107464e+00,2.902590632e-01,2.036035061e+00,0.000000000e+00,0.000000000e+00,0.000000000e+00,0.000000000e+00,-1.000000000e+00,-1.000000000e+00,-1.000000000e+00,0.000000000e+00,-9.999956489e-01,4.141753038e-07,1.000000000e+00,-6.989678144e-01,0.000000000e+00,4.141753038e-07,9.978132248e-01
9,6,1.058543801e+00,3.764533997e-01,-1.545245171e+00,1.578031898e+00,3.396426141e-02,-2.804566383e+00,-2.799748898e+00,-2.359205008e+00,-2.358855486e+00,-1.677192926e+00,-2.983436584e+00,-3.485603571e+00,2.252730846e+00,8.000000000e+00,1.200000000e+01,2.000000000e+01,0.000000000e+00,1.743647218e+00,2.549037218e+00,2.770021856e-01,1.000000000e+00,-1.921677351e+00,-3.843981743e+00,-7.701972723e-01,2.549037218e+00,-3.504218817e+00,-2.603629827e+00,4.000393867e+00,2.252730846e+00,0.000000000e+00,0.000000000e+00,0.000000000e+00,0.000000000e+00,-1.000000000e+00,-1.000000000e+00,-1.000000000e+00,0.000000000e+00,-9.999956489e-01,4.141753038e-07,1.000000000e+00,-6.989678144e-01,0.000000000e+00,4.141753038e-07,9.947347641e-01
9,7,1.177308559e+00,5.102719665e-01,-1.388826489e+00,1.588937879e+00,4.487023503e-02,-2.943204165e+00,-2.927796364e+00,-2.486022234e+00,-2.443877459e+00,-1.819090009e+00,-3.077475548e+00,-3.608853817e+00,2.217264891e+00,7.000000000e+00,1.100000000e+01,2.000000000e+01,0.000000000e+00,1.746657014e+00,2.692448378e+00,2.879081070e-01,1.000000000e+00,-1.899074435e+00,-3.797065258e+00,7.493691146e-02,2.692447186e+00,-2.879004717e+00,-2.565985680e+00,3.242288589e+00,2.217264891e+00,1.000000000e+00,1.000000000e+00,0.000000000e+00,1.000000000e+00,5.000000000e+00,3.200000000e+01,1.000000000e+00,1.000000000e+00,-4.951878548e+00,-1.879643679e+00,5.039991438e-02,-4.946692944e+00,1.000000000e+00,4.141753038e-07,9.713650942e-01
9,8,9.637899995e-01,3.154653311e-01,-1.652760148e+00,1.414653420e+00,-7.670779526e-02,-2.952166557e+00,-3.007900715e+00,-2.148746490e+00,-2.266662359e+00,-1.500468969e+00,-2.933654785e+00,-3.599151611e+00,2.173097610e+00,7.000000000e+00,1.100000000e+01,1.800000000e+01,1.000000000e+00,-1.494358778e+00,1.448833704e+00,1.593811512e-01,9.473684430e-01,-1.968204379e+00,-3.934729338e+00,1.446291804e+00,4.817634225e-01,-1.135910034e+00,-2.616389990e+00,-1.982708126e-01,2.173097610e+00,1.000000000e+00,1.000000000e+00,0.000000000e+00,1.000000000e+00,5.000000000e+00,3.000000000e+00,1.000000000e+00,1.000000000e+00,-4.890509605e+00,-2.607215881e+00,-1.280427694e+00,-4.889521599e+00,1.000000000e+00,7.439132929e-01,9.971705079e-01
10,0,8.248761892e-01,2.660791874e-01,-1.718453050e+00,1.313866258e+00,-1.485311240e-01,-2.749366999e+00,-2.748107910e+00,-2.228601933e+00,-2.220863581e+00,-1.669857860e+00,-2.815186739e+00,-3.307525635e+00,-1.960185647e+00,5.000000000e+00,1.000000000e+01,1.700000000e+01,2.000000000e+00,1.317287922e+00,2.328523636e+00,8.341769874e-02,8.947368264e-01,-1.984512806e+00,-3.971066952e+00,-2.422900051e-01,2.328521967e+00,-2.729072571e+00,-2.543200254e+00,3.121744156e+00,1.960185647e+00,0.000000000e+00,0.000000000e+00,0.000000000e+00,0.000000000e+00,-1.000000000e+00,-1.000000000e+00,-1.000000000e+00,0.000000000e+00,-9.999956489e-01,4.141753038e-07,1.000000000e+00,-6.989678144e-01,0.000000000e+00,4.141753038e-07,9.981840253e-01
10,1,7.586844563e-01,2.985897064e-01,-1.761044621e+00,1.991111755e+00,4.725979567e-01,-2.837901592e+00,-2.790286303e+00,-2.291040659e+00,-2.174922943e+00,-1.831001163e+00,-2.823320389e+00,-3.297433376e+00,-1.721059203e+00,4.000000000e+00,1.100000000e+01,1.900000000e+01,1.000000000e+00,1.512056112e+00,2.587062836e+00,7.123582363e-01,9.499999881e-01,-2.059609175e+00,-4.118836403e+00,2.763856947e-01,2.587057590e+00,-2.197123528e+00,-2.519610405e+00,2.654594898e+00,1.721059203e+00,0.000000000e+00,0.000000000e+00,0.000000000e+00,0.000000000e+00,-1.000000000e+00,-1.000000000e+00,-1.000000000e+00,0.000000000e+00,-9.999956489e-01,4.141753038e-07,1.000000000e+00,-6.989678144e-01,0.000000000e+00,4.141753038e-07,9.975820780e-01
10,2,6.369543076e-01,2.357981950e-01,-1.781586647e+00,1.381609201e+00,-1.369041651e-01,-2.813585520e+00,-2.808709383e+00,-2.364316940e+00,-2.363074780e+00,-1.963221312e+00,-2.658880711e+00,-3.214312553e+00,-1.574873805e+00,5.000000000e+00,1.100000000e+01,1.900000000e+01,1.000000000e+00,1.117616072e-01,2.019142866e+00,1.028559133e-01,9.499999881e-01,-2.017365694e+00,-4.034804344e+00,-6.212125421e-01,2.019141674e+00,-3.219466925e+00,-2.418453217e+00,3.039851189e+00,1.574873805e+00,0.000000000e+00,0.000000000e+00,0.000000000e+00,0.000000000e+00,-1.000000000e+00,-1.000000000e+00,-1.000000000e+00,0.000000000e+00,-9.999956489e-01,4.141753038e-07,1.000000000e+00,-6.989678144e-01,0.000000000e+00,4.141753038e-07,9.985830784e-01
10,3,6.148058772e-01,3.161214292e-01,-1.753259659e+00,1.421826243e+00,-4.057133198e-02,-2.904504776e+00,-2.888500214e+00,-2.362784624e+00,-2.367148638e+00,-2.064149857e+00,-2.687420130e+00,-3.202844620e+00,-1.310716152e+00,3.000000000e+00,9.000000000e+00,1.700000000e+01,0.000000000e+00,7.225270271e-01,2.425463676e+00,1.913775355e-01,1.000000000e+00,-2.069354534e+00,-4.136246681e+00,-1.302286625e+00,2.425463676e+00,-3.981484652e+00,-2.367988586e+00,4.028784275e+00,1.310716152e+00,1.000000000e+00,1.000000000e+00,0.000000000e+00,2.000000000e+00,4.000000000e+00,1.300000000e+01,2.000000000e+00,1.000000000e+00,-4.973073959e+00,-2.399453163e+00,-6.637659669e-01,-4.971508503e+00,1.000000000e+00,3.359054029e-01,9.971528053e-01
10,4,2.982543409e-01,2.979632318e-01,-1.842760444e+00,1.153134584e+00,-3.092625737e-01,-2.954720974e+00,-3.068059444e+00,-2.284562588e+00,-2.532554626e+00,-2.284271479e+00,-2.438895464e+00,-2.955011845e+00,-3.661806136e-02,5.000000000e+00,1.000000000e+01,1.700000000e+01,0.000000000e+00,1.639776230e+00,3.104243279e+00,-7.731387764e-02,1.000000000e+00,-2.140693665e+00,-4.273288727e+00,-4.251947403e-01,3.104243040e+00,-3.255079508e+00,-2.140984774e+00,3.777392864e+00,3.661806136e-02,0.000000000e+00,0.000000000e+00,0.000000000e+00,0.000000000e+00,-1.000000000e+00,-1.000000000e+00,-1.000000000e+00,0.000000000e+00,-9.999956489e-01,4.141753038e-07,1.000000000e+00,-6.989678144e-01,0.000000000e+00,4.141753038e-07,9.975958467e-01
10,5,3.147769272e-01,3.147601783e-01,-1.788767815e+00,1.716912746e+00,1.983990222e-01,-3.007093191e+00,-3.092329264e+00,-2.366855145e+00,-2.634859562e+00,-2.366838455e+00,-2.418217659e+00,-3.007109880e+00,8.783801459e-03,4.000000000e+00,1.000000000e+01,1.900000000e+01,0.000000000e+00,1.314378858e+00,3.024129152e+00,4.381592274e-01,1.000000000e+00,-2.103499413e+00,-4.200168133e+00,2.084993720e-01,3.024128675e+00,-2.741068602e+00,-2.103516102e+00,3.083621264e+00,8.783801459e-03,2.000000000e+00,0.000000000e+00,2.000000000e+00,3.000000000e+00,0.000000000e+00,7.000000000e+00,2.000000000e+00,1.000000000e+00,-4.718351364e+00,-3.073573351e+00,-1.941761255e+00,-4.718004704e+00,2.000000000e+00,3.365270197e-01,9.971893430e-01
10,6,1.953995973e-01,1.629428416e-01,-1.986029387e+00,9.385915399e-01,-4.231351614e-01,-2.875320673e+00,-2.896421194e+00,-2.293899059e+00,-2.369923115e+00,-2.261448383e+00,-2.345373392e+00,-2.907752037e+00,3.914451599e-01,4.000000000e+00,9.000000000e+00,1.400000000e+01,0.000000000e+00,5.118234754e-01,2.517441034e+00,-2.075358331e-01,1.000000000e+00,-2.148952961e+00,-4.290522099e+00,1.533076316e-01,2.517436981e+00,-2.379556179e+00,-2.181404829e+00,2.472555399e+00,3.914451599e-01,0.000000000e+00,0.000000000e+00,0.000000000e+00,0.000000000e+00,-1.000000000e+00,-1.000000000e+00,-1.000000000e+00,0.000000000e+00,-9.999956489e-01,4.141753038e-07,1.000000000e+00,-6.989678144e-01,0.000000000e+00,4.141753038e-07,9.991668463e-01
10,7,5.438546538e-01,5.156373978e-01,-1.569126964e+00,1.590852499e+00,4.678487778e-02,-3.285545588e+00,-3.250413418e+00,-2.469511509e+00,-2.466795206e+00,-2.441302061e+00,-2.628555298e+00,-3.313706636e+00,3.643954098e-01,4.000000000e+00,9.000000000e+00,2.000000000e+01,0.000000000e+00,1.061142206e+00,2.971993208e+00,2.898227572e-01,1.000000000e+00,-2.084727526e+00,-4.163294315e+00,-3.155944347e-01,2.971993208e+00,-3.297293186e+00,-2.112941265e+00,3.312825918e+00,3.643954098e-01,0.000000000e+00,0.000000000e+00,0.000000000e+00,0.000000000e+00,-1.000000000e+00,-1.000000000e+00,-1.000000000e+00,0.000000000e+00,-9.999956489e-01,4.141753038e-07,1.000000000e+00,-6.989678144e-01,0.000000000e+00,4.141753038e-07,9.690388441e-01
11,0,1.613430977e-01,1.550624520e-01,-1.699000716e+00,1.180174947e+00,2.259326875e-01,-2.884788513e+00,-2.903695822e+00,-2.316227913e+00,-2.475962639e+00,-2.309948444e+00,-2.015437126e+00,-2.891064405e+00,-1.704794317e-01,4.000000000e+00,6.000000000e+00,7.000000000e+00,1.000000000e+00,1.825079679e+00,3.222577095e+00,3.350770772e-01,8.750000000e-01,-1.854053617e+00,-3.706011295e+00,2.021519244e-01,3.222576857e+00,-2.428886652e+00,-1.860333800e+00,3.186399221e+00,1.704794317e-01,0.000000000e+00,0.000000000e+00,0.000000000e+00,0.000000000e+00,-1.000000000e+00,-1.000000000e+00,-1.000000000e+00,0.000000000e+00,-9.999956489e-01,4.141753038e-07,1.000000000e+00,-6.989678144e-01,0.000000000e+00,4.141753038e-07,9.992092848e-01
11,1,1.956408322e-01,1.878016442e-01,-1.969920635e+00,1.447769046e+00,-1.462859102e-02,-2.935625553e+00,-2.969781160e+00,-2.352981567e+00,-2.512552023e+00,-2.345144272e+00,-2.353516340e+00,-2.943458080e+00,-1.905743778e-01,4.000000000e+00,1.000000000e+01,1.700000000e+01,0.000000000e+00,-1.878995299e-01,2.251306057e+00,2.173202932e-01,1.000000000e+00,-2.157700062e+00,-4.306842804e+00,3.162306547e-01,2.251276731e+00,-2.384159088e+00,-2.165538073e+00,2.102431059e+00,1.905743778e-01,0.000000000e+00,0.000000000e+00,0.000000000e+00,0.000000000e+00,-1.000000000e+00,-1.000000000e+00,-1.000000000e+00,0.000000000e+00,-9.999956489e-01,4.141753038e-07,1.000000000e+00,-6.989678144e-01,0.000000000e+00,4.141753038e-07,9.990111589e-01
11,2,1.151863337e+00,1.147314906e+00,-1.089020967e+00,1.351190090e+00,-4.674943537e-02,-3.529943943e+00,-3.809645891e+00,-2.587519169e+00,-3.107202530e+00,-2.582972527e+00,-3.387143135e+00,-3.534476995e+00,1.449806541e-01,4.000000000e+00,9.000000000e+00,1.500000000e+01,0.000000000e+00,1.019254923e+00,3.092889071e+00,1.750991195e-01,1.000000000e+00,-2.236266375e+00,-4.459972858e+00,1.489491463e+00,3.092754126e+00,-2.765329123e+00,-2.240813971e+00,2.127864838e+00,1.449806541e-01,0.000000000e+00,0.000000000e+00,0.000000000e+00,0.000000000e+00,-1.000000000e+00,-1.000000000e+00,-1.000000000e+00,0.000000000e+00,-9.999956489e-01,4.141753038e-07,1.000000000e+00,-6.989678144e-01,1.000000000e+00,4.141753038e-07,1.410661543e-08
11,3,4.898490906e-01,2.669964433e-01,-1.718143702e+00,1.204818249e+00,-2.865425944e-01,-2.931665421e+00,-2.928155422e+00,-2.456422806e+00,-2.478790522e+00,-2.233619928e+00,-2.476658821e+00,-3.154269457e+00,1.101500154e+00,4.000000000e+00,9.000000000e+00,1.800000000e+01,0.000000000e+00,-5.248462200e+00,-4.212941527e-01,-5.045378208e-02,1.000000000e+00,-1.985120654e+00,-3.968048811e+00,-9.785369635e-01,-4.386523366e-01,-3.722162008e+00,-2.207945347e+00,7.838710546e-01,1.101500154e+00,0.000000000e+00,0.000000000e+00,0.000000000e+00,0.000000000e+00,-1.000000000e+00,-1.000000000e+00,-1.000000000e+00,0.000000000e+00,-9.999956489e-01,4.141753038e-07,1.000000000e+00,-6.989678144e-01,0.000000000e+00,4.141753038e-07,9.981697798e-01
11,4,6.858038306e-01,3.582897484e-01,-1.668219209e+00,1.368723154e+00,-9.367440641e-02,-2.972255707e+00,-2.966513157e+00,-2.443796635e+00,-2.442887545e+00,-2.116346359e+00,-2.714302301e+00,-3.299311638e+00,1.386699438e+00,5.000000000e+00,1.000000000e+01,1.700000000e+01,0.000000000e+00,-1.282364249e+00,1.475226879e+00,1.382744163e-01,1.000000000e+00,-2.026482821e+00,-4.050348282e+00,-6.404745579e-01,1.475214124e+00,-3.440574408e+00,-2.353945017e+00,2.441769123e+00,1.386699438e+00,0.000000000e+00,0.000000000e+00,0.000000000e+00,0.000000000e+00,-1.000000000e+00,-1.000000000e+00,-1.000000000e+00,0.000000000e+00,-9.999956489e-01,4.141753038e-07,1.000000000e+00,-6.989678144e-01,0.000000000e+00,4.141753038e-07,9.956632257e-01
12,0,6.896323562e-01,4.295925498e-01,-1.608178616e+00,1.699741960e+00,2.683784068e-01,-3.064004660e+00,-3.071071625e+00,-2.510798216e+00,-2.550606728e+00,-2.250821829e+00,-2.728522778e+00,-3.323632240e+00,1.206080914e+00,4.000000000e+00,1.000000000e+01,1.600000000e+01,0.000000000e+00,1.823210567e-01,2.342064381e+00,4.956220984e-01,1.000000000e+00,-2.037741184e+00,-4.071758270e+00,8.018164337e-02,2.342057943e+00,-2.899827003e+00,-2.297742367e+00,2.561610222e+00,1.206080914e+00,0.000000000e+00,0.000000000e+00,0.000000000e+00,0.000000000e+00,-1.000000000e+00,-1.000000000e+00,-1.000000000e+00,0.000000000e+00,-9.999956489e-01,4.141753038e-07,1.000000000e+00,-6.989678144e-01,0.000000000e+00,4.141753038e-07,9.902623892e-01
12,1,4.686416686e-01,2.247287482e-01,-1.824061632e+00,1.413730383e+00,-4.866717383e-02,-2.872556925e+00,-2.875962257e+00,-2.394052505e+00,-2.421779156e+00,-2.150185585e+00,-2.520624638e+00,-3.116225958e+00,1.161264181e+00,3.000000000e+00,9.000000000e+00,1.700000000e+01,0.000000000e+00,-3.498897851e-01,1.975735784e+00,1.832816899e-01,1.000000000e+00,-2.048770428e+00,-4.095501423e+00,6.992387772e-01,1.975127220e+00,-1.947345257e+00,-2.292646885e+00,1.547512531e+00,1.161264181e+00,0.000000000e+00,0.000000000e+00,0.000000000e+00,0.000000000e+00,-1.000000000e+00,-1.000000000e+00,-1.000000000e+00,0.000000000e+00,-9.999956489e-01,4.141753038e-07,1.000000000e+00,-6.989678144e-01,0.000000000e+00,4.141753038e-07,9.987004995e-01
12,2,7.168529630e-01,3.663620949e-01,-1.700066090e+00,1.147835255e+00,-1.309177876e-01,-2.877638578e+00,-2.896484852e+00,-2.108016729e+00,-2.148084879e+00,-1.757556558e+00,-2.786211014e+00,-3.227722883e+00,1.446224451e+00,1.000000000e+00,7.000000000e+00,1.200000000e+01,0.000000000e+00,8.199919462e-01,2.202730894e+00,6.865432858e-02,1.000000000e+00,-2.066399097e+00,-4.130172729e+00,1.829292893e+00,2.159873009e+00,-6.852127314e-01,-2.416827202e+00,7.211437225e-01,1.446224451e+00,0.000000000e+00,0.000000000e+00,0.000000000e+00,0.000000000e+00,-1.000000000e+00,-1.000000000e+00,-1.000000000e+00,0.000000000e+00,-9.999956489e-01,4.141753038e-07,1.000000000e+00,-6.989678144e-01,0.000000000e+00,4.141753038e-07,9.952774048e-01
12,3,7.273257971e-01,3.333984613e-01,-1.755692959e+00,1.671921015e+00,1.805595458e-01,-2.887857199e+00,-2.873521566e+00,-2.327522278e+00,-2.322863102e+00,-1.933649778e+00,-2.820689201e+00,-3.281289577e+00,1.556709409e+00,4.000000000e+00,1.100000000e+01,1.800000000e+01,0.000000000e+00,-2.326781601e-01,1.817559004e+00,4.166486263e-01,1.000000000e+00,-2.089062691e+00,-4.176201344e+00,3.512831926e-01,1.817305326e+00,-2.304981947e+00,-2.482911348e+00,1.855248928e+00,1.556709409e+00,0.000000000e+00,0.000000000e+00,0.000000000e+00,0.000000000e+00,-1.000000000e+00,-1.000000000e+00,-1.000000000e+00,0.000000000e+00,-9.999956489e-01,4.141753038e-07,1.000000000e+00,-6.989678144e-01,0.000000000e+00,4.141753038e-07,9.966334701e-01
12,4,9.031928182e-01,4.552280903e-01,-1.652332664e+00,1.432475924e+00,1.112498809e-03,-3.165928602e+00,-3.086674213e+00,-2.150319815e+00,-2.106792450e+00,-1.702394485e+00,-3.011716604e+00,-3.612746000e+00,1.691224098e+00,3.000000000e+00,9.000000000e+00,1.600000000e+01,0.000000000e+00,1.607320458e-01,1.783295274e+00,2.283561230e-01,1.000000000e+00,-2.107524633e+00,-4.209458351e+00,5.063893199e-01,1.782687783e+00,-2.055637360e+00,-2.555388927e+00,1.680712938e+00,1.691224098e+00,0.000000000e+00,0.000000000e+00,0.000000000e+00,0.000000000e+00,-1.000000000e+00,-1.000000000e+00,-1.000000000e+00,0.000000000e+00,-9.999956489e-01,4.141753038e-07,1.000000000e+00,-6.989678144e-01,0.000000000e+00,4.141753038e-07,9.865465164e-01
12,5,1.077221394e+00,5.343757868e-01,-1.560680389e+00,1.594807744e+00,5.074013397e-02,-3.027957678e+00,-3.006452322e+00,-2.575348377e+00,-2.555318117e+00,-2.032619238e+00,-3.174355984e+00,-3.569651604e+00,1.921909928e+00,6.000000000e+00,1.100000000e+01,2.000000000e+01,0.000000000e+00,1.945680737e+00,3.005666971e+00,2.937780023e-01,1.000000000e+00,-2.095017910e+00,-4.186137199e+00,1.460509062e+00,3.005490541e+00,-1.629322171e+00,-2.637728930e+00,2.067784071e+00,1.921909928e+00,3.000000000e+00,3.000000000e+00,0.000000000e+00,1.000000000e+00,5.000000000e+00,2.700000000e+01,1.000000000e+00,1.000000000e+00,-4.819529057e+00,-1.849235058e+00,4.794086516e-01,-4.813827515e+00,1.000000000e+00,4.141753038e-07,9.590854049e-01
12,6,1.059870481e+00,4.795650244e-01,-1.484484553e+00,1.354853272e+00,-1.636600792e-01,-2.953049183e+00,-2.954177856e+00,-2.473201036e+00,-2.496301651e+00,-1.892990589e+00,-3.025597095e+00,-3.532263041e+00,2.011613369e+00,6.000000000e+00,1.100000000e+01,1.900000000e+01,0.000000000e+00,1.943696499e+00,2.865138292e+00,7.609998435e-02,1.000000000e+00,-1.964022636e+00,-3.926567078e+00,1.422612786e+00,2.864855289e+00,-1.553374529e+00,-2.544216156e+00,2.045650482e+00,2.011613369e+00,4.000000000e+00,4.000000000e+00,0.000000000e+00,3.000000000e+00,5.000000000e+00,6.000000000e+00,3.000000000e+00,1.000000000e+00,-5.148385525e+00,-1.789702773e+00,3.346838057e-01,-5.142371178e+00,1.000000000e+00,6.596100330e-01,9.814059734e-01
12,7,8.548854589e-01,2.383452654e-01,-1.680862665e+00,1.689681768e+00,1.711681187e-01,-2.686039448e+00,-2.691443920e+00,-2.188541412e+00,-2.243157625e+00,-1.572051764e+00,-2.779896021e+00,-3.301919222e+00,2.097835302e+00,7.000000000e+00,1.100000000e+01,1.900000000e+01,0.000000000e+00,-1.090298533e+00,1.026976109e+00,4.109283388e-01,1.000000000e+00,-1.919192553e+00,-3.841475487e+00,-7.423544526e-01,1.026913166e+00,-3.223208904e+00,-2.535619736e+00,2.440015793e+00,2.097835302e+00,0.000000000e+00,0.000000000e+00,0.000000000e+00,0.000000000e+00,-1.000000000e+00,-1.000000000e+00,-1.000000000e+00,0.000000000e+00,-9.999956489e-01,4.141753038e-07,1.000000000e+00,-6.989678144e-01,0.000000000e+00,4.141753038e-07,9.985541701e-01
12,8,9.458674192e-01,2.733398676e-01,-1.644884586e+00,1.538246870e+00,-5.820749328e-03,-2.704001904e+00,-2.700408697e+00,-2.253141880e+00,-2.258698463e+00,-1.580675244e+00,-2.869434357e+00,-3.375716448e+00,2.230208158e+00,8.000000000e+00,1.200000000e+01,2.000000000e+01,0.000000000e+00,9.127557874e-01,2.037091017e+00,2.372170985e-01,1.000000000e+00,-1.918207407e+00,-3.839123011e+00,4.314104095e-02,2.037068605e+00,-2.488842249e+00,-2.590601921e+00,2.671941996e+00,2.230208158e+00,0.000000000e+00,0.000000000e+00,0.000000000e+00,0.000000000e+00,-1.000000000e+00,-1.000000000e+00,-1.000000000e+00,0.000000000e+00,-9.999956489e-01,4.141753038e-07,1.000000000e+00,-6.989678144e-01,0.000000000e+00,4.141753038e-07,9.980676770e-01
12,9,1.160505533e+00,4.483009875e-01,-1.426219344e+00,1.508565545e+00,-3.550197929e-02,-2.863342285e+00,-2.853265762e+00,-2.420250654e+00,-2.406065226e+00,-1.708138108e+00,-3.036774635e+00,-3.574231625e+00,2.323514700e+00,8.000000000e+00,1.100000000e+01,2.000000000e+01,0.000000000e+00,1.984582424e+00,2.700451612e+00,2.075358331e-01,1.000000000e+00,-1.874499202e+00,-3.748831272e+00,-3.621278107e-01,2.700451612e+00,-3.215890884e+00,-2.586568594e+00,3.760340929e+00,2.323514700e+00,0.000000000e+00,0.000000000e+00,0.000000000e+00,0.000000000e+00,-1.000000000e+00,-1.000000000e+00,-1.000000000e+00,0.000000000e+00,-9.999956489e-01,4.141753038e-07,1.000000000e+00,-6.989678144e-01,1.000000000e+00,4.141753038e-07,9.876934886e-01
12,10,1.018922091e+00,3.076793253e-01,-1.568322897e+00,1.616681457e+00,2.561719343e-02,-2.712019682e+00,-2.704663038e+00,-2.178727627e+00,-2.162509441e+00,-1.467537522e+00,-2.899233341e+00,-3.422336578e+00,2.321257114e+00,8.000000000e+00,1.200000000e+01,2.200000000e+01,0.000000000e+00,1.727315784e+00,2.331217527e+00,2.742589712e-01,1.000000000e+00,-1.875985503e+00,-3.754200935e+00,1.610090435e-01,2.331207752e+00,-2.309154272e+00,-2.587093115e+00,2.865177631e+00,2.321257114e+00,1.000000000e+00,1.000000000e+00,0.000000000e+00,2.000000000e+00,-5.000000000e+00,2.600000000e+01,4.000000000e+00,1.000000000e+00,-5.613582611e+00,-3.709917784e+00,-3.670059681e+00,-5.613533020e+00,1.000000000e+00,4.141753038e-07,9.973703623e-01
12,11,7.092936039e-01,-2.089984342e-02,-1.453097820e+00,1.067119837e+00,2.572753094e-02,-2.303249598e+00,-1.859304667e+00,-7.825478911e-01,-6.557135582e-01,-5.235621333e-02,-2.140288353e+00,-3.033061743e+00,2.365705013e+00,0.000000000e+00,4.000000000e+00,8.000000000e+00,0.000000000e+00,1.673408270e+00,8.956849575e-01,1.640301347e-01,1.000000000e+00,-1.432198167e+00,-2.862947941e+00,1.484957188e-01,8.886148930e-01,-4.863184094e-01,-2.162340641e+00,1.343476772e+00,2.365705013e+00,0.000000000e+00,0.000000000e+00,0.000000000e+00,0.000000000e+00,-1.000000000e+00,-1.000000000e+00,-1.000000000e+00,0.000000000e+00,-9.999956489e-01,4.141753038e-07,1.000000000e+00,-6.989678144e-01,0.000000000e+00,4.141753038e-07,9.996947050e-01
13,0,1.104820490e+00,3.721406758e-01,-1.559088230e+00,1.471248746e+00,-2.011252940e-02,-2.765717745e+00,-2.762851000e+00,-2.310160398e+00,-2.308484077e+00,-1.577552676e+00,-3.040153503e+00,-3.497283936e+00,-2.371531010e+00,8.000000000e+00,1.100000000e+01,1.800000000e+01,0.000000000e+00,7.564327717e-01,1.955793738e+00,2.159764618e-01,1.000000000e+00,-1.931207418e+00,-3.863868237e+00,-2.456218600e-01,1.955785155e+00,-2.925969362e+00,-2.663724184e+00,2.932255745e+00,2.371531010e+00,0.000000000e+00,0.000000000e+00,0.000000000e+00,0.000000000e+00,-1.000000000e+00,-1.000000000e+00,-1.000000000e+00,0.000000000e+00,-9.999956489e-01,4.141753038e-07,1.000000000e+00,-6.989678144e-01,0.000000000e+00,4.141753038e-07,9.949754477e-01
13,1,1.015554905e+00,3.117276430e-01,-1.567280650e+00,1.653180361e+00,8.497894555e-02,-2.716075420e+00,-2.708013296e+00,-2.196254253e+00,-2.176718235e+00,-1.492481709e+00,-2.898942709e+00,-3.418987751e+00,-2.303844452e+00,8.000000000e+00,1.200000000e+01,2.100000000e+01,0.000000000e+00,7.268583179e-01,1.855926871e+00,3.309612274e-01,1.000000000e+00,-1.878991246e+00,-3.760248423e+00,-5.951351523e-01,1.855924129e+00,-3.083121538e+00,-2.582685471e+00,3.135092497e+00,2.303844452e+00,0.000000000e+00,0.000000000e+00,0.000000000e+00,0.000000000e+00,-1.000000000e+00,-1.000000000e+00,-1.000000000e+00,0.000000000e+00,-9.999956489e-01,4.141753038e-07,1.000000000e+00,-6.989678144e-01,1.000000000e+00,4.141753038e-07,9.972687364e-01
13,2,8.449376822e-01,8.367007971e-01,-1.311659813e+00,1.058877826e+00,-4.035190642e-01,-3.452710390e+00,-3.579987764e+00,-2.602218151e+00,-3.069432020e+00,-2.593984365e+00,-2.992897272e+00,-3.460923672e+00,-1.953786165e-01,4.000000000e+00,1.000000000e+01,1.700000000e+01,0.000000000e+00,3.103588820e-01,2.749336481e+00,-1.715704352e-01,1.000000000e+00,-2.148308277e+00,-4.288239479e+00,2.838653922e-01,2.749334097e+00,-3.620959282e+00,-2.156544209e+00,2.940990448e+00,1.953786165e-01,4.000000000e+00,0.000000000e+00,4.000000000e+00,3.000000000e+00,0.000000000e+00,7.000000000e+00,1.000000000e+00,1.000000000e+00,-5.273637295e+00,-2.488786459e+00,-6.839129329e-01,-5.272494316e+00,1.000000000e+00,4.141753038e-07,2.338718437e-02
13,3,7.597603798e-01,6.521703005e-01,-1.460114717e+00,1.408968449e+00,-8.239270002e-02,-3.302517653e+00,-3.358662367e+00,-2.668650866e+00,-2.811366558e+00,-2.561105251e+00,-2.872097969e+00,-3.409862757e+00,7.332878709e-01,5.000000000e+00,1.000000000e+01,1.800000000e+01,0.000000000e+00,3.009969592e-01,2.711761713e+00,1.536962539e-01,1.000000000e+00,-2.112241268e+00,-4.217729092e+00,-7.116588950e-01,2.711761713e+00,-4.169022083e+00,-2.219815493e+00,3.672360659e+00,7.332878709e-01,3.000000000e+00,0.000000000e+00,3.000000000e+00,3.000000000e+00,1.000000000e+00,9.000000000e+00,1.000000000e+00,1.000000000e+00,-4.866931438e+00,-2.339122057e+00,-4.578061700e-01,-4.865092754e+00,1.000000000e+00,4.141753038e-07,7.352790833e-01
13,4,1.091763616e+00,4.432622790e-01,-1.446127772e+00,1.611890078e+00,9.337651730e-02,-3.269627571e+00,-3.159928799e+00,-2.582885027e+00,-2.477190018e+00,-1.934512496e+00,-2.981134176e+00,-3.915349007e+00,2.173514843e+00,6.000000000e+00,1.000000000e+01,1.900000000e+01,1.000000000e+00,1.440208435e+00,2.654662132e+00,3.331367075e-01,9.499999881e-01,-1.889368296e+00,-3.776584387e+00,4.557380080e-01,2.654653311e+00,-2.464717865e+00,-2.537753582e+00,2.741640329e+00,2.173514843e+00,3.000000000e+00,3.000000000e+00,0.000000000e+00,3.000000000e+00,5.000000000e+00,1.400000000e+01,3.000000000e+00,1.000000000e+00,-4.203935146e+00,-2.647776127e+00,-1.515164256e+00,-4.202974796e+00,1.000000000e+00,4.141753038e-07,9.884563684e-01
13,5,1.199476719e+00,4.995986521e-01,-1.415228248e+00,1.649215579e+00,1.578541696e-01,-3.096505404e+00,-3.198579311e+00,-2.367501259e+00,-2.547913074e+00,-1.667704225e+00,-3.114552736e+00,-3.794214010e+00,2.294565678e+00,8.000000000e+00,1.100000000e+01,1.800000000e+01,0.000000000e+00,1.520866156e+00,2.428167343e+00,3.939432204e-01,1.000000000e+00,-1.914802313e+00,-3.827550411e+00,2.601365447e-01,2.428157330e+00,-2.787262678e+00,-2.614537477e+00,3.048279047e+00,2.294565678e+00,0.000000000e+00,0.000000000e+00,0.000000000e+00,0.000000000e+00,-1.000000000e+00,-1.000000000e+00,-1.000000000e+00,0.000000000e+00,-9.999956489e-01,4.141753038e-07,1.000000000e+00,-6.989678144e-01,0.000000000e+00,4.141753038e-07,9.754285216e-01
13,6,1.128241897e+00,4.056895375e-01,-1.449651003e+00,1.967204809e+00,4.758433402e-01,-2.788496017e+00,-2.780932665e+00,-2.253894091e+00,-2.229335070e+00,-1.531404853e+00,-2.986249447e+00,-3.509908199e+00,2.347791672e+00,8.000000000e+00,1.100000000e+01,1.800000000e+01,0.000000000e+00,-6.027992368e-01,1.232642412e+00,7.119324207e-01,1.000000000e+00,-1.855321527e+00,-3.711539984e+00,2.812820375e-01,1.229908705e+00,-2.353718281e+00,-2.577740669e+00,1.646577239e+00,2.347791672e+00,1.000000000e+00,1.000000000e+00,0.000000000e+00,2.000000000e+00,-5.000000000e+00,2.600000000e+01,4.000000000e+00,1.000000000e+00,-4.068846226e+00,-1.744612932e+00,2.059326619e-01,-4.061186790e+00,1.000000000e+00,4.141753038e-07,9.926813245e-01
14,0,1.196936369e+00,4.940063953e-01,-8.794804811e-01,9.161357880e-01,-3.810627386e-02,-3.124031067e+00,-3.032987833e+00,-2.481438160e+00,-2.566563845e+00,-1.778613687e+00,-2.570520401e+00,-3.824629545e+00,-2.301736355e+00,7.000000000e+00,5.000000000e+00,7.000000000e+00,0.000000000e+00,1.811036706e+00,2.684171677e+00,7.103807479e-02,1.000000000e+00,-1.373479724e+00,-2.746992826e+00,5.886511207e-01,2.684157610e+00,-2.471950531e+00,-2.076368332e+00,2.883549690e+00,2.301736355e+00,0.000000000e+00,0.000000000e+00,0.000000000e+00,0.000000000e+00,-1.000000000e+00,-1.000000000e+00,-1.000000000e+00,0.000000000e+00,-9.999956489e-01,4.141753038e-07,1.000000000e+00,-6.989678144e-01,1.000000000e+00,1.252951026e+00,9.772934318e-01
14,1,1.185280085e+00,4.206758142e-01,-1.137377620e+00,1.153120160e+00,3.917719051e-02,-2.794215202e+00,-2.784135818e+00,-2.276918411e+00,-2.279834270e+00,-1.512381911e+00,-2.743766546e+00,-3.557519436e+00,-2.446239233e+00,9.000000000e+00,7.000000000e+00,9.000000000e+00,0.000000000e+00,1.220053911e+00,2.122422934e+00,1.988779008e-01,1.000000000e+00,-1.558043480e+00,-3.116218567e+00,-1.109719276e+00,2.122422934e+00,-3.807520390e+00,-2.322572470e+00,3.998605013e+00,2.446239233e+00,1.000000000e+00,1.000000000e+00,0.000000000e+00,1.000000000e+00,-5.000000000e+00,3.000000000e+00,1.000000000e+00,1.000000000e+00,-1.316807508e+00,-1.173375726e+00,7.129569650e-01,-1.288609505e+00,2.000000000e+00,5.547642708e-01,9.912617207e-01
14,2,9.732379913e-01,3.158333004e-01,-1.599395752e+00,1.713460803e+00,1.452594250e-01,-2.759266376e+00,-2.754366875e+00,-2.318811178e+00,-2.315250635e+00,-1.661476851e+00,-2.892427444e+00,-3.415788174e+00,-2.194542170e+00,6.000000000e+00,1.100000000e+01,2.100000000e+01,0.000000000e+00,5.747233629e-01,2.004221201e+00,3.912417293e-01,1.000000000e+00,-1.915210366e+00,-3.831816196e+00,1.691323757e+00,1.945567727e+00,-9.398458600e-01,-2.572488785e+00,9.080856442e-01,2.194542170e+00,0.000000000e+00,0.000000000e+00,0.000000000e+00,0.000000000e+00,-1.000000000e+00,-1.000000000e+00,-1.000000000e+00,0.000000000e+00,-9.999956489e-01,4.141753038e-07,1.000000000e+00,-6.989678144e-01,0.000000000e+00,4.141753038e-07,9.971605539e-01
14,3,9.021614790e-01,3.079182506e-01,-1.658802748e+00,1.417640448e+00,-1.264270693e-01,-2.783591509e+00,-2.772037268e+00,-2.258189201e+00,-2.240523577e+00,-1.664004564e+00,-2.873407364e+00,-3.377062798e+00,-2.044837236e+00,7.000000000e+00,1.100000000e+01,2.000000000e+01,0.000000000e+00,6.127966642e-01,1.970568061e+00,1.166106984e-01,1.000000000e+00,-1.966700315e+00,-3.934559345e+00,3.988806307e-01,1.970411897e+00,-2.149575472e+00,-2.560826063e+00,2.148075819e+00,2.044837236e+00,0.000000000e+00,0.000000000e+00,0.000000000e+00,0.000000000e+00,-1.000000000e+00,-1.000000000e+00,-1.000000000e+00,0.000000000e+00,-9.999956489e-01,4.141753038e-07,1.000000000e+00,-6.989678144e-01,0.000000000e+00,4.141753038e-07,9.973645806e-01
14,4,1.308400393e+00,8.258460760e-01,-1.183660746e+00,1.670809507e+00,1.026080996e-01,-3.328073263e+00,-3.337005138e+00,-2.755924702e+00,-2.785513401e+00,-2.273536444e+00,-3.317401886e+00,-3.808748007e+00,-1.776005864e+00,6.000000000e+00,1.200000000e+01,2.100000000e+01,0.000000000e+00,5.190689564e-01,2.533156872e+00,3.485903740e-01,1.000000000e+00,-2.009468794e+00,-4.014899731e+00,2.092116326e-01,2.533151865e+00,-3.401317596e+00,-2.491932869e+00,2.835937262e+00,1.776005864e+00,3.000000000e+00,3.000000000e+00,0.000000000e+00,3.000000000e+00,-5.000000000e+00,3.000000000e+00,3.000000000e+00,1.000000000e+00,-5.903620720e+00,-1.768715262e+00,4.964662194e-01,-5.902151108e+00,1.000000000e+00,4.141753038e-07,3.251676261e-02
14,5,6.245446801e-01,2.794323564e-01,-1.745626450e+00,1.649329424e+00,1.869316697e-01,-2.878223419e+00,-2.855572462e+00,-2.357706070e+00,-2.339128971e+00,-2.012647629e+00,-2.652843475e+00,-3.222937822e+00,-1.432364702e+00,4.000000000e+00,1.000000000e+01,1.700000000e+01,0.000000000e+00,1.411332607e+00,2.718358755e+00,4.188806117e-01,1.000000000e+00,-2.025036812e+00,-4.048691273e+00,-5.140867829e-01,2.718358755e+00,-3.132155180e+00,-2.370093584e+00,3.558668613e+00,1.432364702e+00,0.000000000e+00,0.000000000e+00,0.000000000e+00,0.000000000e+00,-1.000000000e+00,-1.000000000e+00,-1.000000000e+00,0.000000000e+00,-9.999956489e-01,4.141753038e-07,1.000000000e+00,-6.989678144e-01,0.000000000e+00,4.141753038e-07,9.979625940e-01
14,6,6.893019676e-01,4.229469597e-01,-1.622386098e+00,1.426387191e+00,2.844755724e-02,-3.053062677e+00,-3.056351185e+00,-2.562699556e+00,-2.600008488e+00,-2.296417236e+00,-2.735900402e+00,-3.319002628e+00,-1.223431230e+00,4.000000000e+00,1.000000000e+01,1.500000000e+01,0.000000000e+00,-3.467148840e-01,2.123147011e+00,2.502961457e-01,1.000000000e+00,-2.045302868e+00,-4.086849213e+00,-3.532363474e-01,2.123144627e+00,-3.375333548e+00,-2.311617136e+00,2.779670238e+00,1.223431230e+00,0.000000000e+00,0.000000000e+00,0.000000000e+00,0.000000000e+00,-1.000000000e+00,-1.000000000e+00,-1.000000000e+00,0.000000000e+00,-9.999956489e-01,4.141753038e-07,1.000000000e+00,-6.989678144e-01,0.000000000e+00,4.141753038e-07,9.910191894e-01
14,7,4.424713850e-01,2.993674576e-01,-1.765351653e+00,1.574953556e+00,1.435900480e-01,-3.005652666e+00,-2.983451366e+00,-2.189823627e+00,-2.198552847e+00,-2.046738625e+00,-2.508455753e+00,-3.148585081e+00,8.570288420e-01,3.000000000e+00,9.000000000e+00,1.600000000e+01,0.000000000e+00,1.462863922e+00,2.778219461e+00,3.708337247e-01,1.000000000e+00,-2.064693689e+00,-4.125037670e+00,1.390714943e-01,2.778218269e+00,-2.358818293e+00,-2.207778215e+00,2.790931702e+00,8.570288420e-01,0.000000000e+00,0.000000000e+00,0.000000000e+00,0.000000000e+00,-1.000000000e+00,-1.000000000e+00,-1.000000000e+00,0.000000000e+00,-9.999956489e-01,4.141753038e-07,1.000000000e+00,-6.989678144e-01,0.000000000e+00,4.141753038e-07,9.975647926e-01
14,8,1.261129528e-01,-6.866289675e-02,-7.043538094e-01,3.218457103e-01,3.218457103e-01,-2.305958033e+00,-9.246736765e-01,-4.610745609e-01,3.459649384e-01,-2.662989795e-01,-7.609978914e-01,-2.500684500e+00,1.019210696e+00,0.000000000e+00,2.000000000e+00,3.000000000e+00,0.000000000e+00,2.650372505e+00,1.349021077e+00,-1.552751064e-01,1.000000000e+00,-6.356907487e-01,-1.270572305e+00,9.064530134e-01,1.318711758e+00,1.321081161e+00,-8.304657340e-01,-2.000051141e-01,1.019210696e+00,0.000000000e+00,0.000000000e+00,0.000000000e+00,0.000000000e+00,-1.000000000e+00,-1.000000000e+00,-1.000000000e+00,0.000000000e+00,-9.999956489e-01,4.141753038e-07,1.000000000e+00,-6.989678144e-01,0.000000000e+00,4.141753038e-07,9.997497201e-01
14,9,5.756429434e-01,2.783663869e-01,-1.749383450e+00,1.301751137e+00,-1.296121180e-01,-2.911811352e+00,-2.902211428e+00,-2.385142326e+00,-2.381322145e+00,-2.087917805e+00,-2.606013775e+00,-3.208739758e+00,1.306963921e+00,3.000000000e+00,9.000000000e+00,1.600000000e+01,0.000000000e+00,1.464225769e+00,2.820084333e+00,9.763140231e-02,1.000000000e+00,-2.027727604e+00,-4.053381443e+00,-1.914937980e-02,2.820083857e+00,-2.678735256e+00,-2.324958801e+00,3.132580042e+00,1.306963921e+00,0.000000000e+00,0.000000000e+00,0.000000000e+00,0.000000000e+00,-1.000000000e+00,-1.000000000e+00,-1.000000000e+00,0.000000000e+00,-9.999956489e-01,4.141753038e-07,1.000000000e+00,-6.989678144e-01,0.000000000e+00,4.141753038e-07,9.979814291e-01
14,10,5.808843374e-01,3.442276716e-01,-1.753830671e+00,1.486416101e+00,2.401847765e-02,-3.003502846e+00,-3.001376629e+00,-2.537566662e+00,-2.539615154e+00,-2.300972700e+00,-2.680963039e+00,-3.239842415e+00,1.140840769e+00,3.000000000e+00,9.000000000e+00,1.700000000e+01,0.000000000e+00,1.660401106e+00,3.131260395e+00,2.559674382e-01,1.000000000e+00,-2.098028421e+00,-4.191566467e+00,2.583159208e-01,3.131259918e+00,-2.625494003e+00,-2.334645748e+00,3.111567259e+00,1.140840769e+00,1.000000000e+00,0.000000000e+00,1.000000000e+00,3.000000000e+00,2.000000000e+00,5.000000000e+00,1.000000000e+00,1.000000000e+00,-5.059614658e+00,-2.364258051e+00,-5.287883878e-01,-5.057956696e+00,1.000000000e+00,1.096185088e+00,9.962478280e-01
14,11,7.483416796e-01,4.351251125e-01,-1.520210266e+00,1.351108074e+00,7.235478610e-02,-3.051354408e+00,-3.050676346e+00,-2.582241535e+00,-2.615917444e+00,-2.269110203e+00,-2.704535961e+00,-3.364054680e+00,1.349212408e+00,4.000000000e+00,8.000000000e+00,1.200000000e+01,0.000000000e+00,1.542240739e+00,3.040311337e+00,2.719269693e-01,1.000000000e+00,-1.955310345e+00,-3.908233881e+00,-5.272538662e-01,3.040311337e+00,-3.576834679e+00,-2.268485546e+00,3.913868666e+00,1.349212408e+00,0.000000000e+00,0.000000000e+00,0.000000000e+00,0.000000000e+00,-1.000000000e+00,-1.000000000e+00,-1.000000000e+00,0.000000000e+00,-9.999956489e-01,4.141753038e-07,1.000000000e+00,-6.989678144e-01,0.000000000e+00,4.141753038e-07,9.895746112e-01
14,12,8.776756525e-01,5.276366472e-01,-1.502274632e+00,1.681565523e+00,1.630518287e-01,-3.114852905e+00,-3.116564989e+00,-2.628494501e+00,-2.656807899e+00,-2.278557777e+00,-2.908393383e+00,-3.464191437e+00,1.445061564e+00,6.000000000e+00,1.000000000e+01,1.900000000e+01,0.000000000e+00,-1.555203438e+00,1.527139664e+00,4.028120637e-01,1.000000000e+00,-2.029878378e+00,-4.056025505e+00,1.096031785e+00,1.495060444e+00,-2.088556767e+00,-2.379859924e+00,7.773780227e-01,1.445061564e+00,1.000000000e+00,1.000000000e+00,0.000000000e+00,2.000000000e+00,-4.000000000e+00,1.300000000e+01,1.000000000e+00,1.000000000e+00,-5.489099503e+00,-1.973543644e+00,1.219611466e-01,-5.485919476e+00,1.000000000e+00,4.141753038e-07,9.630271792e-01
14,13,1.048362851e+00,5.373114347e-01,-1.474661946e+00,1.654876471e+00,8.667507023e-02,-3.047548294e+00,-3.041278601e+00,-2.516328096e+00,-2.501253366e+00,-2.005375147e+00,-3.061617851e+00,-3.557513952e+00,1.845232844e+00,5.000000000e+00,1.100000000e+01,2.100000000e+01,0.000000000e+00,-3.400320411e-01,1.835407376e+00,3.326573670e-01,1.000000000e+00,-2.011941433e+00,-4.021158218e+00,-4.704784155e-01,1.835402012e+00,-3.507781744e+00,-2.522892952e+00,2.801446915e+00,1.845232844e+00,1.000000000e+00,1.000000000e+00,0.000000000e+00,2.000000000e+00,-4.000000000e+00,2.000000000e+01,1.000000000e+00,1.000000000e+00,-5.003090382e+00,-2.182522535e+00,-3.354804516e-01,-5.000533104e+00,1.000000000e+00,1.686324775e-01,9.572241306e-01
14,14,7.587901950e-01,2.743908465e-01,-1.706006765e+00,1.798883200e+00,2.548153102e-01,-2.801837921e+00,-2.796477079e+00,-2.278656006e+00,-2.280642509e+00,-1.794312000e+00,-2.743446112e+00,-3.285673380e+00,1.780504107e+00,7.000000000e+00,1.200000000e+01,2.000000000e+01,1.000000000e+00,1.541627884e+00,2.565155506e+00,4.978532791e-01,9.523809552e-01,-1.980377913e+00,-3.961324692e+00,1.179039329e-01,2.565152645e+00,-2.437093496e+00,-2.464692354e+00,2.933572292e+00,1.780504107e+00,0.000000000e+00,0.000000000e+00,0.000000000e+00,0.000000000e+00,-1.000000000e+00,-1.000000000e+00,-1.000000000e+00,0.000000000e+00,-9.999956489e-01,4.141753038e-07,1.000000000e+00,-6.989678144e-01,0.000000000e+00,4.141753038e-07,9.980499744e-01
14,15,7.802068591e-01,2.986376286e-01,-1.707736611e+00,1.734745383e+00,2.162316442e-01,-2.831200600e+00,-2.828268528e+00,-2.299023151e+00,-2.313519478e+00,-1.817511678e+00,-2.790930748e+00,-3.312172413e+00,1.773603797e+00,5.000000000e+00,1.100000000e+01,1.900000000e+01,0.000000000e+00,1.089884162e+00,2.362493992e+00,4.559918642e-01,1.000000000e+00,-2.006352186e+00,-4.012891769e+00,2.502387166e-01,2.362481117e+00,-2.361907959e+00,-2.487832069e+00,2.608260870e+00,1.773603797e+00,0.000000000e+00,0.000000000e+00,0.000000000e+00,0.000000000e+00,-1.000000000e+00,-1.000000000e+00,-1.000000000e+00,0.000000000e+00,-9.999956489e-01,4.141753038e-07,1.000000000e+00,-6.989678144e-01,0.000000000e+00,4.141753038e-07,9.975810051e-01
15,0,7.601503134e-01,3.980540931e-01,-1.616348863e+00,1.656063795e+00,1.375502050e-01,-2.991819620e+00,-2.990664721e+00,-2.528809071e+00,-2.542665720e+00,-2.166795731e+00,-2.776210546e+00,-3.353361368e+00,-1.475986719e+00,2.000000000e+00,9.000000000e+00,1.900000000e+01,1.000000000e+00,3.572036624e-01,2.345483541e+00,3.773104250e-01,9.499999881e-01,-2.014375925e+00,-4.026103973e+00,3.927705884e-01,2.345456600e+00,-2.547947407e+00,-2.376413822e+00,2.328582525e+00,1.475986719e+00,4.000000000e+00,4.000000000e+00,0.000000000e+00,3.000000000e+00,-4.000000000e+00,2.900000000e+01,1.000000000e+00,1.000000000e+00,-4.980379105e+00,-1.917661309e+00,2.040095031e-01,-4.975657463e+00,1.000000000e+00,4.141753038e-07,9.932984710e-01
15,1,8.127384186e-01,4.414090514e-01,-1.692222834e+00,1.544905305e+00,1.469656378e-01,-3.028383017e+00,-3.033120394e+00,-2.494995594e+00,-2.519984245e+00,-2.123744011e+00,-2.948935986e+00,-3.399086475e+00,-1.499533176e+00,4.000000000e+00,1.000000000e+01,1.500000000e+01,1.000000000e+00,1.094906449e+00,2.671255112e+00,3.688142598e-01,9.375000000e-01,-2.133594036e+00,-4.262220383e+00,-4.825410247e-01,2.671255112e+00,-3.442873478e+00,-2.504843712e+00,3.549686909e+00,1.499533176e+00,0.000000000e+00,0.000000000e+00,0.000000000e+00,0.000000000e+00,-1.000000000e+00,-1.000000000e+00,-1.000000000e+00,0.000000000e+00,-9.999956489e-01,4.141753038e-07,1.000000000e+00,-6.989678144e-01,0.000000000e+00,4.141753038e-07,9.887229204e-01
15,2,9.268732667e-01,8.903001547e-01,-1.219480276e+00,1.217884898e+00,-1.438423842e-01,-3.527930737e+00,-3.597035170e+00,-2.851299763e+00,-3.013182640e+00,-2.814751387e+00,-3.036229849e+00,-3.564375162e+00,4.161803126e-01,4.000000000e+00,1.000000000e+01,1.400000000e+01,1.000000000e+00,1.457091451e+00,3.543646574e+00,7.175714523e-02,9.333333373e-01,-2.109731674e+00,-4.212474346e+00,1.896226525e+00,3.543536425e+00,-2.007659912e+00,-2.146299839e+00,1.845899820e+00,4.161803126e-01,0.000000000e+00,0.000000000e+00,0.000000000e+00,0.000000000e+00,-1.000000000e+00,-1.000000000e+00,-1.000000000e+00,0.000000000e+00,-9.999956489e-01,4.141753038e-07,1.000000000e+00,-6.989678144e-01,1.000000000e+00,4.141753038e-07,3.928062506e-03
15,3,1.178747773e+00,1.031603575e+00,-1.098986864e+00,1.194568634e+00,-2.678286731e-01,-3.610587835e+00,-3.682573557e+00,-2.899542332e+00,-3.145101070e+00,-2.752497196e+00,-3.308576107e+00,-3.757018328e+00,8.703539968e-01,4.000000000e+00,1.000000000e+01,1.700000000e+01,0.000000000e+00,1.424316645e+00,3.465036631e+00,-3.587990999e-02,1.000000000e+00,-2.130537271e+00,-4.253453732e+00,1.901318550e+00,3.464874506e+00,-2.275911093e+00,-2.277657747e+00,1.956513762e+00,8.703539968e-01,0.000000000e+00,0.000000000e+00,0.000000000e+00,0.000000000e+00,-1.000000000e+00,-1.000000000e+00,-1.000000000e+00,0.000000000e+00,-9.999956489e-01,4.141753038e-07,1.000000000e+00,-6.989678144e-01,1.000000000e+00,4.141753038e-07,1.003261968e-05
15,4,1.012457728e+00,3.819447458e-01,-1.589300513e+00,1.326902628e+00,-3.482478485e-02,-3.035817146e+00,-3.036646128e+00,-2.076956034e+00,-2.159063101e+00,-1.446482539e+00,-2.985218525e+00,-3.664790392e+00,2.130960464e+00,3.000000000e+00,9.000000000e+00,1.400000000e+01,1.000000000e+00,1.688229680e+00,2.291904926e+00,1.807748228e-01,9.333333373e-01,-1.971221328e+00,-3.940638065e+00,1.187401772e+00,2.290558815e+00,-1.353658676e+00,-2.601601601e+00,1.815783978e+00,2.130960464e+00,0.000000000e+00,0.000000000e+00,0.000000000e+00,0.000000000e+00,-1.000000000e+00,-1.000000000e+00,-1.000000000e+00,0.000000000e+00,-9.999956489e-01,4.141753038e-07,1.000000000e+00,-6.989678144e-01,0.000000000e+00,4.141753038e-07,9.944080114e-01
15,5,1.226886511e+00,5.488583446e-01,-1.358842611e+00,1.843434691e+00,2.993668914e-01,-2.958180428e+00,-2.949097395e+00,-2.509157896e+00,-2.460079432e+00,-1.831240535e+00,-3.135656595e+00,-3.634726524e+00,2.243165970e+00,7.000000000e+00,1.200000000e+01,2.000000000e+01,0.000000000e+00,1.339414001e+00,2.500977039e+00,5.424048305e-01,1.000000000e+00,-1.907675624e+00,-3.814234018e+00,-5.362375379e-01,2.500976801e+00,-3.543780327e+00,-2.585571766e+00,3.665720224e+00,2.243165970e+00,0.000000000e+00,0.000000000e+00,0.000000000e+00,0.000000000e+00,-1.000000000e+00,-1.000000000e+00,-1.000000000e+00,0.000000000e+00,-9.999956489e-01,4.141753038e-07,1.000000000e+00,-6.989678144e-01,1.000000000e+00,4.141753038e-07,9.489409924e-01
16,0,6.430750489e-01,3.641479015e-01,-1.688620329e+00,1.264910936e+00,-1.974863559e-01,-2.993777990e+00,-2.998465538e+00,-2.455236912e+00,-2.485092640e+00,-2.176368475e+00,-2.697686434e+00,-3.272319794e+00,1.257665992e+00,3.000000000e+00,9.000000000e+00,1.700000000e+01,0.000000000e+00,6.695829034e-01,2.511234999e+00,3.446242586e-02,1.000000000e+00,-2.052740335e+00,-4.102088451e+00,4.019809365e-01,2.511221886e+00,-2.447270632e+00,-2.331623316e+00,2.417980194e+00,1.257665992e+00,0.000000000e+00,0.000000000e+00,0.000000000e+00,0.000000000e+00,-1.000000000e+00,-1.000000000e+00,-1.000000000e+00,0.000000000e+00,-9.999956489e-01,4.141753038e-07,1.000000000e+00,-6.989678144e-01,1.000000000e+00,4.141753038e-07,9.953872561e-01
16,1,4.711003900e-01,1.002400666e-01,-1.873999000e+00,1.455217004e+00,9.348944575e-02,-2.686846495e+00,-2.665619373e+00,-2.206616163e+00,-2.156355143e+00,-1.835795760e+00,-2.451763153e+00,-3.057422161e+00,1.498340011e+00,5.000000000e+00,9.000000000e+00,1.400000000e+01,1.000000000e+00,-3.027806282e-01,1.684491277e+00,3.090891242e-01,9.333333373e-01,-1.974230289e+00,-3.951158524e+00,-5.122946948e-02,1.684417963e+00,-2.307798862e+00,-2.345035553e+00,2.056169987e+00,1.498340011e+00,0.000000000e+00,0.000000000e+00,0.000000000e+00,0.000000000e+00,-1.000000000e+00,-1.000000000e+00,-1.000000000e+00,0.000000000e+00,-9.999956489e-01,4.141753038e-07,1.000000000e+00,-6.989678144e-01,0.000000000e+00,4.141753038e-07,9.994364381e-01
16,2,1.331031799e+00,9.300016761e-01,-1.064655423e+00,1.681887507e+00,1.378197670e-01,-3.437694550e+00,-3.447599173e+00,-2.859175920e+00,-2.883197546e+00,-2.458335161e+00,-3.324915409e+00,-3.836922407e+00,1.574557424e+00,7.000000000e+00,1.100000000e+01,2.000000000e+01,0.000000000e+00,1.301191092e+00,3.109062672e+00,3.808577061e-01,1.000000000e+00,-1.994619131e+00,-3.985246181e+00,8.977622986e-01,3.109054327e+00,-2.915411234e+00,-2.395584345e+00,2.636319637e+00,1.574557424e+00,4.000000000e+00,4.000000000e+00,0.000000000e+00,3.000000000e+00,4.000000000e+00,2.000000000e+01,1.000000000e+00,1.000000000e+00,-5.590321064e+00,-2.871710300e+00,-1.755883694e+00,-5.589965343e+00,1.000000000e+00,4.141753038e-07,8.905100985e-04
16,3,8.544571400e-01,3.772980869e-01,-1.532888293e+00,1.608164072e+00,2.102243900e-01,-2.906326056e+00,-2.900588274e+00,-2.449951172e+00,-2.441535473e+00,-1.972873569e+00,-2.766374350e+00,-3.382785559e+00,1.762839675e+00,7.000000000e+00,9.000000000e+00,1.500000000e+01,1.000000000e+00,1.847466707e+00,2.896647930e+00,4.320729971e-01,9.375000000e-01,-1.910165787e+00,-3.819496393e+00,-1.114159301e-01,2.896647692e+00,-2.930000305e+00,-2.387254238e+00,3.476650238e+00,1.762839675e+00,1.000000000e+00,1.000000000e+00,0.000000000e+00,1.000000000e+00,5.000000000e+00,2.300000000e+01,1.000000000e+00,1.000000000e+00,-5.261964798e+00,-1.510039449e+00,7.738629580e-01,-5.251134872e+00,1.000000000e+00,-3.974661529e-01,9.946860075e-01
16,4,7.922926545e-01,2.855582535e-01,-1.769727945e+00,1.591423750e+00,1.600602269e-01,-2.792776108e+00,-2.780554533e+00,-1.966348410e+00,-1.964668036e+00,-1.459641576e+00,-2.853957891e+00,-3.298914909e+00,1.834778190e+00,4.000000000e+00,1.100000000e+01,1.600000000e+01,0.000000000e+00,1.852789521e+00,2.386070013e+00,3.873038888e-01,1.000000000e+00,-2.055262089e+00,-4.111634731e+00,4.040001631e-01,2.386046410e+00,-1.846235633e+00,-2.561887741e+00,2.487084627e+00,1.834778190e+00,0.000000000e+00,0.000000000e+00,0.000000000e+00,0.000000000e+00,-1.000000000e+00,-1.000000000e+00,-1.000000000e+00,0.000000000e+00,-9.999956489e-01,4.141753038e-07,1.000000000e+00,-6.989678144e-01,0.000000000e+00,4.141753038e-07,9.978497028e-01
17,0,5.380848646e-01,5.036195517e-01,-1.647377133e+00,1.533557773e+00,7.116013020e-02,-3.205275297e+00,-3.256096363e+00,-2.600116491e+00,-2.769521475e+00,-2.565664530e+00,-2.689131975e+00,-3.239683151e+00,-4.036848247e-01,4.000000000e+00,1.000000000e+01,1.700000000e+01,0.000000000e+00,8.879526854e-01,3.009800673e+00,3.031090498e-01,1.000000000e+00,-2.150954485e+00,-4.293650627e+00,-1.245865107e+00,3.009800673e+00,-4.505144596e+00,-2.185414553e+00,4.455146790e+00,4.036848247e-01,0.000000000e+00,0.000000000e+00,0.000000000e+00,0.000000000e+00,-1.000000000e+00,-1.000000000e+00,-1.000000000e+00,0.000000000e+00,-9.999956489e-01,4.141753038e-07,1.000000000e+00,-6.989678144e-01,0.000000000e+00,4.141753038e-07,9.739797711e-01
17,1,6.288384199e-01,6.233316064e-01,-1.544743896e+00,1.231142521e+00,-2.002205998e-01,-3.268293381e+00,-3.383652925e+00,-2.518960953e+00,-2.859730959e+00,-2.513455868e+00,-2.796688080e+00,-3.273789883e+00,-1.595842689e-01,4.000000000e+00,1.000000000e+01,1.600000000e+01,0.000000000e+00,1.385155320e+00,3.206177235e+00,2.702288330e-02,1.000000000e+00,-2.168026686e+00,-4.326894283e+00,7.406210899e-01,3.206174850e+00,-2.742515802e+00,-2.173532724e+00,2.811944246e+00,1.595842689e-01,1.000000000e+00,0.000000000e+00,1.000000000e+00,3.000000000e+00,0.000000000e+00,2.000000000e+00,2.000000000e+00,1.000000000e+00,-4.963504314e+00,-2.370900631e+00,-4.021181464e-01,-4.961829185e+00,1.000000000e+00,4.141753038e-07,8.317960501e-01
17,2,3.529669940e-01,3.511719406e-01,-1.796978235e+00,1.341211796e+00,-5.672774091e-02,-3.083435774e+00,-3.113409996e+00,-2.211249352e+00,-2.360203266e+00,-2.209454536e+00,-2.501029968e+00,-3.085228682e+00,-9.098266065e-02,3.000000000e+00,9.000000000e+00,1.500000000e+01,0.000000000e+00,1.234833717e+00,2.826941967e+00,1.651207954e-01,1.000000000e+00,-2.148116112e+00,-4.287868500e+00,1.371127833e-02,2.826941490e+00,-2.697546959e+00,-2.149910927e+00,2.963912010e+00,9.098266065e-02,0.000000000e+00,0.000000000e+00,0.000000000e+00,0.000000000e+00,-1.000000000e+00,-1.000000000e+00,-1.000000000e+00,0.000000000e+00,-9.999956489e-01,4.141753038e-07,1.000000000e+00,-6.989678144e-01,0.000000000e+00,4.141753038e-07,9.959719777e-01
17,3,4.352672994e-01,4.294479489e-01,-1.701148987e+00,1.247757316e+00,-1.501820683e-01,-3.137973547e+00,-3.184307098e+00,-2.255993843e+00,-2.429365873e+00,-2.250175714e+00,-2.565777302e+00,-3.143785000e+00,-1.640707999e-01,3.000000000e+00,9.000000000e+00,1.500000000e+01,0.000000000e+00,8.826234341e-01,2.691565752e+00,7.166638225e-02,1.000000000e+00,-2.130559921e+00,-4.253433704e+00,2.019702494e-01,2.691563606e+00,-2.656763315e+00,-2.136378527e+00,2.668750048e+00,1.640707999e-01,0.000000000e+00,0.000000000e+00,0.000000000e+00,0.000000000e+00,-1.000000000e+00,-1.000000000e+00,-1.000000000e+00,0.000000000e+00,-9.999956489e-01,4.141753038e-07,1.000000000e+00,-6.989678144e-01,0.000000000e+00,4.141753038e-07,9.902797341e-01
18,0,6.126997471e-01,2.473287135e-01,-1.812427878e+00,1.529577255e+00,1.106370054e-02,-2.846461535e+00,-2.823691607e+00,-2.068852425e+00,-2.060839891e+00,-1.703510165e+00,-2.676981688e+00,-3.211430550e+00,-1.484351397e+00,3.000000000e+00,1.000000000e+01,1.900000000e+01,0.000000000e+00,3.016200066e-01,1.854428530e+00,2.508239150e-01,1.000000000e+00,-2.059734821e+00,-4.118529797e+00,2.012368739e-01,1.854321241e+00,-2.106925964e+00,-2.425040245e+00,2.010411024e+00,1.484351397e+00,0.000000000e+00,0.000000000e+00,0.000000000e+00,0.000000000e+00,-1.000000000e+00,-1.000000000e+00,-1.000000000e+00,0.000000000e+00,-9.999956489e-01,4.141753038e-07,1.000000000e+00,-6.989678144e-01,0.000000000e+00,4.141753038e-07,9.984458089e-01
18,1,5.847448111e-01,2.808814943e-01,-1.738458872e+00,1.221882939e+00,-1.398443580e-01,-2.902991772e+00,-2.900244713e+00,-2.437591076e+00,-2.452685833e+00,-2.133787632e+00,-2.606763363e+00,-3.206503391e+00,-1.324483156e+00,3.000000000e+00,9.000000000e+00,1.400000000e+01,0.000000000e+00,1.120636106e+00,2.694165707e+00,7.575519383e-02,1.000000000e+00,-2.019318581e+00,-4.036805153e+00,5.559781939e-02,2.694164515e+00,-2.677886009e+00,-2.323135853e+00,2.957421064e+00,1.324483156e+00,0.000000000e+00,0.000000000e+00,0.000000000e+00,0.000000000e+00,-1.000000000e+00,-1.000000000e+00,-1.000000000e+00,0.000000000e+00,-9.999956489e-01,4.141753038e-07,1.000000000e+00,-6.989678144e-01,0.000000000e+00,4.141753038e-07,9.979366064e-01
18,2,5.219185948e-01,2.290985435e-01,-1.830561161e+00,1.549925089e+00,5.856373534e-02,-2.868126154e+00,-2.856390476e+00,-2.412371397e+00,-2.416401148e+00,-2.119606256e+00,-2.585350275e+00,-3.160638094e+00,-1.295059562e+00,4.000000000e+00,9.000000000e+00,1.800000000e+01,0.000000000e+00,2.024133921e+00,3.131730556e+00,2.946527600e-01,1.000000000e+00,-2.059638977e+00,-4.117557049e+00,1.669850349e-01,3.131730318e+00,-2.478497267e+00,-2.352411270e+00,3.261519432e+00,1.295059562e+00,0.000000000e+00,0.000000000e+00,0.000000000e+00,0.000000000e+00,-1.000000000e+00,-1.000000000e+00,-1.000000000e+00,0.000000000e+00,-9.999956489e-01,4.141753038e-07,1.000000000e+00,-6.989678144e-01,0.000000000e+00,4.141753038e-07,9.986556768e-01
18,3,5.735540986e-01,3.028238714e-01,-1.764210224e+00,1.258235455e+00,-2.041619569e-01,-2.951391935e+00,-2.947061300e+00,-2.491191387e+00,-2.497189045e+00,-2.220523596e+00,-2.643067598e+00,-3.221786261e+00,-1.235390306e+00,3.000000000e+00,9.000000000e+00,1.700000000e+01,0.000000000e+00,5.275073647e-01,2.484349251e+00,2.778682485e-02,1.000000000e+00,-2.067008495e+00,-4.130853653e+00,-1.017050505e+00,2.484349251e+00,-3.814362526e+00,-2.337694883e+00,3.776716948e+00,1.235390306e+00,0.000000000e+00,0.000000000e+00,0.000000000e+00,0.000000000e+00,-1.000000000e+00,-1.000000000e+00,-1.000000000e+00,0.000000000e+00,-9.999956489e-01,4.141753038e-07,1.000000000e+00,-6.989678144e-01,0.000000000e+00,4.141753038e-07,9.974862337e-01
18,4,7.427150607e-01,5.244900584e-01,-1.480709791e+00,1.671353817e+00,4.409049749e-01,-2.961879969e+00,-3.024045467e+00,-1.783139348e+00,-1.910057664e+00,-1.564924598e+00,-2.753439903e+00,-3.179845333e+00,-1.088157654e+00,1.000000000e+00,7.000000000e+00,1.100000000e+01,0.000000000e+00,9.242651463e-01,2.027073860e+00,6.299611926e-01,1.000000000e+00,-2.005168915e+00,-4.011699677e+00,-6.919706464e-01,2.027072906e+00,-3.125974894e+00,-2.223365307e+00,3.064024448e+00,1.088157654e+00,2.000000000e+00,1.000000000e+00,1.000000000e+00,3.000000000e+00,-2.000000000e+00,1.000000000e+00,1.000000000e+00,1.000000000e+00,-4.931776524e+00,-2.061692238e+00,-1.054907367e-01,-4.928344727e+00,1.000000000e+00,6.333534718e-01,9.647211432e-01
18,5,4.211442769e-01,2.716621757e-01,-1.824116945e+00,1.447978735e+00,-1.441879664e-02,-2.977017879e+00,-2.975123405e+00,-2.503075600e+00,-2.518923521e+00,-2.353633881e+00,-2.518647432e+00,-3.126330853e+00,-8.780063391e-01,3.000000000e+00,9.000000000e+00,1.700000000e+01,0.000000000e+00,-7.677017450e-01,1.969906688e+00,2.175300717e-01,1.000000000e+00,-2.095753670e+00,-4.186726570e+00,1.529544443e-01,1.969856262e+00,-2.637586355e+00,-2.245213509e+00,1.982136369e+00,8.780063391e-01,0.000000000e+00,0.000000000e+00,0.000000000e+00,0.000000000e+00,-1.000000000e+00,-1.000000000e+00,-1.000000000e+00,0.000000000e+00,-9.999956489e-01,4.141753038e-07,1.000000000e+00,-6.989678144e-01,0.000000000e+00,4.141753038e-07,9.980953336e-01
18,6,6.481111050e-01,5.072932243e-01,-1.598439813e+00,1.543397307e+00,5.203593522e-02,-3.197240829e+00,-3.217808962e+00,-2.679294109e+00,-2.776216507e+00,-2.538533688e+00,-2.754283428e+00,-3.337796926e+00,8.494302630e-01,4.000000000e+00,1.000000000e+01,1.800000000e+01,0.000000000e+00,1.235388637e+00,3.156378031e+00,2.881250083e-01,1.000000000e+00,-2.105694771e+00,-4.205147743e+00,-1.473237574e-01,3.156378031e+00,-3.429923058e+00,-2.246491432e+00,3.541130304e+00,8.494302630e-01,1.000000000e+00,0.000000000e+00,1.000000000e+00,3.000000000e+00,2.000000000e+00,8.000000000e+00,1.000000000e+00,1.000000000e+00,-4.864290237e+00,-1.978198171e+00,2.642019987e-01,-4.860078812e+00,1.000000000e+00,4.141753038e-07,9.725708961e-01
18,7,4.714491069e-01,3.502839208e-01,-1.794605970e+00,1.314057469e+00,-4.766987637e-02,-3.045989513e+00,-3.070600271e+00,-2.492920637e+00,-2.557693243e+00,-2.371788263e+00,-2.617659092e+00,-3.166999340e+00,7.821545005e-01,3.000000000e+00,9.000000000e+00,1.400000000e+01,0.000000000e+00,1.804351687e+00,3.274066448e+00,1.679297239e-01,1.000000000e+00,-2.144856215e+00,-4.282895565e+00,-3.046863973e-01,3.274066448e+00,-3.212112665e+00,-2.266001940e+00,3.764396667e+00,7.821545005e-01,0.000000000e+00,0.000000000e+00,0.000000000e+00,0.000000000e+00,-1.000000000e+00,-1.000000000e+00,-1.000000000e+00,0.000000000e+00,-9.999956489e-01,4.141753038e-07,1.000000000e+00,-6.989678144e-01,0.000000000e+00,4.141753038e-07,9.960086346e-01
19,0,8.746204376e-01,8.140556812e-01,-1.279240608e+00,1.213159204e+00,-2.182039320e-01,-3.520777225e+00,-3.528833866e+00,-2.665550709e+00,-2.742153645e+00,-2.605012178e+00,-2.967595100e+00,-3.581126451e+00,5.404765606e-01,3.000000000e+00,9.000000000e+00,1.600000000e+01,0.000000000e+00,1.154653668e+00,3.182515144e+00,9.039546363e-03,1.000000000e+00,-2.093250751e+00,-4.180058002e+00,7.330268621e-01,3.182512522e+00,-2.823133469e+00,-2.153807402e+00,2.586647987e+00,5.404765606e-01,4.000000000e+00,0.000000000e+00,4.000000000e+00,3.000000000e+00,1.000000000e+00,5.000000000e+00,1.000000000e+00,1.000000000e+00,-5.588051319e+00,-2.579296112e+00,-9.745932221e-01,-5.587351322e+00,1.000000000e+00,4.141753038e-07,4.590295255e-02
19,1,9.744401574e-01,6.484189630e-01,-1.415527582e+00,1.690673590e+00,1.721599847e-01,-3.221317291e+00,-3.234760761e+00,-2.615708113e+00,-2.663322687e+00,-2.289781570e+00,-3.038782597e+00,-3.546530485e+00,1.382801890e+00,5.000000000e+00,1.000000000e+01,1.900000000e+01,0.000000000e+00,1.176716924e+00,2.878258944e+00,4.119201899e-01,1.000000000e+00,-2.063907385e+00,-4.122972012e+00,1.020890355e+00,2.878217220e+00,-2.290966511e+00,-2.389872313e+00,2.230964184e+00,1.382801890e+00,4.000000000e+00,4.000000000e+00,0.000000000e+00,3.000000000e+00,4.000000000e+00,9.000000000e+00,1.000000000e+00,1.000000000e+00,-5.153137684e+00,-1.749605417e+00,6.442540884e-01,-5.146558285e+00,1.000000000e+00,4.141753038e-07,7.500340343e-01
19,2,7.235767841e-01,4.141939878e-01,-1.647405744e+00,1.300548911e+00,-9.739055485e-02,-3.035716295e+00,-3.037992239e+00,-2.560764074e+00,-2.594232321e+00,-2.251461744e+00,-2.786745787e+00,-3.344609499e+00,1.339096665e+00,3.000000000e+00,9.000000000e+00,1.500000000e+01,0.000000000e+00,6.606908441e-01,2.581887245e+00,1.244579777e-01,1.000000000e+00,-2.061568737e+00,-4.119299889e+00,1.710938960e-01,2.581883907e+00,-2.837204456e+00,-2.370899677e+00,2.753538847e+00,1.339096665e+00,0.000000000e+00,0.000000000e+00,0.000000000e+00,0.000000000e+00,-1.000000000e+00,-1.000000000e+00,-1.000000000e+00,0.000000000e+00,-9.999956489e-01,4.141753038e-07,1.000000000e+00,-6.989678144e-01,0.000000000e+00,4.141753038e-07,9.919126034e-01
19,3,8.918931484e-01,3.543682396e-01,-1.667127013e+00,1.664810896e+00,1.734495461e-01,-2.858940363e+00,-2.856684685e+00,-2.340179205e+00,-2.344991446e+00,-1.802721500e+00,-2.917281628e+00,-3.395697832e+00,1.909115553e+00,5.000000000e+00,1.200000000e+01,1.800000000e+01,0.000000000e+00,1.777067780e+00,2.691283464e+00,4.095386267e-01,1.000000000e+00,-2.021469593e+00,-4.042447567e+00,-7.569576800e-02,2.691282988e+00,-2.774893045e+00,-2.558882952e+00,3.309203148e+00,1.909115553e+00,0.000000000e+00,0.000000000e+00,0.000000000e+00,0.000000000e+00,-1.000000000e+00,-1.000000000e+00,-1.000000000e+00,0.000000000e+00,-9.999956489e-01,4.141753038e-07,1.000000000e+00,-6.989678144e-01,0.000000000e+00,4.141753038e-07,9.958367348e-01
19,4,1.006499052e+00,4.356902838e-01,-1.588006616e+00,1.618588448e+00,1.000748873e-01,-2.842484236e+00,-2.863106489e+00,-2.371618986e+00,-2.397838831e+00,-1.800884724e+00,-3.034370661e+00,-3.412471294e+00,1.988930821e+00,7.000000000e+00,1.100000000e+01,1.900000000e+01,0.000000000e+00,-2.468177557e+00,5.676615238e-01,3.398350477e-01,1.000000000e+00,-2.023667812e+00,-4.047186852e+00,-6.092424393e-01,5.666979551e-01,-3.441679239e+00,-2.594351768e+00,1.772535801e+00,1.988930821e+00,0.000000000e+00,0.000000000e+00,0.000000000e+00,0.000000000e+00,-1.000000000e+00,-1.000000000e+00,-1.000000000e+00,0.000000000e+00,-9.999956489e-01,4.141753038e-07,1.000000000e+00,-6.989678144e-01,1.000000000e+00,4.141753038e-07,9.895011783e-01
20,0,6.471733451e-01,5.665462017e-01,-1.592198133e+00,1.210462928e+00,-1.874765307e-01,-3.276228666e+00,-3.286482811e+00,-2.758668184e+00,-2.779536009e+00,-2.678083181e+00,-2.806036234e+00,-3.356688499e+00,-6.283630133e-01,4.000000000e+00,9.000000000e+00,1.500000000e+01,0.000000000e+00,8.605061769e-01,3.108597040e+00,3.437193483e-02,1.000000000e+00,-2.158698559e+00,-4.308964729e+00,1.519729853e+00,3.108452797e+00,-1.826584458e+00,-2.239313126e+00,1.690222263e+00,6.283630133e-01,2.000000000e+00,0.000000000e+00,2.000000000e+00,3.000000000e+00,-1.000000000e+00,0.000000000e+00,1.000000000e+00,1.000000000e+00,-5.597249031e+00,-1.767291427e+00,7.978592515e-01,-5.592786789e+00,1.000000000e+00,4.141753038e-07,9.326519370e-01
20,1,5.618201494e-01,4.648997188e-01,-1.607295156e+00,1.479466200e+00,4.810275882e-02,-3.186432123e+00,-3.191146612e+00,-2.696150541e+00,-2.741487503e+00,-2.599273205e+00,-2.634303093e+00,-3.283185482e+00,-6.931869984e-01,4.000000000e+00,1.000000000e+01,1.600000000e+01,0.000000000e+00,1.914544821e+00,3.556718349e+00,2.753463984e-01,1.000000000e+00,-2.072161198e+00,-4.138862133e+00,2.160202861e-01,3.556718349e+00,-2.990181923e+00,-2.169068575e+00,3.482833624e+00,6.931869984e-01,0.000000000e+00,0.000000000e+00,0.000000000e+00,0.000000000e+00,-1.000000000e+00,-1.000000000e+00,-1.000000000e+00,0.000000000e+00,-9.999956489e-01,4.141753038e-07,1.000000000e+00,-6.989678144e-01,0.000000000e+00,4.141753038e-07,9.847303033e-01
20,2,2.698975503e-01,2.363135219e-01,-1.885629773e+00,1.382088661e+00,-8.030882478e-02,-2.945385695e+00,-2.951735020e+00,-2.330564022e+00,-2.371077299e+00,-2.296987057e+00,-2.392480373e+00,-2.978939056e+00,-3.983561099e-01,4.000000000e+00,1.000000000e+01,1.700000000e+01,0.000000000e+00,9.779722691e-01,2.786078453e+00,1.516400129e-01,1.000000000e+00,-2.121918917e+00,-4.237104416e+00,1.029229760e+00,2.786011934e+00,-1.578246474e+00,-2.155498505e+00,1.830878973e+00,3.983561099e-01,0.000000000e+00,0.000000000e+00,0.000000000e+00,0.000000000e+00,-1.000000000e+00,-1.000000000e+00,-1.000000000e+00,0.000000000e+00,-9.999956489e-01,4.141753038e-07,1.000000000e+00,-6.989678144e-01,0.000000000e+00,4.141753038e-07,9.985773563e-01
20,3,8.680024147e-01,8.494865894e-01,-1.315869689e+00,1.500688434e+00,1.027487367e-01,-3.465723753e+00,-3.564540148e+00,-2.651302576e+00,-2.967483521e+00,-2.632794857e+00,-3.032930374e+00,-3.484184265e+00,-2.940864265e-01,4.000000000e+00,1.000000000e+01,1.500000000e+01,1.000000000e+00,8.669013977e-01,3.066523314e+00,3.245973289e-01,9.375000000e-01,-2.165301800e+00,-4.321558952e+00,1.430657983e+00,3.066407204e+00,-2.386609316e+00,-2.183814764e+00,1.970639467e+00,2.940864265e-01,3.000000000e+00,0.000000000e+00,3.000000000e+00,3.000000000e+00,-1.000000000e+00,0.000000000e+00,2.000000000e+00,1.000000000e+00,-4.632253647e+00,-2.495539188e+00,-6.578390002e-01,-4.630928040e+00,1.000000000e+00,4.141753038e-07,1.563959569e-02
20,4,4.588357806e-01,3.925927877e-01,-1.710825920e+00,1.406961322e+00,-2.440200932e-02,-3.114368916e+00,-3.132828712e+00,-2.623559952e+00,-2.671505690e+00,-2.557342529e+00,-2.562648058e+00,-3.180518627e+00,-5.664649606e-01,3.000000000e+00,9.000000000e+00,1.600000000e+01,0.000000000e+00,1.174627900e+00,3.144813538e+00,2.028415799e-01,1.000000000e+00,-2.103385687e+00,-4.200466156e+00,3.172297776e-01,3.144813061e+00,-2.746829987e+00,-2.169619799e+00,2.941695452e+00,5.664649606e-01,1.000000000e+00,0.000000000e+00,1.000000000e+00,3.000000000e+00,-1.000000000e+00,0.000000000e+00,1.000000000e+00,1.000000000e+00,-4.461147785e+00,-3.573543310e+00,-2.943314075e+00,-4.461035252e+00,1.000000000e+00,4.141753038e-07,9.937019348e-01
20,5,2.673875093e-01,2.662196159e-01,-1.615831852e+00,6.537948251e-01,-1.913026124e-01,-2.950097084e+00,-2.975012302e+00,-2.291087151e+00,-2.460594177e+00,-2.289919376e+00,-2.149403811e+00,-2.951263905e+00,-7.337103784e-02,4.000000000e+00,6.000000000e+00,6.000000000e+00,1.000000000e+00,1.296043634e+00,2.938026190e+00,-1.243559346e-01,8.571428657e-01,-1.882036090e+00,-3.761631012e+00,7.864751667e-02,2.938025713e+00,-2.648098469e+00,-1.883203864e+00,3.029989243e+00,7.337103784e-02,0.000000000e+00,0.000000000e+00,0.000000000e+00,0.000000000e+00,-1.000000000e+00,-1.000000000e+00,-1.000000000e+00,0.000000000e+00,-9.999956489e-01,4.141753038e-07,1.000000000e+00,-6.989678144e-01,0.000000000e+00,4.141753038e-07,9.981818199e-01
20,6,6.815911531e-01,6.793221831e-01,-1.461722851e+00,1.505736828e+00,7.437334955e-02,-3.285119534e+00,-3.433814526e+00,-2.483456135e+00,-2.883779287e+00,-2.481187820e+00,-2.822370052e+00,-3.287384272e+00,-1.023098826e-01,4.000000000e+00,1.000000000e+01,1.600000000e+01,0.000000000e+00,1.000157714e+00,2.981399059e+00,3.016169965e-01,1.000000000e+00,-2.140997410e+00,-4.273888111e+00,3.041321933e-01,2.981398106e+00,-3.258513451e+00,-2.143266201e+00,3.079893351e+00,1.023098826e-01,0.000000000e+00,0.000000000e+00,0.000000000e+00,0.000000000e+00,-1.000000000e+00,-1.000000000e+00,-1.000000000e+00,0.000000000e+00,-9.999956489e-01,4.141753038e-07,1.000000000e+00,-6.989678144e-01,0.000000000e+00,4.141753038e-07,6.088137031e-01
20,7,3.248916864e-01,3.173158765e-01,-1.778040409e+00,9.622074962e-01,7.965341210e-03,-1.838378072e+00,-2.535989046e+00,-1.441988647e-01,-1.021654606e+00,-1.366230696e-01,-2.394045353e+00,-1.845953345e+00,-1.873265952e-01,0.000000000e+00,4.000000000e+00,7.000000000e+00,0.000000000e+00,2.542379379e+00,2.133388519e+00,1.171097308e-01,1.000000000e+00,-2.095328093e+00,-4.158344746e+00,2.129283667e+00,1.269608498e+00,7.903090119e-01,-2.102902889e+00,2.536058985e-02,1.873265952e-01,0.000000000e+00,0.000000000e+00,0.000000000e+00,0.000000000e+00,-1.000000000e+00,-1.000000000e+00,-1.000000000e+00,0.000000000e+00,-9.999956489e-01,4.141753038e-07,1.000000000e+00,-6.989678144e-01,0.000000000e+00,4.141753038e-07,9.971202612e-01
21,0,1.199532747e+00,4.351049066e-01,-1.057562232e+00,9.913418889e-01,-5.005035177e-02,-3.269991875e+00,-3.028337240e+00,-2.666233063e+00,-2.479429007e+00,-1.901971817e+00,-2.692068100e+00,-4.030544758e+00,-2.445826530e+00,8.000000000e+00,6.000000000e+00,8.000000000e+00,0.000000000e+00,1.052754998e+00,2.428397417e+00,8.825217932e-02,1.000000000e+00,-1.492658496e+00,-2.985001326e+00,3.419488072e-01,2.428382874e+00,-2.572553873e+00,-2.257021427e+00,2.663928270e+00,2.445826530e+00,0.000000000e+00,0.000000000e+00,0.000000000e+00,0.000000000e+00,-1.000000000e+00,-1.000000000e+00,-1.000000000e+00,0.000000000e+00,-9.999956489e-01,4.141753038e-07,1.000000000e+00,-6.989678144e-01,0.000000000e+00,4.141753038e-07,9.895771742e-01
21,1,1.276449203e+00,5.511326194e-01,-1.273553610e+00,1.739815474e+00,2.213017642e-01,-2.944857836e+00,-2.937243700e+00,-2.428307772e+00,-2.412248135e+00,-1.703085780e+00,-3.101754427e+00,-3.668528080e+00,-2.354273081e+00,8.000000000e+00,1.200000000e+01,1.900000000e+01,0.000000000e+00,6.621372104e-01,2.034176826e+00,4.610619545e-01,1.000000000e+00,-1.824665189e+00,-3.648610830e+00,-7.070432305e-01,2.034176111e+00,-3.668509007e+00,-2.549856663e+00,3.449902773e+00,2.354273081e+00,1.000000000e+00,1.000000000e+00,0.000000000e+00,1.000000000e+00,-5.000000000e+00,2.200000000e+01,1.000000000e+00,1.000000000e+00,-4.458236217e+00,-1.452435970e+00,7.756909132e-01,-4.443603039e+00,1.000000000e+00,4.141753038e-07,9.471101761e-01
21,2,3.264963031e-01,2.065809816e-01,-1.869373679e+00,1.583643079e+00,2.614240050e-01,-2.928061485e+00,-2.900682688e+00,-2.106816053e+00,-2.115382671e+00,-1.986914039e+00,-2.404174328e+00,-3.047859669e+00,-7.777451277e-01,3.000000000e+00,8.000000000e+00,1.300000000e+01,0.000000000e+00,1.627585530e+00,2.800749063e+00,4.696998596e-01,1.000000000e+00,-2.075934887e+00,-4.147630692e+00,-6.984043866e-02,2.800748825e+00,-2.391753912e+00,-2.195833683e+00,2.999006271e+00,7.777451277e-01,0.000000000e+00,0.000000000e+00,0.000000000e+00,0.000000000e+00,-1.000000000e+00,-1.000000000e+00,-1.000000000e+00,0.000000000e+00,-9.999956489e-01,4.141753038e-07,1.000000000e+00,-6.989678144e-01,0.000000000e+00,4.141753038e-07,9.988671541e-01
21,3,3.791292310e-01,3.172558844e-01,-1.810376167e+00,1.196994543e+00,-2.009448707e-01,-3.073519230e+00,-3.038130522e+00,-2.510388374e+00,-2.420818806e+00,-2.448533773e+00,-2.507271290e+00,-3.135313988e+00,-5.465558767e-01,3.000000000e+00,9.000000000e+00,1.500000000e+01,0.000000000e+00,1.547247767e+00,3.222279549e+00,2.090360224e-02,1.000000000e+00,-2.127601624e+00,-4.248182297e+00,5.045882240e-02,3.222279549e+00,-2.687519073e+00,-2.189466000e+00,3.143996716e+00,5.465558767e-01,0.000000000e+00,0.000000000e+00,0.000000000e+00,0.000000000e+00,-1.000000000e+00,-1.000000000e+00,-1.000000000e+00,0.000000000e+00,-9.999956489e-01,4.141753038e-07,1.000000000e+00,-6.989678144e-01,0.000000000e+00,4.141753038e-07,9.971218705e-01
21,4,1.045888066e+00,3.739214540e-01,-1.567791700e+00,1.561774015e+00,1.770633459e-02,-2.793787003e+00,-2.802493334e+00,-2.296613932e+00,-2.355569839e+00,-1.624714732e+00,-2.991299629e+00,-3.464755774e+00,2.228886366e+00,8.000000000e+00,1.200000000e+01,2.000000000e+01,0.000000000e+00,1.134754419e+00,2.192110777e+00,2.607442439e-01,1.000000000e+00,-1.941691041e+00,-3.884227037e+00,-6.124736667e-01,2.192110300e+00,-3.341111422e+00,-2.613517284e+00,3.535117388e+00,2.228886366e+00,0.000000000e+00,0.000000000e+00,0.000000000e+00,0.000000000e+00,-1.000000000e+00,-1.000000000e+00,-1.000000000e+00,0.000000000e+00,-9.999956489e-01,4.141753038e-07,1.000000000e+00,-6.989678144e-01,0.000000000e+00,9.696210027e-01,9.948776960e-01
21,5,1.166737556e+00,4.167831242e-01,-1.471481442e+00,1.559709787e+00,1.564211585e-02,-2.802159786e+00,-2.803890467e+00,-2.360008955e+00,-2.356578588e+00,-1.610136151e+00,-3.057659149e+00,-3.550843000e+00,2.411978483e+00,9.000000000e+00,1.200000000e+01,2.000000000e+01,0.000000000e+00,1.078811646e+00,2.149563551e+00,2.586800158e-01,1.000000000e+00,-1.888243675e+00,-3.777087927e+00,-2.128549814e-01,2.149559498e+00,-2.985895395e+00,-2.638042927e+00,3.108777523e+00,2.411978483e+00,3.000000000e+00,3.000000000e+00,0.000000000e+00,2.000000000e+00,-5.000000000e+00,2.000000000e+01,3.000000000e+00,1.000000000e+00,-4.606231213e+00,-1.767247915e+00,2.569800317e-01,-4.599166870e+00,1.000000000e+00,4.141753038e-07,9.916598201e-01
22,0,1.061920643e+00,4.553955793e-01,-1.544896364e+00,1.591262221e+00,7.274861634e-02,-2.923778772e+00,-2.914686441e+00,-2.473140478e+00,-2.443377018e+00,-1.866712451e+00,-3.064745665e+00,-3.529196978e+00,-2.074052095e+00,7.000000000e+00,1.100000000e+01,1.900000000e+01,1.000000000e+00,1.390320539e+00,2.561904907e+00,3.125088215e-01,9.499999881e-01,-2.000263691e+00,-3.999279022e+00,-4.240095019e-01,2.561904669e+00,-3.321991205e+00,-2.606656551e+00,3.562348366e+00,2.074052095e+00,0.000000000e+00,0.000000000e+00,0.000000000e+00,0.000000000e+00,-1.000000000e+00,-1.000000000e+00,-1.000000000e+00,0.000000000e+00,-9.999956489e-01,4.141753038e-07,1.000000000e+00,-6.989678144e-01,0.000000000e+00,4.141753038e-07,9.865173101e-01
22,1,7.865021229e-01,2.932558954e-01,-1.700322390e+00,1.529390812e+00,1.087732613e-02,-2.824800968e+00,-2.814012527e+00,-2.371469259e+00,-2.367495060e+00,-1.878292084e+00,-2.784092188e+00,-3.317434788e+00,-1.802040219e+00,4.000000000e+00,1.100000000e+01,1.900000000e+01,0.000000000e+00,3.472663164e-01,2.056276321e+00,2.506374717e-01,1.000000000e+00,-1.993557096e+00,-3.987216711e+00,1.227508307e+00,2.051445484e+00,-1.433331847e+00,-2.486713171e+00,1.313202381e+00,1.802040219e+00,0.000000000e+00,0.000000000e+00,0.000000000e+00,0.000000000e+00,-1.000000000e+00,-1.000000000e+00,-1.000000000e+00,0.000000000e+00,-9.999956489e-01,4.141753038e-07,1.000000000e+00,-6.989678144e-01,1.000000000e+00,4.141753038e-07,9.976963401e-01
22,2,4.897549450e-01,2.669804394e-01,-1.718247294e+00,1.236482143e+00,-2.548788488e-01,-2.931158304e+00,-2.927865505e+00,-2.455979824e+00,-2.478510141e+00,-2.233254910e+00,-2.476656675e+00,-3.153684616e+00,1.101275444e+00,4.000000000e+00,9.000000000e+00,1.800000000e+01,0.000000000e+00,-4.907106876e+00,-2.357891798e-01,-1.878999546e-02,1.000000000e+00,-1.985208154e+00,-3.968226910e+00,-1.103819251e+00,-2.398135960e-01,-3.846386194e+00,-2.207954645e+00,1.107664824e+00,1.101275444e+00,0.000000000e+00,0.000000000e+00,0.000000000e+00,0.000000000e+00,-1.000000000e+00,-1.000000000e+00,-1.000000000e+00,0.000000000e+00,-9.999956489e-01,4.141753038e-07,1.000000000e+00,-6.989678144e-01,0.000000000e+00,4.141753038e-07,9.981700182e-01
22,3,1.190043807e+00,9.237954021e-01,-1.117681980e+00,1.574220657e+00,1.428572536e-01,-3.491819382e+00,-3.495843172e+00,-2.862797499e+00,-2.954663038e+00,-2.596694231e+00,-3.230985641e+00,-3.756928921e+00,1.223139167e+00,4.000000000e+00,1.000000000e+01,1.600000000e+01,0.000000000e+00,1.949186563e+00,3.571459293e+00,3.701009154e-01,1.000000000e+00,-2.041435242e+00,-4.077936649e+00,5.024256110e-01,3.571459055e+00,-3.375392199e+00,-2.307643414e+00,3.427098989e+00,1.223139167e+00,4.000000000e+00,4.000000000e+00,0.000000000e+00,3.000000000e+00,4.000000000e+00,3.000000000e+01,1.000000000e+00,1.000000000e+00,-5.410874844e+00,-2.728376150e+00,-1.375861645e+00,-5.410273075e+00,1.000000000e+00,4.141753038e-07,1.133523649e-03
22,4,6.797529459e-01,3.732569218e-01,-1.655390382e+00,9.941868186e-01,-2.362613678e-01,-2.636809111e+00,-2.745756626e+00,-1.070925713e+00,-1.451926470e+00,-7.644321322e-01,-2.719256639e+00,-2.943112373e+00,1.331461072e+00,0.000000000e+00,6.000000000e+00,1.100000000e+01,0.000000000e+00,1.077193856e+00,1.325067401e+00,-4.720541835e-02,1.000000000e+00,-2.028620481e+00,-4.063344002e+00,8.266847730e-01,1.302008152e+00,-9.985065460e-01,-2.335068941e+00,1.162825704e+00,1.331461072e+00,0.000000000e+00,0.000000000e+00,0.000000000e+00,0.000000000e+00,-1.000000000e+00,-1.000000000e+00,-1.000000000e+00,0.000000000e+00,-9.999956489e-01,4.141753038e-07,1.000000000e+00,-6.989678144e-01,1.000000000e+00,4.141753038e-07,9.949144125e-01
22,5,6.192722917e-01,2.765303552e-01,-1.735035777e+00,1.284772396e+00,-1.465907991e-01,-2.883102179e+00,-2.877228498e+00,-2.359240294e+00,-2.364029884e+00,-2.016552448e+00,-2.633808851e+00,-3.225445747e+00,1.426242471e+00,4.000000000e+00,1.000000000e+01,1.600000000e+01,0.000000000e+00,7.987481356e-01,2.415972948e+00,8.065272123e-02,1.000000000e+00,-2.011544943e+00,-4.021723270e+00,-1.259015799e-01,2.415971041e+00,-2.766308784e+00,-2.354233265e+00,2.889271975e+00,1.426242471e+00,0.000000000e+00,0.000000000e+00,0.000000000e+00,0.000000000e+00,-1.000000000e+00,-1.000000000e+00,-1.000000000e+00,0.000000000e+00,-9.999956489e-01,4.141753038e-07,1.000000000e+00,-6.989678144e-01,0.000000000e+00,4.141753038e-07,9.980134964e-01
22,6,6.857427359e-01,3.584839702e-01,-1.668923974e+00,1.316634059e+00,-1.457633078e-01,-2.971970558e+00,-2.966382742e+00,-2.443577051e+00,-2.442784071e+00,-2.116382122e+00,-2.715140581e+00,-3.298771858e+00,1.386033177e+00,5.000000000e+00,1.000000000e+01,1.700000000e+01,0.000000000e+00,-1.311187387e+00,1.460850358e+00,8.618548512e-02,1.000000000e+00,-2.027381659e+00,-4.052126884e+00,-6.606490016e-01,1.460837960e+00,-3.460782528e+00,-2.354588509e+00,2.447403669e+00,1.386033177e+00,0.000000000e+00,0.000000000e+00,0.000000000e+00,0.000000000e+00,-1.000000000e+00,-1.000000000e+00,-1.000000000e+00,0.000000000e+00,-9.999956489e-01,4.141753038e-07,1.000000000e+00,-6.989678144e-01,0.000000000e+00,3.161519766e-01,9.956543446e-01
22,7,8.697420359e-01,4.814526141e-01,-1.541036129e+00,1.756678462e+00,2.653169632e-01,-3.024872780e+00,-3.057461500e+00,-2.425930262e+00,-2.598495483e+00,-2.037709236e+00,-2.893649101e+00,-3.412498236e+00,1.542501807e+00,5.000000000e+00,1.000000000e+01,1.800000000e+01,0.000000000e+00,1.950241208e+00,3.012877941e+00,5.014060736e-01,1.000000000e+00,-2.022458076e+00,-4.041941166e+00,2.669217885e-01,3.012877226e+00,-2.812916517e+00,-2.410681486e+00,3.306773663e+00,1.542501807e+00,5.000000000e+00,5.000000000e+00,0.000000000e+00,3.000000000e+00,5.000000000e+00,5.000000000e+00,1.000000000e+00,1.000000000e+00,-4.407898426e+00,-1.998964190e+00,3.833034262e-02,-4.403677464e+00,1.000000000e+00,4.141753038e-07,9.809201956e-01
22,8,7.629504204e-01,3.553815782e-01,-1.723387957e+00,1.464830637e+00,-7.923695445e-02,-2.931673765e+00,-2.924700022e+00,-2.408458233e+00,-2.401355505e+00,-2.000957012e+00,-2.845092773e+00,-3.338665724e+00,1.590940118e+00,5.000000000e+00,1.100000000e+01,2.000000000e+01,0.000000000e+00,1.973994136e+00,2.987997532e+00,1.638008356e-01,1.000000000e+00,-2.078740358e+00,-4.154988766e+00,-6.381457448e-01,2.987997532e+00,-3.393916845e+00,-2.486228228e+00,4.026134014e+00,1.590940118e+00,0.000000000e+00,0.000000000e+00,0.000000000e+00,0.000000000e+00,-1.000000000e+00,-1.000000000e+00,-1.000000000e+00,0.000000000e+00,-9.999956489e-01,4.141753038e-07,1.000000000e+00,-6.989678144e-01,0.000000000e+00,4.141753038e-07,9.957927465e-01
22,9,7.197253108e-01,2.808618248e-01,-1.759779453e+00,1.495993972e+00,-4.807364568e-02,-2.835678577e+00,-2.829515457e+00,-2.377365112e+00,-2.374469995e+00,-1.938567281e+00,-2.764991760e+00,-3.274022818e+00,1.668759584e+00,5.000000000e+00,1.100000000e+01,2.000000000e+01,1.000000000e+00,1.797617078e+00,2.837413549e+00,1.949642003e-01,9.523809552e-01,-2.040618420e+00,-4.080921173e+00,-3.335652947e-01,2.837413549e+00,-2.988577604e+00,-2.479398727e+00,3.606725931e+00,1.668759584e+00,0.000000000e+00,0.000000000e+00,0.000000000e+00,0.000000000e+00,-1.000000000e+00,-1.000000000e+00,-1.000000000e+00,0.000000000e+00,-9.999956489e-01,4.141753038e-07,1.000000000e+00,-6.989678144e-01,0.000000000e+00,4.141753038e-07,9.979369640e-01
23,0,7.400730848e-01,2.969259918e-01,-1.498556495e+00,1.447743416e+00,1.255244017e-01,-2.840312243e+00,-2.818707228e+00,-2.279145479e+00,-2.270360470e+00,-1.836050987e+00,-2.536914587e+00,-3.282926083e+00,1.679341435e+00,7.000000000e+00,7.000000000e+00,1.300000000e+01,0.000000000e+00,-1.911108047e-01,1.740673065e+00,3.338002264e-01,1.000000000e+00,-1.795468807e+00,-3.590791225e+00,1.890483201e-01,1.740501881e+00,-2.378215551e+00,-2.238568068e+00,1.985762119e+00,1.679341435e+00,0.000000000e+00,0.000000000e+00,0.000000000e+00,0.000000000e+00,-1.000000000e+00,-1.000000000e+00,-1.000000000e+00,0.000000000e+00,-9.999956489e-01,4.141753038e-07,1.000000000e+00,-6.989678144e-01,0.000000000e+00,4.141753038e-07,9.976183772e-01
23,1,9.593254328e-01,4.827139974e-01,-1.504266977e+00,1.495352864e+00,-7.284840196e-02,-3.016452074e+00,-3.008793116e+00,-2.491564751e+00,-2.481873512e+00,-2.015043020e+00,-2.947643757e+00,-3.492164135e+00,1.761502266e+00,6.000000000e+00,1.200000000e+01,2.100000000e+01,0.000000000e+00,1.103835583e+00,2.567005634e+00,1.731338054e-01,1.000000000e+00,-1.986952543e+00,-3.971611023e+00,-7.839760780e-01,2.567005634e+00,-3.746269703e+00,-2.463479996e+00,3.817101240e+00,1.761502266e+00,0.000000000e+00,0.000000000e+00,0.000000000e+00,0.000000000e+00,-1.000000000e+00,-1.000000000e+00,-1.000000000e+00,0.000000000e+00,-9.999956489e-01,4.141753038e-07,1.000000000e+00,-6.989678144e-01,0.000000000e+00,4.141753038e-07,9.805876017e-01
23,2,1.064789057e+00,5.690327883e-01,-1.471629620e+00,1.692115068e+00,1.239136979e-01,-3.061969757e+00,-2.998688698e+00,-2.539113522e+00,-2.360378027e+00,-2.043459415e+00,-3.106463432e+00,-3.556659698e+00,1.808140993e+00,6.000000000e+00,1.200000000e+01,2.100000000e+01,0.000000000e+00,-1.324081302e+00,1.532577634e+00,3.698959947e-01,1.000000000e+00,-2.040627480e+00,-4.077680111e+00,1.440067291e+00,1.302680254e+00,-1.489429474e+00,-2.536282063e+00,1.795796305e-01,1.808140993e+00,3.000000000e+00,3.000000000e+00,0.000000000e+00,1.000000000e+00,5.000000000e+00,1.000000000e+00,1.000000000e+00,1.000000000e+00,-4.463267326e+00,-1.856832504e+00,3.556292355e-01,-4.457443714e+00,1.000000000e+00,4.141753038e-07,9.299438596e-01
23,3,8.259710073e-01,2.444889694e-01,-1.752160788e+00,1.403078198e+00,-1.154352278e-01,-2.731798887e+00,-2.725567579e+00,-2.289611340e+00,-2.280937672e+00,-1.708191633e+00,-2.829293728e+00,-3.312622309e+00,2.014420986e+00,6.000000000e+00,1.100000000e+01,1.900000000e+01,0.000000000e+00,1.044441223e+00,2.230434656e+00,1.243248582e-01,1.000000000e+00,-1.996630907e+00,-3.995965719e+00,-8.940499425e-01,2.230434418e+00,-3.418423176e+00,-2.577991962e+00,3.696645260e+00,2.014420986e+00,0.000000000e+00,0.000000000e+00,0.000000000e+00,0.000000000e+00,-1.000000000e+00,-1.000000000e+00,-1.000000000e+00,0.000000000e+00,-9.999956489e-01,4.141753038e-07,1.000000000e+00,-6.989678144e-01,0.000000000e+00,4.141753038e-07,9.984812140e-01
23,4,1.683990002e+00,1.005676985e+00,-8.468349576e-01,1.527643085e+00,-4.055820405e-02,-3.385040283e+00,-3.364772320e+00,-2.901827812e+00,-2.785677195e+00,-2.223788738e+00,-3.534979343e+00,-4.059400082e+00,2.243836403e+00,8.000000000e+00,1.200000000e+01,2.100000000e+01,0.000000000e+00,-3.854672611e-01,2.040782213e+00,2.054240108e-01,1.000000000e+00,-1.852483988e+00,-3.702799320e+00,1.376927972e+00,2.030323744e+00,-2.414578438e+00,-2.530680418e+00,1.215465546e+00,2.243836403e+00,4.000000000e+00,4.000000000e+00,0.000000000e+00,1.000000000e+00,5.000000000e+00,8.000000000e+00,1.000000000e+00,1.000000000e+00,-5.113547802e+00,-1.585306644e+00,5.121035576e-01,-5.103838921e+00,1.000000000e+00,4.141753038e-07,3.489440132e-05
24,0,1.177978039e+00,4.435565472e-01,-1.420203686e+00,1.833411455e+00,2.893435955e-01,-2.846420288e+00,-2.835464239e+00,-2.332270622e+00,-2.315480232e+00,-1.597925067e+00,-3.043509483e+00,-3.579494715e+00,-2.375611305e+00,8.000000000e+00,1.200000000e+01,2.000000000e+01,0.000000000e+00,1.341065407e+00,2.268524408e+00,5.323815346e-01,1.000000000e+00,-1.863739729e+00,-3.727458477e+00,4.555687904e-01,2.268473148e+00,-2.303470373e+00,-2.598021030e+00,2.530500650e+00,2.375611305e+00,4.000000000e+00,4.000000000e+00,0.000000000e+00,2.000000000e+00,5.000000000e+00,2.000000000e+01,3.000000000e+00,1.000000000e+00,-4.099915028e+00,-1.897309422e+00,-5.607176572e-02,-4.094517231e+00,1.000000000e+00,1.334926724e+00,9.884133935e-01
24,1,1.170505285e+00,4.437068701e-01,-1.268097758e+00,1.411469698e+00,2.975264788e-01,-3.029970169e+00,-3.069204807e+00,-2.373793125e+00,-2.481363773e+00,-1.647077799e+00,-2.882592201e+00,-3.754758120e+00,-2.357747078e+00,8.000000000e+00,7.000000000e+00,9.000000000e+00,0.000000000e+00,1.397081017e+00,2.345652103e+00,4.572272301e-01,1.000000000e+00,-1.711790085e+00,-3.423079014e+00,2.626031041e-01,2.345637321e+00,-2.662399530e+00,-2.438491821e+00,2.917360783e+00,2.357747078e+00,4.000000000e+00,4.000000000e+00,0.000000000e+00,2.000000000e+00,5.000000000e+00,2.000000000e+01,3.000000000e+00,1.000000000e+00,-1.441363573e+00,-1.909188628e+00,-3.840500116e-01,-1.436043859e+00,1.000000000e+00,1.325360179e+00,9.883913398e-01
24,2,6.595407724e-01,3.996891379e-01,-1.646133661e+00,1.300593019e+00,-9.734643996e-02,-3.020932674e+00,-3.018254280e+00,-2.534414291e+00,-2.567559004e+00,-2.274629593e+00,-2.706906557e+00,-3.280411005e+00,1.205562115e+00,3.000000000e+00,9.000000000e+00,1.500000000e+01,0.000000000e+00,4.074686766e-01,2.478453398e+00,1.245021001e-01,1.000000000e+00,-2.045793533e+00,-4.088076591e+00,3.217096925e-01,2.478442907e+00,-2.645506859e+00,-2.305605650e+00,2.449664831e+00,1.205562115e+00,0.000000000e+00,0.000000000e+00,0.000000000e+00,0.000000000e+00,-1.000000000e+00,-1.000000000e+00,-1.000000000e+00,0.000000000e+00,-9.999956489e-01,4.141753038e-07,1.000000000e+00,-6.989678144e-01,0.000000000e+00,4.141753038e-07,9.931716919e-01
24,3,7.573838830e-01,4.684976041e-01,-1.601719975e+00,1.429816484e+00,-6.154477224e-02,-3.095398188e+00,-3.100780964e+00,-2.613802195e+00,-2.650784254e+00,-2.325002670e+00,-2.828746319e+00,-3.383773804e+00,1.284515738e+00,5.000000000e+00,1.000000000e+01,1.800000000e+01,0.000000000e+00,1.677785397e+00,3.163987160e+00,1.745441854e-01,1.000000000e+00,-2.070183754e+00,-4.135910511e+00,-1.100146413e+00,3.163987160e+00,-4.212485790e+00,-2.359021902e+00,4.587581635e+00,1.284515738e+00,1.000000000e+00,1.000000000e+00,0.000000000e+00,2.000000000e+00,-4.000000000e+00,2.900000000e+01,4.000000000e+00,1.000000000e+00,-5.715029716e+00,-1.706368208e+00,7.449367642e-01,-5.710940361e+00,1.000000000e+00,4.141753038e-07,9.839831591e-01
24,4,1.091738343e+00,4.432634711e-01,-1.473766208e+00,1.630717039e+00,8.664929122e-02,-3.269652843e+00,-3.164259911e+00,-2.582874537e+00,-2.478541613e+00,-1.934528470e+00,-3.008755684e+00,-3.915347815e+00,2.173452139e+00,7.000000000e+00,1.100000000e+01,2.000000000e+01,0.000000000e+00,1.440256834e+00,2.654702187e+00,3.296871781e-01,1.000000000e+00,-1.917006612e+00,-3.831546545e+00,4.571835697e-01,2.654693604e+00,-2.464625597e+00,-2.565357685e+00,2.741570950e+00,2.173452139e+00,1.000000000e+00,1.000000000e+00,0.000000000e+00,2.000000000e+00,-5.000000000e+00,2.600000000e+01,3.000000000e+00,1.000000000e+00,-4.197156429e+00,-2.648322582e+00,-1.460980773e+00,-4.196197033e+00,1.000000000e+00,1.335140467e+00,9.884562492e-01
24,5,1.199490547e+00,4.995433092e-01,-1.415082455e+00,1.695098042e+00,2.037366480e-01,-3.098878860e+00,-3.202686071e+00,-2.368088722e+00,-2.553526640e+00,-1.668222427e+00,-3.114355326e+00,-3.796644211e+00,2.294728041e+00,8.000000000e+00,1.100000000e+01,1.800000000e+01,0.000000000e+00,1.520478606e+00,2.428495884e+00,4.398257136e-01,1.000000000e+00,-1.914601207e+00,-3.827140570e+00,3.356893957e-01,2.428481817e+00,-2.717309475e+00,-2.614405394e+00,2.978160143e+00,2.294728041e+00,0.000000000e+00,0.000000000e+00,0.000000000e+00,0.000000000e+00,-1.000000000e+00,-1.000000000e+00,-1.000000000e+00,0.000000000e+00,-9.999956489e-01,4.141753038e-07,1.000000000e+00,-6.989678144e-01,0.000000000e+00,4.141753038e-07,9.754477739e-01
25,0,1.340215564e+00,8.996570110e-01,-1.211420536e+00,1.258901000e+00,-2.324600071e-01,-3.439070940e+00,-3.451189041e+00,-2.857396126e+00,-2.914452314e+00,-2.417037010e+00,-3.450464249e+00,-3.877536535e+00,-1.672948480e+00,4.000000000e+00,1.100000000e+01,1.800000000e+01,0.000000000e+00,1.540107369e+00,3.187205076e+00,3.628868144e-03,1.000000000e+00,-2.111028433e+00,-4.215370178e+00,5.090164542e-01,3.187204123e+00,-3.304573298e+00,-2.551488400e+00,3.175735950e+00,1.672948480e+00,5.000000000e+00,5.000000000e+00,0.000000000e+00,2.000000000e+00,4.000000000e+00,3.100000000e+01,1.000000000e+00,1.000000000e+00,-5.504512787e+00,-1.930514336e+00,3.713187873e-01,-5.501058578e+00,1.000000000e+00,4.141753038e-07,2.803661162e-03
25,1,9.596838951e-01,7.695373893e-01,-1.310749054e+00,1.199216485e+00,-2.631807923e-01,-3.378982544e+00,-3.395239353e+00,-2.769378185e+00,-2.859944105e+00,-2.579322338e+00,-3.039710283e+00,-3.568558693e+00,-1.005307198e+00,4.000000000e+00,1.000000000e+01,1.700000000e+01,0.000000000e+00,1.545243979e+00,3.352109194e+00,-3.123203665e-02,1.000000000e+00,-2.080242872e+00,-4.154553890e+00,-2.448108494e-01,3.352109194e+00,-3.871366024e+00,-2.270360947e+00,3.877139568e+00,1.005307198e+00,1.000000000e+00,1.000000000e+00,0.000000000e+00,2.000000000e+00,3.000000000e+00,3.000000000e+01,1.000000000e+00,1.000000000e+00,-5.002673149e+00,-2.182109118e+00,-2.094504982e-01,-5.000113010e+00,1.000000000e+00,4.141753038e-07,1.462485194e-01
25,2,6.118642688e-01,4.808136225e-01,-1.618616819e+00,1.382966757e+00,-7.943073660e-02,-3.137185574e+00,-3.182184219e+00,-2.540260315e+00,-2.649980307e+00,-2.409248829e+00,-2.711909771e+00,-3.268026590e+00,-8.164548874e-01,4.000000000e+00,1.000000000e+01,1.700000000e+01,0.000000000e+00,1.503352642e+00,3.161133051e+00,1.525181085e-01,1.000000000e+00,-2.099393606e+00,-4.192893028e+00,1.571419239e+00,3.160989285e+00,-1.559552908e+00,-2.230425119e+00,1.830378890e+00,8.164548874e-01,1.000000000e+00,1.000000000e+00,0.000000000e+00,2.000000000e+00,3.000000000e+00,3.000000000e+01,1.000000000e+00,1.000000000e+00,-5.533333778e+00,-2.730400801e+00,-1.260747313e+00,-5.532802582e+00,1.000000000e+00,4.141753038e-07,9.810861945e-01
25,3,3.994488418e-01,2.767867446e-01,-1.851138473e+00,1.052355289e+00,-3.455837071e-01,-2.978028297e+00,-2.995956182e+00,-2.475694656e+00,-2.545095205e+00,-2.353064537e+00,-2.529132128e+00,-3.100555658e+00,-7.874134183e-01,3.000000000e+00,9.000000000e+00,1.500000000e+01,0.000000000e+00,8.340179324e-01,2.770171881e+00,-1.237353608e-01,1.000000000e+00,-2.127897501e+00,-4.249993801e+00,9.164755791e-02,2.770170927e+00,-2.730153561e+00,-2.250540733e+00,2.870485544e+00,7.874134183e-01,0.000000000e+00,0.000000000e+00,0.000000000e+00,0.000000000e+00,-1.000000000e+00,-1.000000000e+00,-1.000000000e+00,0.000000000e+00,-9.999956489e-01,4.141753038e-07,1.000000000e+00,-6.989678144e-01,0.000000000e+00,4.141753038e-07,9.980091453e-01
25,4,5.742979050e-01,4.777123928e-01,-1.608166933e+00,1.415140986e+00,-1.622232050e-02,-3.184117794e+00,-3.206009388e+00,-2.633573294e+00,-2.748164415e+00,-2.537024975e+00,-2.660485506e+00,-3.280538082e+00,-6.919010878e-01,4.000000000e+00,1.000000000e+01,1.600000000e+01,0.000000000e+00,9.467505813e-01,3.010550022e+00,2.110212594e-01,1.000000000e+00,-2.085843801e+00,-4.165873051e+00,-1.136080623e+00,3.010550022e+00,-4.352320194e+00,-2.182416201e+00,4.354553223e+00,6.919010878e-01,0.000000000e+00,0.000000000e+00,0.000000000e+00,0.000000000e+00,-1.000000000e+00,-1.000000000e+00,-1.000000000e+00,0.000000000e+00,-9.999956489e-01,4.141753038e-07,1.000000000e+00,-6.989678144e-01,0.000000000e+00,4.141753038e-07,9.818689227e-01
25,5,9.233652353e-01,3.031406701e-01,-1.143958330e+00,1.043650270e+00,8.940811455e-02,-2.772548437e+00,-2.698067188e+00,-2.250241280e+00,-2.196473598e+00,-1.630075336e+00,-2.370827675e+00,-3.391958237e+00,2.106576204e+00,7.000000000e+00,5.000000000e+00,7.000000000e+00,0.000000000e+00,9.947725534e-01,2.127483368e+00,1.985525042e-01,1.000000000e+00,-1.447092652e+00,-2.894328594e+00,-2.721763253e-01,2.127479792e+00,-2.771602631e+00,-2.067278862e+00,2.965977192e+00,2.106576204e+00,0.000000000e+00,0.000000000e+00,0.000000000e+00,0.000000000e+00,-1.000000000e+00,-1.000000000e+00,-1.000000000e+00,0.000000000e+00,-9.999956489e-01,4.141753038e-07,1.000000000e+00,-6.989678144e-01,0.000000000e+00,4.141753038e-07,9.974789023e-01
25,6,1.057571411e+00,3.921916187e-01,-1.528440118e+00,1.516069889e+00,-2.799771726e-02,-2.823831558e+00,-2.819048643e+00,-2.367589951e+00,-2.365872383e+00,-1.702289224e+00,-2.981043100e+00,-3.488162518e+00,2.213358402e+00,8.000000000e+00,1.200000000e+01,2.000000000e+01,0.000000000e+00,9.924921393e-01,2.198564768e+00,2.150401324e-01,1.000000000e+00,-1.920610070e+00,-3.841508150e+00,-1.819241047e-02,2.198556662e+00,-2.776098013e+00,-2.585858822e+00,2.880306482e+00,2.213358402e+00,1.000000000e+00,1.000000000e+00,0.000000000e+00,1.000000000e+00,5.000000000e+00,3.500000000e+01,1.000000000e+00,1.000000000e+00,-5.794134140e+00,-1.596301436e+00,6.709426641e-01,-5.790000439e+00,1.000000000e+00,4.141753038e-07,9.937304258e-01
26,0,7.953565717e-01,2.143943161e-01,-1.783824444e+00,1.240816116e+00,-2.776970863e-01,-2.692212820e+00,-2.686922073e+00,-2.233641624e+00,-2.222773790e+00,-1.652733922e+00,-2.801691294e+00,-3.272574902e+00,-2.013180733e+00,6.000000000e+00,1.100000000e+01,1.900000000e+01,0.000000000e+00,8.877413273e-01,2.096652269e+00,-3.793708608e-02,1.000000000e+00,-1.998201609e+00,-4.000484943e+00,1.703020930e-01,2.096621990e+00,-2.266858339e+00,-2.579042435e+00,2.496363878e+00,2.013180733e+00,0.000000000e+00,0.000000000e+00,0.000000000e+00,0.000000000e+00,-1.000000000e+00,-1.000000000e+00,-1.000000000e+00,0.000000000e+00,-9.999956489e-01,4.141753038e-07,1.000000000e+00,-6.989678144e-01,0.000000000e+00,4.141753038e-07,9.987989664e-01
26,1,1.173279762e+00,6.533840299e-01,-1.264793038e+00,1.963884234e+00,6.851306558e-01,-3.070874214e+00,-3.109930038e+00,-2.401408672e+00,-2.650791168e+00,-1.881589293e+00,-3.091938019e+00,-3.589590311e+00,-1.866617560e+00,4.000000000e+00,6.000000000e+00,1.200000000e+01,1.000000000e+00,2.098251581e+00,2.930765152e+00,8.847030401e-01,9.230769277e-01,-1.918148994e+00,-3.834403992e+00,8.847097158e-01,2.930747747e+00,-2.419545889e+00,-2.437961578e+00,2.815375805e+00,1.866617560e+00,0.000000000e+00,0.000000000e+00,0.000000000e+00,0.000000000e+00,-1.000000000e+00,-1.000000000e+00,-1.000000000e+00,0.000000000e+00,-9.999956489e-01,4.141753038e-07,1.000000000e+00,-6.989678144e-01,0.000000000e+00,4.141753038e-07,7.303593755e-01
26,2,9.043775797e-01,4.274951220e-01,-1.599818110e+00,1.941236496e+00,3.730349541e-01,-2.947920799e+00,-2.916672230e+00,-2.442909718e+00,-2.361386061e+00,-1.966107368e+00,-2.934584618e+00,-3.424034119e+00,-1.762164235e+00,7.000000000e+00,1.200000000e+01,2.100000000e+01,0.000000000e+00,1.686185360e+00,2.809242725e+00,6.190173030e-01,1.000000000e+00,-2.027284145e+00,-4.052977085e+00,3.686939478e-01,2.809239864e+00,-2.420172930e+00,-2.504074335e+00,2.835841656e+00,1.762164235e+00,0.000000000e+00,0.000000000e+00,0.000000000e+00,0.000000000e+00,-1.000000000e+00,-1.000000000e+00,-1.000000000e+00,0.000000000e+00,-9.999956489e-01,4.141753038e-07,1.000000000e+00,-6.989678144e-01,0.000000000e+00,4.141753038e-07,9.905091524e-01
26,3,7.736864090e-01,3.391087651e-01,-1.691341519e+00,1.254437089e+00,-2.079602927e-01,-3.031050920e+00,-3.047912598e+00,-2.229502439e+00,-2.303032398e+00,-1.794971228e+00,-2.805724621e+00,-3.464827061e+00,-1.658155918e+00,5.000000000e+00,9.000000000e+00,1.700000000e+01,0.000000000e+00,2.014756441e+00,2.802382231e+00,2.398844808e-02,1.000000000e+00,-2.030424833e+00,-4.057797909e+00,5.315648317e-01,2.802376032e+00,-2.110607386e+00,-2.464922428e+00,2.778906822e+00,1.658155918e+00,0.000000000e+00,0.000000000e+00,0.000000000e+00,0.000000000e+00,-1.000000000e+00,-1.000000000e+00,-1.000000000e+00,0.000000000e+00,-9.999956489e-01,4.141753038e-07,1.000000000e+00,-6.989678144e-01,1.000000000e+00,4.141753038e-07,9.964364767e-01
27,0,4.973019063e-01,4.340431690e-01,-1.666756511e+00,1.289223909e+00,-7.250349224e-02,-3.087815523e+00,-3.093942642e+00,-2.155339241e+00,-2.228510141e+00,-2.092088938e+00,-2.598673820e+00,-3.150990963e+00,5.529315472e-01,3.000000000e+00,9.000000000e+00,1.400000000e+01,0.000000000e+00,7.545725107e-01,2.469444275e+00,1.430960596e-01,1.000000000e+00,-2.100764990e+00,-4.195497990e+00,5.605258346e-01,2.469411373e+00,-2.102046013e+00,-2.164015055e+00,2.045306444e+00,5.529315472e-01,0.000000000e+00,0.000000000e+00,0.000000000e+00,0.000000000e+00,-1.000000000e+00,-1.000000000e+00,-1.000000000e+00,0.000000000e+00,-9.999956489e-01,4.141753038e-07,1.000000000e+00,-6.989678144e-01,0.000000000e+00,4.141753038e-07,9.897135496e-01
27,1,2.973288596e-01,1.671255380e-01,-1.941361189e+00,1.350068808e+00,-4.787070304e-02,-2.885547161e+00,-2.884966612e+00,-2.418660641e+00,-2.444189072e+00,-2.288486719e+00,-2.408475876e+00,-3.015634060e+00,8.135531545e-01,3.000000000e+00,9.000000000e+00,1.500000000e+01,1.000000000e+00,1.180130839e+00,2.878636837e+00,1.739778370e-01,9.375000000e-01,-2.108468771e+00,-4.212637901e+00,4.931000248e-02,2.878636360e+00,-2.561967134e+00,-2.238652468e+00,2.984957695e+00,8.135531545e-01,0.000000000e+00,0.000000000e+00,0.000000000e+00,0.000000000e+00,-1.000000000e+00,-1.000000000e+00,-1.000000000e+00,0.000000000e+00,-9.999956489e-01,4.141753038e-07,1.000000000e+00,-6.989678144e-01,0.000000000e+00,4.141753038e-07,9.991430044e-01
27,2,5.823745728e-01,3.958131671e-01,-1.623877287e+00,1.621706605e+00,1.903431118e-01,-3.064908743e+00,-3.068577766e+00,-2.511766911e+00,-2.535976171e+00,-2.325254917e+00,-2.602923632e+00,-3.251199722e+00,9.944671988e-01,4.000000000e+00,9.000000000e+00,1.600000000e+01,0.000000000e+00,1.337322354e+00,2.994008064e+00,4.175868034e-01,1.000000000e+00,-2.019663095e+00,-4.035691261e+00,7.380836457e-02,2.994007826e+00,-2.857817173e+00,-2.206200123e+00,3.130852461e+00,9.944671988e-01,1.000000000e+00,1.000000000e+00,0.000000000e+00,2.000000000e+00,-3.000000000e+00,1.300000000e+01,2.000000000e+00,1.000000000e+00,-4.641619205e+00,-2.112849236e+00,-1.930651218e-01,-4.638429165e+00,1.000000000e+00,3.879775703e-01,9.934676290e-01
27,3,3.925839365e-01,1.829307973e-01,-1.833745718e+00,1.471943259e+00,9.545595385e-03,-2.853408813e+00,-2.849440813e+00,-2.384168148e+00,-2.398136139e+00,-2.174555063e+00,-2.412026167e+00,-3.062869787e+00,1.063223720e+00,4.000000000e+00,1.000000000e+01,1.700000000e+01,0.000000000e+00,5.026192665e-01,2.425930977e+00,2.414945215e-01,1.000000000e+00,-2.016660690e+00,-4.031564713e+00,-5.267788097e-02,2.425928593e+00,-2.633666754e+00,-2.226285934e+00,2.702109098e+00,1.063223720e+00,0.000000000e+00,0.000000000e+00,0.000000000e+00,0.000000000e+00,-1.000000000e+00,-1.000000000e+00,-1.000000000e+00,0.000000000e+00,-9.999956489e-01,4.141753038e-07,1.000000000e+00,-6.989678144e-01,0.000000000e+00,4.141753038e-07,9.990445971e-01
27,4,1.114736557e+00,8.989592791e-01,-1.164680600e+00,1.377632141e+00,-5.373117328e-02,-3.489802122e+00,-3.547398567e+00,-2.861753464e+00,-3.023590803e+00,-2.646099806e+00,-3.177892923e+00,-3.704716921e+00,1.081067324e+00,4.000000000e+00,1.000000000e+01,1.600000000e+01,0.000000000e+00,-3.300100565e-01,2.481316090e+00,1.735123843e-01,1.000000000e+00,-2.063595772e+00,-4.121671677e+00,5.899631977e-01,2.481280327e+00,-3.332111597e+00,-2.279340744e+00,2.268956661e+00,1.081067324e+00,3.000000000e+00,2.000000000e+00,1.000000000e+00,3.000000000e+00,2.000000000e+00,5.000000000e+00,1.000000000e+00,1.000000000e+00,-5.223659515e+00,-2.642055988e+00,-1.159171820e+00,-5.222836018e+00,1.000000000e+00,4.141753038e-07,2.875820035e-03
27,5,5.669908524e-01,3.360737562e-01,-1.626895666e+00,8.871412277e-01,-1.542508453e-01,-2.657450914e+00,-2.660041332e+00,-1.088823080e+00,-1.353663087e+00,-8.579080105e-01,-2.543849230e+00,-2.888229609e+00,1.124564052e+00,0.000000000e+00,5.000000000e+00,8.000000000e+00,0.000000000e+00,2.717792690e-01,1.311625719e+00,-1.594832353e-02,1.000000000e+00,-1.962947726e+00,-3.936231852e+00,1.277832747e+00,8.909842968e-01,-4.119125009e-01,-2.193836927e+00,1.089130640e-01,1.124564052e+00,0.000000000e+00,0.000000000e+00,0.000000000e+00,0.000000000e+00,-1.000000000e+00,-1.000000000e+00,-1.000000000e+00,0.000000000e+00,-9.999956489e-01,4.141753038e-07,1.000000000e+00,-6.989678144e-01,0.000000000e+00,4.141753038e-07,9.965428710e-01
27,6,5.327620506e-01,2.531531453e-01,-1.857318163e+00,1.447397113e+00,1.251780987e-01,-2.898055077e+00,-2.873805046e+00,-2.325020075e+00,-2.261095524e+00,-2.045454502e+00,-2.647223473e+00,-3.177353859e+00,1.259511471e+00,3.000000000e+00,8.000000000e+00,1.300000000e+01,0.000000000e+00,1.840863943e+00,2.967078686e+00,3.334539533e-01,1.000000000e+00,-2.110446453e+00,-4.217923641e+00,1.927799106e+00,2.965259075e+00,-5.865269899e-01,-2.390004873e+00,1.253131032e+00,1.259511471e+00,0.000000000e+00,0.000000000e+00,0.000000000e+00,0.000000000e+00,-1.000000000e+00,-1.000000000e+00,-1.000000000e+00,0.000000000e+00,-9.999956489e-01,4.141753038e-07,1.000000000e+00,-6.989678144e-01,0.000000000e+00,4.141753038e-07,9.983699918e-01
27,7,1.116110682e+00,3.539108932e-01,-1.540340900e+00,1.603981972e+00,3.735332787e-01,-2.738791227e+00,-2.721510649e+00,-2.296173573e+00,-2.251018286e+00,-1.534044623e+00,-3.014249325e+00,-3.499854088e+00,2.440618277e+00,9.000000000e+00,8.000000000e+00,1.100000000e+01,0.000000000e+00,8.037173152e-01,1.935920715e+00,5.625894666e-01,1.000000000e+00,-1.894232631e+00,-3.790167332e+00,-5.179002881e-01,1.935917974e+00,-3.122332096e+00,-2.656269789e+00,3.170600891e+00,2.440618277e+00,1.000000000e+00,1.000000000e+00,0.000000000e+00,1.000000000e+00,5.000000000e+00,3.100000000e+01,1.000000000e+00,1.000000000e+00,-4.493840218e+00,-1.635475636e+00,5.378869176e-01,-4.484208584e+00,1.000000000e+00,4.141753038e-07,9.958564639e-01
27,8,1.104782581e+00,2.735541463e-01,-1.180223107e+00,5.970385075e-01,-4.443530738e-01,-2.608878374e+00,-2.597283602e+00,-2.167267084e+00,-2.168601751e+00,-1.336092830e+00,-2.559428692e+00,-3.439088345e+00,2.601638317e+00,8.000000000e+00,7.000000000e+00,8.000000000e+00,0.000000000e+00,-7.355896235e-01,9.686592817e-01,-3.060507178e-01,1.000000000e+00,-1.453771234e+00,-2.908235312e+00,-4.212417603e-01,9.682984352e-01,-2.863145590e+00,-2.284928560e+00,2.221935987e+00,2.601638317e+00,0.000000000e+00,0.000000000e+00,0.000000000e+00,0.000000000e+00,-1.000000000e+00,-1.000000000e+00,-1.000000000e+00,0.000000000e+00,-9.999956489e-01,4.141753038e-07,1.000000000e+00,-6.989678144e-01,0.000000000e+00,4.141753038e-07,9.980641007e-01
28,0,9.146498442e-01,3.574482799e-01,-1.608126640e+00,1.528064609e+00,-1.600291952e-02,-2.810661793e+00,-2.846185446e+00,-2.221407652e+00,-2.322656870e+00,-1.664258242e+00,-2.884015560e+00,-3.367131710e+00,-1.956362605e+00,7.000000000e+00,1.100000000e+01,2.000000000e+01,0.000000000e+00,1.564312339e+00,2.446437120e+00,2.270349413e-01,1.000000000e+00,-1.965552330e+00,-3.931565285e+00,-7.667276077e-03,2.446434498e+00,-2.687652349e+00,-2.522649288e+00,3.112478971e+00,1.956362605e+00,0.000000000e+00,0.000000000e+00,0.000000000e+00,0.000000000e+00,-1.000000000e+00,-1.000000000e+00,-1.000000000e+00,0.000000000e+00,-9.999956489e-01,4.141753038e-07,1.000000000e+00,-6.989678144e-01,0.000000000e+00,4.141753038e-07,9.957011342e-01
28,1,9.608953595e-01,3.769307137e-01,-1.603625894e+00,1.400973678e+00,-1.175397187e-01,-2.851089001e+00,-2.842100382e+00,-2.307815790e+00,-2.290829420e+00,-1.723916054e+00,-2.944685936e+00,-3.434180260e+00,-2.020343304e+00,7.000000000e+00,1.100000000e+01,1.900000000e+01,2.000000000e+00,-2.038027644e-01,1.622058034e+00,1.222203597e-01,9.047619104e-01,-1.980532289e+00,-3.960761070e+00,-3.717205822e-01,1.622035742e+00,-3.039090872e+00,-2.564379215e+00,2.560532808e+00,2.020343304e+00,1.000000000e+00,1.000000000e+00,0.000000000e+00,1.000000000e+00,-5.000000000e+00,1.300000000e+01,1.000000000e+00,1.000000000e+00,-5.148219585e+00,-1.642151237e+00,6.968353987e-01,-5.139794827e+00,1.000000000e+00,4.141753038e-07,9.947073460e-01
28,2,5.530292988e-01,3.310628235e-01,-1.682917595e+00,1.650702596e+00,2.193390876e-01,-2.991508007e+00,-2.996428251e+00,-2.522391319e+00,-2.556710005e+00,-2.300482750e+00,-2.568414211e+00,-3.213190556e+00,-1.098951340e+00,4.000000000e+00,1.000000000e+01,1.600000000e+01,0.000000000e+00,2.749957331e-02,2.314319849e+00,4.465827644e-01,1.000000000e+00,-2.013956308e+00,-4.024923325e+00,-3.304759860e-01,2.314318657e+00,-3.217688560e+00,-2.235893011e+00,2.900757790e+00,1.098951340e+00,0.000000000e+00,0.000000000e+00,0.000000000e+00,0.000000000e+00,-1.000000000e+00,-1.000000000e+00,-1.000000000e+00,0.000000000e+00,-9.999956489e-01,4.141753038e-07,1.000000000e+00,-6.989678144e-01,0.000000000e+00,4.141753038e-07,9.967100620e-01
28,3,7.749179006e-01,5.901821852e-01,-1.355167031e+00,1.489103556e+00,9.116383642e-02,-3.222933531e+00,-3.256917715e+00,-2.619438648e+00,-2.725689411e+00,-2.434765577e+00,-2.720403194e+00,-3.407284737e+00,-9.889220595e-01,4.000000000e+00,9.000000000e+00,1.500000000e+01,0.000000000e+00,3.354789019e-01,2.602635145e+00,3.130124807e-01,1.000000000e+00,-1.945320606e+00,-3.887706041e+00,5.396566987e-01,2.602618933e+00,-2.776186466e+00,-2.130036116e+00,2.353932381e+00,9.889220595e-01,2.000000000e+00,1.000000000e+00,1.000000000e+00,3.000000000e+00,-2.000000000e+00,2.000000000e+00,1.000000000e+00,1.000000000e+00,-5.359270573e+00,-2.355617046e+00,-8.245307207e-01,-5.357796192e+00,1.000000000e+00,4.141753038e-07,9.016624689e-01
28,4,1.130480528e+00,1.109154224e+00,-1.025309086e+00,1.352634072e+00,-1.097633839e-01,-3.568483114e+00,-3.723811626e+00,-2.779132605e+00,-3.159758329e+00,-2.757818937e+00,-3.264165401e+00,-3.589728355e+00,-3.159570694e-01,5.000000000e+00,1.000000000e+01,1.700000000e+01,0.000000000e+00,3.133207858e-01,2.914737463e+00,1.221854612e-01,1.000000000e+00,-2.134408712e+00,-4.260958195e+00,7.695512772e-01,2.914726257e+00,-3.498618126e+00,-2.155731916e+00,2.547386885e+00,3.159570694e-01,3.000000000e+00,0.000000000e+00,3.000000000e+00,3.000000000e+00,-1.000000000e+00,3.000000000e+00,2.000000000e+00,1.000000000e+00,-5.812288284e+00,-2.066279888e+00,1.437630951e-01,-5.810982227e+00,1.000000000e+00,4.141753038e-07,1.496655102e-07
28,5,1.077713609e+00,4.956575036e-01,-1.408931375e+00,1.453733325e+00,9.200579673e-02,-2.890948534e+00,-2.907816172e+00,-2.419068336e+00,-2.440559149e+00,-1.837096334e+00,-2.984101772e+00,-3.472053051e+00,2.015790462e+00,6.000000000e+00,8.000000000e+00,1.400000000e+01,1.000000000e+00,1.934550524e+00,2.804802179e+00,3.076054752e-01,9.333333373e-01,-1.904565096e+00,-3.808602810e+00,1.451604724e+00,2.804374933e+00,-1.484718323e+00,-2.486522913e+00,1.956318617e+00,2.015790462e+00,0.000000000e+00,0.000000000e+00,0.000000000e+00,0.000000000e+00,-1.000000000e+00,-1.000000000e+00,-1.000000000e+00,0.000000000e+00,-9.999956489e-01,4.141753038e-07,1.000000000e+00,-6.989678144e-01,1.000000000e+00,4.141753038e-07,9.767600894e-01
28,6,1.154049516e+00,4.822684228e-01,-1.361423492e+00,1.425914288e+00,-5.449128803e-03,-2.887379646e+00,-2.887587786e+00,-2.079692841e+00,-2.094044685e+00,-1.407952666e+00,-2.999042749e+00,-3.557923794e+00,2.228449106e+00,5.000000000e+00,1.000000000e+01,1.600000000e+01,2.000000000e+00,2.000951529e+00,2.408666611e+00,2.217944711e-01,8.888888955e-01,-1.843671441e+00,-3.687010765e+00,9.276169538e-01,2.408429384e+00,-1.648730516e+00,-2.515340567e+00,2.166940928e+00,2.228449106e+00,0.000000000e+00,0.000000000e+00,0.000000000e+00,0.000000000e+00,-1.000000000e+00,-1.000000000e+00,-1.000000000e+00,0.000000000e+00,-9.999956489e-01,4.141753038e-07,1.000000000e+00,-6.989678144e-01,0.000000000e+00,4.141753038e-07,9.807057381e-01
29,0,1.394106865e+00,8.302481174e-01,-1.102021694e+00,1.493294716e+00,-2.521873452e-02,-3.289386749e+00,-3.267489195e+00,-2.697784424e+00,-2.658468962e+00,-2.134083033e+00,-3.325621605e+00,-3.850999355e+00,-1.972306252e+00,7.000000000e+00,1.100000000e+01,1.900000000e+01,0.000000000e+00,8.028585315e-01,2.535744667e+00,2.145413905e-01,1.000000000e+00,-1.932238102e+00,-3.861541271e+00,1.006869078e+00,2.535554409e+00,-2.481914282e+00,-2.495997906e+00,2.053190708e+00,1.972306252e+00,4.000000000e+00,4.000000000e+00,0.000000000e+00,2.000000000e+00,5.000000000e+00,2.700000000e+01,3.000000000e+00,1.000000000e+00,-5.622849941e+00,-1.603623629e+00,6.791781783e-01,-5.616616249e+00,1.000000000e+00,4.141753038e-07,2.848758735e-02
29,1,7.748954296e-01,3.411281705e-01,-1.610279799e+00,1.925524116e+00,6.950752735e-01,-2.890850782e+00,-2.883569241e+00,-2.351244688e+00,-2.349133968e+00,-1.917538762e+00,-2.728492737e+00,-3.324039459e+00,-1.656149149e+00,5.000000000e+00,7.000000000e+00,1.100000000e+01,0.000000000e+00,1.399463654e+00,2.617481709e+00,8.841314316e-01,1.000000000e+00,-1.951386690e+00,-3.901777506e+00,1.102800369e+00,2.617278576e+00,-1.587541819e+00,-2.385087490e+00,1.946126938e+00,1.656149149e+00,0.000000000e+00,0.000000000e+00,0.000000000e+00,0.000000000e+00,-1.000000000e+00,-1.000000000e+00,-1.000000000e+00,0.000000000e+00,-9.999956489e-01,4.141753038e-07,1.000000000e+00,-6.989678144e-01,0.000000000e+00,4.141753038e-07,9.963635802e-01
29,2,8.258024454e-01,4.652678370e-01,-1.572968960e+00,1.354209423e+00,-1.643039137e-01,-3.048929214e+00,-3.044570208e+00,-2.515602350e+00,-2.513403177e+00,-2.155148029e+00,-2.865401983e+00,-3.408835411e+00,-1.471992850e+00,5.000000000e+00,1.100000000e+01,1.900000000e+01,0.000000000e+00,8.473455906e-01,2.579260349e+00,7.545613497e-02,1.000000000e+00,-2.038205624e+00,-4.073002815e+00,1.245456100e+00,2.578793049e+00,-1.733332992e+00,-2.398678780e+00,1.691663742e+00,1.471992850e+00,0.000000000e+00,0.000000000e+00,0.000000000e+00,0.000000000e+00,-1.000000000e+00,-1.000000000e+00,-1.000000000e+00,0.000000000e+00,-9.999956489e-01,4.141753038e-07,1.000000000e+00,-6.989678144e-01,1.000000000e+00,4.141753038e-07,9.846557379e-01
29,3,7.930951118e-01,3.191422820e-01,-1.662456989e+00,1.671519399e+00,1.033180133e-01,-2.852071047e+00,-2.847824574e+00,-2.306232214e+00,-2.309983730e+00,-1.832337618e+00,-2.777973175e+00,-3.325413465e+00,1.755005836e+00,6.000000000e+00,1.200000000e+01,2.100000000e+01,0.000000000e+00,9.722857475e-01,2.318512678e+00,3.493002951e-01,1.000000000e+00,-1.981577277e+00,-3.962753057e+00,-1.135689691e-01,2.318509817e+00,-2.742543936e+00,-2.455447912e+00,2.909669399e+00,1.755005836e+00,0.000000000e+00,0.000000000e+00,0.000000000e+00,0.000000000e+00,-1.000000000e+00,-1.000000000e+00,-1.000000000e+00,0.000000000e+00,-9.999956489e-01,4.141753038e-07,1.000000000e+00,-6.989678144e-01,0.000000000e+00,4.141753038e-07,9.970695376e-01
29,4,9.958191514e-01,4.040879607e-01,-1.541694283e+00,1.572161436e+00,2.809373103e-02,-2.874588728e+00,-2.838865757e+00,-2.412803888e+00,-2.278348207e+00,-1.821156263e+00,-2.944106579e+00,-3.465375423e+00,2.038854599e+00,7.000000000e+00,1.100000000e+01,2.000000000e+01,0.000000000e+00,-1.440850973e+00,1.144220471e+00,2.711316645e-01,1.000000000e+00,-1.945758820e+00,-3.891073942e+00,8.017452955e-01,1.093977094e+00,-1.880740047e+00,-2.537378788e+00,7.494644523e-01,2.038854599e+00,1.000000000e+00,1.000000000e+00,0.000000000e+00,1.000000000e+00,5.000000000e+00,1.200000000e+01,1.000000000e+00,1.000000000e+00,-5.004317284e+00,-2.760502100e+00,-1.631397605e+00,-5.003640652e+00,1.000000000e+00,4.141753038e-07,9.928162098e-01
29,5,1.139936090e+00,4.382046461e-01,-1.456034422e+00,1.655932665e+00,6.486847997e-02,-2.839584351e+00,-2.809033394e+00,-2.366555691e+00,-2.276727438e+00,-1.664905071e+00,-3.036900520e+00,-3.540107250e+00,2.298920631e+00,8.000000000e+00,1.200000000e+01,2.200000000e+01,0.000000000e+00,7.665318251e-01,2.048424959e+00,3.135102391e-01,1.000000000e+00,-1.894217253e+00,-3.789008856e+00,5.778219700e-01,2.048176289e+00,-2.137132645e+00,-2.595811605e+00,2.082217216e+00,2.298920631e+00,0.000000000e+00,0.000000000e+00,0.000000000e+00,0.000000000e+00,-1.000000000e+00,-1.000000000e+00,-1.000000000e+00,0.000000000e+00,-9.999956489e-01,4.141753038e-07,1.000000000e+00,-6.989678144e-01,1.000000000e+00,4.141753038e-07,9.891669750e-01
29,6,1.019024730e+00,2.961882651e-01,-1.626926184e+00,1.555053353e+00,1.236898899e-01,-2.993956566e+00,-3.044769764e+00,-2.217013121e+00,-2.374738693e+00,-1.494234562e+00,-2.942721844e+00,-3.714962959e+00,2.348458052e+00,5.000000000e+00,1.000000000e+01,1.600000000e+01,0.000000000e+00,-6.125447750e-01,1.659860253e+00,3.509335518e-01,1.000000000e+00,-1.923096180e+00,-3.844166279e+00,1.637416959e+00,1.155902624e+00,-1.033608079e+00,-2.645776987e+00,3.990769684e-01,2.348458052e+00,0.000000000e+00,0.000000000e+00,0.000000000e+00,0.000000000e+00,-1.000000000e+00,-1.000000000e+00,-1.000000000e+00,0.000000000e+00,-9.999956489e-01,4.141753038e-07,1.000000000e+00,-6.989678144e-01,0.000000000e+00,4.141753038e-07,9.976344109e-01
29,7,1.054541349e+00,3.569087684e-01,-1.528134108e+00,1.670992136e+00,1.027907804e-01,-2.766176224e+00,-2.764564991e+00,-2.251910448e+00,-2.246420860e+00,-1.554339886e+00,-2.942964554e+00,-3.462800026e+00,2.289288521e+00,7.000000000e+00,1.200000000e+01,2.100000000e+01,0.000000000e+00,1.916666925e-01,1.650403976e+00,3.487730622e-01,1.000000000e+00,-1.885024071e+00,-3.771289349e+00,1.576383859e-01,1.650179267e+00,-2.445646763e+00,-2.582524061e+00,2.184630156e+00,2.289288521e+00,0.000000000e+00,0.000000000e+00,0.000000000e+00,0.000000000e+00,-1.000000000e+00,-1.000000000e+00,-1.000000000e+00,0.000000000e+00,-9.999956489e-01,4.141753038e-07,1.000000000e+00,-6.989678144e-01,0.000000000e+00,4.141753038e-07,9.957252741e-01
29,8,8.800691366e-01,1.287512481e-01,-1.016816854e+00,1.100740433e+00,2.556425929e-01,-2.441856623e+00,-2.350100517e+00,-1.988494396e+00,-1.933483124e+00,-1.237210989e+00,-2.026244640e+00,-3.192617655e+00,2.415169001e+00,6.000000000e+00,4.000000000e+00,6.000000000e+00,0.000000000e+00,1.601220727e+00,2.037842035e+00,3.225893080e-01,1.000000000e+00,-1.145566225e+00,-2.291708946e+00,-6.149532273e-02,2.037828207e+00,-2.123709440e+00,-1.896856070e+00,2.795583010e+00,2.415169001e+00,0.000000000e+00,0.000000000e+00,0.000000000e+00,0.000000000e+00,-1.000000000e+00,-1.000000000e+00,-1.000000000e+00,0.000000000e+00,-9.999956489e-01,4.141753038e-07,1.000000000e+00,-6.989678144e-01,0.000000000e+00,4.141753038e-07,9.993315935e-01
30,0,1.039281368e+00,4.326704443e-01,-1.508018136e+00,1.855021834e+00,3.636603355e-01,-2.899315834e+00,-2.888219118e+00,-2.448763132e+00,-2.414925575e+00,-1.842243791e+00,-2.982167244e+00,-3.504880190e+00,-2.074256182e+00,6.000000000e+00,1.100000000e+01,1.800000000e+01,0.000000000e+00,-6.200094819e-01,1.532310963e+00,5.997494459e-01,1.000000000e+00,-1.940664530e+00,-3.880692959e+00,-3.052828312e-01,1.532265067e+00,-3.152375221e+00,-2.547160387e+00,2.410085201e+00,2.074256182e+00,0.000000000e+00,0.000000000e+00,0.000000000e+00,0.000000000e+00,-1.000000000e+00,-1.000000000e+00,-1.000000000e+00,0.000000000e+00,-9.999956489e-01,4.141753038e-07,1.000000000e+00,-6.989678144e-01,0.000000000e+00,4.141753038e-07,9.898866415e-01
30,1,7.081095576e-01,1.182125509e-01,-1.498667002e+00,1.079013348e+00,3.762101755e-02,-2.412537575e+00,-2.022753000e+00,-7.238439322e-01,-6.395661831e-01,-1.339483708e-01,-2.333566427e+00,-3.002110481e+00,-2.034485340e+00,0.000000000e+00,4.000000000e+00,8.000000000e+00,0.000000000e+00,1.197158813e+00,9.190208912e-01,1.759236008e-01,1.000000000e+00,-1.616874933e+00,-3.241685152e+00,8.216243982e-01,6.980342865e-01,6.384440511e-02,-2.206720352e+00,3.820288777e-01,2.034485340e+00,0.000000000e+00,0.000000000e+00,0.000000000e+00,0.000000000e+00,-1.000000000e+00,-1.000000000e+00,-1.000000000e+00,0.000000000e+00,-9.999956489e-01,4.141753038e-07,1.000000000e+00,-6.989678144e-01,0.000000000e+00,4.141753038e-07,9.993732572e-01
30,2,9.623962045e-01,6.123173237e-01,-1.362933636e+00,1.441716433e+00,-2.068110742e-02,-3.197676897e+00,-3.200407028e+00,-2.688896179e+00,-2.727711678e+00,-2.338934660e+00,-2.937876701e+00,-3.546908379e+00,-1.445164204e+00,5.000000000e+00,1.000000000e+01,1.700000000e+01,0.000000000e+00,9.355013967e-01,2.806780577e+00,2.112677693e-01,1.000000000e+00,-1.975219846e+00,-3.947254658e+00,-6.521908194e-02,2.806780100e+00,-3.404377222e+00,-2.325248003e+00,3.260644436e+00,1.445164204e+00,1.000000000e+00,1.000000000e+00,0.000000000e+00,2.000000000e+00,4.000000000e+00,3.400000000e+01,3.000000000e+00,1.000000000e+00,-5.206520081e+00,-2.088948011e+00,-2.345277518e-01,-5.203560829e+00,1.000000000e+00,4.141753038e-07,8.592174649e-01
30,3,6.504855752e-01,3.846149743e-01,-1.321302533e+00,7.781361938e-01,-6.696140021e-02,-3.031241179e+00,-2.997197866e+00,-2.561189413e+00,-2.566208363e+00,-2.295391321e+00,-2.356621265e+00,-3.296718121e+00,-1.222104192e+00,5.000000000e+00,5.000000000e+00,6.000000000e+00,0.000000000e+00,9.653605223e-01,2.778157234e+00,-1.467759284e-05,1.000000000e+00,-1.705904365e+00,-3.411040545e+00,-7.005099058e-01,2.778157234e+00,-3.649553061e+00,-1.971756339e+00,3.748758554e+00,1.222104192e+00,2.000000000e+00,2.000000000e+00,0.000000000e+00,3.000000000e+00,-4.000000000e+00,3.500000000e+01,1.000000000e+00,1.000000000e+00,-1.294068694e+00,-1.374789000e+00,6.996946335e-01,-1.276122570e+00,1.000000000e+00,4.141753038e-07,9.942402840e-01
30,4,7.169437408e-01,3.985495865e-01,-1.695326805e+00,1.209002137e+00,-2.223609686e-01,-3.006478071e+00,-3.012124300e+00,-2.528016806e+00,-2.555515289e+00,-2.209698677e+00,-2.813043594e+00,-3.324395657e+00,-1.362830043e+00,4.000000000e+00,1.000000000e+01,1.600000000e+01,1.000000000e+00,5.067827702e-01,2.463284016e+00,4.882502370e-03,9.411764741e-01,-2.093843937e+00,-4.183600903e+00,8.900471926e-01,2.463129044e+00,-2.064123392e+00,-2.412179708e+00,1.918964028e+00,1.362830043e+00,2.000000000e+00,2.000000000e+00,0.000000000e+00,3.000000000e+00,-4.000000000e+00,3.500000000e+01,1.000000000e+00,1.000000000e+00,-5.003690243e+00,-1.960196376e+00,2.768948674e-01,-4.999432087e+00,1.000000000e+00,4.141753038e-07,9.932603240e-01
30,5,6.318646073e-01,3.790235817e-01,-1.723945975e+00,1.324715495e+00,4.596219957e-02,-2.924511909e+00,-2.973039865e+00,-1.914512515e+00,-2.010912657e+00,-1.661687136e+00,-2.740355253e+00,-3.177064896e+00,-1.186169147e+00,1.000000000e+00,7.000000000e+00,1.200000000e+01,0.000000000e+00,1.626295298e-01,1.754173636e+00,2.455344200e-01,1.000000000e+00,-2.102937460e+00,-4.204707623e+00,1.152433872e+00,1.740137935e+00,-1.237539411e+00,-2.355735064e+00,9.369512200e-01,1.186169147e+00,0.000000000e+00,0.000000000e+00,0.000000000e+00,0.000000000e+00,-1.000000000e+00,-1.000000000e+00,-1.000000000e+00,0.000000000e+00,-9.999956489e-01,4.141753038e-07,1.000000000e+00,-6.989678144e-01,0.000000000e+00,4.141753038e-07,9.945847392e-01
31,0,7.517145872e-01,1.764300019e-01,-1.754998088e+00,2.004806519e+00,4.366049767e-01,-2.661736488e+00,-2.652001143e+00,-2.141168833e+00,-2.129037380e+00,-1.565928102e+00,-2.689971685e+00,-3.236471415e+00,-1.999626040e+00,7.000000000e+00,1.100000000e+01,2.100000000e+01,0.000000000e+00,8.351656199e-01,1.983543992e+00,6.825873256e-01,1.000000000e+00,-1.931415439e+00,-3.866715431e+00,-5.156219378e-02,1.983525515e+00,-2.356989622e+00,-2.506597996e+00,2.598174334e+00,1.999626040e+00,0.000000000e+00,0.000000000e+00,0.000000000e+00,0.000000000e+00,-1.000000000e+00,-1.000000000e+00,-1.000000000e+00,0.000000000e+00,-9.999956489e-01,4.141753038e-07,1.000000000e+00,-6.989678144e-01,0.000000000e+00,4.141753038e-07,9.990868568e-01
31,1,9.707496762e-01,4.662320912e-01,-1.513402104e+00,1.763344288e+00,1.722799689e-01,-2.892011404e+00,-2.976897240e+00,-2.239820480e+00,-2.455527306e+00,-1.735354662e+00,-2.952949524e+00,-3.395786285e+00,-1.829405308e+00,7.000000000e+00,1.200000000e+01,2.200000000e+01,0.000000000e+00,1.058375359e+00,2.264605284e+00,4.209218025e-01,1.000000000e+00,-1.979606867e+00,-3.958274841e+00,4.022991955e-01,2.264564276e+00,-2.519440651e+00,-2.484033585e+00,2.582489491e+00,1.829405308e+00,0.000000000e+00,0.000000000e+00,0.000000000e+00,0.000000000e+00,-1.000000000e+00,-1.000000000e+00,-1.000000000e+00,0.000000000e+00,-9.999956489e-01,4.141753038e-07,1.000000000e+00,-6.989678144e-01,1.000000000e+00,4.141753038e-07,9.844583273e-01
31,2,7.681149244e-01,2.859581709e-01,-1.714403868e+00,1.338117123e+00,-2.529467642e-01,-2.809183359e+00,-2.819067001e+00,-2.360143423e+00,-2.377956152e+00,-1.878053188e+00,-2.772878170e+00,-3.290771246e+00,-1.775036693e+00,7.000000000e+00,1.200000000e+01,2.200000000e+01,0.000000000e+00,2.068304062e+00,2.912239075e+00,-4.305162933e-03,1.000000000e+00,-2.000340939e+00,-4.001029968e+00,2.682426870e-01,2.912237883e+00,-2.395667315e+00,-2.482409477e+00,3.143913269e+00,1.775036693e+00,0.000000000e+00,0.000000000e+00,0.000000000e+00,0.000000000e+00,-1.000000000e+00,-1.000000000e+00,-1.000000000e+00,0.000000000e+00,-9.999956489e-01,4.141753038e-07,1.000000000e+00,-6.989678144e-01,0.000000000e+00,4.141753038e-07,9.978420734e-01
31,3,7.347440124e-01,2.976263463e-01,-1.761121750e+00,1.526393294e+00,3.503195569e-02,-2.856754303e+00,-2.854186058e+00,-2.406333447e+00,-2.413834572e+00,-1.969285846e+00,-2.798031807e+00,-3.293330431e+00,-1.664442182e+00,3.000000000e+00,1.000000000e+01,1.800000000e+01,1.000000000e+00,1.022046924e+00,2.480350256e+00,2.711209655e-01,9.473684430e-01,-2.058723211e+00,-4.116615295e+00,-3.191361427e-01,2.480349541e+00,-3.030244589e+00,-2.495754719e+00,3.243872881e+00,1.664442182e+00,0.000000000e+00,0.000000000e+00,0.000000000e+00,0.000000000e+00,-1.000000000e+00,-1.000000000e+00,-1.000000000e+00,0.000000000e+00,-9.999956489e-01,4.141753038e-07,1.000000000e+00,-6.989678144e-01,0.000000000e+00,4.141753038e-07,9.976032376e-01
31,4,7.113399506e-01,6.387094855e-01,-1.463291287e+00,1.458549976e+00,-3.281127289e-02,-3.333701134e+00,-3.369809628e+00,-2.777237654e+00,-2.885648489e+00,-2.704647064e+00,-2.813305140e+00,-3.406161070e+00,-5.945854187e-01,4.000000000e+00,1.000000000e+01,1.800000000e+01,0.000000000e+00,-4.406331480e-01,2.487516880e+00,2.032777220e-01,1.000000000e+00,-2.101958275e+00,-4.197365284e+00,1.677497625e+00,2.482244730e+00,-1.847163558e+00,-2.174578905e+00,9.858553410e-01,5.945854187e-01,3.000000000e+00,0.000000000e+00,3.000000000e+00,3.000000000e+00,-1.000000000e+00,4.000000000e+00,1.000000000e+00,1.000000000e+00,-4.427680969e+00,-2.283060312e+00,-3.577225506e-01,-4.425484180e+00,1.000000000e+00,4.141753038e-07,7.850917578e-01
31,5,5.638363361e-01,5.418776274e-01,-1.606697917e+00,1.327280998e+00,-1.040822789e-01,-3.222733974e+00,-3.306244373e+00,-2.570106030e+00,-2.828836679e+00,-2.548155308e+00,-2.712358713e+00,-3.244655132e+00,-3.206850886e-01,4.000000000e+00,1.000000000e+01,1.600000000e+01,0.000000000e+00,1.061449409e+00,3.079033613e+00,1.231612563e-01,1.000000000e+00,-2.148531914e+00,-4.288811684e+00,-1.563935280e-01,3.079033613e+00,-3.525940895e+00,-2.170487404e+00,3.515828609e+00,3.206850886e-01,0.000000000e+00,0.000000000e+00,0.000000000e+00,0.000000000e+00,-1.000000000e+00,-1.000000000e+00,-1.000000000e+00,0.000000000e+00,-9.999956489e-01,4.141753038e-07,1.000000000e+00,-6.989678144e-01,0.000000000e+00,4.141753038e-07,9.541400075e-01
31,6,1.822673976e-01,1.757528186e-01,-1.979735374e+00,1.464108706e+00,-2.725259028e-02,-2.885155439e+00,-2.953067064e+00,-2.255601883e+00,-2.422409534e+00,-2.249088526e+00,-2.337923527e+00,-2.891664982e+00,-1.736408174e-01,4.000000000e+00,1.000000000e+01,1.800000000e+01,0.000000000e+00,1.140403032e+00,2.819367886e+00,2.088363767e-01,1.000000000e+00,-2.155467272e+00,-4.302476883e+00,2.337093800e-01,2.819366455e+00,-2.364467144e+00,-2.161980867e+00,2.758949041e+00,1.736408174e-01,0.000000000e+00,0.000000000e+00,0.000000000e+00,0.000000000e+00,-1.000000000e+00,-1.000000000e+00,-1.000000000e+00,0.000000000e+00,-9.999956489e-01,4.141753038e-07,1.000000000e+00,-6.989678144e-01,0.000000000e+00,4.141753038e-07,9.990910292e-01
31,7,7.389013767e-01,7.334254980e-01,-1.395990849e+00,1.396939754e+00,-3.442361578e-02,-3.387268066e+00,-3.475731134e+00,-2.721469402e+00,-2.979646444e+00,-2.715996504e+00,-2.868023157e+00,-3.392730474e+00,-1.591329873e-01,4.000000000e+00,1.000000000e+01,1.600000000e+01,0.000000000e+00,-5.008795261e-01,2.469714165e+00,1.928199530e-01,1.000000000e+00,-2.129368544e+00,-4.251058102e+00,1.673129082e+00,2.464101315e+00,-2.040309906e+00,-2.134843588e+00,1.054802299e+00,1.591329873e-01,4.000000000e+00,0.000000000e+00,4.000000000e+00,3.000000000e+00,0.000000000e+00,5.000000000e+00,1.000000000e+00,1.000000000e+00,-4.992160320e+00,-2.343367338e+00,-4.241230488e-01,-4.990387917e+00,1.000000000e+00,9.824448824e-01,3.045579195e-01
31,8,1.426651031e-01,1.425305158e-01,-2.060359478e+00,1.454355121e+00,1.321361065e-01,-2.835484028e+00,-2.910666466e+00,-2.177936077e+00,-2.354876041e+00,-2.177801371e+00,-2.345515490e+00,-2.835618734e+00,2.489854954e-02,3.000000000e+00,9.000000000e+00,1.300000000e+01,1.000000000e+00,1.597013235e+00,2.976373672e+00,3.404119313e-01,9.285714030e-01,-2.202870369e+00,-4.394967079e+00,1.295465976e-01,2.976373434e+00,-2.367856979e+00,-2.203004837e+00,3.023861408e+00,2.489854954e-02,0.000000000e+00,0.000000000e+00,0.000000000e+00,0.000000000e+00,-1.000000000e+00,-1.000000000e+00,-1.000000000e+00,0.000000000e+00,-9.999956489e-01,4.141753038e-07,1.000000000e+00,-6.989678144e-01,0.000000000e+00,4.141753038e-07,9.992709756e-01
31,9,1.331817269e+00,6.873638630e-01,-9.532467127e-01,1.686023712e+00,5.720804930e-01,-3.133918762e+00,-3.111562729e+00,-2.678349972e+00,-2.675814390e+00,-2.034056664e+00,-2.972257376e+00,-3.776360989e+00,2.163947105e+00,7.000000000e+00,6.000000000e+00,9.000000000e+00,0.000000000e+00,1.082798481e+00,2.575503111e+00,7.317813039e-01,1.000000000e+00,-1.640595436e+00,-3.280632496e+00,-4.717220068e-01,2.575502872e+00,-3.832146645e+00,-2.284984112e+00,3.688532829e+00,2.163947105e+00,2.000000000e+00,2.000000000e+00,0.000000000e+00,1.000000000e+00,5.000000000e+00,2.800000000e+01,1.000000000e+00,1.000000000e+00,-3.294092655e+00,-1.936881065e+00,-6.025928855e-01,-3.289109230e+00,1.000000000e+00,4.141753038e-07,5.655464530e-01
31,10,1.350182533e+00,6.748312116e-01,-1.219355345e+00,1.631502151e+00,8.743438870e-02,-3.001275063e+00,-2.948093891e+00,-2.496803761e+00,-2.422091246e+00,-1.821560025e+00,-3.245154619e+00,-3.675002575e+00,2.236860991e+00,8.000000000e+00,1.100000000e+01,2.000000000e+01,2.000000000e+00,1.090288281e+00,2.366733313e+00,3.304722905e-01,9.090909362e-01,-1.894159555e+00,-3.787261009e+00,-6.051067710e-01,2.366733074e+00,-3.699963808e+00,-2.569383860e+00,3.571996450e+00,2.236860991e+00,2.000000000e+00,2.000000000e+00,0.000000000e+00,1.000000000e+00,5.000000000e+00,2.800000000e+01,1.000000000e+00,1.000000000e+00,-1.537402630e+00,-1.764173031e+00,2.750700414e-01,-1.529991984e+00,1.000000000e+00,4.141753038e-07,6.319645643e-01
31,11,9.614754319e-01,2.913281620e-01,-1.636759400e+00,1.462072492e+00,-8.199504763e-02,-2.716104031e+00,-2.710258484e+00,-2.177032709e+00,-2.163553238e+00,-1.506936550e+00,-2.894892454e+00,-3.385421276e+00,2.224598646e+00,8.000000000e+00,1.200000000e+01,2.000000000e+01,0.000000000e+00,1.351397753e+00,2.182649851e+00,1.610427797e-01,1.000000000e+00,-1.928069353e+00,-3.858716011e+00,-6.060284972e-01,2.182649374e+00,-3.060475349e+00,-2.598081350e+00,3.445090294e+00,2.224598646e+00,1.000000000e+00,1.000000000e+00,0.000000000e+00,2.000000000e+00,-5.000000000e+00,2.600000000e+01,3.000000000e+00,1.000000000e+00,-4.205829620e+00,-1.655742049e+00,5.640931129e-01,-4.196490765e+00,1.000000000e+00,4.141753038e-07,9.977359772e-01
31,12,1.120809078e+00,4.257764816e-01,-1.257302403e+00,1.148821473e+00,-1.299315989e-01,-2.647348881e+00,-2.555835247e+00,-1.147506833e+00,-1.311542392e+00,-4.524790049e-01,-2.805851936e+00,-3.341619492e+00,2.283176899e+00,0.000000000e+00,6.000000000e+00,1.200000000e+01,0.000000000e+00,1.203308344e+00,1.374367118e+00,6.964053959e-02,1.000000000e+00,-1.683065653e+00,-3.367394209e+00,1.322134733e+00,1.039367318e+00,-4.151918888e-01,-2.378015518e+00,5.763034225e-01,2.283176899e+00,0.000000000e+00,0.000000000e+00,0.000000000e+00,0.000000000e+00,-1.000000000e+00,-1.000000000e+00,-1.000000000e+00,0.000000000e+00,-9.999956489e-01,4.141753038e-07,1.000000000e+00,-6.989678144e-01,0.000000000e+00,4.141753038e-07,9.907057881e-01
31,13,1.016160131e+00,3.365684152e-01,-1.559457421e+00,1.392950892e+00,-1.511166096e-01,-2.766160965e+00,-2.757543325e+00,-2.324510098e+00,-2.310414553e+00,-1.644990683e+00,-2.915653944e+00,-3.444795370e+00,2.246847868e+00,8.000000000e+00,1.200000000e+01,2.000000000e+01,1.000000000e+00,1.223693967e+00,2.256981134e+00,9.192118049e-02,9.523809552e-01,-1.896007180e+00,-3.793187141e+00,6.462139487e-01,2.256850719e+00,-2.000814199e+00,-2.575469732e+00,2.276110172e+00,2.246847868e+00,2.000000000e+00,2.000000000e+00,0.000000000e+00,1.000000000e+00,5.000000000e+00,2.800000000e+01,1.000000000e+00,1.000000000e+00,-2.579400063e+00,-1.662971497e+00,4.851803780e-01,-2.570068598e+00,1.000000000e+00,7.007386088e-01,9.965258241e-01
31,14,9.709485173e-01,2.668763101e-01,-1.529005408e+00,2.514317989e+00,9.958040118e-01,-2.922575474e+00,-2.916733742e+00,-2.163501978e+00,-2.209549189e+00,-1.459480286e+00,-2.767482519e+00,-3.625175238e+00,2.304419756e+00,7.000000000e+00,1.100000000e+01,1.900000000e+01,1.000000000e+00,8.669711351e-01,1.893037796e+00,1.235564351e+00,9.499999881e-01,-1.795868993e+00,-3.590987921e+00,1.185003594e-01,1.892976403e+00,-2.357896328e+00,-2.499831200e+00,2.524549246e+00,2.304419756e+00,0.000000000e+00,0.000000000e+00,0.000000000e+00,0.000000000e+00,-1.000000000e+00,-1.000000000e+00,-1.000000000e+00,0.000000000e+00,-9.999956489e-01,4.141753038e-07,1.000000000e+00,-6.989678144e-01,0.000000000e+00,4.141753038e-07,9.981716871e-01
31,15,1.111393690e+00,3.237962425e-01,-7.451250553e-01,1.370096445e+00,4.158540964e-01,-2.634856701e+00,-2.535883188e+00,-2.191920996e+00,-2.147467613e+00,-1.404379845e+00,-2.180318594e+00,-3.421494007e+00,2.499941587e+00,7.000000000e+00,5.000000000e+00,7.000000000e+00,0.000000000e+00,3.000241816e-01,1.554492831e+00,5.249984860e-01,1.000000000e+00,-1.068918467e+00,-2.137854576e+00,-1.293718517e-01,1.554399729e+00,-2.600523949e+00,-1.856489897e+00,2.426827908e+00,2.499941587e+00,2.000000000e+00,2.000000000e+00,0.000000000e+00,1.000000000e+00,5.000000000e+00,2.800000000e+01,1.000000000e+00,1.000000000e+00,-1.217019916e+00,-1.300339222e+00,-4.182229042e-01,-1.195798516e+00,1.000000000e+00,-6.020135283e-01,9.969352484e-01
32,0,1.029836178e+00,4.089968204e-01,-1.539990664e+00,1.427048206e+00,-9.146519005e-02,-2.840918541e+00,-2.844373465e+00,-2.276237488e+00,-2.284202099e+00,-1.655460238e+00,-2.981662750e+00,-3.460802555e+00,-2.108034134e+00,6.000000000e+00,1.100000000e+01,1.900000000e+01,0.000000000e+00,-1.174400926e+00,1.071478009e+00,1.482948959e-01,1.000000000e+00,-1.948963761e+00,-3.897799492e+00,1.665360928e-01,1.068087578e+00,-2.526600599e+00,-2.569680691e+00,1.530300617e+00,2.108034134e+00,1.000000000e+00,1.000000000e+00,0.000000000e+00,1.000000000e+00,-5.000000000e+00,1.200000000e+01,1.000000000e+00,1.000000000e+00,-5.928657055e+00,-1.947234511e+00,1.332204044e-02,-5.927914619e+00,1.000000000e+00,4.141753038e-07,9.923931360e-01
32,1,8.598110676e-01,3.066201806e-01,-1.617332697e+00,1.664326072e+00,9.612465650e-02,-2.802373648e+00,-2.791497707e+00,-2.271394253e+00,-2.268278122e+00,-1.718261480e+00,-2.787042618e+00,-3.354856014e+00,-1.946747422e+00,7.000000000e+00,1.200000000e+01,2.100000000e+01,0.000000000e+00,1.241264701e+00,2.338916779e+00,3.421069384e-01,1.000000000e+00,-1.923934221e+00,-3.848394394e+00,-7.507272959e-01,2.338916540e+00,-3.324789762e+00,-2.477031469e+00,3.639266968e+00,1.946747422e+00,0.000000000e+00,0.000000000e+00,0.000000000e+00,0.000000000e+00,-1.000000000e+00,-1.000000000e+00,-1.000000000e+00,0.000000000e+00,-9.999956489e-01,4.141753038e-07,1.000000000e+00,-6.989678144e-01,0.000000000e+00,4.141753038e-07,9.973962307e-01
32,2,9.307889342e-01,8.954214454e-01,-1.236381412e+00,1.125419974e+00,-3.059429526e-01,-3.585149288e+00,-3.621288061e+00,-2.959161520e+00,-3.078320980e+00,-2.923825026e+00,-3.062128544e+00,-3.620375156e+00,-4.090750217e-01,3.000000000e+00,9.000000000e+00,1.600000000e+01,0.000000000e+00,7.452110052e-01,3.296822309e+00,-7.869955152e-02,1.000000000e+00,-2.131751537e+00,-4.255753994e+00,1.491870046e+00,3.296768904e+00,-2.482260942e+00,-2.167114019e+00,1.959533930e+00,4.090750217e-01,3.000000000e+00,0.000000000e+00,3.000000000e+00,3.000000000e+00,-1.000000000e+00,6.000000000e+00,2.000000000e+00,1.000000000e+00,-4.819637775e+00,-1.994870901e+00,2.650492191e-01,-4.815553188e+00,1.000000000e+00,4.141753038e-07,3.269125475e-03
32,3,5.774603486e-01,5.426633954e-01,-1.596249938e+00,1.129447103e+00,-3.019157648e-01,-3.222230196e+00,-3.255571365e+00,-2.554902792e+00,-2.738734007e+00,-2.520117998e+00,-2.716377258e+00,-3.256966591e+00,-4.056735933e-01,3.000000000e+00,9.000000000e+00,1.600000000e+01,0.000000000e+00,1.243252039e+00,3.141887903e+00,-7.467234880e-02,1.000000000e+00,-2.138870716e+00,-4.269912243e+00,-9.739975929e-01,3.141887903e+00,-4.247882843e+00,-2.173662663e+00,4.332363129e+00,4.056735933e-01,0.000000000e+00,0.000000000e+00,0.000000000e+00,0.000000000e+00,-1.000000000e+00,-1.000000000e+00,-1.000000000e+00,0.000000000e+00,-9.999956489e-01,4.141753038e-07,1.000000000e+00,-6.989678144e-01,0.000000000e+00,4.141753038e-07,9.535849690e-01
32,4,5.265239477e-01,5.103173852e-01,-1.686051369e+00,1.158850312e+00,-2.725126147e-01,-3.101217270e+00,-3.172703981e+00,-2.503782988e+00,-2.693725586e+00,-2.487581491e+00,-2.722927570e+00,-3.117403030e+00,-2.748942375e-01,6.000000000e+00,9.000000000e+00,1.600000000e+01,0.000000000e+00,2.122683764e+00,3.549057007e+00,-4.526919499e-02,1.000000000e+00,-2.196321487e+00,-4.382418633e+00,2.757478654e-01,3.549056768e+00,-2.928141594e+00,-2.212525368e+00,3.479420662e+00,2.748942375e-01,2.000000000e+00,0.000000000e+00,2.000000000e+00,3.000000000e+00,0.000000000e+00,3.000000000e+00,2.000000000e+00,1.000000000e+00,-4.737516880e+00,-2.443624258e+00,-4.915767014e-01,-4.736041546e+00,1.000000000e+00,4.141753038e-07,9.713461995e-01
32,5,9.202173948e-01,9.179213047e-01,-1.291603565e+00,1.514931083e+00,1.169913784e-01,-3.427214861e+00,-3.497853041e+00,-2.558664560e+00,-2.730784893e+00,-2.556369305e+00,-3.129172802e+00,-3.429504633e+00,-1.029194817e-01,5.000000000e+00,1.000000000e+01,1.500000000e+01,0.000000000e+00,7.537722588e-01,2.933437347e+00,3.388400078e-01,1.000000000e+00,-2.209462881e+00,-4.407822132e+00,1.099035025e+00,2.933390856e+00,-2.549750805e+00,-2.211758614e+00,2.008830070e+00,1.029194817e-01,4.000000000e+00,0.000000000e+00,4.000000000e+00,3.000000000e+00,0.000000000e+00,3.000000000e+00,1.000000000e+00,1.000000000e+00,-4.834220409e+00,-1.725333929e+00,9.521567225e-01,-4.826670170e+00,1.000000000e+00,4.141753038e-07,1.419767505e-03
32,6,7.715172768e-01,7.638503909e-01,-1.165328026e+00,8.308376670e-01,-3.996102214e-01,-3.367107868e+00,-3.496027708e+00,-2.647477388e+00,-2.992221594e+00,-2.639813900e+00,-2.700490236e+00,-3.374756813e+00,1.884551644e-01,4.000000000e+00,7.000000000e+00,1.100000000e+01,0.000000000e+00,1.381129742e+00,3.330568314e+00,-2.105543762e-01,1.000000000e+00,-1.929147720e+00,-3.855252504e+00,-4.453151226e-01,3.330568314e+00,-4.194957733e+00,-1.936813951e+00,4.127340794e+00,1.884551644e-01,0.000000000e+00,0.000000000e+00,0.000000000e+00,0.000000000e+00,-1.000000000e+00,-1.000000000e+00,-1.000000000e+00,0.000000000e+00,-9.999956489e-01,4.141753038e-07,1.000000000e+00,-6.989678144e-01,0.000000000e+00,4.141753038e-07,1.664101332e-01
33,0,1.109136701e+00,3.449643552e-01,-1.558248401e+00,1.584641337e+00,6.612776220e-02,-2.727186441e+00,-2.723095894e+00,-2.211116791e+00,-2.209739447e+00,-1.447002888e+00,-3.016690731e+00,-3.490245819e+00,-2.445229530e+00,9.000000000e+00,1.000000000e+01,1.900000000e+01,0.000000000e+00,4.977526665e-01,1.695891619e+00,3.058879375e-01,1.000000000e+00,-1.903193474e+00,-3.808430910e+00,-1.164582729e+00,1.695891261e+00,-3.717093229e+00,-2.667198896e+00,3.622247934e+00,2.445229530e+00,0.000000000e+00,0.000000000e+00,0.000000000e+00,0.000000000e+00,-1.000000000e+00,-1.000000000e+00,-1.000000000e+00,0.000000000e+00,-9.999956489e-01,4.141753038e-07,1.000000000e+00,-6.989678144e-01,1.000000000e+00,4.141753038e-07,9.962198138e-01
33,1,9.846593142e-01,3.016793430e-01,-1.590928912e+00,1.517609000e+00,-2.645858191e-02,-3.016112089e+00,-3.085674047e+00,-2.330059528e+00,-2.535803080e+00,-1.647153020e+00,-2.878056049e+00,-3.697374344e+00,-2.254824877e+00,8.000000000e+00,1.200000000e+01,2.000000000e+01,0.000000000e+00,1.928075671e+00,2.611214399e+00,2.165792584e-01,1.000000000e+00,-1.892591000e+00,-3.783702374e+00,2.596035600e-01,2.611210108e+00,-2.577863693e+00,-2.575441837e+00,3.240304708e+00,2.254824877e+00,0.000000000e+00,0.000000000e+00,0.000000000e+00,0.000000000e+00,-1.000000000e+00,-1.000000000e+00,-1.000000000e+00,0.000000000e+00,-9.999956489e-01,4.141753038e-07,1.000000000e+00,-6.989678144e-01,1.000000000e+00,4.141753038e-07,9.975125790e-01
33,2,9.968222976e-01,3.061675131e-01,-1.589592099e+00,1.773879170e+00,2.056777328e-01,-2.728538275e+00,-2.725429296e+00,-2.212278843e+00,-2.213697672e+00,-1.521680355e+00,-2.896788359e+00,-3.418286324e+00,-2.272882938e+00,7.000000000e+00,1.100000000e+01,2.100000000e+01,1.000000000e+00,4.330137372e-02,1.543601274e+00,4.516600370e-01,9.545454383e-01,-1.895742178e+00,-3.793377876e+00,8.836159855e-02,1.543334246e+00,-2.431457520e+00,-2.586263657e+00,2.146989107e+00,2.272882938e+00,1.000000000e+00,1.000000000e+00,0.000000000e+00,1.000000000e+00,-5.000000000e+00,6.000000000e+00,1.000000000e+00,1.000000000e+00,-4.152699471e+00,-1.476116061e+00,8.688095808e-01,-4.138626575e+00,2.000000000e+00,-6.493442655e-01,9.974071383e-01
33,3,8.582991362e-01,2.100689709e-01,-1.652509212e+00,1.195349574e+00,-3.509892151e-02,-2.546789169e+00,-2.516093254e+00,-1.055712223e+00,-1.283734679e+00,-4.074856341e-01,-2.727900743e+00,-3.194492340e+00,-2.172874212e+00,0.000000000e+00,6.000000000e+00,1.100000000e+01,0.000000000e+00,4.543551207e-01,1.510001898e+00,1.539571434e-01,1.000000000e+00,-1.862565875e+00,-3.730092287e+00,1.509985328e+00,-5.487413406e-01,1.617400721e-02,-2.510687113e+00,-1.182465672e+00,2.172874212e+00,0.000000000e+00,0.000000000e+00,0.000000000e+00,0.000000000e+00,-1.000000000e+00,-1.000000000e+00,-1.000000000e+00,0.000000000e+00,-9.999956489e-01,4.141753038e-07,1.000000000e+00,-6.989678144e-01,0.000000000e+00,4.141753038e-07,9.988372922e-01
33,4,1.005847216e+00,8.283888102e-01,-1.234218836e+00,1.013518810e+00,-3.086996675e-01,-3.370692492e+00,-3.380990267e+00,-2.630686998e+00,-2.700330973e+00,-2.453290701e+00,-3.068139553e+00,-3.547636747e+00,9.666419625e-01,3.000000000e+00,8.000000000e+00,1.300000000e+01,0.000000000e+00,1.462670684e+00,3.184798956e+00,-1.004240662e-01,1.000000000e+00,-2.062564850e+00,-4.119657040e+00,1.447898388e+00,3.184726000e+00,-2.080986977e+00,-2.239997864e+00,1.983954668e+00,9.666419625e-01,0.000000000e+00,0.000000000e+00,0.000000000e+00,0.000000000e+00,-1.000000000e+00,-1.000000000e+00,-1.000000000e+00,0.000000000e+00,-9.999956489e-01,4.141753038e-07,1.000000000e+00,-6.989678144e-01,1.000000000e+00,4.141753038e-07,3.013159148e-02
33,5,4.724716544e-01,1.728437841e-01,-1.845432758e+00,1.625173688e+00,5.697232485e-02,-2.801894665e+00,-2.796697855e+00,-2.338621378e+00,-2.347919703e+00,-2.039040565e+00,-2.495104551e+00,-3.101249218e+00,1.313228369e+00,3.000000000e+00,9.000000000e+00,2.100000000e+01,0.000000000e+00,9.526789784e-01,2.515439272e+00,3.029545844e-01,1.000000000e+00,-2.018261433e+00,-4.036327839e+00,4.413391054e-01,2.515423775e+00,-2.079468727e+00,-2.317844391e+00,2.382978201e+00,1.313228369e+00,0.000000000e+00,0.000000000e+00,0.000000000e+00,0.000000000e+00,-1.000000000e+00,-1.000000000e+00,-1.000000000e+00,0.000000000e+00,-9.999956489e-01,4.141753038e-07,1.000000000e+00,-6.989678144e-01,0.000000000e+00,4.141753038e-07,9.991090894e-01
33,6,8.876348734e-01,6.401524544e-01,-1.376636744e+00,1.697341084e+00,1.788274050e-01,-3.223310709e+00,-3.204829931e+00,-2.724987984e+00,-2.742037058e+00,-2.477605581e+00,-2.904596567e+00,-3.470235586e+00,1.171249986e+00,3.000000000e+00,9.000000000e+00,1.900000000e+01,0.000000000e+00,1.459406734e+00,3.207569599e+00,4.185876250e-01,1.000000000e+00,-2.016754389e+00,-4.029437542e+00,1.672324657e+00,3.207384825e+00,-1.710082293e+00,-2.264202118e+00,1.799595952e+00,1.171249986e+00,4.000000000e+00,3.000000000e+00,1.000000000e+00,3.000000000e+00,2.000000000e+00,3.000000000e+00,1.000000000e+00,1.000000000e+00,-4.545848370e+00,-1.900777936e+00,2.211276740e-01,-4.540614605e+00,1.000000000e+00,4.141753038e-07,7.801637053e-01
33,7,8.624365926e-01,5.040688515e-01,-1.558365107e+00,1.324076891e+00,-1.672841609e-01,-3.068051815e+00,-3.027158022e+00,-2.509714603e+00,-2.413177729e+00,-2.151425838e+00,-2.926504135e+00,-3.425768852e+00,1.466445684e+00,4.000000000e+00,1.100000000e+01,1.800000000e+01,0.000000000e+00,-7.088267803e-01,1.797075272e+00,6.880477071e-02,1.000000000e+00,-2.062399387e+00,-4.121106148e+00,-6.010541916e-01,1.797071815e+00,-3.516984463e+00,-2.420702934e+00,2.659482002e+00,1.466445684e+00,0.000000000e+00,0.000000000e+00,0.000000000e+00,0.000000000e+00,-1.000000000e+00,-1.000000000e+00,-1.000000000e+00,0.000000000e+00,-9.999956489e-01,4.141753038e-07,1.000000000e+00,-6.989678144e-01,0.000000000e+00,4.141753038e-07,9.738119245e-01
33,8,9.700282812e-01,3.989562988e-01,-1.548905134e+00,1.563474059e+00,7.211266458e-02,-2.885986805e+00,-2.879525900e+00,-2.438599825e+00,-2.429610014e+00,-1.867614985e+00,-2.920231819e+00,-3.456149817e+00,1.989560008e+00,5.000000000e+00,1.100000000e+01,1.800000000e+01,0.000000000e+00,1.833211064e+00,2.784253597e+00,3.082017004e-01,1.000000000e+00,-1.947838068e+00,-3.895017862e+00,1.566708386e-01,2.784252405e+00,-2.671808243e+00,-2.518805265e+00,3.189580202e+00,1.989560008e+00,2.000000000e+00,2.000000000e+00,0.000000000e+00,1.000000000e+00,5.000000000e+00,3.000000000e+01,1.000000000e+00,1.000000000e+00,-4.898989677e+00,-1.998561263e+00,-9.269759804e-02,-4.894996643e+00,1.000000000e+00,5.326422453e-01,9.932287931e-01
33,9,1.247238874e+00,6.594645381e-01,-1.283005357e+00,1.452233315e+00,-3.912791237e-02,-3.130945444e+00,-3.112406015e+00,-2.583699703e+00,-2.538650036e+00,-1.996049047e+00,-3.189980030e+00,-3.717037678e+00,2.029426098e+00,6.000000000e+00,1.100000000e+01,1.800000000e+01,0.000000000e+00,5.537868738e-01,2.272987843e+00,1.969610453e-01,1.000000000e+00,-1.942440033e+00,-3.882565975e+00,-1.845932901e-01,2.272985220e+00,-3.381811142e+00,-2.530105114e+00,3.000057697e+00,2.029426098e+00,2.000000000e+00,2.000000000e+00,0.000000000e+00,3.000000000e+00,5.000000000e+00,1.500000000e+01,4.000000000e+00,1.000000000e+00,-5.151149750e+00,-1.583672047e+00,7.405323982e-01,-5.141534805e+00,1.000000000e+00,4.141753038e-07,7.046420574e-01
33,10,9.400126934e-01,3.052146435e-01,-1.613334894e+00,1.941670895e+00,3.976030350e-01,-2.734771490e+00,-2.742788076e+00,-2.226058960e+00,-2.290757656e+00,-1.591316819e+00,-2.863045454e+00,-3.368788958e+00,2.141106606e+00,7.000000000e+00,1.100000000e+01,2.000000000e+01,0.000000000e+00,9.622600079e-01,2.072465658e+00,6.406409740e-01,1.000000000e+00,-1.918531179e+00,-3.838909626e+00,-4.497249722e-01,2.072463751e+00,-3.045300722e+00,-2.553210020e+00,3.221459627e+00,2.141106606e+00,0.000000000e+00,0.000000000e+00,0.000000000e+00,0.000000000e+00,-1.000000000e+00,-1.000000000e+00,-1.000000000e+00,0.000000000e+00,-9.999956489e-01,4.141753038e-07,1.000000000e+00,-6.989678144e-01,0.000000000e+00,4.141753038e-07,9.974300265e-01
33,11,1.287130117e+00,6.020883322e-01,-1.291703820e+00,1.445814729e+00,-9.825281799e-02,-3.005969286e+00,-3.017859459e+00,-2.473433018e+00,-2.490987301e+00,-1.788493752e+00,-3.181597948e+00,-3.689322710e+00,2.259677172e+00,8.000000000e+00,1.200000000e+01,2.000000000e+01,0.000000000e+00,7.367518544e-01,2.156935453e+00,1.447849870e-01,1.000000000e+00,-1.893766522e+00,-3.786265612e+00,2.935507894e-01,2.156894684e+00,-2.799386024e+00,-2.578677654e+00,2.565877199e+00,2.259677172e+00,0.000000000e+00,0.000000000e+00,0.000000000e+00,0.000000000e+00,-1.000000000e+00,-1.000000000e+00,-1.000000000e+00,0.000000000e+00,-9.999956489e-01,4.141753038e-07,1.000000000e+00,-6.989678144e-01,0.000000000e+00,4.141753038e-07,8.807423711e-01
34,0,1.293113470e+00,5.800797343e-01,-1.284489512e+00,1.587006211e+00,1.880493574e-02,-2.969187975e+00,-2.960949898e+00,-2.408965349e+00,-2.404072285e+00,-1.696021318e+00,-3.158316612e+00,-3.680540323e+00,-2.325460911e+00,8.000000000e+00,1.200000000e+01,2.100000000e+01,0.000000000e+00,-1.421275288e-01,1.628787041e+00,2.647871673e-01,1.000000000e+00,-1.864545703e+00,-3.728078127e+00,7.573639154e-01,1.624825478e+00,-2.226824760e+00,-2.577447176e+00,1.575581908e+00,2.325460911e+00,4.000000000e+00,4.000000000e+00,0.000000000e+00,2.000000000e+00,5.000000000e+00,2.700000000e+01,3.000000000e+00,1.000000000e+00,-5.697294235e+00,-1.576135993e+00,6.002112031e-01,-5.691547871e+00,1.000000000e+00,4.141753038e-07,9.164313078e-01
34,1,1.211689591e+00,5.105231404e-01,-1.392611146e+00,1.440167069e+00,-1.039004326e-01,-2.922851801e+00,-2.905443430e+00,-2.472083807e+00,-2.421568394e+00,-1.771020532e+00,-3.116287231e+00,-3.622557163e+00,-2.297593117e+00,8.000000000e+00,1.200000000e+01,2.000000000e+01,0.000000000e+00,-2.765630484e-01,1.632791042e+00,1.391373724e-01,1.000000000e+00,-1.903110027e+00,-3.805526257e+00,-3.105502129e-01,1.632762790e+00,-3.241998196e+00,-2.604136705e+00,2.593716383e+00,2.297593117e+00,3.000000000e+00,3.000000000e+00,0.000000000e+00,2.000000000e+00,5.000000000e+00,2.700000000e+01,3.000000000e+00,1.000000000e+00,-4.966106415e+00,-2.504678965e+00,-1.200618267e+00,-4.964875698e+00,1.000000000e+00,4.141753038e-07,9.712606072e-01
35,0,1.065379381e+00,3.330626190e-01,-1.530899167e+00,1.488385677e+00,-3.012789041e-02,-2.730157137e+00,-2.725143909e+00,-2.216124773e+00,-2.209662914e+00,-1.483865976e+00,-2.932873011e+00,-3.461449146e+00,-2.370680332e+00,9.000000000e+00,1.200000000e+01,1.900000000e+01,0.000000000e+00,3.567855656e-01,1.662323117e+00,2.096322328e-01,1.000000000e+00,-1.863944530e+00,-3.729506254e+00,-1.439824700e-01,1.662270069e+00,-2.686567545e+00,-2.596121788e+00,2.532009125e+00,2.370680332e+00,1.000000000e+00,1.000000000e+00,0.000000000e+00,1.000000000e+00,-5.000000000e+00,2.200000000e+01,1.000000000e+00,1.000000000e+00,-4.500524521e+00,-1.803250790e+00,1.351673901e-01,-4.493959427e+00,1.000000000e+00,9.604863077e-02,9.966446161e-01
35,1,1.319378376e+00,5.929803848e-01,-1.302966833e+00,1.688019276e+00,1.695056409e-01,-2.994096756e+00,-2.986644268e+00,-2.549449444e+00,-2.539405584e+00,-1.823176503e+00,-3.215949297e+00,-3.718645334e+00,-2.356808186e+00,9.000000000e+00,1.200000000e+01,1.900000000e+01,0.000000000e+00,8.142749071e-01,2.230344296e+00,4.092658460e-01,1.000000000e+00,-1.895921707e+00,-3.790551901e+00,-3.238790035e-01,2.230342627e+00,-3.455175638e+00,-2.622171879e+00,3.270256281e+00,2.356808186e+00,0.000000000e+00,0.000000000e+00,0.000000000e+00,0.000000000e+00,-1.000000000e+00,-1.000000000e+00,-1.000000000e+00,0.000000000e+00,-9.999956489e-01,4.141753038e-07,1.000000000e+00,-6.989678144e-01,0.000000000e+00,4.141753038e-07,8.971100450e-01
35,2,1.190865278e+00,4.581426978e-01,-1.429546356e+00,1.844409823e+00,3.003420234e-01,-2.856263399e+00,-2.853629589e+00,-2.409531355e+00,-2.411069155e+00,-1.676899433e+00,-3.080484390e+00,-3.587614536e+00,-2.371631145e+00,9.000000000e+00,1.200000000e+01,2.000000000e+01,0.000000000e+00,-1.432714701e+00,9.613000154e-01,5.433800220e-01,1.000000000e+00,-1.887667060e+00,-3.775246382e+00,-2.644086182e-01,9.605306983e-01,-3.133142471e+00,-2.620242119e+00,1.958995342e+00,2.371631145e+00,0.000000000e+00,0.000000000e+00,0.000000000e+00,0.000000000e+00,-1.000000000e+00,-1.000000000e+00,-1.000000000e+00,0.000000000e+00,-9.999956489e-01,4.141753038e-07,1.000000000e+00,-6.989678144e-01,0.000000000e+00,4.141753038e-07,9.860270023e-01
35,3,1.112249374e+00,4.010521173e-01,-1.346878171e+00,1.858513117e+00,4.967854619e-01,-3.176537752e+00,-3.016215563e+00,-2.273688793e+00,-2.214999199e+00,-1.562556982e+00,-2.860156536e+00,-3.885041952e+00,-2.321150303e+00,4.000000000e+00,8.000000000e+00,1.400000000e+01,2.000000000e+00,-2.938429117e-01,1.472841144e+00,7.123852372e-01,8.750000000e-01,-1.747915387e+00,-3.494802713e+00,1.166191101e+00,1.412213326e+00,-1.449919224e+00,-2.459012032e+00,8.985149860e-01,2.321150303e+00,0.000000000e+00,0.000000000e+00,0.000000000e+00,0.000000000e+00,-1.000000000e+00,-1.000000000e+00,-1.000000000e+00,0.000000000e+00,-9.999956489e-01,4.141753038e-07,1.000000000e+00,-6.989678144e-01,0.000000000e+00,4.141753038e-07,9.930638671e-01
35,4,1.222523570e+00,5.724077821e-01,-1.354536057e+00,1.585819960e+00,6.730638444e-02,-3.232043505e+00,-3.233206987e+00,-2.519302368e+00,-2.542499542e+00,-1.869297862e+00,-3.149257421e+00,-3.879597187e+00,-2.177329302e+00,7.000000000e+00,1.100000000e+01,1.900000000e+01,0.000000000e+00,8.671002388e-01,2.302973986e+00,3.070665896e-01,1.000000000e+00,-1.926916838e+00,-3.851206064e+00,6.309708953e-01,2.302875757e+00,-2.483955383e+00,-2.576905489e+00,2.345190525e+00,2.177329302e+00,2.000000000e+00,2.000000000e+00,0.000000000e+00,1.000000000e+00,-5.000000000e+00,3.300000000e+01,1.000000000e+00,1.000000000e+00,-5.723903656e+00,-2.427995920e+00,-9.990659952e-01,-5.723142147e+00,1.000000000e+00,4.141753038e-07,9.260806441e-01
35,5,1.012365580e+00,3.306287527e-01,-1.584725380e+00,1.617302179e+00,9.878853709e-02,-2.759666443e+00,-2.752416372e+00,-2.243246317e+00,-2.240850687e+00,-1.561569571e+00,-2.931667328e+00,-3.440454006e+00,-2.251898527e+00,7.000000000e+00,1.200000000e+01,1.900000000e+01,0.000000000e+00,1.525852680e+00,2.324511766e+00,3.385487199e-01,1.000000000e+00,-1.915334940e+00,-3.832083225e+00,-1.312103033e+00,2.324511766e+00,-3.880357027e+00,-2.596935987e+00,4.314415455e+00,2.251898527e+00,0.000000000e+00,0.000000000e+00,0.000000000e+00,0.000000000e+00,-1.000000000e+00,-1.000000000e+00,-1.000000000e+00,0.000000000e+00,-9.999956489e-01,4.141753038e-07,1.000000000e+00,-6.989678144e-01,1.000000000e+00,9.414346218e-01,9.967240691e-01
35,6,9.292043447e-01,3.801547289e-01,-1.584972024e+00,1.659779072e+00,1.412654072e-01,-2.873900652e+00,-2.871624947e+00,-2.430121899e+00,-2.421730518e+00,-1.881156206e+00,-2.897038221e+00,-3.422125816e+00,-1.936810851e+00,6.000000000e+00,1.000000000e+01,1.900000000e+01,1.000000000e+00,8.748337030e-01,2.318608999e+00,3.810256124e-01,9.499999881e-01,-1.965103149e+00,-3.929610968e+00,-9.023624659e-02,2.318605661e+00,-2.891897917e+00,-2.514051199e+00,2.949357510e+00,1.936810851e+00,0.000000000e+00,0.000000000e+00,0.000000000e+00,0.000000000e+00,-1.000000000e+00,-1.000000000e+00,-1.000000000e+00,0.000000000e+00,-9.999956489e-01,4.141753038e-07,1.000000000e+00,-6.989678144e-01,0.000000000e+00,4.141753038e-07,9.945171475e-01
35,7,7.447255850e-01,1.722595841e-01,-1.818473458e+00,1.627342939e+00,1.088292599e-01,-2.660882473e+00,-2.654909611e+00,-2.217777967e+00,-2.213387012e+00,-1.645364285e+00,-2.744620800e+00,-3.232804775e+00,-1.992891908e+00,6.000000000e+00,1.100000000e+01,1.900000000e+01,0.000000000e+00,8.579492569e-01,2.074368000e+00,3.485894799e-01,1.000000000e+00,-1.990718842e+00,-3.986665726e+00,-8.164467663e-02,2.074357271e+00,-2.467235088e+00,-2.563068867e+00,2.723991156e+00,1.992891908e+00,0.000000000e+00,0.000000000e+00,0.000000000e+00,0.000000000e+00,-1.000000000e+00,-1.000000000e+00,-1.000000000e+00,0.000000000e+00,-9.999956489e-01,4.141753038e-07,1.000000000e+00,-6.989678144e-01,0.000000000e+00,4.141753038e-07,9.991126657e-01
35,8,9.176549911e-01,3.308524787e-01,-1.636014700e+00,1.657274246e+00,1.132065132e-01,-2.808650255e+00,-2.803136587e+00,-2.355676889e+00,-2.355071545e+00,-1.768947244e+00,-2.888415337e+00,-3.394653797e+00,-2.027110100e+00,7.000000000e+00,1.100000000e+01,2.000000000e+01,0.000000000e+00,8.720685244e-01,2.205007553e+00,3.562444448e-01,1.000000000e+00,-1.966845512e+00,-3.934233427e+00,-5.627359152e-01,2.205006838e+00,-3.247990131e+00,-2.553533077e+00,3.353582144e+00,2.027110100e+00,0.000000000e+00,0.000000000e+00,0.000000000e+00,0.000000000e+00,-1.000000000e+00,-1.000000000e+00,-1.000000000e+00,0.000000000e+00,-9.999956489e-01,4.141753038e-07,1.000000000e+00,-6.989678144e-01,1.000000000e+00,8.996266723e-01,9.967169166e-01
35,9,7.616653442e-01,2.802059352e-01,-1.849614978e+00,1.394283295e+00,-3.656313056e-03,-2.762509108e+00,-2.817112923e+00,-2.209700108e+00,-2.371579647e+00,-1.728287697e+00,-2.901801348e+00,-3.243458509e+00,-1.773335934e+00,4.000000000e+00,1.000000000e+01,1.500000000e+01,0.000000000e+00,1.523006201e+00,2.489816666e+00,2.181922644e-01,1.000000000e+00,-2.129792929e+00,-4.262315273e+00,2.880022489e-02,2.489814043e+00,-2.622905493e+00,-2.611133575e+00,3.104289532e+00,1.773335934e+00,0.000000000e+00,0.000000000e+00,0.000000000e+00,0.000000000e+00,-1.000000000e+00,-1.000000000e+00,-1.000000000e+00,0.000000000e+00,-9.999956489e-01,4.141753038e-07,1.000000000e+00,-6.989678144e-01,0.000000000e+00,4.141753038e-07,9.979488254e-01
35,10,6.963292956e-01,2.674472332e-01,-1.766981602e+00,1.770095229e+00,1.790308803e-01,-2.827530384e+00,-2.820205450e+00,-2.299616337e+00,-2.296543360e+00,-1.870788336e+00,-2.735398293e+00,-3.255921125e+00,-1.644039154e+00,4.000000000e+00,1.200000000e+01,2.200000000e+01,0.000000000e+00,1.684724450e+00,2.713183641e+00,4.276727140e-01,1.000000000e+00,-2.034406900e+00,-4.068642616e+00,9.577097371e-03,2.713182688e+00,-2.554343939e+00,-2.463209867e+00,3.129330635e+00,1.644039154e+00,0.000000000e+00,0.000000000e+00,0.000000000e+00,0.000000000e+00,-1.000000000e+00,-1.000000000e+00,-1.000000000e+00,0.000000000e+00,-9.999956489e-01,4.141753038e-07,1.000000000e+00,-6.989678144e-01,0.000000000e+00,4.141753038e-07,9.981628060e-01
35,11,6.498167515e-01,3.129036427e-01,-1.710609913e+00,1.218026996e+00,-2.133361548e-01,-2.920616627e+00,-2.916629076e+00,-2.388241291e+00,-2.395294666e+00,-2.051385164e+00,-2.675897360e+00,-3.257106066e+00,-1.411150813e+00,3.000000000e+00,9.000000000e+00,1.600000000e+01,0.000000000e+00,1.843636632e+00,2.973252535e+00,1.390732080e-02,1.000000000e+00,-2.023489714e+00,-4.044978619e+00,-6.749313325e-04,2.973252296e+00,-2.708759308e+00,-2.360349178e+00,3.317788124e+00,1.411150813e+00,0.000000000e+00,0.000000000e+00,0.000000000e+00,0.000000000e+00,-1.000000000e+00,-1.000000000e+00,-1.000000000e+00,0.000000000e+00,-9.999956489e-01,4.141753038e-07,1.000000000e+00,-6.989678144e-01,0.000000000e+00,4.141753038e-07,9.972382784e-01
35,12,1.664623022e+00,1.049392819e+00,-8.965233564e-01,1.790388107e+00,2.718744278e-01,-3.486329556e+00,-3.445453644e+00,-2.963804245e+00,-2.836033106e+00,-2.348876715e+00,-3.608720303e+00,-4.097423077e+00,2.094726324e+00,7.000000000e+00,1.100000000e+01,1.900000000e+01,0.000000000e+00,-1.216881037e+00,1.747054577e+00,5.116346478e-01,1.000000000e+00,-1.945881128e+00,-3.888412476e+00,1.007040262e+00,1.739742875e+00,-2.878355265e+00,-2.560991526e+00,1.220030665e+00,2.094726324e+00,4.000000000e+00,4.000000000e+00,0.000000000e+00,3.000000000e+00,5.000000000e+00,2.000000000e+00,3.000000000e+00,1.000000000e+00,-4.944994926e+00,-2.895997286e+00,-1.899701357e+00,-4.944492340e+00,1.000000000e+00,4.141753038e-07,4.081614861e-06
36,0,1.106038570e+00,3.704647422e-01,-1.515410423e+00,1.713815212e+00,1.953016073e-01,-2.754681110e+00,-2.759015083e+00,-2.306722641e+00,-2.313727856e+00,-1.571220398e+00,-2.995463610e+00,-3.489160538e+00,-2.378310919e+00,8.000000000e+00,1.100000000e+01,1.900000000e+01,0.000000000e+00,6.722002029e-01,1.907350779e+00,4.350618124e-01,1.000000000e+00,-1.885855913e+00,-3.773160458e+00,-1.788224727e-01,1.907336116e+00,-2.862788200e+00,-2.621281624e+00,2.828604937e+00,2.378310919e+00,1.000000000e+00,1.000000000e+00,0.000000000e+00,1.000000000e+00,-5.000000000e+00,1.500000000e+01,1.000000000e+00,1.000000000e+00,-4.393901348e+00,-1.429028273e+00,9.466588497e-01,-4.378409863e+00,1.000000000e+00,1.283924818e+00,9.950653911e-01
36,1,1.025422692e+00,3.700661361e-01,-1.555603266e+00,1.693274617e+00,1.492069215e-01,-2.797583580e+00,-2.785687447e+00,-2.247493267e+00,-2.226348400e+00,-1.592196345e+00,-2.954260111e+00,-3.451981544e+00,-2.189706802e+00,8.000000000e+00,1.200000000e+01,2.000000000e+01,0.000000000e+00,1.136398435e+00,2.160417080e+00,3.922448158e-01,1.000000000e+00,-1.925648212e+00,-3.851814747e+00,-1.614386886e-01,2.160412312e+00,-2.757678270e+00,-2.580875874e+00,2.955953836e+00,2.189706802e+00,0.000000000e+00,0.000000000e+00,0.000000000e+00,0.000000000e+00,-1.000000000e+00,-1.000000000e+00,-1.000000000e+00,0.000000000e+00,-9.999956489e-01,4.141753038e-07,1.000000000e+00,-6.989678144e-01,1.000000000e+00,1.344628096e+00,9.950864911e-01
36,2,9.036372900e-01,8.571946621e-01,-1.128644824e+00,1.800526381e+00,4.387987256e-01,-3.529127359e+00,-3.554096222e+00,-2.893115759e+00,-2.988256931e+00,-2.846707582e+00,-2.889189959e+00,-3.575404167e+00,4.707525969e-01,4.000000000e+00,9.000000000e+00,1.400000000e+01,0.000000000e+00,7.920063138e-01,3.243016005e+00,6.543984413e-01,1.000000000e+00,-1.985803127e+00,-3.967684269e+00,3.570472300e-01,3.243015766e+00,-3.487490892e+00,-2.032241106e+00,3.027449608e+00,4.707525969e-01,0.000000000e+00,0.000000000e+00,0.000000000e+00,0.000000000e+00,-1.000000000e+00,-1.000000000e+00,-1.000000000e+00,0.000000000e+00,-9.999956489e-01,4.141753038e-07,1.000000000e+00,-6.989678144e-01,0.000000000e+00,4.141753038e-07,1.218333934e-02
36,3,5.772923231e-01,4.274289012e-01,-1.719834089e+00,1.176592827e+00,-2.213465422e-01,-3.059454441e+00,-3.065864801e+00,-2.493401766e+00,-2.534776688e+00,-2.343577862e+00,-2.725935221e+00,-3.209112883e+00,8.792501688e-01,3.000000000e+00,9.000000000e+00,1.500000000e+01,0.000000000e+00,1.336378336e+00,3.011862993e+00,5.018977099e-04,1.000000000e+00,-2.147224665e+00,-4.287654877e+00,8.412382752e-02,3.011862755e+00,-2.877902746e+00,-2.297063112e+00,3.118868351e+00,8.792501688e-01,2.000000000e+00,0.000000000e+00,2.000000000e+00,3.000000000e+00,1.000000000e+00,7.000000000e+00,1.000000000e+00,1.000000000e+00,-4.906896114e+00,-2.136485100e+00,1.516292337e-02,-4.903990746e+00,1.000000000e+00,4.141753038e-07,9.905168414e-01
36,4,4.380903542e-01,3.438574076e-01,-1.746399164e+00,1.044785142e+00,-3.531538844e-01,-3.081224918e+00,-3.056272507e+00,-2.298701286e+00,-2.304385185e+00,-2.204485178e+00,-2.529016972e+00,-3.175331116e+00,6.828165054e-01,3.000000000e+00,9.000000000e+00,1.500000000e+01,1.000000000e+00,2.047174215e+00,3.228141785e+00,-1.313055307e-01,9.375000000e-01,-2.090227127e+00,-4.174809933e+00,-6.311827302e-01,3.228141785e+00,-3.278688669e+00,-2.184447289e+00,3.958869934e+00,6.828165054e-01,0.000000000e+00,0.000000000e+00,0.000000000e+00,0.000000000e+00,-1.000000000e+00,-1.000000000e+00,-1.000000000e+00,0.000000000e+00,-9.999956489e-01,4.141753038e-07,1.000000000e+00,-6.989678144e-01,0.000000000e+00,4.141753038e-07,9.962618947e-01
36,5,8.232542872e-01,7.499856949e-01,-1.361794114e+00,1.188429117e+00,-2.739681005e-01,-3.422116041e+00,-3.452352524e+00,-2.786143541e+00,-2.985242605e+00,-2.712916136e+00,-2.934823513e+00,-3.495173693e+00,5.973362923e-01,4.000000000e+00,1.000000000e+01,1.700000000e+01,0.000000000e+00,1.947444797e+00,3.686875582e+00,-4.201933742e-02,1.000000000e+00,-2.111733437e+00,-4.216523170e+00,1.643071771e+00,3.686857700e+00,-2.092522621e+00,-2.184991837e+00,2.316298485e+00,5.973362923e-01,3.000000000e+00,0.000000000e+00,3.000000000e+00,3.000000000e+00,1.000000000e+00,7.000000000e+00,1.000000000e+00,1.000000000e+00,-5.029421329e+00,-1.961851001e+00,2.903669178e-01,-5.025207996e+00,1.000000000e+00,4.141753038e-07,2.233147025e-01
36,6,8.279555440e-01,4.889793396e-01,-1.533591866e+00,1.339203715e+00,-1.231937334e-01,-3.086034298e+00,-3.083031416e+00,-2.534976482e+00,-2.545023441e+00,-2.196080685e+00,-2.851514578e+00,-3.424384832e+00,1.416498423e+00,3.000000000e+00,9.000000000e+00,1.700000000e+01,0.000000000e+00,1.649562120e+00,3.020930290e+00,1.087550670e-01,1.000000000e+00,-2.022540092e+00,-4.041646957e+00,1.247563809e-01,3.020930052e+00,-2.909046650e+00,-2.361462355e+00,3.245086432e+00,1.416498423e+00,0.000000000e+00,0.000000000e+00,0.000000000e+00,0.000000000e+00,-1.000000000e+00,-1.000000000e+00,-1.000000000e+00,0.000000000e+00,-9.999956489e-01,4.141753038e-07,1.000000000e+00,-6.989678144e-01,1.000000000e+00,4.141753038e-07,9.788330197e-01
36,7,8.517848253e-01,4.762533903e-01,-1.521265984e+00,1.732719660e+00,1.886518747e-01,-3.050657034e+00,-3.050443888e+00,-2.560409307e+00,-2.575455666e+00,-2.184968948e+00,-2.850347519e+00,-3.425518274e+00,1.510212421e+00,5.000000000e+00,1.100000000e+01,2.000000000e+01,0.000000000e+00,-1.141827479e-01,2.127945662e+00,4.316897988e-01,1.000000000e+00,-1.997490406e+00,-3.992118359e+00,-3.778169751e-01,2.127943516e+00,-3.428523779e+00,-2.372962713e+00,2.895955086e+00,1.510212421e+00,4.000000000e+00,4.000000000e+00,0.000000000e+00,3.000000000e+00,4.000000000e+00,6.000000000e+00,1.000000000e+00,1.000000000e+00,-2.904767513e+00,-2.699474812e+00,-1.402570486e+00,-2.903902054e+00,1.000000000e+00,4.141753038e-07,9.822241664e-01
36,8,1.032703161e+00,5.302071571e-01,-1.430663347e+00,1.378381491e+00,-1.898195595e-01,-3.022576809e+00,-2.963396072e+00,-2.435765505e+00,-2.311204195e+00,-1.933350682e+00,-2.994329929e+00,-3.524076462e+00,1.824502826e+00,6.000000000e+00,1.200000000e+01,2.100000000e+01,0.000000000e+00,6.485456228e-01,2.257702827e+00,5.616256222e-02,1.000000000e+00,-1.960842371e+00,-3.919316053e+00,4.438934922e-01,2.257651806e+00,-2.397498369e+00,-2.463251829e+00,2.191631556e+00,1.824502826e+00,2.000000000e+00,2.000000000e+00,0.000000000e+00,3.000000000e+00,4.000000000e+00,7.000000000e+00,1.000000000e+00,1.000000000e+00,-4.712686539e+00,-1.860039830e+00,2.136930227e-01,-4.707038879e+00,1.000000000e+00,4.141753038e-07,9.615757465e-01
36,9,8.506621718e-01,1.791694611e-01,-1.727819085e+00,1.598222256e+00,3.002090007e-02,-2.609513760e+00,-2.608379602e+00,-2.163213968e+00,-2.165542603e+00,-1.491770744e+00,-2.765617847e+00,-3.280354500e+00,2.227769613e+00,8.000000000e+00,1.200000000e+01,2.100000000e+01,0.000000000e+00,2.406878173e-01,1.612128258e+00,2.760031521e-01,1.000000000e+00,-1.906976342e+00,-3.819345951e+00,-1.310703635e+00,1.612128019e+00,-3.653527737e+00,-2.578339815e+00,3.595364094e+00,2.227769613e+00,0.000000000e+00,0.000000000e+00,0.000000000e+00,0.000000000e+00,-1.000000000e+00,-1.000000000e+00,-1.000000000e+00,0.000000000e+00,-9.999956489e-01,4.141753038e-07,1.000000000e+00,-6.989678144e-01,0.000000000e+00,4.141753038e-07,9.990693927e-01
36,10,1.097363472e+00,4.548865557e-01,-1.500596046e+00,1.483494997e+00,-6.057260558e-02,-2.885980129e+00,-2.893408060e+00,-2.430921555e+00,-2.440659523e+00,-1.788535118e+00,-3.055092573e+00,-3.527326345e+00,2.159274101e+00,8.000000000e+00,1.200000000e+01,2.000000000e+01,0.000000000e+00,9.280537367e-01,2.252589941e+00,1.824652255e-01,1.000000000e+00,-1.955456972e+00,-3.910172701e+00,-3.466474116e-01,2.252588511e+00,-3.241555929e+00,-2.597801208e+00,3.251188278e+00,2.159274101e+00,0.000000000e+00,0.000000000e+00,0.000000000e+00,0.000000000e+00,-1.000000000e+00,-1.000000000e+00,-1.000000000e+00,0.000000000e+00,-9.999956489e-01,4.141753038e-07,1.000000000e+00,-6.989678144e-01,0.000000000e+00,4.141753038e-07,9.866059422e-01
36,11,1.126095533e+00,5.076872110e-01,-9.964860082e-01,5.357041359e-01,-3.093931377e-01,-3.149158001e+00,-3.088192225e+00,-2.440206051e+00,-2.518923283e+00,-1.821888447e+00,-2.630037546e+00,-3.765639782e+00,2.102267742e+00,6.000000000e+00,5.000000000e+00,6.000000000e+00,0.000000000e+00,1.982810974e+00,2.813323736e+00,-2.424465120e-01,1.000000000e+00,-1.504163504e+00,-3.007862329e+00,1.681634337e-01,2.813322544e+00,-2.858277082e+00,-2.122528315e+00,3.342211485e+00,2.102267742e+00,0.000000000e+00,0.000000000e+00,0.000000000e+00,0.000000000e+00,-1.000000000e+00,-1.000000000e+00,-1.000000000e+00,0.000000000e+00,-9.999956489e-01,4.141753038e-07,1.000000000e+00,-6.989678144e-01,1.000000000e+00,-3.918309212e-01,9.724147916e-01
36,12,1.138956904e+00,4.508356452e-01,-4.948196411e-01,4.379045665e-01,-4.071924984e-01,-2.800328970e+00,-2.618829012e+00,-2.287362814e+00,-2.222708464e+00,-1.599308372e+00,-2.084658861e+00,-3.487388611e+00,2.266923189e+00,6.000000000e+00,4.000000000e+00,6.000000000e+00,0.000000000e+00,1.632701278e+00,2.415680170e+00,-3.402458727e-01,1.000000000e+00,-9.456526637e-01,-1.891377449e+00,5.721627548e-02,2.415676117e+00,-2.616221189e+00,-1.633759141e+00,2.981852055e+00,2.266923189e+00,1.000000000e+00,1.000000000e+00,0.000000000e+00,1.000000000e+00,5.000000000e+00,1.700000000e+01,1.000000000e+00,1.000000000e+00,-3.453523636e+00,-6.886135340e-01,3.522333503e-01,-3.372809172e+00,2.000000000e+00,-3.322613001e+00,9.872875214e-01
36,13,1.225794911e+00,4.289830327e-01,-1.490961909e+00,1.658097744e+00,2.601578832e-01,-2.794169426e+00,-2.792760611e+00,-2.352063417e+00,-2.351605892e+00,-1.555333495e+00,-3.148949623e+00,-3.589560509e+00,2.521440268e+00,9.000000000e+00,1.000000000e+01,1.500000000e+01,0.000000000e+00,1.324297428e+00,2.217576027e+00,4.820065498e-01,1.000000000e+00,-1.919922113e+00,-3.840705633e+00,5.012556911e-01,2.217495918e+00,-2.279348135e+00,-2.716543913e+00,2.512563944e+00,2.521440268e+00,0.000000000e+00,0.000000000e+00,0.000000000e+00,0.000000000e+00,-1.000000000e+00,-1.000000000e+00,-1.000000000e+00,0.000000000e+00,-9.999956489e-01,4.141753038e-07,1.000000000e+00,-6.989678144e-01,1.000000000e+00,4.141753038e-07,9.903349280e-01
37,0,1.003052473e+00,2.953225076e-01,-1.627032757e+00,1.837003708e+00,3.746059239e-01,-2.684474468e+00,-2.705180883e+00,-2.206141472e+00,-2.258165121e+00,-1.498467445e+00,-2.931454420e+00,-3.391343832e+00,-2.313009977e+00,8.000000000e+00,1.000000000e+01,1.700000000e+01,0.000000000e+00,1.197833300e+00,2.097398043e+00,6.065549254e-01,1.000000000e+00,-1.922337055e+00,-3.848074675e+00,-8.339307308e-01,2.097397804e+00,-3.386441231e+00,-2.629918337e+00,3.690557480e+00,2.313009977e+00,0.000000000e+00,0.000000000e+00,0.000000000e+00,0.000000000e+00,-1.000000000e+00,-1.000000000e+00,-1.000000000e+00,0.000000000e+00,-9.999956489e-01,4.141753038e-07,1.000000000e+00,-6.989678144e-01,0.000000000e+00,4.141753038e-07,9.976529479e-01
37,1,1.004828930e+00,3.948358893e-01,-1.615670323e+00,1.611091256e+00,1.486935318e-01,-2.863698483e+00,-2.855042696e+00,-2.328012466e+00,-2.323683977e+00,-1.718089104e+00,-3.018938780e+00,-3.472717524e+00,-2.082291603e+00,6.000000000e+00,1.000000000e+01,1.700000000e+01,0.000000000e+00,-2.643635869e-01,1.588244438e+00,3.806425333e-01,1.000000000e+00,-2.010479450e+00,-4.020510674e+00,6.147537231e-01,1.585777044e+00,-2.103802443e+00,-2.620335817e+00,1.576665044e+00,2.082291603e+00,0.000000000e+00,0.000000000e+00,0.000000000e+00,0.000000000e+00,-1.000000000e+00,-1.000000000e+00,-1.000000000e+00,0.000000000e+00,-9.999956489e-01,4.141753038e-07,1.000000000e+00,-6.989678144e-01,1.000000000e+00,4.141753038e-07,9.935397506e-01
38,0,8.929429650e-01,2.334855348e-01,-1.625913262e+00,1.749807119e+00,2.584456801e-01,-2.674832582e+00,-2.672403336e+00,-2.231552839e+00,-2.232220411e+00,-1.572152853e+00,-2.757030964e+00,-3.333558321e+00,-2.199387074e+00,8.000000000e+00,1.100000000e+01,1.800000000e+01,0.000000000e+00,6.014550477e-02,1.602257490e+00,4.945347309e-01,1.000000000e+00,-1.859385490e+00,-3.721460342e+00,-4.553737342e-01,1.602240801e+00,-2.920792818e+00,-2.518731117e+00,2.717529774e+00,2.199387074e+00,0.000000000e+00,0.000000000e+00,0.000000000e+00,0.000000000e+00,-1.000000000e+00,-1.000000000e+00,-1.000000000e+00,0.000000000e+00,-9.999956489e-01,4.141753038e-07,1.000000000e+00,-6.989678144e-01,0.000000000e+00,4.141753038e-07,9.986087680e-01
38,1,9.468920231e-01,3.093160689e-01,-1.627793431e+00,1.600565195e+00,2.026254833e-01,-2.974431038e+00,-2.981056929e+00,-2.322748184e+00,-2.343782425e+00,-1.685242295e+00,-2.885353327e+00,-3.610641479e+00,-2.147680759e+00,6.000000000e+00,1.000000000e+01,1.500000000e+01,0.000000000e+00,1.708568335e+00,2.539547682e+00,4.244741201e-01,1.000000000e+00,-1.937090158e+00,-3.872671604e+00,-8.543133736e-01,2.539547443e+00,-3.506115437e+00,-2.574540854e+00,4.051794052e+00,2.147680759e+00,0.000000000e+00,0.000000000e+00,0.000000000e+00,0.000000000e+00,-1.000000000e+00,-1.000000000e+00,-1.000000000e+00,0.000000000e+00,-9.999956489e-01,4.141753038e-07,1.000000000e+00,-6.989678144e-01,0.000000000e+00,4.141753038e-07,9.973298311e-01
38,2,1.001673222e+00,4.461425245e-01,-1.537017941e+00,1.544075608e+00,-2.412559278e-02,-2.940214157e+00,-2.937877178e+00,-2.403461218e+00,-2.410586357e+00,-1.848009706e+00,-2.986865997e+00,-3.494764566e+00,-1.952357769e+00,6.000000000e+00,1.200000000e+01,2.100000000e+01,0.000000000e+00,1.380702853e+00,2.538394928e+00,2.218566239e-01,1.000000000e+00,-1.983133435e+00,-3.964766502e+00,1.465980113e-01,2.538391590e+00,-2.710020065e+00,-2.538555861e+00,2.954371929e+00,1.952357769e+00,3.000000000e+00,3.000000000e+00,0.000000000e+00,3.000000000e+00,-5.000000000e+00,7.000000000e+00,3.000000000e+00,1.000000000e+00,-5.334387302e+00,-2.169348240e+00,-3.665726781e-01,-5.332088470e+00,1.000000000e+00,4.141753038e-07,9.880273342e-01
38,3,9.079347253e-01,4.366722703e-01,-1.121535659e+00,1.415514946e+00,3.015716970e-01,-2.970596313e+00,-2.922671795e+00,-2.517990112e+00,-2.495887995e+00,-2.046822309e+00,-2.466304779e+00,-3.441064358e+00,-1.748426437e+00,7.000000000e+00,6.000000000e+00,9.000000000e+00,0.000000000e+00,9.408807755e-01,2.517311811e+00,4.612725079e-01,1.000000000e+00,-1.558197737e+00,-3.116142988e+00,-2.046258599e-01,2.517311096e+00,-3.136727333e+00,-2.029429436e+00,3.170873165e+00,1.748426437e+00,0.000000000e+00,0.000000000e+00,0.000000000e+00,0.000000000e+00,-1.000000000e+00,-1.000000000e+00,-1.000000000e+00,0.000000000e+00,-9.999956489e-01,4.141753038e-07,1.000000000e+00,-6.989678144e-01,1.000000000e+00,4.141753038e-07,9.893720746e-01
38,4,3.974015713e-01,3.602213860e-01,-1.774156690e+00,1.211218834e+00,-1.867205203e-01,-3.124023914e+00,-3.111423731e+00,-2.562386513e+00,-2.657224655e+00,-2.525219440e+00,-2.532006741e+00,-3.161152601e+00,-4.197173119e-01,3.000000000e+00,9.000000000e+00,1.500000000e+01,0.000000000e+00,-8.319862485e-01,2.109384775e+00,3.512793779e-02,1.000000000e+00,-2.134344578e+00,-4.261159897e+00,1.904641688e-01,2.109353065e+00,-2.826887846e+00,-2.171519518e+00,2.050819159e+00,4.197173119e-01,0.000000000e+00,0.000000000e+00,0.000000000e+00,0.000000000e+00,-1.000000000e+00,-1.000000000e+00,-1.000000000e+00,0.000000000e+00,-9.999956489e-01,4.141753038e-07,1.000000000e+00,-6.989678144e-01,0.000000000e+00,1.129930496e+00,9.955744743e-01
38,5,6.755456328e-01,6.519773602e-01,-1.461984992e+00,1.325343490e+00,-1.370539814e-01,-3.329003572e+00,-3.413376808e+00,-2.628646612e+00,-2.958144426e+00,-2.605088234e+00,-2.789333820e+00,-3.352519989e+00,-3.324354291e-01,4.000000000e+00,1.000000000e+01,1.700000000e+01,0.000000000e+00,1.585925221e+00,3.398316383e+00,9.489481896e-02,1.000000000e+00,-2.113918304e+00,-4.220749855e+00,1.756202936e+00,3.398203611e+00,-1.854282260e+00,-2.137483597e+00,1.995269656e+00,3.324354291e-01,3.000000000e+00,0.000000000e+00,3.000000000e+00,3.000000000e+00,-1.000000000e+00,1.000000000e+00,1.000000000e+00,1.000000000e+00,-5.239951611e+00,-2.012413263e+00,2.115153968e-01,-5.236478806e+00,1.000000000e+00,4.141753038e-07,7.360546589e-01
38,6,7.539699674e-01,3.577542007e-01,-1.665539265e+00,1.453025579e+00,-1.151756048e-01,-2.926273823e+00,-2.923928022e+00,-2.383597374e+00,-2.390384674e+00,-1.987444162e+00,-2.779900789e+00,-3.321943760e+00,1.562466025e+00,5.000000000e+00,1.100000000e+01,2.100000000e+01,0.000000000e+00,1.579578519e+00,2.777275801e+00,1.308065653e-01,1.000000000e+00,-2.023267508e+00,-4.044665813e+00,-5.218110681e-01,2.777275562e+00,-3.269249916e+00,-2.419415236e+00,3.701738596e+00,1.562466025e+00,0.000000000e+00,0.000000000e+00,0.000000000e+00,0.000000000e+00,-1.000000000e+00,-1.000000000e+00,-1.000000000e+00,0.000000000e+00,-9.999956489e-01,4.141753038e-07,1.000000000e+00,-6.989678144e-01,1.000000000e+00,1.261296272e+00,9.956874251e-01
38,7,7.418698072e-01,2.949727476e-01,-1.731945515e+00,1.717222691e+00,1.731548607e-01,-2.848168850e+00,-2.839670658e+00,-2.321875095e+00,-2.317032099e+00,-1.875036478e+00,-2.772926569e+00,-3.294515848e+00,1.688592672e+00,6.000000000e+00,1.100000000e+01,2.000000000e+01,0.000000000e+00,1.721889496e+00,2.736016512e+00,4.161927998e-01,1.000000000e+00,-2.026895285e+00,-4.053317547e+00,3.177472353e-01,2.736013412e+00,-2.294262171e+00,-2.473709345e+00,2.860276222e+00,1.688592672e+00,0.000000000e+00,0.000000000e+00,0.000000000e+00,0.000000000e+00,-1.000000000e+00,-1.000000000e+00,-1.000000000e+00,0.000000000e+00,-9.999956489e-01,4.141753038e-07,1.000000000e+00,-6.989678144e-01,0.000000000e+00,4.141753038e-07,9.976602793e-01
38,8,1.022748590e+00,3.636475503e-01,-1.524045825e+00,1.415424228e+00,-1.286432445e-01,-2.772850037e+00,-2.767125845e+00,-2.208413363e+00,-2.197208166e+00,-1.549366832e+00,-2.913334131e+00,-3.431035519e+00,2.198545933e+00,8.000000000e+00,1.200000000e+01,2.000000000e+01,0.000000000e+00,1.028975129e+00,2.063895464e+00,1.143945605e-01,1.000000000e+00,-1.887674212e+00,-3.776048183e+00,1.107801273e-01,2.063868523e+00,-2.450021744e+00,-2.546656132e+00,2.600929976e+00,2.198545933e+00,0.000000000e+00,0.000000000e+00,0.000000000e+00,0.000000000e+00,-1.000000000e+00,-1.000000000e+00,-1.000000000e+00,0.000000000e+00,-9.999956489e-01,4.141753038e-07,1.000000000e+00,-6.989678144e-01,0.000000000e+00,1.272842765e+00,9.954115748e-01
38,9,1.085609794e+00,3.438852727e-01,-1.591691971e+00,1.858546853e+00,3.671853244e-01,-2.742278099e+00,-2.738198996e+00,-2.300829649e+00,-2.300106049e+00,-1.559176087e+00,-3.025903463e+00,-3.482920408e+00,2.392715454e+00,8.000000000e+00,1.100000000e+01,1.800000000e+01,0.000000000e+00,1.374401331e+00,2.246396303e+00,6.032744050e-01,1.000000000e+00,-1.935556531e+00,-3.873094320e+00,-1.209608093e-01,2.246392488e+00,-2.764786482e+00,-2.677112103e+00,3.108240128e+00,2.392715454e+00,1.000000000e+00,1.000000000e+00,0.000000000e+00,1.000000000e+00,5.000000000e+00,1.600000000e+01,1.000000000e+00,1.000000000e+00,-4.200309753e+00,-1.489930034e+00,9.198767543e-01,-4.186693192e+00,1.000000000e+00,-4.313110709e-01,9.962608218e-01
38,10,1.003682852e+00,2.484584004e-01,-1.049372435e+00,1.029245973e+00,-1.214628760e-02,-2.423313856e+00,-2.003787041e+00,-8.833518028e-01,-8.088648319e-01,-1.281297803e-01,-2.300137043e+00,-3.177998781e+00,2.424307585e+00,0.000000000e+00,4.000000000e+00,8.000000000e+00,0.000000000e+00,-3.881861567e-01,6.147345304e-01,1.261562854e-01,1.000000000e+00,-1.297826767e+00,-2.594205856e+00,6.147326827e-01,-1.925739646e+00,-4.425919652e-01,-2.053010941e+00,-1.859740853e+00,2.424307585e+00,0.000000000e+00,0.000000000e+00,0.000000000e+00,0.000000000e+00,-1.000000000e+00,-1.000000000e+00,-1.000000000e+00,0.000000000e+00,-9.999956489e-01,4.141753038e-07,1.000000000e+00,-6.989678144e-01,1.000000000e+00,4.141753038e-07,9.984315038e-01
38,11,1.013920665e+00,2.385109663e-01,-1.528074622e+00,1.278945446e+00,4.849677905e-02,-2.606701374e+00,-2.606912613e+00,-2.166374207e+00,-2.165700674e+00,-1.391017199e+00,-2.784727097e+00,-3.381240845e+00,2.471486568e+00,9.000000000e+00,8.000000000e+00,1.100000000e+01,0.000000000e+00,-1.178466678e+00,8.069391847e-01,2.375528961e-01,1.000000000e+00,-1.766574621e+00,-3.536175966e+00,-1.980228582e-03,8.016400337e-01,-2.406145096e+00,-2.541858673e+00,1.578293204e+00,2.471486568e+00,0.000000000e+00,0.000000000e+00,0.000000000e+00,0.000000000e+00,-1.000000000e+00,-1.000000000e+00,-1.000000000e+00,0.000000000e+00,-9.999956489e-01,4.141753038e-07,1.000000000e+00,-6.989678144e-01,0.000000000e+00,4.141753038e-07,9.985522628e-01
39,0,4.602259398e-01,2.500569224e-01,-1.457957149e+00,9.493838549e-01,-4.858274478e-03,-2.469407320e+00,-2.142322302e+00,-7.345142365e-01,-6.193505526e-01,-5.243459940e-01,-2.203613043e+00,-2.679496765e+00,1.064732552e+00,0.000000000e+00,4.000000000e+00,7.000000000e+00,0.000000000e+00,1.515812993e+00,1.359917402e+00,1.042860746e-01,1.000000000e+00,-1.708003998e+00,-3.450256348e+00,1.324250579e+00,9.500833750e-01,4.548416734e-01,-1.918159366e+00,-2.791616023e-01,1.064732552e+00,0.000000000e+00,0.000000000e+00,0.000000000e+00,0.000000000e+00,-1.000000000e+00,-1.000000000e+00,-1.000000000e+00,0.000000000e+00,-9.999956489e-01,4.141753038e-07,1.000000000e+00,-6.989678144e-01,0.000000000e+00,4.141753038e-07,9.984108210e-01
39,1,4.663189948e-01,1.986590326e-01,-1.879777670e+00,1.439626217e+00,8.262804709e-03,-2.845707655e+00,-2.825520039e+00,-2.029977322e+00,-2.029884815e+00,-1.762338758e+00,-2.549140930e+00,-3.113108397e+00,1.227003455e+00,3.000000000e+00,9.000000000e+00,1.600000000e+01,0.000000000e+00,8.015732169e-01,2.163150549e+00,2.355064303e-01,1.000000000e+00,-2.078417301e+00,-4.155191898e+00,-1.054735661e+00,2.163150311e+00,-3.282497644e+00,-2.346033096e+00,3.484931231e+00,1.227003455e+00,0.000000000e+00,0.000000000e+00,0.000000000e+00,0.000000000e+00,-1.000000000e+00,-1.000000000e+00,-1.000000000e+00,0.000000000e+00,-9.999956489e-01,4.141753038e-07,1.000000000e+00,-6.989678144e-01,0.000000000e+00,4.141753038e-07,9.989309907e-01
39,2,7.325372100e-01,3.301622570e-01,-1.679510236e+00,1.723947167e+00,1.798793525e-01,-2.909240246e+00,-2.906729460e+00,-2.457535028e+00,-2.470562458e+00,-2.055235147e+00,-2.744902372e+00,-3.311078072e+00,1.577930808e+00,7.000000000e+00,1.100000000e+01,2.000000000e+01,0.000000000e+00,1.114419699e+00,2.612498522e+00,4.229172766e-01,1.000000000e+00,-2.009648561e+00,-4.017752171e+00,2.868984938e-01,2.612493515e+00,-2.513812780e+00,-2.411955833e+00,2.740935326e+00,1.577930808e+00,1.000000000e+00,1.000000000e+00,0.000000000e+00,2.000000000e+00,-4.000000000e+00,2.300000000e+01,2.000000000e+00,1.000000000e+00,-1.263370156e+00,-1.667594790e+00,6.656817794e-01,-1.254133105e+00,1.000000000e+00,4.141753038e-07,9.967390895e-01
39,3,7.812392712e-01,3.494969010e-01,-1.557505131e+00,1.051967621e+00,-6.197526678e-02,-2.699864388e+00,-2.632896185e+00,-1.110420465e+00,-1.355114102e+00,-6.786814928e-01,-2.695845842e+00,-3.131236553e+00,1.651132107e+00,0.000000000e+00,5.000000000e+00,9.000000000e+00,0.000000000e+00,7.947134972e-01,1.446633220e+00,9.772542119e-02,1.000000000e+00,-1.906982541e+00,-3.818967819e+00,1.413005233e+00,1.025009155e+00,-2.916145325e-01,-2.338665485e+00,2.884440422e-01,1.651132107e+00,0.000000000e+00,0.000000000e+00,0.000000000e+00,0.000000000e+00,-1.000000000e+00,-1.000000000e+00,-1.000000000e+00,0.000000000e+00,-9.999956489e-01,4.141753038e-07,1.000000000e+00,-6.989678144e-01,0.000000000e+00,4.141753038e-07,9.960408211e-01
39,4,9.899994731e-01,4.486605823e-01,-1.580448270e+00,1.560479283e+00,4.196576402e-02,-2.904088974e+00,-2.937416792e+00,-2.289021254e+00,-2.394575596e+00,-1.747742414e+00,-3.022201538e+00,-3.444565773e+00,1.918288231e+00,7.000000000e+00,1.100000000e+01,1.900000000e+01,0.000000000e+00,1.193405747e+00,2.344475508e+00,2.817259431e-01,1.000000000e+00,-2.029078722e+00,-4.056806564e+00,7.658613473e-02,2.344469309e+00,-2.766504288e+00,-2.570302725e+00,2.914709806e+00,1.918288231e+00,2.000000000e+00,2.000000000e+00,0.000000000e+00,1.000000000e+00,5.000000000e+00,1.400000000e+01,2.000000000e+00,1.000000000e+00,-4.583815098e+00,-1.921777725e+00,2.250847071e-01,-4.578843117e+00,1.000000000e+00,4.141753038e-07,9.876368046e-01
39,5,8.620992303e-01,3.384989798e-01,-1.617916703e+00,1.722534060e+00,1.314697713e-01,-2.848317623e+00,-2.812968969e+00,-2.380666018e+00,-2.263422966e+00,-1.857138634e+00,-2.821462393e+00,-3.371202230e+00,1.875561953e+00,7.000000000e+00,1.200000000e+01,2.200000000e+01,0.000000000e+00,1.192629337e+00,2.453485966e+00,3.801115453e-01,1.000000000e+00,-1.956394196e+00,-3.912519455e+00,-1.359080821e-01,2.453484297e+00,-2.737672567e+00,-2.479902744e+00,2.995616913e+00,1.875561953e+00,0.000000000e+00,0.000000000e+00,0.000000000e+00,0.000000000e+00,-1.000000000e+00,-1.000000000e+00,-1.000000000e+00,0.000000000e+00,-9.999956489e-01,4.141753038e-07,1.000000000e+00,-6.989678144e-01,0.000000000e+00,4.141753038e-07,9.964582324e-01
39,6,1.039676309e+00,3.849273622e-01,-1.525640249e+00,1.560201168e+00,1.613350213e-02,-3.111294985e+00,-3.041009903e+00,-2.303339720e+00,-2.262625694e+00,-1.648658752e+00,-2.950665236e+00,-3.764075518e+00,2.188272238e+00,8.000000000e+00,1.000000000e+01,2.000000000e+01,0.000000000e+00,1.035690665e+00,2.204855680e+00,2.591713965e-01,1.000000000e+00,-1.910546660e+00,-3.819086075e+00,1.822615623e+00,2.163871765e+00,-8.250137568e-01,-2.565171480e+00,9.552817941e-01,2.188272238e+00,0.000000000e+00,0.000000000e+00,0.000000000e+00,0.000000000e+00,-1.000000000e+00,-1.000000000e+00,-1.000000000e+00,0.000000000e+00,-9.999956489e-01,4.141753038e-07,1.000000000e+00,-6.989678144e-01,0.000000000e+00,4.141753038e-07,9.942202568e-01
39,7,8.770809770e-01,1.973834783e-01,-1.702117801e+00,1.635633469e+00,1.171198115e-01,-2.616595268e+00,-2.623229027e+00,-2.173652172e+00,-2.183302879e+00,-1.494005799e+00,-2.784051895e+00,-3.295614004e+00,2.247097254e+00,7.000000000e+00,1.200000000e+01,1.900000000e+01,0.000000000e+00,1.341159344e+00,2.164604425e+00,3.568800390e-01,1.000000000e+00,-1.899488449e+00,-3.803983927e+00,-1.260284185e-01,2.164598703e+00,-2.506641865e+00,-2.579055786e+00,2.979888916e+00,2.247097254e+00,0.000000000e+00,0.000000000e+00,0.000000000e+00,0.000000000e+00,-1.000000000e+00,-1.000000000e+00,-1.000000000e+00,0.000000000e+00,-9.999956489e-01,4.141753038e-07,1.000000000e+00,-6.989678144e-01,0.000000000e+00,4.141753038e-07,9.989408851e-01
39,8,1.139919877e+00,4.172500372e-01,-1.502165318e+00,1.956408739e+00,4.940108657e-01,-2.809510231e+00,-2.799283743e+00,-2.292580605e+00,-2.258148670e+00,-1.569979787e+00,-3.062045813e+00,-3.530982971e+00,2.348067284e+00,7.000000000e+00,1.000000000e+01,1.700000000e+01,1.000000000e+00,7.815732956e-01,1.961607695e+00,7.259598970e-01,9.444444180e-01,-1.919392943e+00,-3.839047909e+00,7.604081631e-01,1.960746288e+00,-1.915033460e+00,-2.641908407e+00,1.888556004e+00,2.348067284e+00,4.000000000e+00,4.000000000e+00,0.000000000e+00,1.000000000e+00,5.000000000e+00,3.600000000e+01,1.000000000e+00,1.000000000e+00,-3.881333113e+00,-1.794981480e+00,2.628794312e-01,-3.874477863e+00,1.000000000e+00,4.141753038e-07,9.916131496e-01
39,9,1.312236309e+00,5.627904534e-01,-1.292121649e+00,1.923403263e+00,4.048895240e-01,-2.936708689e+00,-2.911296368e+00,-2.382668972e+00,-2.342269182e+00,-1.633309245e+00,-3.168199539e+00,-3.684425354e+00,2.410788536e+00,9.000000000e+00,1.200000000e+01,1.900000000e+01,0.000000000e+00,8.028513193e-01,2.034982681e+00,6.446498036e-01,1.000000000e+00,-1.854889274e+00,-3.709294558e+00,5.548878312e-01,2.034744501e+00,-2.350170135e+00,-2.604191780e+00,2.188866854e+00,2.410788536e+00,3.000000000e+00,3.000000000e+00,0.000000000e+00,2.000000000e+00,-5.000000000e+00,8.000000000e+00,3.000000000e+00,1.000000000e+00,-3.865056038e+00,-1.473590136e+00,7.923247218e-01,-3.850805283e+00,1.000000000e+00,4.141753038e-07,9.365311861e-01
40,0,4.353844225e-01,1.724168360e-01,-1.241135716e+00,1.083081484e+00,1.288392991e-01,-1.830533862e+00,-1.892484188e+00,-1.618046016e-01,-3.321045041e-01,1.011628360e-01,-1.978983045e+00,-2.093477249e+00,-1.214138269e+00,0.000000000e+00,4.000000000e+00,7.000000000e+00,0.000000000e+00,2.139665604e+00,1.345301867e+00,2.379837185e-01,1.000000000e+00,-1.413548589e+00,-2.956806421e+00,1.334871650e+00,6.808755994e-01,8.303496838e-01,-1.676506877e+00,-2.207275033e-01,1.214138269e+00,0.000000000e+00,0.000000000e+00,0.000000000e+00,0.000000000e+00,-1.000000000e+00,-1.000000000e+00,-1.000000000e+00,0.000000000e+00,-9.999956489e-01,4.141753038e-07,1.000000000e+00,-6.989678144e-01,0.000000000e+00,4.141753038e-07,9.991117120e-01
40,1,5.835902691e-01,4.085569382e-01,-1.596383095e+00,1.329523206e+00,-6.841631234e-02,-3.086668968e+00,-3.094564915e+00,-2.592440128e+00,-2.634922028e+00,-2.417463064e+00,-2.589199305e+00,-3.261439085e+00,-9.591522813e-01,3.000000000e+00,8.000000000e+00,1.500000000e+01,0.000000000e+00,1.420898676e+00,3.128026009e+00,1.534322202e-01,1.000000000e+00,-2.004913092e+00,-4.006305695e+00,-1.073333472e-01,3.128026009e+00,-3.150385857e+00,-2.179924726e+00,3.452652693e+00,9.591522813e-01,1.000000000e+00,0.000000000e+00,1.000000000e+00,3.000000000e+00,-2.000000000e+00,0.000000000e+00,3.000000000e+00,1.000000000e+00,-5.446344376e+00,-3.606320143e+00,-3.205330372e+00,-5.446267128e+00,1.000000000e+00,4.141753038e-07,9.924322367e-01
40,2,8.832675815e-01,7.204990387e-01,-1.420439720e+00,1.200681686e+00,-1.610455066e-01,-3.347514153e+00,-3.407364845e+00,-2.721956491e+00,-2.890881777e+00,-2.559259653e+00,-3.024222136e+00,-3.509843349e+00,9.207376242e-01,4.000000000e+00,9.000000000e+00,1.400000000e+01,1.000000000e+00,-1.748607904e-01,2.472086668e+00,5.455404520e-02,9.333333373e-01,-2.140890121e+00,-4.274122238e+00,8.577600718e-01,2.471958399e+00,-2.753712177e+00,-2.303631306e+00,1.945954084e+00,9.207376242e-01,3.000000000e+00,1.000000000e+00,2.000000000e+00,3.000000000e+00,2.000000000e+00,8.000000000e+00,1.000000000e+00,1.000000000e+00,-4.809100151e+00,-2.169015408e+00,-6.212317199e-02,-4.806355953e+00,1.000000000e+00,4.141753038e-07,3.756118715e-01
40,3,7.051879764e-01,5.272650719e-01,-1.545529008e+00,1.006884336e+00,-3.910546899e-01,-3.096966028e+00,-3.150314093e+00,-2.578657627e+00,-2.678629637e+00,-2.400790215e+00,-2.778819084e+00,-3.274614096e+00,9.680727720e-01,5.000000000e+00,8.000000000e+00,1.500000000e+01,0.000000000e+00,1.489789367e+00,3.145794153e+00,-1.692063659e-01,1.000000000e+00,-2.072757959e+00,-4.140655518e+00,-6.264737248e-01,3.145794153e+00,-3.829633713e+00,-2.250654936e+00,4.049330711e+00,9.680727720e-01,0.000000000e+00,0.000000000e+00,0.000000000e+00,0.000000000e+00,-1.000000000e+00,-1.000000000e+00,-1.000000000e+00,0.000000000e+00,-9.999956489e-01,4.141753038e-07,1.000000000e+00,-6.989678144e-01,0.000000000e+00,4.141753038e-07,9.632318616e-01
40,4,7.771427631e-01,4.968429208e-01,-1.532784939e+00,1.245971203e+00,-2.164261341e-01,-3.111653090e+00,-3.122613430e+00,-2.549586058e+00,-2.578375340e+00,-2.269359350e+00,-2.807611227e+00,-3.391443968e+00,1.261380434e+00,3.000000000e+00,9.000000000e+00,1.700000000e+01,0.000000000e+00,7.618442774e-01,2.650362253e+00,1.552259270e-02,1.000000000e+00,-2.029596090e+00,-4.055427551e+00,-4.301626086e-01,2.650362253e+00,-3.504157543e+00,-2.309853792e+00,3.389182806e+00,1.261380434e+00,2.000000000e+00,1.000000000e+00,1.000000000e+00,3.000000000e+00,3.000000000e+00,2.600000000e+01,1.000000000e+00,1.000000000e+00,-5.287812233e+00,-2.271772146e+00,-4.797628522e-01,-5.285944462e+00,1.000000000e+00,4.141753038e-07,9.763684273e-01
40,5,9.189904928e-01,7.151837945e-01,-1.007579923e+00,1.160187960e+00,1.187955514e-01,-3.325189352e+00,-3.335266113e+00,-2.684936047e+00,-2.814040661e+00,-2.481208324e+00,-2.641659975e+00,-3.528446436e+00,1.046043634e+00,3.000000000e+00,5.000000000e+00,8.000000000e+00,0.000000000e+00,1.068380952e+00,3.015530348e+00,2.570981681e-01,1.000000000e+00,-1.722745180e+00,-3.444417953e+00,-1.583462954e-01,3.015530109e+00,-3.685742855e+00,-1.926538110e+00,3.506453514e+00,1.046043634e+00,3.000000000e+00,1.000000000e+00,2.000000000e+00,3.000000000e+00,2.000000000e+00,8.000000000e+00,1.000000000e+00,1.000000000e+00,-1.785763502e+00,-2.261813402e+00,-1.073478937e+00,-1.783393860e+00,1.000000000e+00,4.141753038e-07,4.060325325e-01
40,6,1.318558812e+00,9.703773260e-01,-1.043687820e+00,1.297307014e+00,-1.340562105e-01,-3.523665428e+00,-3.556983709e+00,-2.958732843e+00,-3.104153872e+00,-2.610769033e+00,-3.331851721e+00,-3.870067835e+00,1.440278530e+00,4.000000000e+00,1.000000000e+01,1.600000000e+01,0.000000000e+00,-1.470487863e-01,2.537434578e+00,9.318731725e-02,1.000000000e+00,-2.014024973e+00,-4.023685455e+00,4.491361976e-01,2.537420273e+00,-3.624115944e+00,-2.362151384e+00,2.581847429e+00,1.440278530e+00,4.000000000e+00,4.000000000e+00,0.000000000e+00,3.000000000e+00,4.000000000e+00,1.800000000e+01,1.000000000e+00,1.000000000e+00,-5.171110153e+00,-2.435981274e+00,-8.408689499e-01,-5.169757366e+00,1.000000000e+00,4.141753038e-07,1.696999825e-04
40,7,1.023540020e+00,2.956195474e-01,-1.672479630e+00,1.417633891e+00,-1.372950245e-02,-2.937151432e+00,-3.047284126e+00,-2.237156868e+00,-2.419766426e+00,-1.509297132e+00,-2.993786097e+00,-3.663442373e+00,2.360377312e+00,8.000000000e+00,1.000000000e+01,1.600000000e+01,0.000000000e+00,1.357896686e+00,2.188267469e+00,2.135140896e-01,1.000000000e+00,-1.968079090e+00,-3.935038090e+00,-2.253839001e-02,2.188259363e+00,-2.737801313e+00,-2.695824385e+00,3.121247292e+00,2.360377312e+00,0.000000000e+00,0.000000000e+00,0.000000000e+00,0.000000000e+00,-1.000000000e+00,-1.000000000e+00,-1.000000000e+00,0.000000000e+00,-9.999956489e-01,4.141753038e-07,1.000000000e+00,-6.989678144e-01,0.000000000e+00,4.141753038e-07,9.976465106e-01
40,8,1.107435465e+00,3.520267606e-01,-1.540606856e+00,1.565070152e+00,1.337066889e-01,-2.976609230e+00,-3.076744795e+00,-2.296262026e+00,-2.454705715e+00,-1.540924072e+00,-3.001103640e+00,-3.730090857e+00,2.424738407e+00,8.000000000e+00,9.000000000e+00,1.600000000e+01,0.000000000e+00,9.749846458e-01,2.028639317e+00,3.609503210e-01,1.000000000e+00,-1.892614603e+00,-3.784102440e+00,5.222302079e-01,2.028428316e+00,-2.284542561e+00,-2.647864342e+00,2.420051336e+00,2.424738407e+00,1.000000000e+00,1.000000000e+00,0.000000000e+00,1.000000000e+00,5.000000000e+00,1.900000000e+01,1.000000000e+00,1.000000000e+00,-1.298482895e+00,-1.862600088e+00,4.819733649e-02,-1.292564750e+00,1.000000000e+00,4.141753038e-07,9.959363937e-01
41,0,1.145213842e+00,3.996732235e-01,-1.466484308e+00,1.404900670e+00,-8.646050841e-02,-2.790373325e+00,-2.782584667e+00,-2.274895191e+00,-2.270737886e+00,-1.529421568e+00,-3.013918638e+00,-3.534692287e+00,-2.401649237e+00,8.000000000e+00,1.000000000e+01,1.800000000e+01,1.000000000e+00,2.398891300e-01,1.649396539e+00,1.496284604e-01,9.473684430e-01,-1.866138220e+00,-3.732968807e+00,-4.119805396e-01,1.649380207e+00,-3.081948757e+00,-2.611533403e+00,2.802535295e+00,2.401649237e+00,1.000000000e+00,1.000000000e+00,0.000000000e+00,1.000000000e+00,-5.000000000e+00,8.000000000e+00,2.000000000e+00,1.000000000e+00,-4.556179047e+00,-2.075846195e+00,-4.121305943e-01,-4.552677631e+00,1.000000000e+00,3.753432333e-01,9.931729436e-01
41,1,1.117804050e+00,4.096617997e-01,-1.448213339e+00,1.666631579e+00,1.225638613e-01,-2.829051018e+00,-2.818650007e+00,-2.387159824e+00,-2.371581554e+00,-1.679102659e+00,-2.977664232e+00,-3.535991907e+00,-2.313977957e+00,8.000000000e+00,1.200000000e+01,2.000000000e+01,0.000000000e+00,1.363894582e+00,2.361073971e+00,3.656017780e-01,1.000000000e+00,-1.857855797e+00,-3.715896368e+00,-4.407263547e-02,2.361070633e+00,-2.825127840e+00,-2.565869570e+00,3.097590685e+00,2.313977957e+00,0.000000000e+00,0.000000000e+00,0.000000000e+00,0.000000000e+00,-1.000000000e+00,-1.000000000e+00,-1.000000000e+00,0.000000000e+00,-9.999956489e-01,4.141753038e-07,1.000000000e+00,-6.989678144e-01,0.000000000e+00,3.114525974e-02,9.923336506e-01
41,2,1.047752142e+00,3.978744745e-01,-1.544256449e+00,1.523390889e+00,-2.067662776e-02,-2.827113867e+00,-2.835417747e+00,-2.382839680e+00,-2.385061979e+00,-1.733043194e+00,-2.992975712e+00,-3.475981951e+00,-2.176766872e+00,8.000000000e+00,1.200000000e+01,2.000000000e+01,0.000000000e+00,1.696224809e+00,2.581180096e+00,2.223611921e-01,1.000000000e+00,-1.942107916e+00,-3.884455681e+00,-9.401816130e-02,2.581179142e+00,-2.876733303e+00,-2.591854095e+00,3.327167511e+00,2.176766872e+00,2.000000000e+00,2.000000000e+00,0.000000000e+00,2.000000000e+00,5.000000000e+00,3.000000000e+00,3.000000000e+00,1.000000000e+00,-4.897786617e+00,-1.903226733e+00,8.869078755e-02,-4.892817497e+00,1.000000000e+00,3.753007352e-01,9.933121800e-01
41,3,1.012477636e+00,4.114596546e-01,-1.476984501e+00,1.234867692e+00,-4.388547316e-02,-2.887749195e+00,-2.876238346e+00,-2.441255093e+00,-2.429944515e+00,-1.840326786e+00,-2.902645111e+00,-3.487765551e+00,-2.060959101e+00,6.000000000e+00,8.000000000e+00,1.200000000e+01,0.000000000e+00,-2.099413395e+00,7.959651947e-01,1.556867063e-01,1.000000000e+00,-1.888423324e+00,-3.776368856e+00,3.649301594e-03,7.902393937e-01,-2.837573051e+00,-2.489341021e+00,1.376178980e+00,2.060959101e+00,2.000000000e+00,2.000000000e+00,0.000000000e+00,2.000000000e+00,5.000000000e+00,3.000000000e+00,3.000000000e+00,1.000000000e+00,-1.833739638e+00,-1.723898768e+00,3.128217757e-01,-1.825615764e+00,1.000000000e+00,3.754857481e-01,9.921697974e-01
41,4,8.992431164e-01,3.565493226e-01,-1.679780364e+00,1.522546291e+00,6.014861166e-02,-2.844137669e+00,-2.849430799e+00,-2.383909702e+00,-2.392912388e+00,-1.841290712e+00,-2.940017939e+00,-3.386077404e+00,-1.921545267e+00,6.000000000e+00,1.100000000e+01,1.700000000e+01,1.000000000e+00,1.565807581e+00,2.624224663e+00,2.920975685e-01,9.444444180e-01,-2.036303043e+00,-4.072342873e+00,-7.235846519e-01,2.624224663e+00,-3.471866608e+00,-2.578879595e+00,3.898942709e+00,1.921545267e+00,0.000000000e+00,0.000000000e+00,0.000000000e+00,0.000000000e+00,-1.000000000e+00,-1.000000000e+00,-1.000000000e+00,0.000000000e+00,-9.999956489e-01,4.141753038e-07,1.000000000e+00,-6.989678144e-01,1.000000000e+00,4.141753038e-07,9.957413673e-01
41,5,8.700589538e-01,4.363194108e-01,-1.603845000e+00,1.321566343e+00,-1.969469786e-01,-2.992311954e+00,-2.974588394e+00,-2.214483976e+00,-2.207773685e+00,-1.780789375e+00,-2.912188292e+00,-3.425320387e+00,-1.656080365e+00,4.000000000e+00,1.000000000e+01,1.900000000e+01,0.000000000e+00,3.915382624e-01,1.976631284e+00,4.281306267e-02,1.000000000e+00,-2.040134192e+00,-4.077444077e+00,1.757483929e-01,1.976576924e+00,-2.468287230e+00,-2.473792076e+00,2.227810144e+00,1.656080365e+00,0.000000000e+00,0.000000000e+00,0.000000000e+00,0.000000000e+00,-1.000000000e+00,-1.000000000e+00,-1.000000000e+00,0.000000000e+00,-9.999956489e-01,4.141753038e-07,1.000000000e+00,-6.989678144e-01,0.000000000e+00,4.141753038e-07,9.894186854e-01
41,6,7.184802890e-01,3.175684810e-01,-1.719238281e+00,1.624378085e+00,1.058644801e-01,-2.890443563e+00,-2.887123108e+00,-2.424337626e+00,-2.433015585e+00,-2.023495197e+00,-2.758669138e+00,-3.290843964e+00,-1.574260831e+00,4.000000000e+00,1.100000000e+01,1.900000000e+01,0.000000000e+00,-8.917326927e-01,1.577692032e+00,3.456246853e-01,1.000000000e+00,-2.036782026e+00,-4.072109699e+00,-4.162945747e-01,1.577669740e+00,-3.166359663e+00,-2.437622309e+00,2.403250694e+00,1.574260831e+00,0.000000000e+00,0.000000000e+00,0.000000000e+00,0.000000000e+00,-1.000000000e+00,-1.000000000e+00,-1.000000000e+00,0.000000000e+00,-9.999956489e-01,4.141753038e-07,1.000000000e+00,-6.989678144e-01,0.000000000e+00,4.141753038e-07,9.971132278e-01
41,7,9.697133899e-01,6.162343025e-01,-1.441887259e+00,1.509316921e+00,-3.475063667e-02,-3.186361313e+00,-3.200954437e+00,-2.636934757e+00,-2.685904980e+00,-2.283560514e+00,-3.028347731e+00,-3.539003134e+00,-1.453906059e+00,4.000000000e+00,1.100000000e+01,2.000000000e+01,0.000000000e+00,1.225176334e+00,2.896232128e+00,2.082871944e-01,1.000000000e+00,-2.058083773e+00,-4.111579895e+00,-4.373394251e-01,2.896232128e+00,-3.737312078e+00,-2.411500454e+00,3.735467672e+00,1.453906059e+00,1.000000000e+00,1.000000000e+00,0.000000000e+00,2.000000000e+00,4.000000000e+00,2.700000000e+01,4.000000000e+00,1.000000000e+00,-5.214611530e+00,-2.246695042e+00,-3.723406196e-01,-5.212559223e+00,1.000000000e+00,4.141753038e-07,8.499990106e-01
41,8,8.715773821e-01,5.416916013e-01,-1.455101967e+00,1.327068210e+00,4.831486940e-02,-2.953628540e+00,-3.038061380e+00,-1.801960349e+00,-1.967886448e+00,-1.472089171e+00,-2.869068623e+00,-3.283070564e+00,-1.392883182e+00,2.000000000e+00,6.000000000e+00,1.200000000e+01,0.000000000e+00,6.960267425e-01,1.821277976e+00,2.478871197e-01,1.000000000e+00,-1.996762753e+00,-3.990350008e+00,7.083765268e-01,1.819983006e+00,-1.801214337e+00,-2.326599598e+00,1.607423425e+00,1.392883182e+00,1.000000000e+00,1.000000000e+00,0.000000000e+00,2.000000000e+00,4.000000000e+00,2.600000000e+01,3.000000000e+00,1.000000000e+00,-5.348506451e+00,-1.898722887e+00,1.851997823e-01,-5.344267368e+00,1.000000000e+00,7.544299215e-02,9.542703629e-01
41,9,6.334486008e-01,3.596737981e-01,-1.702919245e+00,1.435312510e+00,3.737279028e-02,-2.985130548e+00,-2.996629477e+00,-2.425657511e+00,-2.463253021e+00,-2.151936769e+00,-2.698071241e+00,-3.258536816e+00,-1.243683457e+00,3.000000000e+00,9.000000000e+00,1.500000000e+01,0.000000000e+00,1.128650069e+00,2.716325521e+00,2.592214048e-01,1.000000000e+00,-2.062564611e+00,-4.121668816e+00,2.675306499e-01,2.716322660e+00,-2.555366278e+00,-2.336295366e+00,2.760104895e+00,1.243683457e+00,0.000000000e+00,0.000000000e+00,0.000000000e+00,0.000000000e+00,-1.000000000e+00,-1.000000000e+00,-1.000000000e+00,0.000000000e+00,-9.999956489e-01,4.141753038e-07,1.000000000e+00,-6.989678144e-01,0.000000000e+00,4.141753038e-07,9.955998659e-01
41,10,6.962620020e-01,5.426868796e-01,-1.565518975e+00,1.421509862e+00,-9.853433818e-03,-3.206861258e+00,-3.235566139e+00,-2.613655329e+00,-2.699005604e+00,-2.460133076e+00,-2.804921150e+00,-3.360139847e+00,-8.913039565e-01,4.000000000e+00,1.000000000e+01,1.600000000e+01,0.000000000e+00,-1.101548448e-01,2.405836344e+00,2.173901647e-01,1.000000000e+00,-2.108165979e+00,-4.210056305e+00,1.233293653e+00,2.404853106e+00,-2.008571625e+00,-2.261717558e+00,1.410511136e+00,8.913039565e-01,3.000000000e+00,1.000000000e+00,2.000000000e+00,3.000000000e+00,-2.000000000e+00,9.000000000e+00,1.000000000e+00,1.000000000e+00,-5.168307304e+00,-2.498056173e+00,-7.771773338e-01,-5.167132854e+00,1.000000000e+00,7.558913529e-02,9.535682797e-01
41,11,3.801501691e-01,2.667991817e-01,-1.860616446e+00,1.371340394e+00,-9.105713665e-02,-2.988181829e+00,-2.993107080e+00,-2.445955038e+00,-2.480967283e+00,-2.332631826e+00,-2.509122133e+00,-3.101406813e+00,-7.542963028e-01,4.000000000e+00,1.000000000e+01,1.700000000e+01,0.000000000e+00,1.146190643e+00,2.905820608e+00,1.408917010e-01,1.000000000e+00,-2.127388716e+00,-4.248788834e+00,-8.150468022e-02,2.905820370e+00,-2.829109907e+00,-2.240722418e+00,3.135540485e+00,7.542963028e-01,0.000000000e+00,0.000000000e+00,0.000000000e+00,0.000000000e+00,-1.000000000e+00,-1.000000000e+00,-1.000000000e+00,0.000000000e+00,-9.999956489e-01,4.141753038e-07,1.000000000e+00,-6.989678144e-01,0.000000000e+00,4.141753038e-07,9.981728792e-01
42,0,5.383311510e-01,3.291701674e-01,-1.733381629e+00,1.458635807e+00,2.727237903e-02,-2.899917126e+00,-3.003244638e+00,-2.228621960e+00,-2.556288481e+00,-2.019489050e+00,-2.603532553e+00,-3.108864784e+00,1.061782837e+00,4.000000000e+00,1.000000000e+01,1.600000000e+01,0.000000000e+00,1.098674774e+00,2.568872213e+00,2.545160353e-01,1.000000000e+00,-2.062525034e+00,-4.122159004e+00,-2.612347901e-01,2.568871737e+00,-3.146241665e+00,-2.271655083e+00,3.366732359e+00,1.061782837e+00,0.000000000e+00,0.000000000e+00,0.000000000e+00,0.000000000e+00,-1.000000000e+00,-1.000000000e+00,-1.000000000e+00,0.000000000e+00,-9.999956489e-01,4.141753038e-07,1.000000000e+00,-6.989678144e-01,1.000000000e+00,4.141753038e-07,9.967706203e-01
42,1,6.196632385e-01,3.824855089e-01,-1.757545948e+00,1.434728146e+00,1.125091538e-01,-3.028229475e+00,-3.045662880e+00,-2.468855858e+00,-2.519280195e+00,-2.231731892e+00,-2.761885643e+00,-3.265070677e+00,1.142313004e+00,3.000000000e+00,9.000000000e+00,1.300000000e+01,0.000000000e+00,1.702903986e+00,3.083258152e+00,3.207849860e-01,1.000000000e+00,-2.139996290e+00,-4.274284840e+00,1.094833836e-01,3.083257675e+00,-2.792156935e+00,-2.377130508e+00,3.261281013e+00,1.142313004e+00,0.000000000e+00,0.000000000e+00,0.000000000e+00,0.000000000e+00,-1.000000000e+00,-1.000000000e+00,-1.000000000e+00,0.000000000e+00,-9.999956489e-01,4.141753038e-07,1.000000000e+00,-6.989678144e-01,0.000000000e+00,4.141753038e-07,9.943745136e-01
42,2,8.656432033e-01,5.925693512e-01,-1.221974134e+00,1.260179877e-01,-3.511025906e-01,-3.149524689e+00,-3.091620207e+00,-2.487246752e+00,-2.428461075e+00,-2.214235067e+00,-2.680182457e+00,-3.422062397e+00,1.241776109e+00,3.000000000e+00,4.000000000e+00,4.000000000e+00,0.000000000e+00,1.314565063e+00,2.871588707e+00,-4.760410190e-01,1.000000000e+00,-1.814522266e+00,-3.627452374e+00,-3.352721035e-01,2.871588707e+00,-3.355434179e+00,-2.087571383e+00,3.420880795e+00,1.241776109e+00,1.000000000e+00,1.000000000e+00,0.000000000e+00,2.000000000e+00,-4.000000000e+00,2.000000000e+00,1.000000000e+00,1.000000000e+00,-1.639753461e+00,-1.740968347e+00,1.314887553e-01,-1.631939650e+00,1.000000000e+00,4.141753038e-07,8.977921605e-01
42,3,8.484903574e-01,5.846324563e-01,-1.484580636e+00,1.293966055e+00,-1.684313864e-01,-3.198107481e+00,-3.208784103e+00,-2.638593435e+00,-2.661163568e+00,-2.374821663e+00,-2.918217897e+00,-3.461392879e+00,1.216583490e+00,3.000000000e+00,9.000000000e+00,1.700000000e+01,0.000000000e+00,1.490838289e+00,3.120343685e+00,6.351738423e-02,1.000000000e+00,-2.069175243e+00,-4.133368969e+00,-5.988426805e-01,3.120343685e+00,-3.841811657e+00,-2.332990646e+00,4.004836082e+00,1.216583490e+00,1.000000000e+00,1.000000000e+00,0.000000000e+00,2.000000000e+00,-4.000000000e+00,2.000000000e+00,1.000000000e+00,1.000000000e+00,-5.502329350e+00,-3.547107220e+00,-2.958188772e+00,-5.502245426e+00,1.000000000e+00,4.141753038e-07,9.100850821e-01
42,4,1.116181731e+00,5.661015511e-01,-1.401854515e+00,1.586074591e+00,9.471323341e-02,-3.059671879e+00,-3.052936554e+00,-2.599506855e+00,-2.601567268e+00,-2.049550772e+00,-3.084944725e+00,-3.608484268e+00,1.939284325e+00,7.000000000e+00,1.100000000e+01,1.800000000e+01,0.000000000e+00,1.420890689e+00,2.760188580e+00,3.308022916e-01,1.000000000e+00,-1.967926502e+00,-3.933515787e+00,1.188451529e+00,2.760032415e+00,-1.979349256e+00,-2.517904043e+00,2.123711109e+00,1.939284325e+00,3.000000000e+00,3.000000000e+00,0.000000000e+00,2.000000000e+00,-5.000000000e+00,3.000000000e+00,4.000000000e+00,1.000000000e+00,-5.143383026e+00,-2.149684668e+00,-3.696882129e-01,-5.140742779e+00,1.000000000e+00,4.141753038e-07,9.331241846e-01
42,5,1.128871799e+00,5.098024607e-01,-1.408117890e+00,1.807158828e+00,2.886451185e-01,-3.153769016e+00,-3.221245527e+00,-2.367770433e+00,-2.529213428e+00,-1.748778105e+00,-3.046695948e+00,-3.770887613e+00,2.103835821e+00,7.000000000e+00,1.100000000e+01,1.900000000e+01,0.000000000e+00,1.632809162e+00,2.565221071e+00,5.284053683e-01,1.000000000e+00,-1.917895317e+00,-3.833271027e+00,4.768799543e-01,2.565206528e+00,-2.562124252e+00,-2.536851168e+00,2.868835449e+00,2.103835821e+00,0.000000000e+00,0.000000000e+00,0.000000000e+00,0.000000000e+00,-1.000000000e+00,-1.000000000e+00,-1.000000000e+00,0.000000000e+00,-9.999956489e-01,4.141753038e-07,1.000000000e+00,-6.989678144e-01,0.000000000e+00,4.141753038e-07,9.715590477e-01
43,0,9.784174562e-01,1.984554380e-01,-1.727343440e+00,1.806652069e+00,2.881383896e-01,-2.564360619e+00,-2.547459364e+00,-2.112565517e+00,-2.068403244e+00,-1.332650185e+00,-2.915745258e+00,-3.343523026e+00,-2.482117653e+00,9.000000000e+00,1.000000000e+01,1.900000000e+01,0.000000000e+00,-9.128011465e-01,8.800637722e-01,5.278986096e-01,1.000000000e+00,-1.925785184e+00,-3.860347271e+00,7.509605493e-03,8.761230111e-01,-2.259321213e+00,-2.705563545e+00,1.604358435e+00,2.482117653e+00,0.000000000e+00,0.000000000e+00,0.000000000e+00,0.000000000e+00,-1.000000000e+00,-1.000000000e+00,-1.000000000e+00,0.000000000e+00,-9.999956489e-01,4.141753038e-07,1.000000000e+00,-6.989678144e-01,0.000000000e+00,4.141753038e-07,9.989325404e-01
43,1,1.018376350e+00,2.680597305e-01,-1.609876990e+00,1.675104618e+00,1.565909684e-01,-2.656594276e+00,-2.648229122e+00,-2.210505486e+00,-2.188648701e+00,-1.460246682e+00,-2.901878357e+00,-3.406000614e+00,-2.412826300e+00,7.000000000e+00,1.000000000e+01,1.900000000e+01,1.000000000e+00,1.820091724e+00,2.370305061e+00,3.963511586e-01,9.499999881e-01,-1.877921343e+00,-3.759300709e+00,-1.060308456e+00,2.370305061e+00,-3.515662432e+00,-2.628086567e+00,4.158305168e+00,2.412826300e+00,0.000000000e+00,0.000000000e+00,0.000000000e+00,0.000000000e+00,-1.000000000e+00,-1.000000000e+00,-1.000000000e+00,0.000000000e+00,-9.999956489e-01,4.141753038e-07,1.000000000e+00,-6.989678144e-01,0.000000000e+00,4.141753038e-07,9.981531501e-01
43,2,7.937105298e-01,3.313408792e-01,-1.699418306e+00,1.522647858e+00,4.134283867e-03,-2.875700235e+00,-2.870760441e+00,-2.426498413e+00,-2.425521135e+00,-1.964204550e+00,-2.828102112e+00,-3.337450743e+00,-1.726641655e+00,4.000000000e+00,1.100000000e+01,1.900000000e+01,0.000000000e+00,1.342005968e+00,2.635247707e+00,2.438944429e-01,1.000000000e+00,-2.030734062e+00,-4.060444355e+00,-3.672405481e-01,2.635247469e+00,-3.123641491e+00,-2.493015289e+00,3.463612080e+00,1.726641655e+00,0.000000000e+00,0.000000000e+00,0.000000000e+00,0.000000000e+00,-1.000000000e+00,-1.000000000e+00,-1.000000000e+00,0.000000000e+00,-9.999956489e-01,4.141753038e-07,1.000000000e+00,-6.989678144e-01,0.000000000e+00,4.141753038e-07,9.967010617e-01
43,3,8.220231533e-01,4.024538994e-01,-1.628401995e+00,1.497340441e+00,9.940066934e-02,-2.969665766e+00,-2.966050148e+00,-2.515382051e+00,-2.528341293e+00,-2.095900774e+00,-2.855050087e+00,-3.388576508e+00,-1.620892167e+00,4.000000000e+00,1.000000000e+01,1.500000000e+01,1.000000000e+00,6.242305636e-01,2.408071756e+00,3.212492764e-01,9.375000000e-01,-2.030827522e+00,-4.059206486e+00,-1.213456169e-01,2.408069849e+00,-3.051798344e+00,-2.450320959e+00,2.961755276e+00,1.620892167e+00,0.000000000e+00,0.000000000e+00,0.000000000e+00,0.000000000e+00,-1.000000000e+00,-1.000000000e+00,-1.000000000e+00,0.000000000e+00,-9.999956489e-01,4.141753038e-07,1.000000000e+00,-6.989678144e-01,0.000000000e+00,4.141753038e-07,9.929507971e-01
43,4,5.284451842e-01,3.250261843e-01,-1.508574724e+00,1.201117635e+00,-2.933088318e-02,-2.937302351e+00,-2.900286436e+00,-2.313044548e+00,-2.291095257e+00,-2.109658957e+00,-2.363116980e+00,-3.140496969e+00,-1.044899464e+00,4.000000000e+00,6.000000000e+00,1.100000000e+01,0.000000000e+00,1.778003693e+00,2.998716593e+00,1.597251743e-01,1.000000000e+00,-1.833585143e+00,-3.666367769e+00,-3.526813090e-01,2.998716593e+00,-2.968484402e+00,-2.036986589e+00,3.532673120e+00,1.044899464e+00,0.000000000e+00,0.000000000e+00,0.000000000e+00,0.000000000e+00,-1.000000000e+00,-1.000000000e+00,-1.000000000e+00,0.000000000e+00,-9.999956489e-01,4.141753038e-07,1.000000000e+00,-6.989678144e-01,1.000000000e+00,1.018159747e+00,9.968985319e-01
43,5,8.129839897e-01,5.330056548e-01,-1.481204987e+00,1.258084416e+00,-2.043128610e-01,-3.156129837e+00,-3.167333603e+00,-2.665285826e+00,-2.730079412e+00,-2.385402918e+00,-2.827719927e+00,-3.435545206e+00,-1.260510802e+00,3.000000000e+00,9.000000000e+00,1.700000000e+01,0.000000000e+00,7.666805983e-01,2.768849611e+00,2.763591148e-02,1.000000000e+00,-2.014178753e+00,-4.024631023e+00,1.331690848e-01,2.768848419e+00,-3.129564047e+00,-2.294116497e+00,2.980312347e+00,1.260510802e+00,1.000000000e+00,1.000000000e+00,0.000000000e+00,3.000000000e+00,-4.000000000e+00,3.400000000e+01,1.000000000e+00,1.000000000e+00,-5.016724586e+00,-2.774430513e+00,-1.522374153e+00,-5.016071320e+00,1.000000000e+00,4.141753038e-07,9.599231482e-01
43,6,6.164337397e-01,4.026682973e-01,-1.651662350e+00,1.279231548e+00,-1.831657588e-01,-2.928023815e+00,-2.970108032e+00,-2.436311007e+00,-2.497940063e+00,-2.222591639e+00,-2.673041582e+00,-3.141555309e+00,-1.075222254e+00,5.000000000e+00,1.000000000e+01,1.700000000e+01,0.000000000e+00,-2.099760920e-01,2.117676020e+00,4.878301546e-02,1.000000000e+00,-2.054300785e+00,-4.105588913e+00,-6.812833548e-01,2.117675543e+00,-3.580374479e+00,-2.268034935e+00,3.073717594e+00,1.075222254e+00,0.000000000e+00,0.000000000e+00,0.000000000e+00,0.000000000e+00,-1.000000000e+00,-1.000000000e+00,-1.000000000e+00,0.000000000e+00,-9.999956489e-01,4.141753038e-07,1.000000000e+00,-6.989678144e-01,0.000000000e+00,4.141753038e-07,9.929332733e-01
43,7,2.395413071e-01,2.324259281e-01,-1.881507277e+00,1.251183629e+00,-2.112137079e-01,-2.942275524e+00,-2.946317434e+00,-2.306652069e+00,-2.337728739e+00,-2.299538136e+00,-2.353553295e+00,-2.949384689e+00,1.815127581e-01,4.000000000e+00,1.000000000e+01,1.700000000e+01,0.000000000e+00,-1.961201429e-01,2.201564789e+00,2.073507756e-02,1.000000000e+00,-2.113909721e+00,-4.220794678e+00,-3.225214183e-01,2.201562643e+00,-2.892432213e+00,-2.121024132e+00,2.562084913e+00,1.815127581e-01,0.000000000e+00,0.000000000e+00,0.000000000e+00,0.000000000e+00,-1.000000000e+00,-1.000000000e+00,-1.000000000e+00,0.000000000e+00,-9.999956489e-01,4.141753038e-07,1.000000000e+00,-6.989678144e-01,0.000000000e+00,4.141753038e-07,9.986202717e-01
43,8,3.862305880e-01,3.384332657e-01,-1.693166852e+00,1.317987084e+00,-7.995246351e-02,-3.062635899e+00,-3.088466406e+00,-2.501434803e+00,-2.574568987e+00,-2.453651667e+00,-2.418107510e+00,-3.110374928e+00,4.778153598e-01,4.000000000e+00,9.000000000e+00,1.500000000e+01,0.000000000e+00,1.347219586e+00,3.127385139e+00,1.418960541e-01,1.000000000e+00,-2.031574726e+00,-4.058612823e+00,2.491619438e-01,3.127384663e+00,-2.663803101e+00,-2.079366684e+00,2.999088049e+00,4.778153598e-01,0.000000000e+00,0.000000000e+00,0.000000000e+00,0.000000000e+00,-1.000000000e+00,-1.000000000e+00,-1.000000000e+00,0.000000000e+00,-9.999956489e-01,4.141753038e-07,1.000000000e+00,-6.989678144e-01,0.000000000e+00,4.141753038e-07,9.964604974e-01
43,9,8.190628886e-01,7.702237368e-01,-1.327034116e+00,1.321799278e+00,-1.405981332e-01,-3.442037582e+00,-3.482314110e+00,-2.769325018e+00,-2.928762197e+00,-2.720513105e+00,-2.916061878e+00,-3.490733624e+00,4.831860662e-01,4.000000000e+00,1.000000000e+01,1.700000000e+01,0.000000000e+00,-1.236137629e+00,2.119669676e+00,9.135068208e-02,1.000000000e+00,-2.097212791e+00,-4.187878609e+00,1.662947416e+00,2.091403246e+00,-2.036360025e+00,-2.146045446e+00,6.368377209e-01,4.831860662e-01,3.000000000e+00,0.000000000e+00,3.000000000e+00,3.000000000e+00,1.000000000e+00,1.000000000e+00,1.000000000e+00,1.000000000e+00,-5.015457630e+00,-1.719736814e+00,7.386109829e-01,-5.008098602e+00,1.000000000e+00,4.141753038e-07,1.439403743e-01
43,10,3.787435591e-01,3.098631799e-01,-1.461556911e+00,9.073909521e-01,-4.685112089e-02,-3.052608967e+00,-3.018659353e+00,-2.568820477e+00,-2.581851959e+00,-2.499963760e+00,-2.150272846e+00,-3.121405125e+00,5.782094598e-01,5.000000000e+00,5.000000000e+00,7.000000000e+00,0.000000000e+00,-2.035162151e-01,2.398342609e+00,6.229321286e-02,1.000000000e+00,-1.771406889e+00,-3.541509628e+00,-1.278259754e+00,2.398342609e+00,-4.163769722e+00,-1.840282798e+00,3.755390406e+00,5.782094598e-01,0.000000000e+00,0.000000000e+00,0.000000000e+00,0.000000000e+00,-1.000000000e+00,-1.000000000e+00,-1.000000000e+00,0.000000000e+00,-9.999956489e-01,4.141753038e-07,1.000000000e+00,-6.989678144e-01,0.000000000e+00,9.915530086e-01,9.973161817e-01
43,11,3.315205574e-01,2.411902100e-01,-1.863182068e+00,1.390020370e+00,-7.237720490e-02,-2.951109648e+00,-2.950831413e+00,-2.491547585e+00,-2.497874498e+00,-2.401242495e+00,-2.437311411e+00,-3.041350365e+00,6.675435901e-01,4.000000000e+00,1.000000000e+01,1.700000000e+01,0.000000000e+00,-2.185674310e-01,2.292068005e+00,1.595716476e-01,1.000000000e+00,-2.104348421e+00,-4.203321457e+00,-4.665608406e-01,2.292067289e+00,-3.205066204e+00,-2.194666147e+00,2.854888678e+00,6.675435901e-01,0.000000000e+00,0.000000000e+00,0.000000000e+00,0.000000000e+00,-1.000000000e+00,-1.000000000e+00,-1.000000000e+00,0.000000000e+00,-9.999956489e-01,4.141753038e-07,1.000000000e+00,-6.989678144e-01,0.000000000e+00,4.141753038e-07,9.985209107e-01
43,12,1.089900970e+00,9.419415593e-01,-1.170427442e+00,1.153380752e+00,-2.779822052e-01,-3.518791914e+00,-3.585035563e+00,-2.790534019e+00,-2.999941111e+00,-2.642651796e+00,-3.201740742e+00,-3.666169643e+00,8.730272055e-01,4.000000000e+00,1.000000000e+01,1.600000000e+01,0.000000000e+00,-1.050333858e+00,2.130677223e+00,-5.073875189e-02,1.000000000e+00,-2.112318993e+00,-4.217678070e+00,1.559355021e+00,2.114450216e+00,-2.382857323e+00,-2.260255814e+00,9.126162529e-01,8.730272055e-01,3.000000000e+00,0.000000000e+00,3.000000000e+00,3.000000000e+00,2.000000000e+00,4.000000000e+00,1.000000000e+00,1.000000000e+00,-5.328494072e+00,-1.662696242e+00,8.806364536e-01,-5.321126461e+00,1.000000000e+00,4.141753038e-07,5.542621948e-04
43,13,9.519194961e-01,3.728050590e-01,-1.589066386e+00,1.711072445e+00,2.197110504e-01,-2.848057985e+00,-2.842230558e+00,-2.390826225e+00,-2.372928143e+00,-1.811790228e+00,-2.917016268e+00,-3.426318169e+00,2.008770704e+00,7.000000000e+00,1.100000000e+01,1.800000000e+01,1.000000000e+00,-2.304397345e+00,6.998072863e-01,4.558001161e-01,9.473684430e-01,-1.961848378e+00,-3.923685551e+00,3.309383094e-01,6.559395194e-01,-2.414784431e+00,-2.540851831e+00,8.861656785e-01,2.008770704e+00,0.000000000e+00,0.000000000e+00,0.000000000e+00,0.000000000e+00,-1.000000000e+00,-1.000000000e+00,-1.000000000e+00,0.000000000e+00,-9.999956489e-01,4.141753038e-07,1.000000000e+00,-6.989678144e-01,0.000000000e+00,4.141753038e-07,9.949392080e-01
43,14,1.121680379e+00,4.588197768e-01,-1.487935185e+00,1.560233474e+00,-7.967815734e-03,-2.888235569e+00,-2.892381430e+00,-2.438814402e+00,-2.447366238e+00,-1.776046991e+00,-3.070761681e+00,-3.549888849e+00,2.207416534e+00,8.000000000e+00,1.200000000e+01,2.100000000e+01,0.000000000e+00,4.698323905e-01,2.011072874e+00,2.380143851e-01,1.000000000e+00,-1.946729779e+00,-3.892953396e+00,3.141479790e-01,2.010985136e+00,-2.591989994e+00,-2.609452248e+00,2.368193150e+00,2.207416534e+00,1.000000000e+00,1.000000000e+00,0.000000000e+00,2.000000000e+00,-5.000000000e+00,1.400000000e+01,3.000000000e+00,1.000000000e+00,-4.649643421e+00,-1.680521607e+00,5.507680178e-01,-4.641070843e+00,1.000000000e+00,4.141753038e-07,9.859030247e-01
44,0,9.305108190e-01,8.103444576e-01,-1.327960610e+00,1.259412646e+00,-1.719505191e-01,-3.449105263e+00,-3.470620394e+00,-2.793262959e+00,-2.849315166e+00,-2.673161745e+00,-3.068561316e+00,-3.568882704e+00,-7.786321640e-01,4.000000000e+00,1.000000000e+01,1.600000000e+01,0.000000000e+00,7.183774114e-01,3.032962561e+00,5.529297888e-02,1.000000000e+00,-2.138254404e+00,-4.268734455e+00,1.796944380e+00,3.032228947e+00,-1.862990618e+00,-2.258401871e+00,1.411535621e+00,7.786321640e-01,0.000000000e+00,0.000000000e+00,0.000000000e+00,0.000000000e+00,-1.000000000e+00,-1.000000000e+00,-1.000000000e+00,0.000000000e+00,-9.999956489e-01,4.141753038e-07,1.000000000e+00,-6.989678144e-01,1.000000000e+00,4.141753038e-07,5.101238191e-02
44,1,8.916714191e-01,8.144312501e-01,-1.319108367e+00,1.316074967e+00,-8.186456561e-02,-3.458650589e+00,-3.513562441e+00,-2.814085245e+00,-2.973184109e+00,-2.736891270e+00,-3.024928331e+00,-3.535647869e+00,-6.142353415e-01,4.000000000e+00,1.000000000e+01,1.500000000e+01,1.000000000e+00,7.347310781e-01,3.105138063e+00,1.399839669e-01,9.375000000e-01,-2.133489370e+00,-4.259303093e+00,1.930081010e+00,3.104166031e+00,-1.857911587e+00,-2.210718155e+00,1.410544872e+00,6.142353415e-01,0.000000000e+00,0.000000000e+00,0.000000000e+00,0.000000000e+00,-1.000000000e+00,-1.000000000e+00,-1.000000000e+00,0.000000000e+00,-9.999956489e-01,4.141753038e-07,1.000000000e+00,-6.989678144e-01,0.000000000e+00,4.141753038e-07,4.541157931e-02
44,2,6.619090438e-01,5.804811716e-01,-1.530255914e+00,1.374199510e+00,-1.443138570e-01,-3.177063942e+00,-3.204869747e+00,-2.656283855e+00,-2.728684425e+00,-2.574889660e+00,-2.772913694e+00,-3.258357048e+00,-6.316666007e-01,6.000000000e+00,1.000000000e+01,1.900000000e+01,0.000000000e+00,1.511083484e+00,3.330594540e+00,9.544621408e-02,1.000000000e+00,-2.110695601e+00,-4.214832783e+00,-8.924120665e-01,3.330594540e+00,-4.194955826e+00,-2.192111969e+00,4.375061989e+00,6.316666007e-01,0.000000000e+00,0.000000000e+00,0.000000000e+00,0.000000000e+00,-1.000000000e+00,-1.000000000e+00,-1.000000000e+00,0.000000000e+00,-9.999956489e-01,4.141753038e-07,1.000000000e+00,-6.989678144e-01,0.000000000e+00,4.141753038e-07,9.158911109e-01
44,3,5.704219341e-01,5.276134610e-01,-1.262121677e+00,-5.939587355e-01,-5.939587355e-01,-2.486299515e+00,-2.580094814e+00,-8.439913988e-01,-1.210486054e+00,-8.011831641e-01,-2.358568907e+00,-2.529094219e+00,-4.513338506e-01,0.000000000e+00,3.000000000e+00,3.000000000e+00,0.000000000e+00,7.953002453e-01,1.607823133e+00,-1.071076632e+00,1.000000000e+00,-1.789716244e+00,-3.576348782e+00,1.607765794e+00,-1.813681573e-01,-1.303399652e-01,-1.832521915e+00,-1.379817247e+00,4.513338506e-01,0.000000000e+00,0.000000000e+00,0.000000000e+00,0.000000000e+00,-1.000000000e+00,-1.000000000e+00,-1.000000000e+00,0.000000000e+00,-9.999956489e-01,4.141753038e-07,1.000000000e+00,-6.989678144e-01,0.000000000e+00,4.141753038e-07,9.630399942e-01
45,0,1.079985261e+00,3.511416316e-01,-1.503608704e+00,1.666476250e+00,1.224085242e-01,-2.749849081e+00,-2.747559786e+00,-2.236290932e+00,-2.232778549e+00,-1.507507920e+00,-2.937664986e+00,-3.477630854e+00,-2.362541199e+00,8.000000000e+00,1.200000000e+01,2.000000000e+01,0.000000000e+00,1.484438539e+00,2.249796867e+00,3.654464185e-01,1.000000000e+00,-1.854732871e+00,-3.710583925e+00,4.621650577e-01,2.249739170e+00,-2.121771812e+00,-2.583441257e+00,2.512879610e+00,2.362541199e+00,1.000000000e+00,1.000000000e+00,0.000000000e+00,1.000000000e+00,-5.000000000e+00,3.000000000e+00,1.000000000e+00,1.000000000e+00,-5.098995686e+00,-1.532279849e+00,6.708192825e-01,-5.087987900e+00,1.000000000e+00,1.126288414e+00,9.959732890e-01
45,1,1.201225758e+00,4.848703146e-01,-1.408319592e+00,1.538698792e+00,-2.950240113e-02,-2.882320881e+00,-2.887106419e+00,-2.364692450e+00,-2.373112440e+00,-1.648418188e+00,-3.096183777e+00,-3.597286224e+00,-2.333255768e+00,8.000000000e+00,1.200000000e+01,2.100000000e+01,0.000000000e+00,-1.885771453e-01,1.555317640e+00,2.164798081e-01,1.000000000e+00,-1.893166780e+00,-3.786039352e+00,4.281336665e-01,1.554105401e+00,-2.429834604e+00,-2.609379768e+00,1.850710988e+00,2.333255768e+00,0.000000000e+00,0.000000000e+00,0.000000000e+00,0.000000000e+00,-1.000000000e+00,-1.000000000e+00,-1.000000000e+00,0.000000000e+00,-9.999956489e-01,4.141753038e-07,1.000000000e+00,-6.989678144e-01,0.000000000e+00,4.141753038e-07,9.800032377e-01
45,2,1.343683124e+00,6.558540463e-01,-1.186431170e+00,1.873010278e+00,2.819458544e-01,-3.064526320e+00,-3.060017824e+00,-2.540515184e+00,-2.541741371e+00,-1.852805972e+00,-3.186057329e+00,-3.750408411e+00,-2.266235590e+00,8.000000000e+00,1.200000000e+01,2.200000000e+01,0.000000000e+00,2.007128239e+00,2.856452465e+00,5.305876732e-01,1.000000000e+00,-1.842261434e+00,-3.683233738e+00,1.052700162e+00,2.856398821e+00,-2.144985676e+00,-2.529973745e+00,2.492740870e+00,2.266235590e+00,4.000000000e+00,4.000000000e+00,0.000000000e+00,1.000000000e+00,-5.000000000e+00,3.300000000e+01,1.000000000e+00,1.000000000e+00,-4.759427547e+00,-1.392107964e+00,9.362921119e-01,-4.743142605e+00,1.000000000e+00,4.141753038e-07,7.201274633e-01
45,3,8.594821692e-01,2.286518514e-01,-1.692387104e+00,1.813901901e+00,2.953881919e-01,-2.685657263e+00,-2.680404902e+00,-2.245184898e+00,-2.238591671e+00,-1.614412785e+00,-2.786396503e+00,-3.315798998e+00,-2.131712198e+00,7.000000000e+00,1.100000000e+01,1.900000000e+01,0.000000000e+00,1.001379251e+00,2.115120649e+00,5.351484418e-01,1.000000000e+00,-1.921023846e+00,-3.845188618e+00,-7.981462479e-01,2.115120173e+00,-3.264667988e+00,-2.551735878e+00,3.537033081e+00,2.131712198e+00,0.000000000e+00,0.000000000e+00,0.000000000e+00,0.000000000e+00,-1.000000000e+00,-1.000000000e+00,-1.000000000e+00,0.000000000e+00,-9.999956489e-01,4.141753038e-07,1.000000000e+00,-6.989678144e-01,0.000000000e+00,4.141753038e-07,9.986604452e-01
45,4,7.831547260e-01,2.467636913e-01,-1.777276874e+00,1.480156660e+00,-1.120466273e-02,-2.745260477e+00,-2.736589670e+00,-2.192690611e+00,-2.182427406e+00,-1.656347394e+00,-2.814170837e+00,-3.281063080e+00,-1.906387210e+00,7.000000000e+00,1.100000000e+01,1.800000000e+01,0.000000000e+00,1.818349361e+00,2.565548420e+00,2.248843312e-01,1.000000000e+00,-2.024020433e+00,-4.050459862e+00,3.264141679e-01,2.565541267e+00,-2.102787971e+00,-2.560299635e+00,2.765222311e+00,1.906387210e+00,0.000000000e+00,0.000000000e+00,0.000000000e+00,0.000000000e+00,-1.000000000e+00,-1.000000000e+00,-1.000000000e+00,0.000000000e+00,-9.999956489e-01,4.141753038e-07,1.000000000e+00,-6.989678144e-01,0.000000000e+00,4.141753038e-07,9.984529018e-01
45,5,7.613319159e-01,2.425785214e-01,-1.725509286e+00,1.697627783e+00,1.065634638e-01,-2.761374474e+00,-2.754195929e+00,-2.318020105e+00,-2.308946133e+00,-1.799329400e+00,-2.734363794e+00,-3.279551506e+00,-1.863858342e+00,7.000000000e+00,1.200000000e+01,2.200000000e+01,0.000000000e+00,2.728233337e-01,1.935814977e+00,3.552052081e-01,1.000000000e+00,-1.968070388e+00,-3.937600136e+00,1.238985211e-01,1.935763359e+00,-2.427598476e+00,-2.486731052e+00,2.321476460e+00,1.863858342e+00,0.000000000e+00,0.000000000e+00,0.000000000e+00,0.000000000e+00,-1.000000000e+00,-1.000000000e+00,-1.000000000e+00,0.000000000e+00,-9.999956489e-01,4.141753038e-07,1.000000000e+00,-6.989678144e-01,0.000000000e+00,4.141753038e-07,9.985044003e-01
45,6,1.061849713e+00,6.716356277e-01,-1.346301317e+00,1.541248918e+00,-2.818739042e-03,-3.188559532e+00,-3.133308887e+00,-2.550809383e+00,-2.455490828e+00,-2.160686731e+00,-3.079967499e+00,-3.577798605e+00,-1.547355890e+00,5.000000000e+00,1.100000000e+01,2.000000000e+01,0.000000000e+00,6.538502574e-01,2.487675667e+00,2.402191013e-01,1.000000000e+00,-2.017901182e+00,-4.031887531e+00,-1.699846983e-01,2.487674475e+00,-3.296375513e+00,-2.408049583e+00,2.952341557e+00,1.547355890e+00,0.000000000e+00,0.000000000e+00,0.000000000e+00,0.000000000e+00,-1.000000000e+00,-1.000000000e+00,-1.000000000e+00,0.000000000e+00,-9.999956489e-01,4.141753038e-07,1.000000000e+00,-6.989678144e-01,0.000000000e+00,4.141753038e-07,6.479411721e-01
45,7,1.066741109e+00,7.541791797e-01,-1.288986921e+00,1.934499383e+00,4.159855843e-01,-3.345404148e+00,-3.377228737e+00,-2.784173012e+00,-2.849400282e+00,-2.471746683e+00,-3.109703302e+00,-3.656953335e+00,-1.347486734e+00,5.000000000e+00,1.000000000e+01,1.900000000e+01,0.000000000e+00,1.974902034e+00,3.459332943e+00,6.557458639e-01,1.000000000e+00,-2.043126583e+00,-4.081425667e+00,1.238683939e+00,3.459325075e+00,-2.365102053e+00,-2.355637789e+00,2.598455429e+00,1.347486734e+00,0.000000000e+00,0.000000000e+00,0.000000000e+00,0.000000000e+00,-1.000000000e+00,-1.000000000e+00,-1.000000000e+00,0.000000000e+00,-9.999956489e-01,4.141753038e-07,1.000000000e+00,-6.989678144e-01,1.000000000e+00,4.141753038e-07,2.049604803e-01
45,8,5.092185140e-01,2.431394458e-01,-1.805123091e+00,1.627948284e+00,1.094347313e-01,-3.042648077e+00,-2.996874571e+00,-2.272256851e+00,-2.254131079e+00,-2.006214857e+00,-2.558858395e+00,-3.308322430e+00,1.222675443e+00,3.000000000e+00,9.000000000e+00,1.900000000e+01,0.000000000e+00,2.067809105e+00,3.040163755e+00,3.491949439e-01,1.000000000e+00,-2.048241377e+00,-4.092677593e+00,1.448244601e-01,3.040163517e+00,-2.352426291e+00,-2.314279556e+00,3.143233299e+00,1.222675443e+00,0.000000000e+00,0.000000000e+00,0.000000000e+00,0.000000000e+00,-1.000000000e+00,-1.000000000e+00,-1.000000000e+00,0.000000000e+00,-9.999956489e-01,4.141753038e-07,1.000000000e+00,-6.989678144e-01,0.000000000e+00,4.141753038e-07,9.984976053e-01
45,9,6.268420815e-01,3.541062772e-01,-1.700087428e+00,1.177636862e+00,-2.847603858e-01,-2.969167948e+00,-2.964673519e+00,-2.503497124e+00,-2.524671793e+00,-2.230825663e+00,-2.683268309e+00,-3.241550446e+00,1.240855932e+00,3.000000000e+00,9.000000000e+00,1.700000000e+01,0.000000000e+00,6.306044459e-01,2.546202183e+00,-5.281166360e-02,1.000000000e+00,-2.054166079e+00,-4.105281353e+00,-3.263086081e-01,2.546201706e+00,-3.204536676e+00,-2.326858997e+00,3.166120768e+00,1.240855932e+00,1.000000000e+00,1.000000000e+00,0.000000000e+00,2.000000000e+00,-4.000000000e+00,1.500000000e+01,2.000000000e+00,1.000000000e+00,-4.530197620e+00,-2.352613449e+00,-6.008374691e-01,-4.528339386e+00,1.000000000e+00,1.008200765e+00,9.958480597e-01
45,10,9.228183031e-01,3.942803144e-01,-1.623097420e+00,1.400832176e+00,-1.176812798e-01,-2.888800859e+00,-2.899593353e+00,-2.443588972e+00,-2.449997425e+00,-1.915135741e+00,-2.943540096e+00,-3.416540623e+00,1.887471914e+00,5.000000000e+00,1.200000000e+01,1.900000000e+01,0.000000000e+00,-4.011374414e-01,1.714639664e+00,1.220788136e-01,1.000000000e+00,-2.017350674e+00,-4.033779621e+00,-1.476093829e-01,1.714598656e+00,-2.991583824e+00,-2.545781374e+00,2.396985292e+00,1.887471914e+00,0.000000000e+00,0.000000000e+00,0.000000000e+00,0.000000000e+00,-1.000000000e+00,-1.000000000e+00,-1.000000000e+00,0.000000000e+00,-9.999956489e-01,4.141753038e-07,1.000000000e+00,-6.989678144e-01,0.000000000e+00,4.141753038e-07,9.935804605e-01
45,11,7.654014230e-01,2.026596069e-01,-1.825955153e+00,1.585259676e+00,4.119196534e-02,-2.694770813e+00,-2.694045544e+00,-2.253325224e+00,-2.250063658e+00,-1.690639734e+00,-2.803334475e+00,-3.256942511e+00,1.969632983e+00,7.000000000e+00,1.100000000e+01,2.000000000e+01,0.000000000e+00,1.221863985e+00,2.301593781e+00,2.842298448e-01,1.000000000e+00,-2.028597116e+00,-4.061816692e+00,-4.400516152e-01,2.301593065e+00,-2.892513752e+00,-2.591216087e+00,3.300912857e+00,1.969632983e+00,0.000000000e+00,0.000000000e+00,0.000000000e+00,0.000000000e+00,-1.000000000e+00,-1.000000000e+00,-1.000000000e+00,0.000000000e+00,-9.999956489e-01,4.141753038e-07,1.000000000e+00,-6.989678144e-01,0.000000000e+00,4.141753038e-07,9.988993406e-01
45,12,9.989304543e-01,3.242971003e-01,-1.588439584e+00,1.716917038e+00,1.487156004e-01,-2.744477749e+00,-2.745564461e+00,-2.292485476e+00,-2.295918465e+00,-1.617918968e+00,-2.915922165e+00,-3.418213367e+00,2.235169888e+00,8.000000000e+00,1.200000000e+01,2.100000000e+01,0.000000000e+00,6.544533372e-01,1.945237160e+00,3.946979046e-01,1.000000000e+00,-1.912717700e+00,-3.827176094e+00,2.198371589e-01,1.945160270e+00,-2.400355101e+00,-2.587218761e+00,2.403338909e+00,2.235169888e+00,1.000000000e+00,1.000000000e+00,0.000000000e+00,1.000000000e+00,5.000000000e+00,2.800000000e+01,1.000000000e+00,1.000000000e+00,-1.373114705e+00,-1.669227123e+00,5.058164597e-01,-1.363911986e+00,3.000000000e+00,4.141753038e-07,9.969203472e-01
45,13,1.121300459e+00,4.264484644e-01,-1.255972624e+00,1.174026966e+00,-1.047261730e-01,-2.648233891e+00,-2.556169033e+00,-1.148264289e+00,-1.312357903e+00,-4.534170032e-01,-2.805668354e+00,-3.342323065e+00,2.282752514e+00,0.000000000e+00,6.000000000e+00,1.200000000e+01,0.000000000e+00,1.182783484e+00,1.372571230e+00,9.484596550e-02,1.000000000e+00,-1.682407856e+00,-3.366064310e+00,1.322525978e+00,1.029333472e+00,-4.162881076e-01,-2.377177477e+00,5.657558441e-01,2.282752514e+00,0.000000000e+00,0.000000000e+00,0.000000000e+00,0.000000000e+00,-1.000000000e+00,-1.000000000e+00,-1.000000000e+00,0.000000000e+00,-9.999956489e-01,4.141753038e-07,1.000000000e+00,-6.989678144e-01,0.000000000e+00,4.141753038e-07,9.906294942e-01
45,14,1.043697953e+00,3.396400511e-01,-1.570946574e+00,1.699668050e+00,1.811543703e-01,-2.988078356e+00,-3.008365154e+00,-2.227607489e+00,-2.281759262e+00,-1.523608208e+00,-2.954972744e+00,-3.690424919e+00,2.304386139e+00,7.000000000e+00,1.100000000e+01,1.900000000e+01,0.000000000e+00,8.670567870e-01,1.957303524e+00,4.209145904e-01,1.000000000e+00,-1.910567284e+00,-3.819394112e+00,3.869724572e-01,1.957146287e+00,-2.234435320e+00,-2.614481926e+00,2.328359365e+00,2.304386139e+00,2.000000000e+00,2.000000000e+00,0.000000000e+00,1.000000000e+00,5.000000000e+00,2.800000000e+01,1.000000000e+00,1.000000000e+00,-4.268765926e+00,-1.830180407e+00,1.737229526e-01,-4.262509823e+00,2.000000000e+00,-2.479821444e+00,9.964175224e-01
45,15,1.016018510e+00,3.365528286e-01,-1.557926774e+00,1.442711592e+00,-1.254895627e-01,-2.765831470e+00,-2.757285118e+00,-2.324193478e+00,-2.310181856e+00,-1.644799948e+00,-2.913948774e+00,-3.444340944e+00,2.246551514e+00,8.000000000e+00,1.200000000e+01,2.100000000e+01,0.000000000e+00,1.225014210e+00,2.257450104e+00,1.204925999e-01,1.000000000e+00,-1.894461036e+00,-3.790095091e+00,6.459146738e-01,2.257320166e+00,-2.000864983e+00,-2.573798180e+00,2.276836872e+00,2.246551514e+00,1.000000000e+00,1.000000000e+00,0.000000000e+00,1.000000000e+00,5.000000000e+00,2.800000000e+01,1.000000000e+00,1.000000000e+00,-5.100915432e+00,-2.180908442e+00,-5.786638260e-01,-5.098421097e+00,2.000000000e+00,-2.574494123e+00,9.965263009e-01
45,16,1.113935947e+00,3.265156746e-01,-7.355445623e-01,1.330897570e+00,3.766551614e-01,-2.644193649e+00,-2.535988808e+00,-2.201166630e+00,-2.148946524e+00,-1.413803935e+00,-2.176064014e+00,-3.430633307e+00,2.499527931e+00,7.000000000e+00,5.000000000e+00,7.000000000e+00,0.000000000e+00,2.927411497e-01,1.560284734e+00,4.857996106e-01,1.000000000e+00,-1.062057376e+00,-2.124197960e+00,-1.025510877e-01,1.560182095e+00,-2.577910423e+00,-1.849452138e+00,2.397848845e+00,2.499527931e+00,2.000000000e+00,2.000000000e+00,0.000000000e+00,1.000000000e+00,5.000000000e+00,2.800000000e+01,1.000000000e+00,1.000000000e+00,-1.218527555e+00,-1.355435729e+00,-5.475790501e-01,-1.199780941e+00,2.000000000e+00,-1.091283560e+00,9.968532920e-01
46,0,8.834000826e-01,4.430956244e-01,-1.674525976e+00,1.454213381e+00,-3.714782372e-02,-3.000298977e+00,-2.997503996e+00,-2.543152332e+00,-2.540355921e+00,-2.102944374e+00,-3.003830910e+00,-3.439840794e+00,-1.672320962e+00,4.000000000e+00,1.100000000e+01,1.800000000e+01,1.000000000e+00,1.479331851e+00,2.842665434e+00,1.989411712e-01,9.473684430e-01,-2.117585182e+00,-4.231054306e+00,-1.222252846e+00,2.842665434e+00,-4.198941231e+00,-2.557789564e+00,4.499924660e+00,1.672320962e+00,0.000000000e+00,0.000000000e+00,0.000000000e+00,0.000000000e+00,-1.000000000e+00,-1.000000000e+00,-1.000000000e+00,0.000000000e+00,-9.999956489e-01,4.141753038e-07,1.000000000e+00,-6.989678144e-01,0.000000000e+00,4.141753038e-07,9.884806871e-01
46,1,9.852555394e-01,5.338839293e-01,-1.513671041e+00,1.803126216e+00,1.903426051e-01,-3.079025269e+00,-3.079512835e+00,-2.615690708e+00,-2.629366636e+00,-2.164434910e+00,-3.034015894e+00,-3.529446125e+00,-1.699615598e+00,6.000000000e+00,1.200000000e+01,2.300000000e+01,0.000000000e+00,-1.320560455e+00,1.504319429e+00,4.413985312e-01,1.000000000e+00,-2.047520638e+00,-4.091405869e+00,-1.246934533e-01,1.504199624e+00,-3.287286997e+00,-2.498803854e+00,2.093700409e+00,1.699615598e+00,1.000000000e+00,1.000000000e+00,0.000000000e+00,1.000000000e+00,-5.000000000e+00,3.500000000e+01,1.000000000e+00,1.000000000e+00,-5.682335854e+00,-1.885978580e+00,3.118942380e-01,-5.679416180e+00,1.000000000e+00,4.141753038e-07,9.593883753e-01
46,2,1.048883796e+00,5.481309891e-01,-1.562504292e+00,1.475924969e+00,-4.258853942e-02,-3.065942526e+00,-3.063515663e+00,-2.599306345e+00,-2.607321024e+00,-2.098671675e+00,-3.161319017e+00,-3.565600872e+00,1.820273519e+00,7.000000000e+00,1.100000000e+01,1.900000000e+01,0.000000000e+00,1.467647910e+00,2.832611561e+00,1.971715689e-01,1.000000000e+00,-2.110594988e+00,-4.216506958e+00,1.080374002e+00,2.832543612e+00,-2.075202227e+00,-2.611226320e+00,2.260925770e+00,1.820273519e+00,4.000000000e+00,4.000000000e+00,0.000000000e+00,3.000000000e+00,5.000000000e+00,1.700000000e+01,4.000000000e+00,1.000000000e+00,-5.133839607e+00,-3.330494165e+00,-2.441832066e+00,-5.133664608e+00,1.000000000e+00,4.141753038e-07,9.495117664e-01
46,3,9.133423567e-01,3.887830973e-01,-1.627398849e+00,1.678786993e+00,1.105856076e-01,-3.053233147e+00,-3.067835093e+00,-2.215748072e+00,-2.286378145e+00,-1.691238642e+00,-2.930769920e+00,-3.576642036e+00,1.877876163e+00,6.000000000e+00,1.100000000e+01,2.100000000e+01,0.000000000e+00,1.286559105e+00,2.335326910e+00,3.565679193e-01,1.000000000e+00,-2.016155243e+00,-4.029326916e+00,1.129129291e+00,2.334485054e+00,-1.546100497e+00,-2.540608883e+00,1.800551772e+00,1.877876163e+00,0.000000000e+00,0.000000000e+00,0.000000000e+00,0.000000000e+00,-1.000000000e+00,-1.000000000e+00,-1.000000000e+00,0.000000000e+00,-9.999956489e-01,4.141753038e-07,1.000000000e+00,-6.989678144e-01,0.000000000e+00,4.141753038e-07,9.939661622e-01
46,4,1.017768741e+00,4.645328522e-01,-1.464043021e+00,1.733988404e+00,1.657869965e-01,-2.965037823e+00,-2.953989744e+00,-2.518132210e+00,-2.497760773e+00,-1.964999318e+00,-2.947666168e+00,-3.517243624e+00,1.946855307e+00,7.000000000e+00,1.200000000e+01,2.100000000e+01,0.000000000e+00,1.474811077e+00,2.702446222e+00,4.117693305e-01,1.000000000e+00,-1.928551555e+00,-3.855744123e+00,1.096002087e-01,2.702444792e+00,-2.852520704e+00,-2.481692791e+00,3.125596762e+00,1.946855307e+00,0.000000000e+00,0.000000000e+00,0.000000000e+00,0.000000000e+00,-1.000000000e+00,-1.000000000e+00,-1.000000000e+00,0.000000000e+00,-9.999956489e-01,4.141753038e-07,1.000000000e+00,-6.989678144e-01,0.000000000e+00,4.141753038e-07,9.848041534e-01
46,5,9.856140614e-01,3.723788261e-01,-1.525614262e+00,1.729047775e+00,2.105340511e-01,-3.037996292e+00,-3.026732206e+00,-2.207423687e+00,-2.263422966e+00,-1.594241142e+00,-2.884184599e+00,-3.649762630e+00,2.089990854e+00,6.000000000e+00,1.000000000e+01,1.900000000e+01,0.000000000e+00,-2.237379551e+00,5.176802874e-01,4.502943158e-01,1.000000000e+00,-1.897973061e+00,-3.794198513e+00,1.511597633e-01,4.732832909e-01,-2.484589338e+00,-2.511101961e+00,9.913118482e-01,2.089990854e+00,0.000000000e+00,0.000000000e+00,0.000000000e+00,0.000000000e+00,-1.000000000e+00,-1.000000000e+00,-1.000000000e+00,0.000000000e+00,-9.999956489e-01,4.141753038e-07,1.000000000e+00,-6.989678144e-01,0.000000000e+00,4.141753038e-07,9.949624538e-01
46,6,1.084021330e+00,4.312201738e-01,-1.504689932e+00,1.753526211e+00,2.094584554e-01,-2.871757746e+00,-2.866118431e+00,-2.419707537e+00,-2.418456316e+00,-1.766995192e+00,-3.022257805e+00,-3.523430347e+00,2.183672667e+00,8.000000000e+00,1.200000000e+01,2.000000000e+01,0.000000000e+00,-1.343948960e+00,1.095045567e+00,4.524963796e-01,1.000000000e+00,-1.935886383e+00,-3.871376038e+00,-1.245893836e+00,1.095041037e+00,-4.090311527e+00,-2.588556767e+00,2.990491152e+00,2.183672667e+00,1.000000000e+00,1.000000000e+00,0.000000000e+00,1.000000000e+00,5.000000000e+00,1.400000000e+01,1.000000000e+00,1.000000000e+00,-4.494750977e+00,-1.732646585e+00,4.227332175e-01,-4.487033844e+00,1.000000000e+00,4.141753038e-07,9.900658131e-01
46,7,1.265310049e+00,4.693618119e-01,-1.392551780e+00,1.449018717e+00,1.702653617e-01,-2.838619471e+00,-2.832139969e+00,-2.393406391e+00,-2.389334202e+00,-1.597548127e+00,-3.129038572e+00,-3.632997990e+00,2.519425869e+00,9.000000000e+00,9.000000000e+00,1.200000000e+01,0.000000000e+00,1.330154181e+00,2.262645960e+00,3.698376417e-01,1.000000000e+00,-1.861892581e+00,-3.723931551e+00,-1.335717291e-01,2.262642384e+00,-2.991948128e+00,-2.657675028e+00,3.187945366e+00,2.519425869e+00,0.000000000e+00,0.000000000e+00,0.000000000e+00,0.000000000e+00,-1.000000000e+00,-1.000000000e+00,-1.000000000e+00,0.000000000e+00,-9.999956489e-01,4.141753038e-07,1.000000000e+00,-6.989678144e-01,1.000000000e+00,4.141753038e-07,9.837974906e-01
47,0,1.065076590e+00,3.623424470e-01,-1.576171398e+00,1.545723796e+00,1.656128909e-03,-2.776416540e+00,-2.774646044e+00,-2.259997845e+00,-2.259524822e+00,-1.557326913e+00,-3.007680178e+00,-3.478102684e+00,-2.301276445e+00,6.000000000e+00,1.000000000e+01,2.000000000e+01,0.000000000e+00,4.254743755e-01,1.770090222e+00,2.446940392e-01,1.000000000e+00,-1.938492298e+00,-3.878281832e+00,-3.778194785e-01,1.770079255e+00,-2.999332666e+00,-2.641074181e+00,2.849972486e+00,2.301276445e+00,0.000000000e+00,0.000000000e+00,0.000000000e+00,0.000000000e+00,-1.000000000e+00,-1.000000000e+00,-1.000000000e+00,0.000000000e+00,-9.999956489e-01,4.141753038e-07,1.000000000e+00,-6.989678144e-01,0.000000000e+00,4.141753038e-07,9.954745173e-01
47,1,9.967970848e-01,3.061439693e-01,-1.589620352e+00,1.773352623e+00,2.051511258e-01,-2.728483677e+00,-2.725199461e+00,-2.212098360e+00,-2.213061333e+00,-1.521501303e+00,-2.896767378e+00,-3.418230295e+00,-2.272878885e+00,7.000000000e+00,1.100000000e+01,2.100000000e+01,1.000000000e+00,4.322803393e-02,1.543395996e+00,4.511334598e-01,9.545454383e-01,-1.895746827e+00,-3.793386698e+00,9.688466787e-02,1.543118119e+00,-2.422276974e+00,-2.586266756e+00,2.137793541e+00,2.272878885e+00,1.000000000e+00,1.000000000e+00,0.000000000e+00,1.000000000e+00,-5.000000000e+00,6.000000000e+00,1.000000000e+00,1.000000000e+00,-4.151529789e+00,-1.475435734e+00,8.702268600e-01,-4.137434483e+00,1.000000000e+00,4.141753038e-07,9.974077344e-01
47,2,8.411948085e-01,1.939370036e-01,-1.223213553e+00,1.029785752e+00,7.554350048e-02,-2.625874758e+00,-2.574260950e+00,-2.135869503e+00,-2.146690130e+00,-1.488657475e+00,-2.259032011e+00,-3.272502184e+00,-2.170576334e+00,7.000000000e+00,5.000000000e+00,7.000000000e+00,0.000000000e+00,1.094148993e+00,2.035752773e+00,1.846879125e-01,1.000000000e+00,-1.417146206e+00,-2.834776878e+00,-1.855918765e-01,2.035744905e+00,-2.526134491e+00,-2.064365149e+00,2.879324436e+00,2.170576334e+00,0.000000000e+00,0.000000000e+00,0.000000000e+00,0.000000000e+00,-1.000000000e+00,-1.000000000e+00,-1.000000000e+00,0.000000000e+00,-9.999956489e-01,4.141753038e-07,1.000000000e+00,-6.989678144e-01,0.000000000e+00,4.141753038e-07,9.989669323e-01
47,3,9.986667633e-01,3.866573274e-01,-1.574994802e+00,1.676396132e+00,2.139984071e-01,-3.032400131e+00,-3.015088320e+00,-2.175466061e+00,-2.178301573e+00,-1.563505650e+00,-2.961949348e+00,-3.642964840e+00,-2.087080479e+00,5.000000000e+00,9.000000000e+00,1.700000000e+01,1.000000000e+00,8.498584032e-01,1.988452077e+00,4.459474087e-01,9.444444180e-01,-1.961628556e+00,-3.921707153e+00,-5.984068513e-01,1.988450646e+00,-3.162800550e+00,-2.573515177e+00,3.201445103e+00,2.087080479e+00,1.000000000e+00,1.000000000e+00,0.000000000e+00,1.000000000e+00,-5.000000000e+00,1.800000000e+01,2.000000000e+00,1.000000000e+00,-4.940342903e+00,-1.875738621e+00,1.834343970e-01,-4.935097218e+00,1.000000000e+00,4.141753038e-07,9.941078424e-01
47,4,6.103436947e-01,2.879900038e-01,-1.718592405e+00,1.661903381e+00,1.433897913e-01,-2.886837244e+00,-2.843338251e+00,-2.312712431e+00,-2.222311258e+00,-1.990405440e+00,-2.619715214e+00,-3.208822966e+00,1.373211384e+00,6.000000000e+00,1.000000000e+01,1.900000000e+01,0.000000000e+00,1.400703073e+00,2.690800190e+00,3.831500113e-01,1.000000000e+00,-2.006560802e+00,-4.011672974e+00,2.843951061e-02,2.690798998e+00,-2.481802702e+00,-2.328866243e+00,2.894227982e+00,1.373211384e+00,0.000000000e+00,0.000000000e+00,0.000000000e+00,0.000000000e+00,-1.000000000e+00,-1.000000000e+00,-1.000000000e+00,0.000000000e+00,-9.999956489e-01,4.141753038e-07,1.000000000e+00,-6.989678144e-01,0.000000000e+00,4.141753038e-07,9.978026748e-01
47,5,5.883533955e-01,1.807306260e-01,-1.836492777e+00,1.467691660e+00,5.294104572e-03,-2.707109213e+00,-2.750718355e+00,-2.142952681e+00,-2.308975935e+00,-1.735366464e+00,-2.613184214e+00,-3.114387751e+00,1.591075182e+00,5.000000000e+00,1.000000000e+01,1.700000000e+01,1.000000000e+00,-1.458605051e+00,1.009891033e+00,2.372429967e-01,9.444444180e-01,-2.017207623e+00,-4.037501335e+00,1.461058408e-01,1.005786419e+00,-2.343593597e+00,-2.424760342e+00,1.433292150e+00,1.591075182e+00,0.000000000e+00,0.000000000e+00,0.000000000e+00,0.000000000e+00,-1.000000000e+00,-1.000000000e+00,-1.000000000e+00,0.000000000e+00,-9.999956489e-01,4.141753038e-07,1.000000000e+00,-6.989678144e-01,0.000000000e+00,4.141753038e-07,9.990591407e-01
47,6,9.699984193e-01,3.988771439e-01,-1.549023628e+00,1.556304574e+00,6.494324654e-02,-2.886852264e+00,-2.879527330e+00,-2.442049265e+00,-2.429609299e+00,-1.871015787e+00,-2.920231342e+00,-3.457062483e+00,1.989677668e+00,5.000000000e+00,1.100000000e+01,1.800000000e+01,0.000000000e+00,1.833316088e+00,2.787707090e+00,3.010322750e-01,1.000000000e+00,-1.947877407e+00,-3.895086288e+00,1.501102895e-01,2.787705898e+00,-2.678286076e+00,-2.518893957e+00,3.196191311e+00,1.989677668e+00,2.000000000e+00,2.000000000e+00,0.000000000e+00,1.000000000e+00,5.000000000e+00,3.000000000e+01,1.000000000e+00,1.000000000e+00,-4.922914505e+00,-1.990823030e+00,-7.698240876e-02,-4.918869495e+00,1.000000000e+00,1.220557094e+00,9.932349324e-01
47,7,1.254902482e+00,6.671519876e-01,-1.279955029e+00,1.404410481e+00,-5.798703432e-02,-3.138847113e+00,-3.120420456e+00,-2.591091633e+00,-2.545317173e+00,-2.003466606e+00,-3.202237129e+00,-3.724884748e+00,2.029369354e+00,6.000000000e+00,1.100000000e+01,1.700000000e+01,1.000000000e+00,5.529078841e-01,2.279968500e+00,1.739618182e-01,9.444444180e-01,-1.947076678e+00,-3.891744375e+00,-5.875665694e-02,2.279963970e+00,-3.270568132e+00,-2.534716845e+00,2.880505562e+00,2.029369354e+00,2.000000000e+00,2.000000000e+00,0.000000000e+00,3.000000000e+00,5.000000000e+00,1.500000000e+01,3.000000000e+00,1.000000000e+00,-5.223861217e+00,-2.061058283e+00,-2.204066515e-01,-5.220731735e+00,1.000000000e+00,4.141753038e-07,6.696150899e-01
47,8,1.093304157e+00,5.042870045e-01,-1.494930387e+00,1.537052512e+00,1.853896677e-02,-2.978461504e+00,-2.976156950e+00,-2.527158976e+00,-2.533244610e+00,-1.938250184e+00,-3.094232559e+00,-3.566289425e+00,2.032388449e+00,7.000000000e+00,1.100000000e+01,1.900000000e+01,0.000000000e+00,1.116249323e+00,2.498925447e+00,2.582991421e-01,1.000000000e+00,-1.999187469e+00,-3.996370792e+00,1.543864727e+00,2.496237993e+00,-1.493801594e+00,-2.588079691e+00,1.547474146e+00,2.032388449e+00,0.000000000e+00,0.000000000e+00,0.000000000e+00,0.000000000e+00,-1.000000000e+00,-1.000000000e+00,-1.000000000e+00,0.000000000e+00,-9.999956489e-01,4.141753038e-07,1.000000000e+00,-6.989678144e-01,1.000000000e+00,4.141753038e-07,9.737300277e-01
47,9,9.440301061e-01,3.092232049e-01,-1.611036777e+00,1.872522593e+00,3.284547627e-01,-2.738720655e+00,-2.747001648e+00,-2.229291677e+00,-2.294913769e+00,-1.594541073e+00,-2.868721247e+00,-3.372740030e+00,2.141127348e+00,7.000000000e+00,1.100000000e+01,2.000000000e+01,0.000000000e+00,9.624332786e-01,2.075775623e+00,5.714927912e-01,1.000000000e+00,-1.920241356e+00,-3.842259169e+00,-6.209679842e-01,2.075774670e+00,-3.224463463e+00,-2.554928780e+00,3.396828175e+00,2.141127348e+00,0.000000000e+00,0.000000000e+00,0.000000000e+00,0.000000000e+00,-1.000000000e+00,-1.000000000e+00,-1.000000000e+00,0.000000000e+00,-9.999956489e-01,4.141753038e-07,1.000000000e+00,-6.989678144e-01,0.000000000e+00,4.141753038e-07,9.973322153e-01
47,10,1.135417819e+00,5.121130943e-01,-1.383811474e+00,1.356576204e+00,-1.619372070e-01,-2.965976477e+00,-2.951226950e+00,-2.510085583e+00,-2.466582537e+00,-1.886887789e+00,-3.032488346e+00,-3.587997913e+00,2.113879919e+00,7.000000000e+00,1.100000000e+01,1.900000000e+01,0.000000000e+00,-9.997614026e-01,1.387213826e+00,7.782284915e-02,1.000000000e+00,-1.895900726e+00,-3.790782690e+00,-1.437579393e-01,1.387025476e+00,-3.122005701e+00,-2.519096375e+00,2.110395432e+00,2.113879919e+00,4.000000000e+00,4.000000000e+00,0.000000000e+00,3.000000000e+00,5.000000000e+00,1.000000000e+00,3.000000000e+00,1.000000000e+00,-2.220889091e+00,-1.736360908e+00,3.351866305e-01,-2.212993622e+00,1.000000000e+00,4.141753038e-07,9.705898166e-01
48,0,1.211673021e+00,5.105112791e-01,-1.392602921e+00,1.429895163e+00,-1.141723692e-01,-2.922806025e+00,-2.905410528e+00,-2.472039461e+00,-2.421537876e+00,-1.770980835e+00,-3.116250753e+00,-3.622506857e+00,-2.297581911e+00,8.000000000e+00,1.200000000e+01,2.000000000e+01,0.000000000e+00,-2.767729461e-01,1.632646918e+00,1.288654208e-01,1.000000000e+00,-1.903090000e+00,-3.805486679e+00,-3.058657050e-01,1.632618070e+00,-3.237279415e+00,-2.604111910e+00,2.588898897e+00,2.297581911e+00,3.000000000e+00,3.000000000e+00,0.000000000e+00,2.000000000e+00,5.000000000e+00,2.700000000e+01,3.000000000e+00,1.000000000e+00,-1.134949446e+00,-1.435095787e+00,9.047120810e-01,-1.119288564e+00,1.000000000e+00,4.141753038e-07,9.712655544e-01
48,1,1.111750960e+00,4.981249571e-01,-1.423754334e+00,1.612309456e+00,9.379587322e-02,-2.962367058e+00,-2.951756954e+00,-2.430617332e+00,-2.420489311e+00,-1.817079902e+00,-3.034904242e+00,-3.574757099e+00,-2.090918303e+00,7.000000000e+00,1.100000000e+01,1.900000000e+01,0.000000000e+00,-1.493072271e+00,1.070656061e+00,3.335560262e-01,1.000000000e+00,-1.921854377e+00,-3.842482567e+00,-6.054772735e-01,1.070559502e+00,-3.522758007e+00,-2.535367727e+00,2.279073000e+00,2.090918303e+00,3.000000000e+00,3.000000000e+00,0.000000000e+00,2.000000000e+00,5.000000000e+00,2.700000000e+01,3.000000000e+00,1.000000000e+00,-5.075585842e+00,-2.120901585e+00,-4.046849310e-01,-5.072699547e+00,1.000000000e+00,4.141753038e-07,9.759363532e-01
48,2,9.499637485e-01,3.331473470e-01,-1.230215788e+00,7.601667643e-01,-3.537757099e-01,-2.547461271e+00,-2.262846708e+00,-9.360997677e-01,-9.840617776e-01,-3.192860484e-01,-2.510028839e+00,-3.163797379e+00,-2.098490715e+00,0.000000000e+00,5.000000000e+00,9.000000000e+00,0.000000000e+00,1.227869153e+00,1.392907977e+00,-1.940751672e-01,1.000000000e+00,-1.563354492e+00,-3.122999191e+00,1.375463367e+00,8.366978765e-01,5.825055391e-02,-2.180121183e+00,1.260136515e-01,2.098490715e+00,0.000000000e+00,0.000000000e+00,0.000000000e+00,0.000000000e+00,-1.000000000e+00,-1.000000000e+00,-1.000000000e+00,0.000000000e+00,-9.999956489e-01,4.141753038e-07,1.000000000e+00,-6.989678144e-01,1.000000000e+00,3.337985873e-01,9.966417551e-01
48,3,6.950021386e-01,1.769120991e-01,-1.808572888e+00,1.752943158e+00,1.401596516e-01,-2.698064327e+00,-2.691915989e+00,-2.249960423e+00,-2.249704361e+00,-1.731924057e+00,-2.687816143e+00,-3.215657234e+00,-1.862255454e+00,7.000000000e+00,1.200000000e+01,2.300000000e+01,0.000000000e+00,1.505672216e+00,2.484784126e+00,3.912155032e-01,1.000000000e+00,-1.985470772e+00,-3.974424601e+00,-3.765304089e-01,2.484783649e+00,-2.802948952e+00,-2.503464460e+00,3.378965378e+00,1.862255454e+00,0.000000000e+00,0.000000000e+00,0.000000000e+00,0.000000000e+00,-1.000000000e+00,-1.000000000e+00,-1.000000000e+00,0.000000000e+00,-9.999956489e-01,4.141753038e-07,1.000000000e+00,-6.989678144e-01,0.000000000e+00,4.141753038e-07,9.990837574e-01
48,4,1.215515733e+00,7.481764555e-01,-1.288788795e+00,1.569198012e+00,5.068439245e-02,-3.273531437e+00,-3.282263041e+00,-2.698526621e+00,-2.819632292e+00,-2.231330395e+00,-3.252347231e+00,-3.739297628e+00,-1.738822937e+00,5.000000000e+00,1.100000000e+01,1.900000000e+01,1.000000000e+00,7.771944404e-01,2.620003462e+00,2.904445827e-01,9.499999881e-01,-2.036926270e+00,-4.069456100e+00,1.128819138e-01,2.620001316e+00,-3.453976870e+00,-2.504174232e+00,3.095413446e+00,1.738822937e+00,3.000000000e+00,3.000000000e+00,0.000000000e+00,1.000000000e+00,-5.000000000e+00,9.000000000e+00,2.000000000e+00,1.000000000e+00,-5.150775433e+00,-2.001203537e+00,8.015765995e-02,-5.147073746e+00,1.000000000e+00,4.141753038e-07,2.315286994e-01
48,5,7.363147736e-01,2.643908858e-01,-1.757931232e+00,1.561163783e+00,4.265024886e-02,-2.805654287e+00,-2.802629709e+00,-2.358493567e+00,-2.363139153e+00,-1.886635303e+00,-2.763679266e+00,-3.277033329e+00,-1.750044465e+00,5.000000000e+00,1.100000000e+01,1.900000000e+01,0.000000000e+00,1.833827615e+00,2.803583145e+00,2.824104428e-01,1.000000000e+00,-2.022300959e+00,-4.045117855e+00,8.095733076e-02,2.803582430e+00,-2.546520233e+00,-2.494135141e+00,3.199112892e+00,1.750044465e+00,0.000000000e+00,0.000000000e+00,0.000000000e+00,0.000000000e+00,-1.000000000e+00,-1.000000000e+00,-1.000000000e+00,0.000000000e+00,-9.999956489e-01,4.141753038e-07,1.000000000e+00,-6.989678144e-01,0.000000000e+00,4.141753038e-07,9.982098341e-01
48,6,7.777956724e-01,2.929598689e-01,-1.752277970e+00,1.752161980e+00,2.080941796e-01,-2.828124762e+00,-2.822537422e+00,-2.296331882e+00,-2.291361809e+00,-1.811553836e+00,-2.828082800e+00,-3.312360525e+00,-1.781567931e+00,6.000000000e+00,1.200000000e+01,2.000000000e+01,0.000000000e+00,-8.631283045e-01,1.381451011e+00,4.511321187e-01,1.000000000e+00,-2.045213938e+00,-4.090459824e+00,3.159848452e-01,1.379838824e+00,-2.268341064e+00,-2.529950857e+00,1.543677688e+00,1.781567931e+00,0.000000000e+00,0.000000000e+00,0.000000000e+00,0.000000000e+00,-1.000000000e+00,-1.000000000e+00,-1.000000000e+00,0.000000000e+00,-9.999956489e-01,4.141753038e-07,1.000000000e+00,-6.989678144e-01,0.000000000e+00,4.141753038e-07,9.977025390e-01
48,7,8.393260837e-01,3.445070684e-01,-1.620487809e+00,1.591932058e+00,4.786434770e-02,-2.872080564e+00,-2.866572618e+00,-2.343692303e+00,-2.347542763e+00,-1.848938346e+00,-2.807044506e+00,-3.366213083e+00,-1.805863500e+00,7.000000000e+00,1.200000000e+01,2.000000000e+01,1.000000000e+00,-1.609628916e+00,1.046607018e+00,2.909022570e-01,9.523809552e-01,-1.964972734e+00,-3.929303646e+00,9.561133385e-02,1.043868542e+00,-2.596363783e+00,-2.459706783e+00,1.446850538e+00,1.805863500e+00,1.000000000e+00,1.000000000e+00,0.000000000e+00,2.000000000e+00,5.000000000e+00,1.900000000e+01,3.000000000e+00,1.000000000e+00,-4.586553097e+00,-1.756476521e+00,4.323746562e-01,-4.579299450e+00,1.000000000e+00,4.141753038e-07,9.962371588e-01
48,8,6.027845740e-01,3.601666391e-01,-1.679671884e+00,1.332968712e+00,-9.839458019e-02,-2.993605375e+00,-2.994954348e+00,-2.409144640e+00,-2.436109543e+00,-2.166574240e+00,-2.644334078e+00,-3.235903263e+00,-1.157631636e+00,3.000000000e+00,9.000000000e+00,1.600000000e+01,0.000000000e+00,-3.130828440e-01,2.010097504e+00,1.288489550e-01,1.000000000e+00,-2.039811611e+00,-4.076390743e+00,-5.004127622e-01,2.010095596e+00,-3.295949459e+00,-2.282393932e+00,2.779724598e+00,1.157631636e+00,1.000000000e+00,1.000000000e+00,0.000000000e+00,1.000000000e+00,-4.000000000e+00,4.000000000e+00,1.000000000e+00,1.000000000e+00,-4.788962841e+00,-2.046929359e+00,-6.406478584e-03,-4.785320282e+00,1.000000000e+00,1.076575220e-01,9.955769777e-01
48,9,6.903526783e-01,4.468844533e-01,-1.662806034e+00,1.069207072e+00,-1.612412632e-01,-3.096568346e+00,-3.102338791e+00,-2.612359047e+00,-2.652366638e+00,-2.368967056e+00,-2.801360846e+00,-3.339628935e+00,-1.160017371e+00,4.000000000e+00,7.000000000e+00,1.100000000e+01,0.000000000e+00,7.778429985e-01,2.757991076e+00,2.781474590e-02,1.000000000e+00,-2.109654427e+00,-4.213829041e+00,1.474619657e-01,2.757989883e+00,-2.951595783e+00,-2.353080750e+00,2.893882275e+00,1.160017371e+00,0.000000000e+00,0.000000000e+00,0.000000000e+00,0.000000000e+00,-1.000000000e+00,-1.000000000e+00,-1.000000000e+00,0.000000000e+00,-9.999956489e-01,4.141753038e-07,1.000000000e+00,-6.989678144e-01,0.000000000e+00,4.141753038e-07,9.879137874e-01
49,0,8.401685953e-01,1.671497375e-01,-1.738942623e+00,1.561660647e+00,-6.540637929e-03,-2.600476265e+00,-2.595680714e+00,-2.158855915e+00,-2.154116392e+00,-1.485886097e+00,-2.754688025e+00,-3.272853613e+00,-2.231366158e+00,8.000000000e+00,1.200000000e+01,2.100000000e+01,0.000000000e+00,1.073449135e+00,2.022645950e+00,2.394415885e-01,1.000000000e+00,-1.906080961e+00,-3.818016529e+00,3.713202477e-02,2.022622824e+00,-2.284112692e+00,-2.578970194e+00,2.653713226e+00,2.231366158e+00,0.000000000e+00,0.000000000e+00,0.000000000e+00,0.000000000e+00,-1.000000000e+00,-1.000000000e+00,-1.000000000e+00,0.000000000e+00,-9.999956489e-01,4.141753038e-07,1.000000000e+00,-6.989678144e-01,0.000000000e+00,4.141753038e-07,9.991428852e-01
49,1,9.732237458e-01,3.654826283e-01,-1.619538069e+00,1.807453394e+00,2.889397144e-01,-2.830854893e+00,-2.825165033e+00,-2.373403311e+00,-2.371330738e+00,-1.765739322e+00,-2.962060928e+00,-3.437698841e+00,-2.076941729e+00,6.000000000e+00,1.100000000e+01,1.900000000e+01,0.000000000e+00,8.794810772e-01,2.205515623e+00,5.286999345e-01,1.000000000e+00,-1.984996676e+00,-3.970199823e+00,6.248730049e-02,2.205504417e+00,-2.674223185e+00,-2.592609882e+00,2.748597383e+00,2.076941729e+00,0.000000000e+00,0.000000000e+00,0.000000000e+00,0.000000000e+00,-1.000000000e+00,-1.000000000e+00,-1.000000000e+00,0.000000000e+00,-9.999956489e-01,4.141753038e-07,1.000000000e+00,-6.989678144e-01,1.000000000e+00,4.141753038e-07,9.953213334e-01
49,2,9.666362405e-01,8.309767246e-01,-1.293689847e+00,1.396322727e+00,-6.607481837e-02,-3.459622860e+00,-3.496404886e+00,-2.805662632e+00,-2.917601109e+00,-2.670077324e+00,-3.090994358e+00,-3.594823837e+00,-8.321214914e-01,4.000000000e+00,1.000000000e+01,1.700000000e+01,1.000000000e+00,5.257979035e-01,2.933242559e+00,1.658740342e-01,9.444444180e-01,-2.124617100e+00,-4.241921425e+00,1.248647928e+00,2.933149815e+00,-2.500151873e+00,-2.260255575e+00,1.932161689e+00,8.321214914e-01,3.000000000e+00,0.000000000e+00,3.000000000e+00,3.000000000e+00,-2.000000000e+00,9.000000000e+00,1.000000000e+00,1.000000000e+00,-5.218271255e+00,-2.271534681e+00,-2.892210186e-01,-5.216336250e+00,1.000000000e+00,4.141753038e-07,2.786559798e-02
49,3,3.335202336e-01,2.565664053e-01,-1.869046211e+00,1.289596677e+00,-1.417665482e-01,-3.000458002e+00,-2.999315977e+00,-2.523625135e+00,-2.549672365e+00,-2.446694851e+00,-2.460197687e+00,-3.077327728e+00,-6.130295396e-01,4.000000000e+00,1.000000000e+01,1.600000000e+01,0.000000000e+00,5.034277439e-01,2.698532343e+00,8.547695726e-02,1.000000000e+00,-2.125586510e+00,-4.244749546e+00,4.043254852e-01,2.698526621e+00,-2.401957750e+00,-2.202529192e+00,2.397150755e+00,6.130295396e-01,0.000000000e+00,0.000000000e+00,0.000000000e+00,0.000000000e+00,-1.000000000e+00,-1.000000000e+00,-1.000000000e+00,0.000000000e+00,-9.999956489e-01,4.141753038e-07,1.000000000e+00,-6.989678144e-01,0.000000000e+00,4.141753038e-07,9.983232617e-01
49,4,2.727913857e-01,2.007664591e-01,-1.873370767e+00,1.469498038e+00,-4.901541770e-02,-2.955713511e+00,-2.932206392e+00,-2.497630835e+00,-2.495033264e+00,-2.425626755e+00,-2.347901106e+00,-3.027667761e+00,-5.919659734e-01,3.000000000e+00,9.000000000e+00,1.900000000e+01,0.000000000e+00,5.036184192e-01,2.677551746e+00,1.907446980e-01,1.000000000e+00,-2.074117899e+00,-4.143292904e+00,-1.181675717e-01,2.677551270e+00,-2.813820601e+00,-2.146133661e+00,2.864967823e+00,5.919659734e-01,0.000000000e+00,0.000000000e+00,0.000000000e+00,0.000000000e+00,-1.000000000e+00,-1.000000000e+00,-1.000000000e+00,0.000000000e+00,-9.999956489e-01,4.141753038e-07,1.000000000e+00,-6.989678144e-01,0.000000000e+00,4.141753038e-07,9.989144802e-01
49,5,3.134312928e-01,2.795091271e-01,-1.829528093e+00,1.282322764e+00,-1.156167015e-01,-3.043632507e+00,-3.042289972e+00,-2.489889383e+00,-2.511442184e+00,-2.455977440e+00,-2.422801733e+00,-3.077515602e+00,-4.004082680e-01,3.000000000e+00,9.000000000e+00,1.500000000e+01,1.000000000e+00,1.802990317e+00,3.357596636e+00,1.062317938e-01,9.375000000e-01,-2.109010458e+00,-4.211427212e+00,3.326473758e-02,3.357596636e+00,-2.757579088e+00,-2.142928123e+00,3.379683256e+00,4.004082680e-01,0.000000000e+00,0.000000000e+00,0.000000000e+00,0.000000000e+00,-1.000000000e+00,-1.000000000e+00,-1.000000000e+00,0.000000000e+00,-9.999956489e-01,4.141753038e-07,1.000000000e+00,-6.989678144e-01,0.000000000e+00,4.141753038e-07,9.979612827e-01
49,6,5.274749994e-01,5.103415251e-01,-1.620021582e+00,1.376703024e+00,-8.569450676e-02,-3.210848570e+00,-3.250294209e+00,-2.545087337e+00,-2.816452026e+00,-2.527959824e+00,-2.657770157e+00,-3.227953434e+00,-2.827466130e-01,4.000000000e+00,1.000000000e+01,1.700000000e+01,0.000000000e+00,5.041312575e-01,2.780475140e+00,1.462543458e-01,1.000000000e+00,-2.130322456e+00,-4.253026485e+00,1.419602633e+00,2.780062675e+00,-1.907440305e+00,-2.147453547e+00,1.649079561e+00,2.827466130e-01,1.000000000e+00,0.000000000e+00,1.000000000e+00,3.000000000e+00,-1.000000000e+00,8.000000000e+00,1.000000000e+00,1.000000000e+00,-4.901206970e+00,-2.450356722e+00,-6.371106505e-01,-4.899792671e+00,1.000000000e+00,4.141753038e-07,9.713361859e-01
49,7,8.245952129e-01,3.668422103e-01,-1.690492272e+00,1.619177938e+00,2.811372466e-02,-2.908167124e+00,-2.900875807e+00,-2.446538210e+00,-2.437662363e+00,-1.988864064e+00,-2.885491133e+00,-3.365263700e+00,1.715308547e+00,5.000000000e+00,1.200000000e+01,2.200000000e+01,0.000000000e+00,8.935112953e-01,2.435664654e+00,2.767554522e-01,1.000000000e+00,-2.057306051e+00,-4.112915993e+00,3.470400348e-03,2.435661554e+00,-2.800878763e+00,-2.514966488e+00,2.880948544e+00,1.715308547e+00,0.000000000e+00,0.000000000e+00,0.000000000e+00,0.000000000e+00,-1.000000000e+00,-1.000000000e+00,-1.000000000e+00,0.000000000e+00,-9.999956489e-01,4.141753038e-07,1.000000000e+00,-6.989678144e-01,0.000000000e+00,4.141753038e-07,9.952530861e-01
49,8,7.464760542e-01,2.867681384e-01,-1.745940208e+00,1.447665811e+00,-1.433982402e-01,-2.841220140e+00,-2.835711956e+00,-2.395671129e+00,-2.398307800e+00,-1.936033487e+00,-2.783589125e+00,-3.300361395e+00,1.720109582e+00,6.000000000e+00,1.200000000e+01,2.200000000e+01,0.000000000e+00,-2.793281153e-02,1.922117233e+00,1.052434370e-01,1.000000000e+00,-2.032685518e+00,-4.065035343e+00,-1.646705568e-01,1.922102690e+00,-2.849548340e+00,-2.492305517e+00,2.548960447e+00,1.720109582e+00,0.000000000e+00,0.000000000e+00,0.000000000e+00,0.000000000e+00,-1.000000000e+00,-1.000000000e+00,-1.000000000e+00,0.000000000e+00,-9.999956489e-01,4.141753038e-07,1.000000000e+00,-6.989678144e-01,0.000000000e+00,4.141753038e-07,9.978263974e-01
49,9,8.549251556e-01,3.574407697e-01,-1.715463042e+00,1.807737827e+00,2.395363301e-01,-2.878855705e+00,-2.879325151e+00,-2.350373745e+00,-2.358971119e+00,-1.852955580e+00,-2.932286024e+00,-3.375636339e+00,1.812339067e+00,5.000000000e+00,1.200000000e+01,2.100000000e+01,0.000000000e+00,1.573502421e+00,2.639737844e+00,4.855186343e-01,1.000000000e+00,-2.072874784e+00,-4.144557953e+00,-4.212688804e-01,2.639737844e+00,-3.137185097e+00,-2.570249319e+00,3.566829920e+00,1.812339067e+00,0.000000000e+00,0.000000000e+00,0.000000000e+00,0.000000000e+00,-1.000000000e+00,-1.000000000e+00,-1.000000000e+00,0.000000000e+00,-9.999956489e-01,4.141753038e-07,1.000000000e+00,-6.989678144e-01,1.000000000e+00,4.141753038e-07,9.957014918e-01
49,10,8.706176281e-01,3.817729354e-01,-1.616055846e+00,1.594964504e+00,2.332369536e-01,-3.064806461e+00,-3.051809549e+00,-2.128910303e+00,-2.166894436e+00,-1.640104890e+00,-2.869296074e+00,-3.552602768e+00,1.791331887e+00,4.000000000e+00,9.000000000e+00,1.400000000e+01,0.000000000e+00,-8.833649755e-01,1.199317694e+00,4.488366842e-01,1.000000000e+00,-1.997803450e+00,-3.992556334e+00,2.233626321e-02,1.198354483e+00,-2.526249170e+00,-2.486558199e+00,1.702792287e+00,1.791331887e+00,0.000000000e+00,0.000000000e+00,0.000000000e+00,0.000000000e+00,-1.000000000e+00,-1.000000000e+00,-1.000000000e+00,0.000000000e+00,-9.999956489e-01,4.141753038e-07,1.000000000e+00,-6.989678144e-01,0.000000000e+00,4.141753038e-07,9.944186211e-01
49,11,8.377150893e-01,3.106232882e-01,-1.767672539e+00,1.405195475e+00,-1.388720274e-01,-2.821177006e+00,-2.819798946e+00,-2.372076750e+00,-2.377098799e+00,-1.845056653e+00,-2.922228098e+00,-3.347588778e+00,1.883985043e+00,6.000000000e+00,1.200000000e+01,2.000000000e+01,0.000000000e+00,-4.811370373e-01,1.604608774e+00,1.041657701e-01,1.000000000e+00,-2.078269005e+00,-4.156919003e+00,-6.489601731e-02,1.604509354e+00,-2.752476215e+00,-2.605237961e+00,2.201400757e+00,1.883985043e+00,0.000000000e+00,0.000000000e+00,0.000000000e+00,0.000000000e+00,-1.000000000e+00,-1.000000000e+00,-1.000000000e+00,0.000000000e+00,-9.999956489e-01,4.141753038e-07,1.000000000e+00,-6.989678144e-01,0.000000000e+00,4.141753038e-07,9.972969890e-01
49,12,9.445626140e-01,3.669351637e-01,-1.607576370e+00,1.734434247e+00,1.662327945e-01,-2.852403402e+00,-2.846525669e+00,-2.336482048e+00,-2.338097095e+00,-1.758923769e+00,-2.922284365e+00,-3.429172039e+00,2.005220652e+00,7.000000000e+00,1.100000000e+01,2.100000000e+01,0.000000000e+00,-3.888638318e-02,1.739522219e+00,4.122151136e-01,1.000000000e+00,-1.974487901e+00,-3.948737383e+00,-2.977474630e-01,1.739503980e+00,-3.002438068e+00,-2.552001715e+00,2.616307497e+00,2.005220652e+00,0.000000000e+00,0.000000000e+00,0.000000000e+00,0.000000000e+00,-1.000000000e+00,-1.000000000e+00,-1.000000000e+00,0.000000000e+00,-9.999956489e-01,4.141753038e-07,1.000000000e+00,-6.989678144e-01,1.000000000e+00,4.141753038e-07,9.952484965e-01
50,0,9.174724221e-01,4.847453535e-01,-1.545520425e+00,1.641339064e+00,7.313770801e-02,-3.043714523e+00,-3.037944078e+00,-2.584407330e+00,-2.575846195e+00,-2.151785374e+00,-2.949138165e+00,-3.475621700e+00,1.653572321e+00,7.000000000e+00,1.200000000e+01,2.100000000e+01,0.000000000e+00,7.654870749e-01,2.534635544e+00,3.191199601e-01,1.000000000e+00,-2.030234337e+00,-4.057348728e+00,7.265944481e-01,2.534583092e+00,-2.334066868e+00,-2.462882042e+00,2.232120752e+00,1.653572321e+00,4.000000000e+00,4.000000000e+00,0.000000000e+00,3.000000000e+00,5.000000000e+00,1.500000000e+01,4.000000000e+00,1.000000000e+00,-5.887029648e+00,-1.881706119e+00,3.085635304e-01,-5.885725498e+00,1.000000000e+00,4.141753038e-07,9.800375700e-01
50,1,8.606457114e-01,4.197813272e-01,-1.600221872e+00,1.727178454e+00,1.589770019e-01,-2.960796595e+00,-2.945973396e+00,-2.438337326e+00,-2.437220573e+00,-1.997548938e+00,-2.882831812e+00,-3.400963545e+00,1.673704267e+00,6.000000000e+00,1.200000000e+01,2.100000000e+01,0.000000000e+00,5.921064019e-01,2.293648243e+00,4.049593210e-01,1.000000000e+00,-2.019974947e+00,-4.037774563e+00,-1.051653549e-01,2.293644905e+00,-2.961888552e+00,-2.460759401e+00,2.838406563e+00,1.673704267e+00,0.000000000e+00,0.000000000e+00,0.000000000e+00,0.000000000e+00,-1.000000000e+00,-1.000000000e+00,-1.000000000e+00,0.000000000e+00,-9.999956489e-01,4.141753038e-07,1.000000000e+00,-6.989678144e-01,0.000000000e+00,4.141753038e-07,9.913552403e-01
50,2,1.166896582e+00,4.433893263e-01,-1.436117291e+00,1.390012383e+00,-1.285009980e-01,-2.835223675e+00,-2.827450514e+00,-2.377371550e+00,-2.347499847e+00,-1.653948188e+00,-3.048323154e+00,-3.557457685e+00,2.350030899e+00,9.000000000e+00,1.200000000e+01,1.900000000e+01,0.000000000e+00,-1.922452688e+00,6.927883625e-01,1.112590432e-01,1.000000000e+00,-1.879485369e+00,-3.758930445e+00,-1.059991241e+00,6.927205324e-01,-3.847911119e+00,-2.602851629e+00,2.445236683e+00,2.350030899e+00,0.000000000e+00,0.000000000e+00,0.000000000e+00,0.000000000e+00,-1.000000000e+00,-1.000000000e+00,-1.000000000e+00,0.000000000e+00,-9.999956489e-01,4.141753038e-07,1.000000000e+00,-6.989678144e-01,0.000000000e+00,4.141753038e-07,9.884378314e-01
50,3,1.282665849e+00,5.438337922e-01,-1.093011856e+00,9.994992018e-01,-1.765914708e-01,-2.637729883e+00,-2.640935898e+00,-1.087699175e+00,-1.437003970e+00,-3.488713801e-01,-2.915201902e+00,-3.375717878e+00,2.385942221e+00,0.000000000e+00,5.000000000e+00,1.000000000e+01,0.000000000e+00,-4.519939423e-01,1.688293368e-01,-5.004309933e-04,1.000000000e+00,-1.636831999e+00,-3.268936872e+00,-1.895047575e-01,1.225314960e-01,-2.170290709e+00,-2.375579834e+00,1.400161743e+00,2.385942221e+00,1.000000000e+00,1.000000000e+00,0.000000000e+00,2.000000000e+00,-5.000000000e+00,2.000000000e+00,3.000000000e+00,1.000000000e+00,-5.716593742e+00,-2.027552366e+00,-7.733032703e-01,-5.714644909e+00,1.000000000e+00,4.141753038e-07,9.527444243e-01
51,0,1.245836139e+00,5.284489393e-01,-5.778374672e-01,1.125621438e+00,2.805236280e-01,-3.086028099e+00,-2.824375868e+00,-2.365831614e+00,-2.362728596e+00,-1.648525953e+00,-2.351623774e+00,-3.801188707e+00,-2.335676193e+00,6.000000000e+00,4.000000000e+00,6.000000000e+00,0.000000000e+00,1.584379435e+00,2.440737247e+00,3.474703729e-01,1.000000000e+00,-1.106282473e+00,-2.212102413e+00,-3.406828269e-02,2.440734863e+00,-2.924980640e+00,-1.823646307e+00,3.188978910e+00,2.335676193e+00,0.000000000e+00,0.000000000e+00,0.000000000e+00,0.000000000e+00,-1.000000000e+00,-1.000000000e+00,-1.000000000e+00,0.000000000e+00,-9.999956489e-01,4.141753038e-07,1.000000000e+00,-6.989678144e-01,1.000000000e+00,4.141753038e-07,9.625751972e-01
51,1,1.056026697e+00,3.508883715e-01,-1.554022074e+00,1.510017753e+00,-8.495704271e-03,-2.756927013e+00,-2.747074366e+00,-2.300032139e+00,-2.273490906e+00,-1.594963193e+00,-2.964845419e+00,-3.461056232e+00,-2.306923628e+00,8.000000000e+00,1.100000000e+01,1.900000000e+01,0.000000000e+00,-9.983449429e-02,1.545072913e+00,2.312644422e-01,1.000000000e+00,-1.904891014e+00,-3.811323643e+00,-6.098508239e-01,1.545062304e+00,-3.233568907e+00,-2.609887362e+00,2.833175182e+00,2.306923628e+00,1.000000000e+00,1.000000000e+00,0.000000000e+00,2.000000000e+00,5.000000000e+00,8.000000000e+00,4.000000000e+00,1.000000000e+00,-4.289732456e+00,-2.526237488e+00,-1.240319014e+00,-4.288466930e+00,1.000000000e+00,4.141753038e-07,9.959838390e-01
51,2,2.746167183e-01,2.634205222e-01,-1.890613198e+00,1.504804730e+00,7.344129682e-02,-2.988142729e+00,-3.043641329e+00,-2.399814129e+00,-2.590445995e+00,-2.388620615e+00,-2.428799868e+00,-2.999327898e+00,2.280460298e-01,4.000000000e+00,1.000000000e+01,1.600000000e+01,0.000000000e+00,4.590585530e-01,2.618256569e+00,3.006849289e-01,1.000000000e+00,-2.154005289e+00,-4.299622059e+00,-7.829171419e-02,2.618255615e+00,-2.931956053e+00,-2.165199995e+00,2.898233652e+00,2.280460298e-01,0.000000000e+00,0.000000000e+00,0.000000000e+00,0.000000000e+00,-1.000000000e+00,-1.000000000e+00,-1.000000000e+00,0.000000000e+00,-9.999956489e-01,4.141753038e-07,1.000000000e+00,-6.989678144e-01,0.000000000e+00,4.141753038e-07,9.982243180e-01
51,3,7.094796896e-01,6.657211781e-01,-1.461935282e+00,1.176622391e+00,-1.851048619e-01,-3.340791702e+00,-3.394857883e+00,-2.709382057e+00,-2.915171385e+00,-2.665644884e+00,-2.836993456e+00,-3.384449482e+00,4.564796686e-01,4.000000000e+00,9.000000000e+00,1.400000000e+01,0.000000000e+00,1.176078558e+00,3.253887177e+00,3.049465269e-02,1.000000000e+00,-2.127610683e+00,-4.247729778e+00,7.946444154e-01,3.253884315e+00,-2.786339998e+00,-2.171362877e+00,2.708865643e+00,4.564796686e-01,3.000000000e+00,0.000000000e+00,3.000000000e+00,3.000000000e+00,1.000000000e+00,1.000000000e+00,1.000000000e+00,1.000000000e+00,-5.543645859e+00,-2.085266113e+00,7.759280503e-02,-5.541331768e+00,1.000000000e+00,4.141753038e-07,6.763420701e-01
51,4,5.801738501e-01,5.505939722e-01,-1.589843154e+00,1.167757273e+00,-2.301820517e-01,-3.292965412e+00,-3.306433916e+00,-2.798632622e+00,-2.838528156e+00,-2.769070625e+00,-2.720533371e+00,-3.322485209e+00,3.732840717e-01,4.000000000e+00,1.000000000e+01,1.500000000e+01,1.000000000e+00,-8.305302858e-01,2.354059458e+00,-8.333602920e-03,9.375000000e-01,-2.140393734e+00,-4.272824764e+00,-7.998939157e-01,2.354059219e+00,-4.182653904e+00,-2.169969559e+00,3.221571445e+00,3.732840717e-01,0.000000000e+00,0.000000000e+00,0.000000000e+00,0.000000000e+00,-1.000000000e+00,-1.000000000e+00,-1.000000000e+00,0.000000000e+00,-9.999956489e-01,4.141753038e-07,1.000000000e+00,-6.989678144e-01,0.000000000e+00,4.141753038e-07,9.475501180e-01
51,5,4.944372177e-01,4.361897111e-01,-1.679916143e+00,1.051742792e+00,-1.243479103e-01,-2.609673023e+00,-2.788890600e+00,-1.049861073e+00,-1.422119379e+00,-9.916141629e-01,-2.603506565e+00,-2.667895079e+00,5.295698643e-01,0.000000000e+00,6.000000000e+00,1.000000000e+01,0.000000000e+00,8.747199178e-01,1.522018313e+00,5.174310505e-02,1.000000000e+00,-2.116069794e+00,-4.218133450e+00,1.325288534e+00,1.409587502e+00,-5.330302715e-01,-2.174309015e+00,5.148109198e-01,5.295698643e-01,0.000000000e+00,0.000000000e+00,0.000000000e+00,0.000000000e+00,-1.000000000e+00,-1.000000000e+00,-1.000000000e+00,0.000000000e+00,-9.999956489e-01,4.141753038e-07,1.000000000e+00,-6.989678144e-01,0.000000000e+00,4.141753038e-07,9.894357920e-01
51,6,7.748668194e-01,3.773170710e-01,-1.649195433e+00,1.687947154e+00,1.438794136e-01,-2.876427412e+00,-2.949966908e+00,-2.263980389e+00,-2.493599653e+00,-1.866478324e+00,-2.804750919e+00,-3.273488045e+00,1.565819025e+00,4.000000000e+00,1.100000000e+01,2.000000000e+01,0.000000000e+00,1.593666553e+00,2.663345098e+00,3.869173527e-01,1.000000000e+00,-2.026485443e+00,-4.051772118e+00,1.015269235e-01,2.663343430e+00,-2.769269943e+00,-2.423966169e+00,3.188934565e+00,1.565819025e+00,0.000000000e+00,0.000000000e+00,0.000000000e+00,0.000000000e+00,-1.000000000e+00,-1.000000000e+00,-1.000000000e+00,0.000000000e+00,-9.999956489e-01,4.141753038e-07,1.000000000e+00,-6.989678144e-01,0.000000000e+00,4.141753038e-07,9.946849346e-01
51,7,9.495299459e-01,4.225192368e-01,-1.536419272e+00,2.008717775e+00,4.405161738e-01,-2.938670158e+00,-2.928177118e+00,-2.491382837e+00,-2.476989746e+00,-1.964466691e+00,-2.910284996e+00,-3.464790106e+00,1.883789539e+00,7.000000000e+00,1.100000000e+01,2.100000000e+01,2.000000000e+00,8.269575834e-01,2.377986431e+00,6.864985228e-01,9.130434990e-01,-1.958913803e+00,-3.916463852e+00,-2.685896456e-01,2.377985477e+00,-3.167590380e+00,-2.485831261e+00,3.158947468e+00,1.883789539e+00,0.000000000e+00,0.000000000e+00,0.000000000e+00,0.000000000e+00,-1.000000000e+00,-1.000000000e+00,-1.000000000e+00,0.000000000e+00,-9.999956489e-01,4.141753038e-07,1.000000000e+00,-6.989678144e-01,0.000000000e+00,4.141753038e-07,9.910654426e-01
51,8,1.021550655e+00,4.095019996e-01,-1.520027280e+00,1.673303127e+00,1.819417030e-01,-2.846753359e+00,-2.835894108e+00,-2.271871090e+00,-2.256622076e+00,-1.659883618e+00,-2.954022169e+00,-3.457859039e+00,2.087173462e+00,6.000000000e+00,1.100000000e+01,1.800000000e+01,0.000000000e+00,4.519570768e-01,1.885883689e+00,4.180307388e-01,1.000000000e+00,-1.929506540e+00,-3.859253645e+00,-6.448556185e-01,1.885881782e+00,-3.310171843e+00,-2.541441202e+00,3.127190351e+00,2.087173462e+00,1.000000000e+00,1.000000000e+00,0.000000000e+00,1.000000000e+00,5.000000000e+00,8.000000000e+00,1.000000000e+00,1.000000000e+00,-5.613034248e+00,-2.713913441e+00,-1.570849180e+00,-5.612539768e+00,1.000000000e+00,5.508682728e-01,9.923479557e-01
51,9,9.344627261e-01,2.812941968e-01,-1.646888375e+00,1.736132383e+00,1.679309905e-01,-2.724276781e+00,-2.720323324e+00,-2.282964945e+00,-2.275126219e+00,-1.629860997e+00,-2.867695332e+00,-3.376640797e+00,2.184540272e+00,8.000000000e+00,1.200000000e+01,2.100000000e+01,1.000000000e+00,4.496192932e-01,1.854694486e+00,4.139133096e-01,9.545454383e-01,-1.928164840e+00,-3.858607292e+00,-4.391594827e-01,1.854688883e+00,-2.995233059e+00,-2.581204653e+00,2.938953161e+00,2.184540272e+00,0.000000000e+00,0.000000000e+00,0.000000000e+00,0.000000000e+00,-1.000000000e+00,-1.000000000e+00,-1.000000000e+00,0.000000000e+00,-9.999956489e-01,4.141753038e-07,1.000000000e+00,-6.989678144e-01,0.000000000e+00,4.141753038e-07,9.979290962e-01
52,0,1.026062608e+00,4.268066287e-01,-1.522986174e+00,1.700919032e+00,1.824053228e-01,-2.878121853e+00,-2.893970728e+00,-2.355396509e+00,-2.376563787e+00,-1.756214142e+00,-2.978223801e+00,-3.476403475e+00,-2.056767702e+00,7.000000000e+00,1.100000000e+01,1.900000000e+01,0.000000000e+00,1.288062692e+00,2.400279760e+00,4.221655428e-01,1.000000000e+00,-1.949768424e+00,-3.898926735e+00,2.368173748e-01,2.400269508e+00,-2.566496372e+00,-2.548909426e+00,2.783820629e+00,2.056767702e+00,0.000000000e+00,0.000000000e+00,0.000000000e+00,0.000000000e+00,-1.000000000e+00,-1.000000000e+00,-1.000000000e+00,0.000000000e+00,-9.999956489e-01,4.141753038e-07,1.000000000e+00,-6.989678144e-01,0.000000000e+00,4.141753038e-07,9.905885458e-01
52,1,1.028530478e+00,4.993567765e-01,-1.576257944e+00,1.426170707e+00,-9.234274179e-02,-2.999997854e+00,-2.998344660e+00,-2.533952475e+00,-2.539904833e+00,-2.004883289e+00,-3.106436968e+00,-3.528138399e+00,-1.889004230e+00,6.000000000e+00,1.100000000e+01,1.900000000e+01,0.000000000e+00,9.180818200e-01,2.464043379e+00,1.474173516e-01,1.000000000e+00,-2.075579166e+00,-4.147943974e+00,7.538402081e-01,2.463960886e+00,-2.285488129e+00,-2.604629993e+00,2.245222569e+00,1.889004230e+00,4.000000000e+00,4.000000000e+00,0.000000000e+00,3.000000000e+00,-5.000000000e+00,8.000000000e+00,3.000000000e+00,1.000000000e+00,-5.353035450e+00,-2.027683020e+00,1.039904207e-01,-5.349891186e+00,2.000000000e+00,4.141753038e-07,9.755126834e-01
52,2,9.947412610e-01,7.039934993e-01,-1.352347016e+00,1.343810678e+00,-5.412888899e-02,-3.284849644e+00,-3.327357531e+00,-2.703159332e+00,-2.808678389e+00,-2.412518501e+00,-3.051130056e+00,-3.574800491e+00,-1.289509177e+00,3.000000000e+00,9.000000000e+00,1.500000000e+01,0.000000000e+00,1.334334493e+00,3.079797983e+00,1.677196473e-01,1.000000000e+00,-2.056300879e+00,-4.107627869e+00,-1.625115037e+00,3.079797983e+00,-5.082159996e+00,-2.347001553e+00,5.089616299e+00,1.289509177e+00,2.000000000e+00,2.000000000e+00,0.000000000e+00,3.000000000e+00,-4.000000000e+00,1.600000000e+01,2.000000000e+00,1.000000000e+00,-5.268755436e+00,-2.271522284e+00,-4.351401925e-01,-5.266867638e+00,1.000000000e+00,4.141753038e-07,4.709478617e-01
52,3,1.041535616e+00,7.637746930e-01,-1.297252178e+00,1.097673655e+00,-3.336891532e-01,-3.358177662e+00,-3.362654209e+00,-2.768258810e+00,-2.767901897e+00,-2.490618229e+00,-3.102428436e+00,-3.635052204e+00,-1.254506588e+00,4.000000000e+00,1.000000000e+01,1.600000000e+01,0.000000000e+00,1.334062219e+00,3.157783747e+00,-1.064457446e-01,1.000000000e+00,-2.060985327e+00,-4.116758347e+00,-4.882310629e-01,3.157783747e+00,-4.015637875e+00,-2.338701725e+00,3.922636986e+00,1.254506588e+00,0.000000000e+00,0.000000000e+00,0.000000000e+00,0.000000000e+00,-1.000000000e+00,-1.000000000e+00,-1.000000000e+00,0.000000000e+00,-9.999956489e-01,4.141753038e-07,1.000000000e+00,-6.989678144e-01,0.000000000e+00,4.141753038e-07,1.666911691e-01
53,0,8.772650957e-01,6.857482195e-01,-1.372726679e+00,1.206509829e+00,-1.552174538e-01,-3.291000605e+00,-3.341052532e+00,-2.659417629e+00,-2.781225443e+00,-2.467971563e+00,-2.935800791e+00,-3.482047319e+00,-1.009433508e+00,4.000000000e+00,9.000000000e+00,1.400000000e+01,0.000000000e+00,-1.911740452e-01,2.375039816e+00,6.038209051e-02,1.000000000e+00,-2.058435440e+00,-4.111741543e+00,1.465291262e+00,2.371724129e+00,-2.001901150e+00,-2.249924660e+00,1.219812751e+00,1.009433508e+00,4.000000000e+00,2.000000000e+00,2.000000000e+00,3.000000000e+00,-2.000000000e+00,1.000000000e+00,1.000000000e+00,1.000000000e+00,-5.772742271e+00,-2.107457399e+00,-1.048102230e-01,-5.771362782e+00,1.000000000e+00,4.141753038e-07,5.744075775e-01
53,1,3.580934405e-01,2.444976121e-01,-1.691201329e+00,2.050056458e+00,8.196074963e-01,-2.960460901e+00,-2.956847906e+00,-2.468355894e+00,-2.516454220e+00,-2.354789257e+00,-2.294512033e+00,-3.073938131e+00,-7.551801205e-01,4.000000000e+00,8.000000000e+00,1.100000000e+01,1.000000000e+00,8.078877926e-01,2.758832216e+00,1.008663654e+00,9.166666865e-01,-1.935682535e+00,-3.869000435e+00,1.436179578e-01,2.758831024e+00,-2.617296696e+00,-2.049267292e+00,2.776819944e+00,7.551801205e-01,0.000000000e+00,0.000000000e+00,0.000000000e+00,0.000000000e+00,-1.000000000e+00,-1.000000000e+00,-1.000000000e+00,0.000000000e+00,-9.999956489e-01,4.141753038e-07,1.000000000e+00,-6.989678144e-01,0.000000000e+00,4.141753038e-07,9.984810948e-01
53,2,3.119459450e-01,2.368725091e-01,-1.886997938e+00,1.663067341e+00,1.717059314e-01,-2.965634823e+00,-2.979793072e+00,-2.408385992e+00,-2.465080500e+00,-2.333330154e+00,-2.437039614e+00,-3.040632486e+00,-6.050623655e-01,4.000000000e+00,1.000000000e+01,1.800000000e+01,0.000000000e+00,1.588307381e+00,3.127577305e+00,4.077950120e-01,1.000000000e+00,-2.123846054e+00,-4.241476536e+00,-4.390777647e-01,3.127577305e+00,-3.140557766e+00,-2.198908567e+00,3.698091507e+00,6.050623655e-01,0.000000000e+00,0.000000000e+00,0.000000000e+00,0.000000000e+00,-1.000000000e+00,-1.000000000e+00,-1.000000000e+00,0.000000000e+00,-9.999956489e-01,4.141753038e-07,1.000000000e+00,-6.989678144e-01,0.000000000e+00,4.141753038e-07,9.985709190e-01
53,3,6.368836761e-01,5.667425394e-01,-1.552554131e+00,1.251904130e+00,-1.794590652e-01,-3.259870291e+00,-3.306931734e+00,-2.648966551e+00,-2.778244734e+00,-2.578854322e+00,-2.756257296e+00,-3.329872847e+00,-5.837560296e-01,4.000000000e+00,1.000000000e+01,1.600000000e+01,0.000000000e+00,1.437923789e+00,3.297981024e+00,4.778444767e-02,1.000000000e+00,-2.119254827e+00,-4.231469631e+00,-1.268708587e+00,3.297981024e+00,-4.596467495e+00,-2.189386129e+00,4.761369228e+00,5.837560296e-01,0.000000000e+00,0.000000000e+00,0.000000000e+00,0.000000000e+00,-1.000000000e+00,-1.000000000e+00,-1.000000000e+00,0.000000000e+00,-9.999956489e-01,4.141753038e-07,1.000000000e+00,-6.989678144e-01,0.000000000e+00,4.141753038e-07,9.324421883e-01
53,4,9.382875562e-01,8.667857647e-01,-1.267260909e+00,1.610345602e+00,1.189842746e-01,-3.518515348e+00,-3.562559843e+00,-2.840046406e+00,-2.972767353e+00,-2.768590450e+00,-3.071925640e+00,-3.589760542e+00,-5.896948576e-01,4.000000000e+00,1.000000000e+01,1.800000000e+01,0.000000000e+00,-2.433999926e-01,2.647728205e+00,3.550733030e-01,1.000000000e+00,-2.133995533e+00,-4.260225773e+00,1.469386816e+00,2.646770954e+00,-2.370472431e+00,-2.205486774e+00,1.381700277e+00,5.896948576e-01,3.000000000e+00,0.000000000e+00,3.000000000e+00,3.000000000e+00,-1.000000000e+00,4.000000000e+00,1.000000000e+00,1.000000000e+00,-4.524119854e+00,-1.825121641e+00,6.049125791e-01,-4.517886162e+00,1.000000000e+00,4.141753038e-07,8.863777854e-03
53,5,3.307574391e-01,3.307509124e-01,-1.832170725e+00,1.208711267e+00,-2.226517648e-01,-3.010555029e+00,-3.090765953e+00,-2.346945286e+00,-2.639812708e+00,-2.346938848e+00,-2.493572950e+00,-3.010561466e+00,5.469393451e-03,3.000000000e+00,9.000000000e+00,1.600000000e+01,0.000000000e+00,6.410871744e-01,2.667578936e+00,4.591678735e-03,1.000000000e+00,-2.162887812e+00,-4.316800117e+00,-7.014361620e-01,2.667578936e+00,-3.670154572e+00,-2.162894249e+00,3.661031961e+00,5.469393451e-03,0.000000000e+00,0.000000000e+00,0.000000000e+00,0.000000000e+00,-1.000000000e+00,-1.000000000e+00,-1.000000000e+00,0.000000000e+00,-9.999956489e-01,4.141753038e-07,1.000000000e+00,-6.989678144e-01,0.000000000e+00,4.141753038e-07,9.967201352e-01
53,6,3.286239207e-01,3.178869486e-01,-1.786002636e+00,1.393348813e+00,-9.801233560e-02,-3.018907309e+00,-3.086600780e+00,-2.366581202e+00,-2.561484337e+00,-2.355846643e+00,-2.432574987e+00,-3.029632807e+00,-2.232810855e-01,4.000000000e+00,1.000000000e+01,1.800000000e+01,0.000000000e+00,9.154010415e-01,2.813645601e+00,1.380765736e-01,1.000000000e+00,-2.103860855e+00,-4.201029778e+00,-4.102424681e-01,2.813645601e+00,-3.288927317e+00,-2.114596367e+00,3.429179668e+00,2.232810855e-01,2.000000000e+00,0.000000000e+00,2.000000000e+00,3.000000000e+00,-1.000000000e+00,4.000000000e+00,1.000000000e+00,1.000000000e+00,-5.228717327e+00,-2.092808723e+00,1.512142457e-02,-5.225813866e+00,1.000000000e+00,9.900452495e-01,9.971044660e-01
53,7,4.714914858e-01,3.685399890e-01,-1.740805745e+00,1.293925643e+00,-1.684717536e-01,-3.078281164e+00,-3.099885941e+00,-2.522056103e+00,-2.591828346e+00,-2.419135094e+00,-2.581680536e+00,-3.181093454e+00,7.160550356e-01,3.000000000e+00,9.000000000e+00,1.700000000e+01,0.000000000e+00,-7.008298039e-01,2.068871975e+00,6.347703934e-02,1.000000000e+00,-2.109313726e+00,-4.212580681e+00,3.256515563e-01,2.068801165e+00,-2.634699106e+00,-2.212250233e+00,1.915818453e+00,7.160550356e-01,1.000000000e+00,0.000000000e+00,1.000000000e+00,3.000000000e+00,2.000000000e+00,1.000000000e+01,1.000000000e+00,1.000000000e+00,-4.463094711e+00,-2.501141787e+00,-7.810745835e-01,-4.461767197e+00,1.000000000e+00,4.141753038e-07,9.951661825e-01
53,8,5.402315259e-01,3.745664060e-01,-1.674489617e+00,1.261965156e+00,-6.025372073e-02,-3.014555931e+00,-3.007445335e+00,-2.403090000e+00,-2.411523342e+00,-2.237459421e+00,-2.590608597e+00,-3.180012465e+00,9.298943877e-01,3.000000000e+00,8.000000000e+00,1.300000000e+01,0.000000000e+00,1.697868824e+00,3.086468935e+00,1.480219960e-01,1.000000000e+00,-2.049027681e+00,-4.094194412e+00,-2.703329027e-01,3.086468935e+00,-3.056041002e+00,-2.214670420e+00,3.530694723e+00,9.298943877e-01,0.000000000e+00,0.000000000e+00,0.000000000e+00,0.000000000e+00,-1.000000000e+00,-1.000000000e+00,-1.000000000e+00,0.000000000e+00,-9.999956489e-01,4.141753038e-07,1.000000000e+00,-6.989678144e-01,0.000000000e+00,4.141753038e-07,9.948417544e-01
54,0,9.303483367e-01,2.441719174e-01,-1.670532823e+00,1.733488560e+00,1.652871668e-01,-2.665360451e+00,-2.665390968e+00,-2.150844812e+00,-2.152920246e+00,-1.464717031e+00,-2.851410389e+00,-3.350763083e+00,-2.262347460e+00,8.000000000e+00,1.200000000e+01,2.100000000e+01,0.000000000e+00,9.767833948e-01,1.953132987e+00,4.112694860e-01,1.000000000e+00,-1.914689064e+00,-3.833127975e+00,-1.739803255e-01,1.953120828e+00,-2.570972919e+00,-2.600728273e+00,2.815262079e+00,2.262347460e+00,0.000000000e+00,0.000000000e+00,0.000000000e+00,0.000000000e+00,-1.000000000e+00,-1.000000000e+00,-1.000000000e+00,0.000000000e+00,-9.999956489e-01,4.141753038e-07,1.000000000e+00,-6.989678144e-01,0.000000000e+00,4.141753038e-07,9.984850287e-01
54,1,7.727248073e-01,1.608249247e-01,-1.683894515e+00,1.986171484e+00,5.548077822e-01,-2.621191978e+00,-2.592170954e+00,-2.100492477e+00,-2.029572487e+00,-1.488633871e+00,-2.623315334e+00,-3.232531071e+00,-2.086820364e+00,6.000000000e+00,9.000000000e+00,1.600000000e+01,1.000000000e+00,-7.308191806e-02,1.453509092e+00,7.820515037e-01,9.411764741e-01,-1.844709754e+00,-3.693364382e+00,3.767346740e-01,1.451978922e+00,-1.813680768e+00,-2.456516027e+00,1.616196513e+00,2.086820364e+00,0.000000000e+00,0.000000000e+00,0.000000000e+00,0.000000000e+00,-1.000000000e+00,-1.000000000e+00,-1.000000000e+00,0.000000000e+00,-9.999956489e-01,4.141753038e-07,1.000000000e+00,-6.989678144e-01,0.000000000e+00,4.141753038e-07,9.991785884e-01
54,2,9.500685930e-01,6.241179109e-01,-1.300627470e+00,1.469022393e+00,2.929312885e-01,-3.207510948e+00,-3.229904175e+00,-2.636597872e+00,-2.707121372e+00,-2.310746431e+00,-2.874921083e+00,-3.532679319e+00,-1.382617712e+00,4.000000000e+00,7.000000000e+00,1.000000000e+01,0.000000000e+00,1.397041559e+00,3.009371281e+00,4.690224528e-01,1.000000000e+00,-1.924717426e+00,-3.846868992e+00,9.675931931e-01,3.009353161e+00,-2.363766909e+00,-2.250627279e+00,2.438243628e+00,1.382617712e+00,0.000000000e+00,0.000000000e+00,0.000000000e+00,0.000000000e+00,-1.000000000e+00,-1.000000000e+00,-1.000000000e+00,0.000000000e+00,-9.999956489e-01,4.141753038e-07,1.000000000e+00,-6.989678144e-01,0.000000000e+00,4.141753038e-07,8.296550512e-01
54,3,7.743536234e-01,4.829272032e-01,-1.551357985e+00,1.611114860e+00,1.197535247e-01,-3.084994555e+00,-3.103906155e+00,-2.526338339e+00,-2.579827785e+00,-2.234983206e+00,-2.809643269e+00,-3.375916243e+00,-1.291327953e+00,5.000000000e+00,1.000000000e+01,1.800000000e+01,0.000000000e+00,1.401674986e+00,2.935895205e+00,3.558425903e-01,1.000000000e+00,-2.034253597e+00,-4.064799309e+00,-3.469039798e-01,2.935895205e+00,-3.408710241e+00,-2.325635195e+00,3.627368450e+00,1.291327953e+00,1.000000000e+00,1.000000000e+00,0.000000000e+00,2.000000000e+00,4.000000000e+00,8.000000000e+00,1.000000000e+00,1.000000000e+00,-4.818916321e+00,-2.141118526e+00,-2.074574083e-01,-4.815995693e+00,1.000000000e+00,8.116526604e-01,9.805306196e-01
54,4,8.855485916e-01,6.423928738e-01,-1.380428076e+00,1.086061120e+00,-2.756659389e-01,-3.240456581e+00,-3.233947277e+00,-2.732069016e+00,-2.782776594e+00,-2.489013672e+00,-2.908457518e+00,-3.483045816e+00,1.159140348e+00,3.000000000e+00,8.000000000e+00,1.400000000e+01,0.000000000e+00,1.248764515e+00,3.113530397e+00,-6.006646901e-02,1.000000000e+00,-2.022785425e+00,-4.041289806e+00,3.755517602e-01,3.113529682e+00,-3.049394369e+00,-2.265906811e+00,3.031759501e+00,1.159140348e+00,2.000000000e+00,1.000000000e+00,1.000000000e+00,3.000000000e+00,2.000000000e+00,1.000000000e+00,1.000000000e+00,1.000000000e+00,-5.500412464e+00,-2.486266613e+00,-9.299625754e-01,-5.499444962e+00,1.000000000e+00,4.141753038e-07,7.723186016e-01
54,5,7.256258130e-01,4.797380567e-01,-1.534644127e+00,1.301552415e+00,-2.666485012e-01,-3.080782175e+00,-3.101165056e+00,-2.479186296e+00,-2.633069992e+00,-2.233355045e+00,-2.740875721e+00,-3.326271772e+00,1.166793466e+00,3.000000000e+00,9.000000000e+00,2.100000000e+01,0.000000000e+00,-5.530078411e-01,1.956940413e+00,-2.066642046e-02,1.000000000e+00,-2.014352083e+00,-4.025258541e+00,-7.745685428e-02,1.956921816e+00,-3.189779043e+00,-2.260205746e+00,2.433983326e+00,1.166793466e+00,2.000000000e+00,2.000000000e+00,0.000000000e+00,3.000000000e+00,4.000000000e+00,4.000000000e+00,2.000000000e+00,1.000000000e+00,-5.973261833e+00,-2.363581896e+00,-6.948007345e-01,-5.973149300e+00,1.000000000e+00,8.104236126e-01,9.813620448e-01
54,6,6.316131949e-01,4.100936055e-01,-1.587743521e+00,1.252111673e+00,-7.010718435e-02,-2.968669891e+00,-3.073456049e+00,-2.292205095e+00,-2.624348402e+00,-2.070719242e+00,-2.630849600e+00,-3.189920664e+00,1.097664833e+00,3.000000000e+00,8.000000000e+00,1.300000000e+01,0.000000000e+00,9.330871105e-01,2.537317991e+00,1.381685585e-01,1.000000000e+00,-1.997810602e+00,-3.992981434e+00,1.835443676e-01,2.537313700e+00,-2.850772619e+00,-2.219301462e+00,2.907410622e+00,1.097664833e+00,0.000000000e+00,0.000000000e+00,0.000000000e+00,0.000000000e+00,-1.000000000e+00,-1.000000000e+00,-1.000000000e+00,0.000000000e+00,-9.999956489e-01,4.141753038e-07,1.000000000e+00,-6.989678144e-01,0.000000000e+00,4.141753038e-07,9.922946692e-01
54,7,9.873020053e-01,5.334701538e-01,-1.479037523e+00,1.523794174e+00,3.243283927e-02,-3.070337296e+00,-3.059922218e+00,-2.593392134e+00,-2.579936028e+00,-2.139670610e+00,-3.000887871e+00,-3.523229122e+00,1.705669641e+00,6.000000000e+00,1.100000000e+01,1.800000000e+01,0.000000000e+00,5.092388391e-02,2.165193796e+00,2.685218453e-01,1.000000000e+00,-2.012475967e+00,-4.021949291e+00,-3.843143582e-01,2.165191889e+00,-3.496521950e+00,-2.466225386e+00,2.989478111e+00,1.705669641e+00,4.000000000e+00,4.000000000e+00,0.000000000e+00,2.000000000e+00,-4.000000000e+00,1.200000000e+01,4.000000000e+00,1.000000000e+00,-5.402680397e+00,-1.617829323e+00,8.105425835e-01,-5.394926071e+00,1.000000000e+00,4.141753038e-07,9.596412182e-01
54,8,1.144781828e+00,5.567526817e-01,-1.410532236e+00,1.554960132e+00,3.644658625e-02,-3.180261850e+00,-3.213669538e+00,-2.463042498e+00,-2.505335093e+00,-1.875106931e+00,-3.112214804e+00,-3.766405582e+00,2.030033588e+00,7.000000000e+00,1.100000000e+01,1.900000000e+01,0.000000000e+00,1.583310843e+00,2.666796207e+00,2.762067914e-01,1.000000000e+00,-1.967255592e+00,-3.931566000e+00,7.837347686e-02,2.666794777e+00,-2.983435154e+00,-2.555169106e+00,3.218640327e+00,2.030033588e+00,0.000000000e+00,0.000000000e+00,0.000000000e+00,0.000000000e+00,-1.000000000e+00,-1.000000000e+00,-1.000000000e+00,0.000000000e+00,-9.999956489e-01,4.141753038e-07,1.000000000e+00,-6.989678144e-01,1.000000000e+00,4.141753038e-07,9.422711134e-01
54,9,8.092014790e-01,1.642172933e-01,-1.732566953e+00,1.244532347e+00,-3.422078863e-02,-2.841601372e+00,-2.662817955e+00,-1.743375301e+00,-1.689301372e+00,-1.098409534e+00,-2.709282398e+00,-3.485557079e+00,2.165202379e+00,1.000000000e+00,7.000000000e+00,1.200000000e+01,0.000000000e+00,-3.460809588e-01,1.501043797e+00,1.653513759e-01,1.000000000e+00,-1.896773219e+00,-3.794397354e+00,1.499929190e+00,3.556632102e-01,-3.536094129e-01,-2.541640759e+00,-5.533576608e-01,2.165202379e+00,0.000000000e+00,0.000000000e+00,0.000000000e+00,0.000000000e+00,-1.000000000e+00,-1.000000000e+00,-1.000000000e+00,0.000000000e+00,-9.999956489e-01,4.141753038e-07,1.000000000e+00,-6.989678144e-01,0.000000000e+00,4.141753038e-07,9.991596937e-01
54,10,9.638760090e-01,2.999612093e-01,-1.604670405e+00,1.778662682e+00,2.345949113e-01,-2.725511312e+00,-2.721091509e+00,-2.270973206e+00,-2.253973246e+00,-1.607121706e+00,-2.873168230e+00,-3.388593197e+00,2.209903240e+00,8.000000000e+00,1.200000000e+01,2.000000000e+01,0.000000000e+00,-1.162452251e-01,1.549709439e+00,4.776328206e-01,1.000000000e+00,-1.904613972e+00,-3.811443090e+00,3.127155304e-01,1.548979163e+00,-2.241221189e+00,-2.568403006e+00,1.883137822e+00,2.209903240e+00,0.000000000e+00,0.000000000e+00,0.000000000e+00,0.000000000e+00,-1.000000000e+00,-1.000000000e+00,-1.000000000e+00,0.000000000e+00,-9.999956489e-01,4.141753038e-07,1.000000000e+00,-6.989678144e-01,0.000000000e+00,4.141753038e-07,9.975515008e-01
55,0,1.031258106e+00,3.062364757e-01,-1.636156797e+00,1.782237172e+00,3.508735895e-01,-2.703205585e+00,-2.706332445e+00,-2.255603313e+00,-2.261341333e+00,-1.530645132e+00,-2.979658604e+00,-3.427283287e+00,-2.353581667e+00,7.000000000e+00,1.100000000e+01,1.600000000e+01,0.000000000e+00,-2.415769696e-01,1.410049796e+00,5.781173706e-01,1.000000000e+00,-1.942373872e+00,-3.887859344e+00,-1.245030314e-01,1.409864545e+00,-2.691946983e+00,-2.667231798e+00,2.265023470e+00,2.353581667e+00,0.000000000e+00,0.000000000e+00,0.000000000e+00,0.000000000e+00,-1.000000000e+00,-1.000000000e+00,-1.000000000e+00,0.000000000e+00,-9.999956489e-01,4.141753038e-07,1.000000000e+00,-6.989678144e-01,1.000000000e+00,4.141753038e-07,9.974054694e-01
55,1,9.974738359e-01,3.364261389e-01,-1.611286163e+00,1.744711399e+00,2.261977345e-01,-2.754944324e+00,-2.774225712e+00,-2.268958330e+00,-2.336716175e+00,-1.607973576e+00,-2.949912310e+00,-3.415108204e+00,-2.203139305e+00,8.000000000e+00,1.200000000e+01,1.900000000e+01,0.000000000e+00,1.032715917e+00,2.124362230e+00,4.659579694e-01,1.000000000e+00,-1.947691441e+00,-3.897115231e+00,2.398080565e-02,2.124348640e+00,-2.649062395e+00,-2.608601332e+00,2.829098225e+00,2.203139305e+00,1.000000000e+00,1.000000000e+00,0.000000000e+00,1.000000000e+00,-5.000000000e+00,3.600000000e+01,1.000000000e+00,1.000000000e+00,-4.832988739e+00,-2.092689037e+00,-2.829809189e-01,-4.829731464e+00,1.000000000e+00,4.141753038e-07,9.965307117e-01
55,2,9.534249902e-01,3.328110278e-01,-1.623864055e+00,1.958797216e+00,3.905956745e-01,-2.791962624e+00,-2.789428711e+00,-2.348645210e+00,-2.350379705e+00,-1.728104711e+00,-2.914157867e+00,-3.411723614e+00,-2.107499599e+00,8.000000000e+00,1.200000000e+01,2.100000000e+01,0.000000000e+00,1.685861945e+00,2.571061134e+00,6.365780830e-01,1.000000000e+00,-1.956653833e+00,-3.914203644e+00,8.213668317e-02,2.571058750e+00,-2.600978136e+00,-2.577143192e+00,3.111191034e+00,2.107499599e+00,1.000000000e+00,1.000000000e+00,0.000000000e+00,1.000000000e+00,-5.000000000e+00,3.600000000e+01,1.000000000e+00,1.000000000e+00,-1.911636472e+00,-1.787791967e+00,3.520235717e-01,-1.904615283e+00,1.000000000e+00,4.141753038e-07,9.966529012e-01
55,3,9.393700361e-01,3.720225692e-01,-1.617015600e+00,1.310551882e+00,-1.808092147e-01,-2.861695766e+00,-2.857265234e+00,-2.341096640e+00,-2.343804836e+00,-1.773818493e+00,-2.931691885e+00,-3.428193808e+00,-1.980654120e+00,6.000000000e+00,1.100000000e+01,1.800000000e+01,0.000000000e+00,1.034866095e+00,2.291305542e+00,5.527966842e-02,1.000000000e+00,-1.989013672e+00,-3.977604628e+00,3.644908369e-01,2.291275024e+00,-2.351334810e+00,-2.556247234e+00,2.496799231e+00,1.980654120e+00,0.000000000e+00,0.000000000e+00,0.000000000e+00,0.000000000e+00,-1.000000000e+00,-1.000000000e+00,-1.000000000e+00,0.000000000e+00,-9.999956489e-01,4.141753038e-07,1.000000000e+00,-6.989678144e-01,0.000000000e+00,4.141753038e-07,9.949818254e-01
55,4,6.745896935e-01,4.937458634e-01,-1.572103739e+00,1.656367898e+00,2.946403027e-01,-3.169569731e+00,-3.184490204e+00,-2.662009239e+00,-2.745033741e+00,-2.481233120e+00,-2.740967274e+00,-3.350082159e+00,9.770424366e-01,4.000000000e+00,9.000000000e+00,1.400000000e+01,0.000000000e+00,1.287266135e+00,3.124997616e+00,5.102400184e-01,1.000000000e+00,-2.065815210e+00,-4.126630306e+00,-5.912681818e-01,3.124997616e+00,-3.827362537e+00,-2.246633053e+00,3.979236603e+00,9.770424366e-01,0.000000000e+00,0.000000000e+00,0.000000000e+00,0.000000000e+00,-1.000000000e+00,-1.000000000e+00,-1.000000000e+00,0.000000000e+00,-9.999956489e-01,4.141753038e-07,1.000000000e+00,-6.989678144e-01,0.000000000e+00,4.141753038e-07,9.773762226e-01
55,5,7.158792019e-01,4.529609978e-01,-1.580432057e+00,1.579391241e+00,6.087768823e-02,-3.086715698e+00,-3.057560205e+00,-2.441475153e+00,-2.399545431e+00,-2.178611517e+00,-2.750421524e+00,-3.349193096e+00,1.214002252e+00,3.000000000e+00,9.000000000e+00,1.900000000e+01,0.000000000e+00,1.774831861e-01,2.267419815e+00,3.006378710e-01,1.000000000e+00,-2.033362627e+00,-4.063144684e+00,-2.451342493e-01,2.267417669e+00,-3.097206831e+00,-2.296241760e+00,2.733338594e+00,1.214002252e+00,1.000000000e+00,1.000000000e+00,0.000000000e+00,1.000000000e+00,4.000000000e+00,2.400000000e+01,3.000000000e+00,1.000000000e+00,-5.685667992e+00,-1.627073884e+00,8.333787322e-01,-5.680420876e+00,1.000000000e+00,4.141753038e-07,9.869351387e-01
55,6,9.479029179e-01,3.887610734e-01,-1.586523771e+00,1.822445154e+00,2.783773243e-01,-2.875706673e+00,-2.870950222e+00,-2.418422937e+00,-2.419248104e+00,-1.859363437e+00,-2.926027775e+00,-3.433993816e+00,1.961011648e+00,7.000000000e+00,1.200000000e+01,2.000000000e+01,0.000000000e+00,1.286892772e+00,2.502842188e+00,5.214152932e-01,1.000000000e+00,-1.975260377e+00,-3.949905634e+00,-1.468261927e-01,2.502840996e+00,-2.954558611e+00,-2.534294844e+00,3.209475517e+00,1.961011648e+00,0.000000000e+00,0.000000000e+00,0.000000000e+00,0.000000000e+00,-1.000000000e+00,-1.000000000e+00,-1.000000000e+00,0.000000000e+00,-9.999956489e-01,4.141753038e-07,1.000000000e+00,-6.989678144e-01,1.000000000e+00,4.141753038e-07,9.939676523e-01
55,7,1.068922758e+00,3.830314279e-01,-1.541174173e+00,1.686614990e+00,1.425472647e-01,-2.766946554e+00,-2.780889988e+00,-2.194521666e+00,-2.211234093e+00,-1.508684158e+00,-2.996980429e+00,-3.451860905e+00,2.261676550e+00,8.000000000e+00,1.200000000e+01,2.000000000e+01,0.000000000e+00,6.870550662e-02,1.543396592e+00,3.855851889e-01,1.000000000e+00,-1.924183965e+00,-3.849626780e+00,1.529998332e-01,1.543036580e+00,-2.441216469e+00,-2.609935045e+00,2.092593908e+00,2.261676550e+00,0.000000000e+00,0.000000000e+00,0.000000000e+00,0.000000000e+00,-1.000000000e+00,-1.000000000e+00,-1.000000000e+00,0.000000000e+00,-9.999956489e-01,4.141753038e-07,1.000000000e+00,-6.989678144e-01,0.000000000e+00,4.141753038e-07,9.943404198e-01
56,0,1.037178993e+00,3.114864230e-01,-1.554634690e+00,1.567751765e+00,4.923817888e-02,-2.716519833e+00,-2.710967302e+00,-2.272616863e+00,-2.268322468e+00,-1.546990275e+00,-2.907160044e+00,-3.441237450e+00,-2.355154753e+00,9.000000000e+00,1.200000000e+01,1.900000000e+01,0.000000000e+00,-5.759683251e-01,1.259671211e+00,2.889983952e-01,1.000000000e+00,-1.866104603e+00,-3.734107494e+00,5.617678631e-03,1.258996248e+00,-2.574108839e+00,-2.591659546e+00,1.974696755e+00,2.355154753e+00,1.000000000e+00,1.000000000e+00,0.000000000e+00,2.000000000e+00,5.000000000e+00,3.100000000e+01,4.000000000e+00,1.000000000e+00,-4.738895416e+00,-1.667567134e+00,4.159756303e-01,-4.730158806e+00,1.000000000e+00,4.141753038e-07,9.972749352e-01
56,1,9.750071764e-01,2.699410617e-01,-1.564715981e+00,1.604312897e+00,1.729494184e-01,-2.670042276e+00,-2.678355217e+00,-2.190339565e+00,-2.236425400e+00,-1.485327244e+00,-2.813902378e+00,-3.374282360e+00,-2.306754112e+00,7.000000000e+00,1.000000000e+01,1.600000000e+01,0.000000000e+00,5.105957985e-01,1.740672112e+00,4.001930654e-01,1.000000000e+00,-1.834643006e+00,-3.671806335e+00,-1.569413543e-01,1.740637302e+00,-2.663183212e+00,-2.539588451e+00,2.648631573e+00,2.306754112e+00,0.000000000e+00,0.000000000e+00,0.000000000e+00,0.000000000e+00,-1.000000000e+00,-1.000000000e+00,-1.000000000e+00,0.000000000e+00,-9.999956489e-01,4.141753038e-07,1.000000000e+00,-6.989678144e-01,0.000000000e+00,4.141753038e-07,9.981232285e-01
56,2,1.178814292e+00,8.150425553e-01,-1.318834782e+00,1.153658032e+00,-2.442813069e-01,-3.356130123e+00,-3.380259037e+00,-2.780956745e+00,-2.854939938e+00,-2.417333603e+00,-3.312446356e+00,-3.718611240e+00,-1.480268121e+00,4.000000000e+00,1.000000000e+01,1.500000000e+01,1.000000000e+00,1.256907463e+00,3.045901537e+00,-2.243286185e-02,9.375000000e-01,-2.133827209e+00,-4.260427475e+00,3.180215359e-01,3.045900822e+00,-3.351295948e+00,-2.497521639e+00,3.165533781e+00,1.480268121e+00,4.000000000e+00,4.000000000e+00,0.000000000e+00,3.000000000e+00,-4.000000000e+00,5.000000000e+00,1.000000000e+00,1.000000000e+00,-5.471739769e+00,-2.331890345e+00,-3.921395540e-01,-5.470319271e+00,1.000000000e+00,4.141753038e-07,4.462159425e-02
57,0,1.031759262e+00,3.859276772e-01,-1.513901234e+00,1.571452141e+00,2.738443576e-02,-2.683334827e+00,-2.781774998e+00,-2.190067530e+00,-2.319863558e+00,-1.544287920e+00,-2.936897993e+00,-3.328449965e+00,-2.167205334e+00,8.000000000e+00,1.200000000e+01,2.000000000e+01,0.000000000e+00,-7.521706168e-03,1.540546656e+00,2.704223692e-01,1.000000000e+00,-1.899808526e+00,-3.802592039e+00,-7.883098125e-01,1.540541887e+00,-3.492841244e+00,-2.545522213e+00,3.103948593e+00,2.167205334e+00,0.000000000e+00,0.000000000e+00,0.000000000e+00,0.000000000e+00,-1.000000000e+00,-1.000000000e+00,-1.000000000e+00,0.000000000e+00,-9.999956489e-01,4.141753038e-07,1.000000000e+00,-6.989678144e-01,0.000000000e+00,1.423713684e+00,9.941555262e-01
57,1,1.101852655e+00,4.389669299e-01,-1.497522593e+00,1.384428740e+00,-1.596386582e-01,-2.868762732e+00,-2.849116087e+00,-2.346898794e+00,-2.305633783e+00,-1.684088469e+00,-3.040615559e+00,-3.530494213e+00,-2.207475662e+00,8.000000000e+00,1.200000000e+01,2.000000000e+01,0.000000000e+00,8.149502277e-01,2.091593742e+00,8.339910954e-02,1.000000000e+00,-1.936465383e+00,-3.872493029e+00,-8.136148006e-02,2.091583967e+00,-2.825759649e+00,-2.599216223e+00,2.794452429e+00,2.207475662e+00,0.000000000e+00,0.000000000e+00,0.000000000e+00,0.000000000e+00,-1.000000000e+00,-1.000000000e+00,-1.000000000e+00,0.000000000e+00,-9.999956489e-01,4.141753038e-07,1.000000000e+00,-6.989678144e-01,0.000000000e+00,4.141753038e-07,9.890633225e-01
57,2,9.791310430e-01,3.485212326e-01,-1.468068838e+00,1.582700849e+00,2.209732682e-01,-2.786118269e+00,-2.769787073e+00,-2.270434618e+00,-2.230456114e+00,-1.639886737e+00,-2.797994137e+00,-3.415860653e+00,-2.131189823e+00,8.000000000e+00,9.000000000e+00,1.400000000e+01,0.000000000e+00,1.172399282e+00,2.226122618e+00,4.365729988e-01,1.000000000e+00,-1.816574097e+00,-3.633865356e+00,1.925154775e-01,2.226104021e+00,-2.386430025e+00,-2.447090864e+00,2.624165535e+00,2.131189823e+00,0.000000000e+00,0.000000000e+00,0.000000000e+00,0.000000000e+00,-1.000000000e+00,-1.000000000e+00,-1.000000000e+00,0.000000000e+00,-9.999956489e-01,4.141753038e-07,1.000000000e+00,-6.989678144e-01,0.000000000e+00,1.215695739e+00,9.960802197e-01
57,3,9.748559594e-01,3.481583595e-01,-1.575778127e+00,1.510993600e+00,-3.307393938e-02,-2.804796696e+00,-2.799396038e+00,-2.353147745e+00,-2.351313353e+00,-1.726524830e+00,-2.901961803e+00,-3.430599451e+00,-2.121921778e+00,7.000000000e+00,1.100000000e+01,2.000000000e+01,0.000000000e+00,9.289807677e-01,2.191107988e+00,2.099638879e-01,1.000000000e+00,-1.923916221e+00,-3.848331690e+00,4.569747448e-01,2.191034079e+00,-2.242518425e+00,-2.550496101e+00,2.358888388e+00,2.121921778e+00,1.000000000e+00,1.000000000e+00,0.000000000e+00,1.000000000e+00,-5.000000000e+00,1.900000000e+01,1.000000000e+00,1.000000000e+00,-5.861906528e+00,-2.035051584e+00,-2.142423987e-01,-5.860816479e+00,1.000000000e+00,9.957859516e-01,9.960946441e-01
57,4,8.597573042e-01,2.499311268e-01,-1.581431031e+00,1.598920703e+00,4.849774837e-01,-2.722967625e+00,-2.708852768e+00,-2.209320307e+00,-2.197401762e+00,-1.599547029e+00,-2.694306135e+00,-3.332089424e+00,-2.081895590e+00,7.000000000e+00,6.000000000e+00,9.000000000e+00,0.000000000e+00,3.194441646e-02,1.615579844e+00,6.446782947e-01,1.000000000e+00,-1.831349015e+00,-3.664133549e+00,-2.192011476e-01,1.615533352e+00,-2.666401386e+00,-2.441084862e+00,2.432527781e+00,2.081895590e+00,0.000000000e+00,0.000000000e+00,0.000000000e+00,0.000000000e+00,-1.000000000e+00,-1.000000000e+00,-1.000000000e+00,0.000000000e+00,-9.999956489e-01,4.141753038e-07,1.000000000e+00,-6.989678144e-01,0.000000000e+00,4.141753038e-07,9.984124899e-01
57,5,8.312166333e-01,3.037995994e-01,-1.766324639e+00,1.396829367e+00,-1.472380757e-01,-2.814750671e+00,-2.810689211e+00,-2.297281981e+00,-2.292149544e+00,-1.769925356e+00,-2.907500505e+00,-3.341496944e+00,-1.884769201e+00,7.000000000e+00,1.100000000e+01,2.000000000e+01,0.000000000e+00,1.236394763e+00,2.388148308e+00,9.579968452e-02,1.000000000e+00,-2.070098400e+00,-4.140737534e+00,-7.817473412e-01,2.388148308e+00,-3.376748800e+00,-2.597394705e+00,3.691667318e+00,1.884769201e+00,0.000000000e+00,0.000000000e+00,0.000000000e+00,0.000000000e+00,-1.000000000e+00,-1.000000000e+00,-1.000000000e+00,0.000000000e+00,-9.999956489e-01,4.141753038e-07,1.000000000e+00,-6.989678144e-01,0.000000000e+00,4.141753038e-07,9.974634647e-01
57,6,4.583706260e-01,2.776014209e-01,-1.643354774e+00,8.921349645e-01,-2.218077034e-01,-2.547663689e+00,-2.569028139e+00,-9.922240376e-01,-1.292193294e+00,-8.114560843e-01,-2.377962589e+00,-2.728353977e+00,9.768140912e-01,0.000000000e+00,5.000000000e+00,9.000000000e+00,0.000000000e+00,1.824693441e+00,1.916156650e+00,-6.210707873e-02,1.000000000e+00,-1.920938730e+00,-3.837671757e+00,1.825832605e+00,1.682082415e+00,2.560298145e-01,-2.101689339e+00,3.369928300e-01,9.768140912e-01,0.000000000e+00,0.000000000e+00,0.000000000e+00,0.000000000e+00,-1.000000000e+00,-1.000000000e+00,-1.000000000e+00,0.000000000e+00,-9.999956489e-01,4.141753038e-07,1.000000000e+00,-6.989678144e-01,0.000000000e+00,4.141753038e-07,9.979948997e-01
57,7,8.945558071e-01,7.051577568e-01,-1.290553212e+00,1.510287762e+00,1.485601813e-01,-3.341884851e+00,-3.357822895e+00,-2.783505678e+00,-2.837936878e+00,-2.594200850e+00,-2.890189648e+00,-3.530761480e+00,1.003049254e+00,4.000000000e+00,9.000000000e+00,1.400000000e+01,0.000000000e+00,-1.783294827e-01,2.507524729e+00,3.641598821e-01,1.000000000e+00,-1.995676279e+00,-3.987450838e+00,1.606009603e+00,2.504079819e+00,-1.937346458e+00,-2.185050964e+00,1.141927361e+00,1.003049254e+00,0.000000000e+00,0.000000000e+00,0.000000000e+00,0.000000000e+00,-1.000000000e+00,-1.000000000e+00,-1.000000000e+00,0.000000000e+00,-9.999956489e-01,4.141753038e-07,1.000000000e+00,-6.989678144e-01,1.000000000e+00,4.141753038e-07,4.641872942e-01
57,8,6.807855368e-01,4.436826706e-01,-1.514740348e+00,1.309017897e+00,-2.094953507e-01,-3.087492228e+00,-3.034762383e+00,-2.305547714e+00,-2.285052299e+00,-2.068481684e+00,-2.639849901e+00,-3.324209452e+00,1.142101407e+00,3.000000000e+00,9.000000000e+00,1.900000000e+01,0.000000000e+00,1.645210624e+00,2.891139507e+00,3.026467375e-02,1.000000000e+00,-1.958397627e+00,-3.914112806e+00,4.279779792e-01,2.891136885e+00,-2.300753832e+00,-2.195472002e+00,2.679731131e+00,1.142101407e+00,3.000000000e+00,3.000000000e+00,0.000000000e+00,3.000000000e+00,4.000000000e+00,2.800000000e+01,2.000000000e+00,1.000000000e+00,-4.956955910e+00,-1.907254457e+00,1.131155118e-01,-4.952093601e+00,1.000000000e+00,4.141753038e-07,9.883948565e-01
57,9,4.926556945e-01,2.904379666e-01,-1.726623535e+00,1.275402784e+00,-1.869945526e-01,-2.968141079e+00,-2.961433887e+00,-2.431057930e+00,-2.436314344e+00,-2.228883743e+00,-2.511228323e+00,-3.170119762e+00,1.041349292e+00,4.000000000e+00,9.000000000e+00,1.700000000e+01,0.000000000e+00,7.587311268e-01,2.608322859e+00,4.495422170e-02,1.000000000e+00,-2.017039061e+00,-4.031107426e+00,-1.009903431e+00,2.608322859e+00,-3.734416008e+00,-2.219230175e+00,3.824494362e+00,1.041349292e+00,0.000000000e+00,0.000000000e+00,0.000000000e+00,0.000000000e+00,-1.000000000e+00,-1.000000000e+00,-1.000000000e+00,0.000000000e+00,-9.999956489e-01,4.141753038e-07,1.000000000e+00,-6.989678144e-01,0.000000000e+00,4.141753038e-07,9.977540374e-01
57,10,6.287513971e-01,4.091218710e-01,-1.605757713e+00,1.383913994e+00,-4.744924977e-02,-3.074939489e+00,-3.066094160e+00,-2.533641815e+00,-2.531968117e+00,-2.314071178e+00,-2.644498110e+00,-3.294229507e+00,1.092215776e+00,4.000000000e+00,1.000000000e+01,1.600000000e+01,0.000000000e+00,-4.623549581e-01,2.082994938e+00,1.797943115e-01,1.000000000e+00,-2.014852047e+00,-4.026197433e+00,5.810366571e-02,2.082975388e+00,-2.882802486e+00,-2.234452009e+00,2.242697954e+00,1.092215776e+00,0.000000000e+00,0.000000000e+00,0.000000000e+00,0.000000000e+00,-1.000000000e+00,-1.000000000e+00,-1.000000000e+00,0.000000000e+00,-9.999956489e-01,4.141753038e-07,1.000000000e+00,-6.989678144e-01,0.000000000e+00,4.141753038e-07,9.923819900e-01
57,11,8.700838089e-01,5.375635624e-01,-1.518603683e+00,1.136793852e+00,-3.545668721e-01,-3.024104595e+00,-3.068236589e+00,-2.540052176e+00,-2.600383282e+00,-2.207612514e+00,-2.927848101e+00,-3.356097221e+00,1.399740934e+00,5.000000000e+00,9.000000000e+00,1.800000000e+01,0.000000000e+00,-2.225611955e-01,2.109277964e+00,-1.184780896e-01,1.000000000e+00,-2.056132078e+00,-4.108699322e+00,1.528231263e+00,2.093787670e+00,-1.609871030e+00,-2.388595581e+00,9.584253430e-01,1.399740934e+00,4.000000000e+00,4.000000000e+00,0.000000000e+00,3.000000000e+00,4.000000000e+00,2.800000000e+01,2.000000000e+00,1.000000000e+00,-4.794073105e+00,-1.627368927e+00,8.783184290e-01,-4.784573078e+00,1.000000000e+00,4.141753038e-07,9.570599198e-01
57,12,7.819365859e-01,4.431808591e-01,-1.566235423e+00,1.454224348e+00,2.781332731e-01,-3.044221163e+00,-3.048696041e+00,-2.573634624e+00,-2.604699135e+00,-2.234966993e+00,-2.792536736e+00,-3.382409334e+00,1.415927291e+00,3.000000000e+00,6.000000000e+00,1.000000000e+01,0.000000000e+00,1.644113541e+00,3.057098627e+00,4.542244673e-01,1.000000000e+00,-2.009387732e+00,-4.015774727e+00,-1.339046634e-03,3.057098389e+00,-3.048907757e+00,-2.348091125e+00,3.428094625e+00,1.415927291e+00,0.000000000e+00,0.000000000e+00,0.000000000e+00,0.000000000e+00,-1.000000000e+00,-1.000000000e+00,-1.000000000e+00,0.000000000e+00,-9.999956489e-01,4.141753038e-07,1.000000000e+00,-6.989678144e-01,0.000000000e+00,4.141753038e-07,9.884682298e-01
57,13,9.624275565e-01,2.841993570e-01,-1.585958958e+00,1.769488096e+00,2.254203558e-01,-2.712170601e+00,-2.678072929e+00,-2.188865662e+00,-2.109283209e+00,-1.510690212e+00,-2.837045193e+00,-3.389556646e+00,2.243637323e+00,8.000000000e+00,1.200000000e+01,2.000000000e+01,1.000000000e+00,9.726881981e-01,1.997070551e+00,4.684582949e-01,9.523809552e-01,-1.870142579e+00,-3.742682934e+00,1.717840880e-02,1.997046828e+00,-2.376256704e+00,-2.548249722e+00,2.578449726e+00,2.243637323e+00,0.000000000e+00,0.000000000e+00,0.000000000e+00,0.000000000e+00,-1.000000000e+00,-1.000000000e+00,-1.000000000e+00,0.000000000e+00,-9.999956489e-01,4.141753038e-07,1.000000000e+00,-6.989678144e-01,0.000000000e+00,4.141753038e-07,9.978754520e-01
57,14,1.049162149e+00,3.476845026e-01,-1.405352592e+00,8.726877570e-01,-2.412549257e-01,-2.638464451e+00,-2.554884195e+00,-1.093072057e+00,-1.307023048e+00,-3.915985823e-01,-2.813492775e+00,-3.339181662e+00,2.298324347e+00,0.000000000e+00,5.000000000e+00,9.000000000e+00,0.000000000e+00,1.515544534e+00,1.176104903e+00,-8.155427873e-02,1.000000000e+00,-1.753023386e+00,-3.516233444e+00,7.112506032e-01,1.148945332e+00,-9.434618354e-01,-2.454402208e+00,1.353125215e+00,2.298324347e+00,0.000000000e+00,0.000000000e+00,0.000000000e+00,0.000000000e+00,-1.000000000e+00,-1.000000000e+00,-1.000000000e+00,0.000000000e+00,-9.999956489e-01,4.141753038e-07,1.000000000e+00,-6.989678144e-01,0.000000000e+00,1.294551492e+00,9.961135387e-01
58,0,7.777014375e-01,7.596349120e-01,-1.394074202e+00,1.232495070e+00,-1.654443741e-01,-3.443947077e+00,-3.513936758e+00,-2.609838486e+00,-3.070154905e+00,-2.591778994e+00,-2.931078434e+00,-3.461962461e+00,-2.904469073e-01,3.000000000e+00,9.000000000e+00,1.500000000e+01,0.000000000e+00,-7.122637630e-01,2.235925436e+00,5.640409514e-02,1.000000000e+00,-2.153657913e+00,-4.298740387e+00,6.128016710e-01,2.235802174e+00,-3.216782808e+00,-2.171721935e+00,2.101592779e+00,2.904469073e-01,2.000000000e+00,0.000000000e+00,2.000000000e+00,3.000000000e+00,-1.000000000e+00,3.000000000e+00,3.000000000e+00,1.000000000e+00,-4.556746960e+00,-4.113722324e+00,-3.927607059e+00,-4.556715012e+00,1.000000000e+00,4.141753038e-07,1.825558543e-01
58,1,3.800747693e-01,3.761403561e-01,-1.768874526e+00,1.221952677e+00,-1.397746354e-01,-3.063109636e+00,-3.153421640e+00,-2.419910431e+00,-2.694499969e+00,-2.415977001e+00,-2.525026560e+00,-3.067039490e+00,-1.348094791e-01,4.000000000e+00,1.000000000e+01,1.400000000e+01,1.000000000e+00,2.433109134e-01,2.537745476e+00,7.582489401e-02,9.333333373e-01,-2.144979477e+00,-4.281748295e+00,-9.458148479e-01,2.537745476e+00,-4.012184143e+00,-2.148913383e+00,3.760294914e+00,1.348094791e-01,0.000000000e+00,0.000000000e+00,0.000000000e+00,0.000000000e+00,-1.000000000e+00,-1.000000000e+00,-1.000000000e+00,0.000000000e+00,-9.999956489e-01,4.141753038e-07,1.000000000e+00,-6.989678144e-01,0.000000000e+00,4.141753038e-07,9.947526455e-01
58,2,4.510627687e-01,4.507180452e-01,-1.697428226e+00,1.328025103e+00,-1.033380777e-01,-3.114542246e+00,-3.155073643e+00,-2.459722519e+00,-2.556726217e+00,-2.459377766e+00,-2.599061251e+00,-3.114886522e+00,3.984617814e-02,4.000000000e+00,1.000000000e+01,1.600000000e+01,0.000000000e+00,6.102979779e-01,2.764651775e+00,1.239054576e-01,1.000000000e+00,-2.148106575e+00,-4.287830353e+00,-7.494815588e-01,2.764651775e+00,-3.754609346e+00,-2.148451328e+00,3.610637188e+00,3.984617814e-02,0.000000000e+00,0.000000000e+00,0.000000000e+00,0.000000000e+00,-1.000000000e+00,-1.000000000e+00,-1.000000000e+00,0.000000000e+00,-9.999956489e-01,4.141753038e-07,1.000000000e+00,-6.989678144e-01,0.000000000e+00,4.141753038e-07,9.873067141e-01
58,3,5.246692300e-01,4.530736506e-01,-1.666804552e+00,1.108580112e+00,-3.227828145e-01,-3.172096252e+00,-3.184561491e+00,-2.579913616e+00,-2.636897564e+00,-2.508342981e+00,-2.644843817e+00,-3.243576050e+00,5.901026726e-01,4.000000000e+00,1.000000000e+01,1.600000000e+01,0.000000000e+00,-2.757195234e-01,2.370623112e+00,-9.553941339e-02,1.000000000e+00,-2.119841099e+00,-4.232777596e+00,-4.116180241e-01,2.370622635e+00,-3.500401735e+00,-2.191426277e+00,2.910358906e+00,5.901026726e-01,0.000000000e+00,0.000000000e+00,0.000000000e+00,0.000000000e+00,-1.000000000e+00,-1.000000000e+00,-1.000000000e+00,0.000000000e+00,-9.999956489e-01,4.141753038e-07,1.000000000e+00,-6.989678144e-01,0.000000000e+00,4.141753038e-07,9.869160652e-01
58,4,2.938129604e-01,1.503392011e-01,-1.934360385e+00,1.190802217e+00,-2.715950310e-01,-2.843737602e+00,-2.835206032e+00,-2.317297935e+00,-2.320044756e+00,-2.173849583e+00,-2.381661177e+00,-2.987092733e+00,8.582541347e-01,4.000000000e+00,1.000000000e+01,1.700000000e+01,0.000000000e+00,1.938118458e+00,3.142973423e+00,-3.964628279e-02,1.000000000e+00,-2.084683895e+00,-4.166273594e+00,-5.899008512e-01,3.142973423e+00,-3.059878111e+00,-2.228137016e+00,3.878744364e+00,8.582541347e-01,0.000000000e+00,0.000000000e+00,0.000000000e+00,0.000000000e+00,-1.000000000e+00,-1.000000000e+00,-1.000000000e+00,0.000000000e+00,-9.999956489e-01,4.141753038e-07,1.000000000e+00,-6.989678144e-01,0.000000000e+00,4.141753038e-07,9.992333651e-01
58,5,6.630782485e-01,5.236493945e-01,-1.599395871e+00,1.331212640e+00,-1.001506001e-01,-3.201391220e+00,-3.227154493e+00,-2.645831347e+00,-2.741719723e+00,-2.506455183e+00,-2.786580563e+00,-3.340559006e+00,8.447921276e-01,4.000000000e+00,1.000000000e+01,1.600000000e+01,0.000000000e+00,-6.340444684e-01,2.189598799e+00,1.270929426e-01,1.000000000e+00,-2.123004675e+00,-4.239230633e+00,3.292358220e-01,2.189557552e+00,-2.935997963e+00,-2.262411833e+00,2.095574379e+00,8.447921276e-01,1.000000000e+00,0.000000000e+00,1.000000000e+00,3.000000000e+00,2.000000000e+00,6.000000000e+00,1.000000000e+00,1.000000000e+00,-5.072353840e+00,-2.092738152e+00,5.355453119e-02,-5.069271564e+00,1.000000000e+00,4.141753038e-07,9.651588798e-01
58,6,3.591329455e-01,1.773771644e-01,-1.891462326e+00,1.681630015e+00,2.836901844e-01,-2.815843582e+00,-2.814440966e+00,-2.210187912e+00,-2.219913006e+00,-2.028456211e+00,-2.432096958e+00,-2.997451782e+00,9.798333645e-01,4.000000000e+00,9.000000000e+00,1.500000000e+01,0.000000000e+00,-3.817857206e-01,1.837609887e+00,5.055388212e-01,1.000000000e+00,-2.068822145e+00,-4.135974407e+00,-7.906944156e-01,1.837608695e+00,-3.187389851e+00,-2.250551701e+00,2.819343328e+00,9.798333645e-01,0.000000000e+00,0.000000000e+00,0.000000000e+00,0.000000000e+00,-1.000000000e+00,-1.000000000e+00,-1.000000000e+00,0.000000000e+00,-9.999956489e-01,4.141753038e-07,1.000000000e+00,-6.989678144e-01,0.000000000e+00,4.141753038e-07,9.990807772e-01
58,7,9.474604726e-01,4.242014289e-01,-1.415397525e+00,1.128525615e+00,-2.332014889e-01,-2.663048983e+00,-2.660314798e+00,-1.078130960e+00,-1.379828811e+00,-5.548753738e-01,-2.794312716e+00,-3.185841322e+00,1.874738455e+00,0.000000000e+00,7.000000000e+00,1.400000000e+01,0.000000000e+00,3.553210497e-01,7.747674584e-01,-1.760198176e-02,1.000000000e+00,-1.839580059e+00,-3.684626818e+00,4.033454061e-01,7.314671278e-01,-1.400684357e+00,-2.362769127e+00,1.153080106e+00,1.874738455e+00,0.000000000e+00,0.000000000e+00,0.000000000e+00,0.000000000e+00,-1.000000000e+00,-1.000000000e+00,-1.000000000e+00,0.000000000e+00,-9.999956489e-01,4.141753038e-07,1.000000000e+00,-6.989678144e-01,0.000000000e+00,4.141753038e-07,9.908819199e-01
58,8,9.685357213e-01,3.752231896e-01,-1.595350981e+00,1.758606434e+00,2.672449946e-01,-2.847143173e+00,-2.836202145e+00,-2.386337757e+00,-2.363906860e+00,-1.793103695e+00,-2.942240953e+00,-3.439564705e+00,2.042620897e+00,7.000000000e+00,1.000000000e+01,1.800000000e+01,0.000000000e+00,3.114738464e-01,1.948867798e+00,5.033340454e-01,1.000000000e+00,-1.970550537e+00,-3.940870047e+00,-1.062375784e+00,1.948867559e+00,-3.798869371e+00,-2.563744783e+00,3.580967188e+00,2.042620897e+00,1.000000000e+00,1.000000000e+00,0.000000000e+00,1.000000000e+00,5.000000000e+00,9.000000000e+00,1.000000000e+00,1.000000000e+00,-5.053340912e+00,-2.993530989e+00,-2.045806646e+00,-5.052950859e+00,1.000000000e+00,4.141753038e-07,9.948047996e-01
59,0,7.374577522e-01,6.088830233e-01,-1.476318598e+00,1.434910178e+00,3.546766005e-03,-3.277843714e+00,-3.322080612e+00,-2.721952200e+00,-2.879008293e+00,-2.593436003e+00,-2.822800636e+00,-3.406134844e+00,8.079560399e-01,4.000000000e+00,1.000000000e+01,1.600000000e+01,1.000000000e+00,7.773091793e-01,2.982271194e+00,2.307904214e-01,9.411764741e-01,-2.085161686e+00,-4.164457321e+00,8.845546246e-01,2.982257366e+00,-2.603491306e+00,-2.213718414e+00,2.383390427e+00,8.079560399e-01,0.000000000e+00,0.000000000e+00,0.000000000e+00,0.000000000e+00,-1.000000000e+00,-1.000000000e+00,-1.000000000e+00,0.000000000e+00,-9.999956489e-01,4.141753038e-07,1.000000000e+00,-6.989678144e-01,0.000000000e+00,4.141753038e-07,8.668424487e-01
59,1,9.583456516e-01,7.331733108e-01,-1.360458255e+00,1.648784876e+00,1.574234217e-01,-3.333041430e+00,-3.372713804e+00,-2.746940851e+00,-2.861478806e+00,-2.521866560e+00,-3.051906586e+00,-3.557578802e+00,1.108157873e+00,4.000000000e+00,1.000000000e+01,1.800000000e+01,0.000000000e+00,-2.210968733e-01,2.411462307e+00,3.935124874e-01,1.000000000e+00,-2.093587637e+00,-4.181052208e+00,-7.250058055e-01,2.411462307e+00,-4.310996056e+00,-2.318723202e+00,3.474579811e+00,1.108157873e+00,3.000000000e+00,2.000000000e+00,1.000000000e+00,3.000000000e+00,2.000000000e+00,1.000000000e+01,1.000000000e+00,1.000000000e+00,-4.622118473e+00,-3.194287539e+00,-2.203136921e+00,-4.621852875e+00,1.000000000e+00,4.141753038e-07,3.058906794e-01
59,2,8.301378489e-01,3.121900856e-01,-1.792970181e+00,1.569091916e+00,7.773056626e-02,-2.806803942e+00,-2.801862240e+00,-2.236737490e+00,-2.230580807e+00,-1.718841910e+00,-2.942901611e+00,-3.324113369e+00,1.861911535e+00,6.000000000e+00,1.100000000e+01,1.800000000e+01,0.000000000e+00,1.133762121e+00,2.285745621e+00,3.138196170e-01,1.000000000e+00,-2.105131626e+00,-4.211210728e+00,-1.919211626e+00,2.285745621e+00,-4.449685574e+00,-2.622952700e+00,4.710692883e+00,1.861911535e+00,0.000000000e+00,0.000000000e+00,0.000000000e+00,0.000000000e+00,-1.000000000e+00,-1.000000000e+00,-1.000000000e+00,0.000000000e+00,-9.999956489e-01,4.141753038e-07,1.000000000e+00,-6.989678144e-01,0.000000000e+00,4.141753038e-07,9.972568154e-01
59,3,1.020322800e+00,4.434546828e-01,-1.325142264e+00,1.404621720e+00,8.240269870e-02,-2.750519037e+00,-2.605614662e+00,-1.152489543e+00,-1.325675845e+00,-5.756258965e-01,-2.794878721e+00,-3.326709270e+00,2.003407478e+00,0.000000000e+00,6.000000000e+00,1.300000000e+01,0.000000000e+00,1.694481254e+00,1.431101799e+00,2.906785011e-01,1.000000000e+00,-1.768580437e+00,-3.541917801e+00,7.233903408e-01,1.422594070e+00,-1.045744538e+00,-2.345377922e+00,1.449259639e+00,2.003407478e+00,0.000000000e+00,0.000000000e+00,0.000000000e+00,0.000000000e+00,-1.000000000e+00,-1.000000000e+00,-1.000000000e+00,0.000000000e+00,-9.999956489e-01,4.141753038e-07,1.000000000e+00,-6.989678144e-01,0.000000000e+00,4.141753038e-07,9.884282947e-01
60,0,8.708566427e-01,3.539907336e-01,-1.738715887e+00,1.652582169e+00,1.340685785e-01,-2.871446133e+00,-2.857092857e+00,-2.094453812e+00,-2.083973169e+00,-1.577625513e+00,-2.968718290e+00,-3.387573957e+00,-1.859296918e+00,6.000000000e+00,1.000000000e+01,1.900000000e+01,0.000000000e+00,1.576507092e+00,2.367039442e+00,3.738287687e-01,1.000000000e+00,-2.092676401e+00,-4.184306145e+00,1.249450564e+00,2.365772247e+00,-1.188559294e+00,-2.609419584e+00,1.622702599e+00,1.859296918e+00,0.000000000e+00,0.000000000e+00,0.000000000e+00,0.000000000e+00,-1.000000000e+00,-1.000000000e+00,-1.000000000e+00,0.000000000e+00,-9.999956489e-01,4.141753038e-07,1.000000000e+00,-6.989678144e-01,1.000000000e+00,4.141753038e-07,9.958530664e-01
60,1,7.818905115e-01,3.029615879e-01,-1.746024728e+00,1.539851308e+00,7.745361328e-02,-2.834834576e+00,-2.832357645e+00,-2.381733894e+00,-2.385587454e+00,-1.902874827e+00,-2.835833788e+00,-3.313166380e+00,-1.767161012e+00,4.000000000e+00,1.100000000e+01,1.700000000e+01,1.000000000e+00,8.858535886e-01,2.345836639e+00,3.094025552e-01,9.444444180e-01,-2.048961639e+00,-4.097777367e+00,-5.098623037e-01,2.345836163e+00,-3.197832584e+00,-2.527792931e+00,3.338141918e+00,1.767161012e+00,0.000000000e+00,0.000000000e+00,0.000000000e+00,0.000000000e+00,-1.000000000e+00,-1.000000000e+00,-1.000000000e+00,0.000000000e+00,-9.999956489e-01,4.141753038e-07,1.000000000e+00,-6.989678144e-01,0.000000000e+00,4.141753038e-07,9.974830747e-01
60,2,1.644429415e-01,4.164084420e-02,-2.096464157e+00,1.485410452e+00,2.301274985e-02,-2.750484467e+00,-2.748741627e+00,-2.188816786e+00,-2.201738358e+00,-2.066031218e+00,-2.308161020e+00,-2.873206854e+00,-7.879039049e-01,3.000000000e+00,9.000000000e+00,1.700000000e+01,0.000000000e+00,1.646199107e+00,2.889181376e+00,2.549616694e-01,1.000000000e+00,-2.138099194e+00,-4.273731232e+00,-4.146511853e-02,2.889181137e+00,-2.284829855e+00,-2.260881901e+00,3.066296577e+00,7.879039049e-01,0.000000000e+00,0.000000000e+00,0.000000000e+00,0.000000000e+00,-1.000000000e+00,-1.000000000e+00,-1.000000000e+00,0.000000000e+00,-9.999956489e-01,4.141753038e-07,1.000000000e+00,-6.989678144e-01,0.000000000e+00,4.141753038e-07,9.995899796e-01
60,3,3.439810574e-01,1.878106445e-01,-1.932526350e+00,1.244269371e+00,-3.448375314e-02,-2.770815849e+00,-2.797743559e+00,-1.610820055e+00,-1.715171099e+00,-1.454654932e+00,-2.469110727e+00,-2.926875353e+00,-8.996725678e-01,1.000000000e+00,7.000000000e+00,1.200000000e+01,0.000000000e+00,1.824233174e+00,2.367048502e+00,1.650884002e-01,1.000000000e+00,-2.120316744e+00,-4.238052845e+00,9.877167940e-01,2.366669655e+00,-9.152836204e-01,-2.276462317e+00,1.639476895e+00,8.996725678e-01,0.000000000e+00,0.000000000e+00,0.000000000e+00,0.000000000e+00,-1.000000000e+00,-1.000000000e+00,-1.000000000e+00,0.000000000e+00,-9.999956489e-01,4.141753038e-07,1.000000000e+00,-6.989678144e-01,0.000000000e+00,4.141753038e-07,9.990110397e-01
60,4,8.155872822e-01,7.681803703e-01,-1.365869999e+00,1.599811316e+00,1.084499434e-01,-3.482683182e+00,-3.487720728e+00,-2.877958775e+00,-2.899652004e+00,-2.830585718e+00,-2.949357271e+00,-3.529937983e+00,-4.757891893e-01,4.000000000e+00,1.000000000e+01,1.800000000e+01,0.000000000e+00,1.553072572e+00,3.607417822e+00,3.445389867e-01,1.000000000e+00,-2.134001255e+00,-4.260236740e+00,1.324538112e+00,3.607411861e+00,-2.343543291e+00,-2.181401253e+00,2.351974487e+00,4.757891893e-01,0.000000000e+00,0.000000000e+00,0.000000000e+00,0.000000000e+00,-1.000000000e+00,-1.000000000e+00,-1.000000000e+00,0.000000000e+00,-9.999956489e-01,4.141753038e-07,1.000000000e+00,-6.989678144e-01,1.000000000e+00,4.141753038e-07,1.508909017e-01
60,5,7.140073180e-01,5.359521508e-01,-1.501877189e+00,1.299432039e+00,-9.850752354e-02,-3.196798563e+00,-3.221264839e+00,-2.618068457e+00,-2.707761049e+00,-2.440073967e+00,-2.752189398e+00,-3.374507666e+00,9.684798717e-01,3.000000000e+00,8.000000000e+00,1.500000000e+01,0.000000000e+00,1.319132209e+00,3.099759579e+00,1.233410016e-01,1.000000000e+00,-2.037795544e+00,-4.071124554e+00,-4.349920154e-01,3.099759579e+00,-3.676859379e+00,-2.215826750e+00,3.801939011e+00,9.684798717e-01,1.000000000e+00,0.000000000e+00,1.000000000e+00,3.000000000e+00,2.000000000e+00,7.000000000e+00,1.000000000e+00,1.000000000e+00,-5.607827663e+00,-2.070577145e+00,-7.292114198e-02,-5.605638504e+00,1.000000000e+00,9.669610262e-01,9.580973387e-01
60,6,6.487689018e-01,4.595173001e-01,-1.557671905e+00,1.400464177e+00,-3.089912049e-02,-3.133683443e+00,-3.137055397e+00,-2.637865067e+00,-2.670498848e+00,-2.448679924e+00,-2.666493177e+00,-3.322612524e+00,1.002607465e+00,4.000000000e+00,1.000000000e+01,1.600000000e+01,1.000000000e+00,6.199129224e-01,2.758758545e+00,1.963444501e-01,9.411764741e-01,-2.017159462e+00,-4.030447006e+00,-3.581480384e-01,2.758758307e+00,-3.487033367e+00,-2.206386566e+00,3.338343620e+00,1.002607465e+00,0.000000000e+00,0.000000000e+00,0.000000000e+00,0.000000000e+00,-1.000000000e+00,-1.000000000e+00,-1.000000000e+00,0.000000000e+00,-9.999956489e-01,4.141753038e-07,1.000000000e+00,-6.989678144e-01,0.000000000e+00,4.141753038e-07,9.857738018e-01
60,7,1.128746510e+00,4.574716091e-01,-1.439192772e+00,1.604542494e+00,6.047474965e-02,-2.892071486e+00,-2.881974936e+00,-2.374055862e+00,-2.363504887e+00,-1.702861786e+00,-3.027053595e+00,-3.562098026e+00,2.227256060e+00,8.000000000e+00,1.200000000e+01,2.000000000e+01,0.000000000e+00,1.037458628e-01,1.754756570e+00,3.035126626e-01,1.000000000e+00,-1.896641850e+00,-3.792742491e+00,-1.295990705e+00,1.754756451e+00,-4.111425877e+00,-2.567790508e+00,3.709498405e+00,2.227256060e+00,2.000000000e+00,2.000000000e+00,0.000000000e+00,3.000000000e+00,5.000000000e+00,1.800000000e+01,3.000000000e+00,1.000000000e+00,-5.116150379e+00,-2.082054138e+00,-3.780199289e-01,-5.113036633e+00,1.000000000e+00,4.141753038e-07,9.861485958e-01
60,8,1.106204391e+00,3.842853904e-01,-9.080561996e-01,1.239184380e+00,1.252412796e-01,-2.507504225e+00,-2.086478710e+00,-9.493440390e-01,-8.154607415e-01,-2.274280339e-01,-2.405042887e+00,-3.228827000e+00,2.346306562e+00,0.000000000e+00,4.000000000e+00,9.000000000e+00,0.000000000e+00,6.845359206e-01,1.126845002e+00,2.849420011e-01,1.000000000e+00,-1.292336464e+00,-2.591124535e+00,1.124461055e+00,1.459265947e-01,-7.528729737e-02,-2.014219284e+00,-3.904990256e-01,2.346306562e+00,0.000000000e+00,0.000000000e+00,0.000000000e+00,0.000000000e+00,-1.000000000e+00,-1.000000000e+00,-1.000000000e+00,0.000000000e+00,-9.999956489e-01,4.141753038e-07,1.000000000e+00,-6.989678144e-01,1.000000000e+00,1.269414067e+00,9.942612648e-01
60,9,1.249638319e+00,5.302913785e-01,-1.358825326e+00,1.648025870e+00,1.295122802e-01,-2.925382614e+00,-2.906692982e+00,-2.460974693e+00,-2.420050383e+00,-1.741729259e+00,-3.140322924e+00,-3.643181562e+00,2.340273857e+00,8.000000000e+00,1.200000000e+01,1.900000000e+01,0.000000000e+00,7.193195820e-01,2.101426125e+00,3.692724705e-01,1.000000000e+00,-1.889092922e+00,-3.777800083e+00,3.769468749e-03,2.101412296e+00,-2.946302891e+00,-2.608297348e+00,2.775941610e+00,2.340273857e+00,2.000000000e+00,2.000000000e+00,0.000000000e+00,3.000000000e+00,5.000000000e+00,1.800000000e+01,4.000000000e+00,1.000000000e+00,-4.568705082e+00,-1.647862315e+00,5.022535324e-01,-4.559397221e+00,1.000000000e+00,9.669217467e-01,9.615271688e-01
61,0,1.294457793e+00,1.120566130e+00,-9.786843657e-01,1.412214279e+00,-5.018321052e-02,-3.802719116e+00,-3.918959618e+00,-2.970687389e+00,-3.171719790e+00,-2.796929836e+00,-3.392648935e+00,-3.975255013e+00,9.556145668e-01,4.000000000e+00,1.000000000e+01,1.700000000e+01,0.000000000e+00,1.912532687e+00,3.753468275e+00,1.817656457e-01,1.000000000e+00,-2.099200010e+00,-4.191713810e+00,-1.832419191e-03,3.753468275e+00,-4.286285877e+00,-2.273064852e+00,4.129816055e+00,9.556145668e-01,3.000000000e+00,1.000000000e+00,2.000000000e+00,3.000000000e+00,2.000000000e+00,4.000000000e+00,1.000000000e+00,1.000000000e+00,-4.901138783e+00,-3.031155825e+00,-1.865511656e+00,-4.900767326e+00,1.000000000e+00,4.141753038e-07,7.547058800e-08
61,1,7.556030750e-01,4.834417701e-01,-1.579419851e+00,1.215485811e+00,-1.462414414e-01,-3.091266870e+00,-3.086187840e+00,-2.553605080e+00,-2.577971458e+00,-2.281516075e+00,-2.819525719e+00,-3.362961531e+00,1.239291191e+00,3.000000000e+00,9.000000000e+00,1.400000000e+01,1.000000000e+00,4.335669577e-01,2.498385906e+00,6.935811788e-02,9.333333373e-01,-2.062827826e+00,-4.121306896e+00,1.571738720e-01,2.498381376e+00,-2.904055595e+00,-2.334945440e+00,2.637629986e+00,1.239291191e+00,0.000000000e+00,0.000000000e+00,0.000000000e+00,0.000000000e+00,-1.000000000e+00,-1.000000000e+00,-1.000000000e+00,0.000000000e+00,-9.999956489e-01,4.141753038e-07,1.000000000e+00,-6.989678144e-01,0.000000000e+00,4.141753038e-07,9.803925157e-01
61,2,7.575210929e-01,4.004374146e-01,-1.627766728e+00,1.468443990e+00,-9.975723177e-02,-2.980117083e+00,-2.994098186e+00,-2.453448772e+00,-2.535706520e+00,-2.096434355e+00,-2.787662268e+00,-3.336672068e+00,1.463155389e+00,5.000000000e+00,1.100000000e+01,2.100000000e+01,0.000000000e+00,-1.107055426e+00,1.542994499e+00,1.462249458e-01,1.000000000e+00,-2.028176069e+00,-4.053687572e+00,-3.136359751e-01,1.542952538e+00,-3.249158144e+00,-2.385200739e+00,2.295649290e+00,1.463155389e+00,0.000000000e+00,0.000000000e+00,0.000000000e+00,0.000000000e+00,-1.000000000e+00,-1.000000000e+00,-1.000000000e+00,0.000000000e+00,-9.999956489e-01,4.141753038e-07,1.000000000e+00,-6.989678144e-01,0.000000000e+00,4.141753038e-07,9.931127429e-01
61,3,7.187424302e-01,3.260688782e-01,-1.684623480e+00,1.524111509e+00,-4.408968613e-02,-2.847053528e+00,-2.819576263e+00,-2.374686241e+00,-2.364724874e+00,-1.982073903e+00,-2.732766628e+00,-3.239278555e+00,1.553552866e+00,6.000000000e+00,1.100000000e+01,2.100000000e+01,0.000000000e+00,1.116510153e+00,2.540375233e+00,2.018925250e-01,1.000000000e+00,-2.010668755e+00,-4.020396709e+00,2.388967723e-01,2.540369749e+00,-2.451874733e+00,-2.403276920e+00,2.684125185e+00,1.553552866e+00,0.000000000e+00,0.000000000e+00,0.000000000e+00,0.000000000e+00,-1.000000000e+00,-1.000000000e+00,-1.000000000e+00,0.000000000e+00,-9.999956489e-01,4.141753038e-07,1.000000000e+00,-6.989678144e-01,1.000000000e+00,4.141753038e-07,9.968668818e-01
61,4,6.345217824e-01,2.097307444e-01,-1.820372224e+00,1.317226648e+00,-2.268407345e-01,-2.773545265e+00,-2.769639969e+00,-2.322115898e+00,-2.327066183e+00,-1.897381663e+00,-2.670588255e+00,-3.197908640e+00,1.633880973e+00,6.000000000e+00,1.200000000e+01,2.000000000e+01,0.000000000e+00,1.088636637e+00,2.441734791e+00,1.619694941e-02,1.000000000e+00,-2.030084848e+00,-4.061370373e+00,-3.569959998e-01,2.441734076e+00,-2.893545866e+00,-2.454798937e+00,3.228263855e+00,1.633880973e+00,0.000000000e+00,0.000000000e+00,0.000000000e+00,0.000000000e+00,-1.000000000e+00,-1.000000000e+00,-1.000000000e+00,0.000000000e+00,-9.999956489e-01,4.141753038e-07,1.000000000e+00,-6.989678144e-01,0.000000000e+00,4.141753038e-07,9.988402724e-01
61,5,8.751548529e-01,4.475499988e-01,-1.688183784e+00,1.570128918e+00,1.077312082e-01,-3.014140129e+00,-3.003546000e+00,-2.548007250e+00,-2.540781021e+00,-2.120498419e+00,-3.013673306e+00,-3.440993309e+00,1.640869260e+00,3.000000000e+00,1.000000000e+01,1.700000000e+01,0.000000000e+00,1.091334343e+00,2.666224241e+00,3.396801651e-01,1.000000000e+00,-2.135695457e+00,-4.266622543e+00,6.835829467e-02,2.666222811e+00,-2.919762611e+00,-2.563200951e+00,3.018111944e+00,1.640869260e+00,0.000000000e+00,0.000000000e+00,0.000000000e+00,0.000000000e+00,-1.000000000e+00,-1.000000000e+00,-1.000000000e+00,0.000000000e+00,-9.999956489e-01,4.141753038e-07,1.000000000e+00,-6.989678144e-01,0.000000000e+00,4.141753038e-07,9.878107905e-01
61,6,8.197672963e-01,3.989737630e-01,-1.657641768e+00,1.731160522e+00,1.400962472e-01,-2.961414337e+00,-2.962768316e+00,-2.507959366e+00,-2.524856567e+00,-2.087252617e+00,-2.878958941e+00,-3.381558657e+00,1.623939753e+00,6.000000000e+00,1.100000000e+01,2.200000000e+01,0.000000000e+00,1.856707573e+00,3.015659571e+00,3.887380660e-01,1.000000000e+00,-2.056585550e+00,-4.110517502e+00,-3.173853457e-01,3.015659571e+00,-3.240605354e+00,-2.477298260e+00,3.770440102e+00,1.623939753e+00,2.000000000e+00,2.000000000e+00,0.000000000e+00,3.000000000e+00,4.000000000e+00,5.000000000e+00,3.000000000e+00,1.000000000e+00,-4.291029930e+00,-2.000289202e+00,1.213278323e-01,-4.286796093e+00,1.000000000e+00,4.141753038e-07,9.932275414e-01
61,7,9.066332579e-01,4.222882986e-01,-1.634657383e+00,1.483611703e+00,-7.749618497e-03,-2.943905354e+00,-2.942700624e+00,-2.480015278e+00,-2.486257315e+00,-1.995758295e+00,-2.966385126e+00,-3.427468538e+00,1.780371547e+00,4.000000000e+00,1.100000000e+01,1.800000000e+01,0.000000000e+00,9.947293997e-01,2.493165970e+00,2.283393741e-01,1.000000000e+00,-2.056914806e+00,-4.111467838e+00,-6.705785394e-01,2.493165970e+00,-3.577613831e+00,-2.541158199e+00,3.653712749e+00,1.780371547e+00,1.000000000e+00,1.000000000e+00,0.000000000e+00,3.000000000e+00,4.000000000e+00,5.000000000e+00,4.000000000e+00,1.000000000e+00,-4.285961151e+00,-1.792456865e+00,5.430816412e-01,-4.279147148e+00,1.000000000e+00,4.141753038e-07,9.910904169e-01
61,8,1.001104355e+00,4.853254557e-01,-1.532048821e+00,1.582947135e+00,-8.117041551e-03,-2.990729570e+00,-2.990315437e+00,-2.525810242e+00,-2.533890009e+00,-2.010132551e+00,-3.020313025e+00,-3.505540848e+00,1.856669188e+00,7.000000000e+00,1.200000000e+01,2.200000000e+01,0.000000000e+00,1.800923467e+00,2.910639286e+00,2.405246794e-01,1.000000000e+00,-2.017343760e+00,-4.032348633e+00,1.455477625e-01,2.910638809e+00,-2.873491526e+00,-2.533019781e+00,3.288846493e+00,1.856669188e+00,1.000000000e+00,1.000000000e+00,0.000000000e+00,2.000000000e+00,-4.000000000e+00,2.300000000e+01,4.000000000e+00,1.000000000e+00,-4.875953197e+00,-1.663665652e+00,7.264558673e-01,-4.867326260e+00,1.000000000e+00,4.141753038e-07,9.798772931e-01
61,9,9.270856977e-01,4.050652087e-01,-1.530532837e+00,1.825094342e+00,2.810264826e-01,-2.919646978e+00,-2.904303312e+00,-2.466684818e+00,-2.436389208e+00,-1.944753170e+00,-2.864525795e+00,-3.440828562e+00,1.871748686e+00,7.000000000e+00,1.200000000e+01,2.000000000e+01,1.000000000e+00,6.746097803e-01,2.282096863e+00,5.240644217e-01,9.523809552e-01,-1.935575247e+00,-3.870138407e+00,-4.388245046e-01,2.282096148e+00,-3.279571056e+00,-2.457508802e+00,3.212312460e+00,1.871748686e+00,0.000000000e+00,0.000000000e+00,0.000000000e+00,0.000000000e+00,-1.000000000e+00,-1.000000000e+00,-1.000000000e+00,0.000000000e+00,-9.999956489e-01,4.141753038e-07,1.000000000e+00,-6.989678144e-01,0.000000000e+00,4.141753038e-07,9.927343130e-01
61,10,8.745027781e-01,3.298932910e-01,-1.550689697e+00,1.260406613e+00,-6.181215867e-02,-2.773452997e+00,-2.800456524e+00,-2.159189939e+00,-2.280567646e+00,-1.614625216e+00,-2.758162260e+00,-3.317417383e+00,1.926148295e+00,7.000000000e+00,8.000000000e+00,1.300000000e+01,0.000000000e+00,1.324324369e+00,2.276834726e+00,1.464635581e-01,1.000000000e+00,-1.880565166e+00,-3.761988640e+00,3.535361886e-01,2.276803970e+00,-2.256928921e+00,-2.425092220e+00,2.589238405e+00,1.926148295e+00,0.000000000e+00,0.000000000e+00,0.000000000e+00,0.000000000e+00,-1.000000000e+00,-1.000000000e+00,-1.000000000e+00,0.000000000e+00,-9.999956489e-01,4.141753038e-07,1.000000000e+00,-6.989678144e-01,1.000000000e+00,4.141753038e-07,9.967477322e-01
61,11,9.353671670e-01,3.393949866e-01,-1.303496480e+00,1.187306285e+00,1.121543534e-02,-2.545480967e+00,-2.337495565e+00,-9.374498129e-01,-1.038508177e+00,-3.414803147e-01,-2.576629162e+00,-3.141004324e+00,2.048953056e+00,0.000000000e+00,5.000000000e+00,1.000000000e+01,0.000000000e+00,1.710242629e+00,1.468713999e+00,1.873065531e-01,1.000000000e+00,-1.642880917e+00,-3.283490896e+00,1.404626369e+00,1.172467470e+00,2.671906352e-02,-2.238796949e+00,4.648726583e-01,2.048953056e+00,0.000000000e+00,0.000000000e+00,0.000000000e+00,0.000000000e+00,-1.000000000e+00,-1.000000000e+00,-1.000000000e+00,0.000000000e+00,-9.999956489e-01,4.141753038e-07,1.000000000e+00,-6.989678144e-01,0.000000000e+00,4.141753038e-07,9.964262843e-01
61,12,1.211449742e+00,4.704779387e-01,-1.361203432e+00,1.654703736e+00,1.633422822e-01,-2.863658905e+00,-2.843468904e+00,-2.412000895e+00,-2.363487244e+00,-1.671120763e+00,-3.044330835e+00,-3.603203058e+00,2.390952826e+00,7.000000000e+00,1.000000000e+01,1.800000000e+01,1.000000000e+00,1.307526231e+00,2.324904442e+00,3.994313776e-01,9.473684430e-01,-1.831661701e+00,-3.663049936e+00,-7.877904177e-01,2.324904203e+00,-3.620043993e+00,-2.572500706e+00,3.804528713e+00,2.390952826e+00,1.000000000e+00,1.000000000e+00,0.000000000e+00,1.000000000e+00,5.000000000e+00,2.000000000e+00,1.000000000e+00,1.000000000e+00,-5.285787582e+00,-2.238534212e+00,-8.188334703e-01,-5.283769131e+00,1.000000000e+00,4.141753038e-07,9.835538864e-01
61,13,1.174174309e+00,3.587860167e-01,-1.080827355e+00,9.651324749e-01,-7.625973970e-02,-2.983503342e+00,-2.920116425e+00,-2.374527216e+00,-2.436588764e+00,-1.559226036e+00,-2.613902330e+00,-3.796582699e+00,2.564746380e+00,8.000000000e+00,6.000000000e+00,8.000000000e+00,0.000000000e+00,1.102046847e+00,2.110289812e+00,6.204281002e-02,1.000000000e+00,-1.439606547e+00,-2.879196167e+00,1.415554732e-01,2.110264778e+00,-2.653742552e+00,-2.254928827e+00,2.846089840e+00,2.564746380e+00,0.000000000e+00,0.000000000e+00,0.000000000e+00,0.000000000e+00,-1.000000000e+00,-1.000000000e+00,-1.000000000e+00,0.000000000e+00,-9.999956489e-01,4.141753038e-07,1.000000000e+00,-6.989678144e-01,0.000000000e+00,1.243692264e-01,9.956406355e-01
62,0,9.829396009e-01,2.922855616e-01,-1.611980319e+00,1.574229121e+00,3.016142547e-02,-2.711201191e+00,-2.699943542e+00,-2.255497932e+00,-2.231826544e+00,-1.564906001e+00,-2.891858339e+00,-3.400984049e+00,-2.272881031e+00,7.000000000e+00,1.200000000e+01,2.000000000e+01,0.000000000e+00,5.075439811e-01,1.818807483e+00,2.731993198e-01,1.000000000e+00,-1.904248595e+00,-3.810723066e+00,1.883227825e-01,1.818688393e+00,-2.335769415e+00,-2.594766855e+00,2.297296524e+00,2.272881031e+00,0.000000000e+00,0.000000000e+00,0.000000000e+00,0.000000000e+00,-1.000000000e+00,-1.000000000e+00,-1.000000000e+00,0.000000000e+00,-9.999956489e-01,4.141753038e-07,1.000000000e+00,-6.989678144e-01,0.000000000e+00,4.141753038e-07,9.977164268e-01
62,1,9.591706395e-01,2.802441418e-01,-1.612599134e+00,1.575239778e+00,3.117214516e-02,-2.687819004e+00,-2.681421280e+00,-2.133380175e+00,-2.121121407e+00,-1.454500198e+00,-2.857304811e+00,-3.365947723e+00,-2.245281696e+00,8.000000000e+00,1.200000000e+01,2.000000000e+01,0.000000000e+00,-1.495668173e+00,7.096929550e-01,2.742100358e-01,1.000000000e+00,-1.892826915e+00,-3.788630247e+00,-2.097842991e-01,7.065236568e-01,-2.611030340e+00,-2.571625471e+00,1.582881689e+00,2.245281696e+00,0.000000000e+00,0.000000000e+00,0.000000000e+00,0.000000000e+00,-1.000000000e+00,-1.000000000e+00,-1.000000000e+00,0.000000000e+00,-9.999956489e-01,4.141753038e-07,1.000000000e+00,-6.989678144e-01,0.000000000e+00,4.141753038e-07,9.979481101e-01
62,2,1.125668883e+00,4.534661472e-01,-1.442329049e+00,1.793224692e+00,2.021603435e-01,-2.881465435e+00,-2.859857082e+00,-2.359827280e+00,-2.316662312e+00,-1.687702775e+00,-3.023109913e+00,-3.552446604e+00,-2.229442596e+00,8.000000000e+00,1.200000000e+01,2.200000000e+01,0.000000000e+00,2.295969278e-01,1.802626491e+00,4.508021474e-01,1.000000000e+00,-1.895772815e+00,-3.791013956e+00,1.554168165e-01,1.802516222e+00,-2.614622831e+00,-2.567849159e+00,2.276064873e+00,2.229442596e+00,0.000000000e+00,0.000000000e+00,0.000000000e+00,0.000000000e+00,-1.000000000e+00,-1.000000000e+00,-1.000000000e+00,0.000000000e+00,-9.999956489e-01,4.141753038e-07,1.000000000e+00,-6.989678144e-01,0.000000000e+00,4.141753038e-07,9.868496656e-01
62,3,9.870395660e-01,3.155966699e-01,-1.615128279e+00,1.593692780e+00,7.517920434e-02,-2.968919754e+00,-2.998743773e+00,-2.309799433e+00,-2.344264269e+00,-1.638425946e+00,-2.919263840e+00,-3.638872147e+00,-2.227652073e+00,7.000000000e+00,1.100000000e+01,1.900000000e+01,0.000000000e+00,1.373704553e+00,2.325298548e+00,3.149393797e-01,1.000000000e+00,-1.930705547e+00,-3.860168934e+00,-2.736677825e-01,2.325297117e+00,-2.933252811e+00,-2.602011919e+00,3.304700851e+00,2.227652073e+00,2.000000000e+00,2.000000000e+00,0.000000000e+00,1.000000000e+00,-5.000000000e+00,3.000000000e+00,2.000000000e+00,1.000000000e+00,-4.147000790e+00,-1.913816452e+00,4.443827644e-02,-4.141810417e+00,1.000000000e+00,4.141753038e-07,9.971669316e-01
62,4,9.352319241e-01,3.706046343e-01,-1.626947284e+00,1.839859247e+00,3.213454783e-01,-2.849840403e+00,-2.856394291e+00,-2.326645136e+00,-2.338994026e+00,-1.762084723e+00,-2.936344385e+00,-3.413648129e+00,-1.974146008e+00,7.000000000e+00,1.100000000e+01,1.900000000e+01,0.000000000e+00,1.090642214e+00,2.307431936e+00,5.611057281e-01,1.000000000e+00,-1.997527003e+00,-3.994745731e+00,-3.272625506e-01,2.307430744e+00,-3.036484241e+00,-2.562039137e+00,3.211472034e+00,1.974146008e+00,0.000000000e+00,0.000000000e+00,0.000000000e+00,0.000000000e+00,-1.000000000e+00,-1.000000000e+00,-1.000000000e+00,0.000000000e+00,-9.999956489e-01,4.141753038e-07,1.000000000e+00,-6.989678144e-01,0.000000000e+00,4.141753038e-07,9.950579405e-01
62,5,1.100076675e+00,5.672926903e-01,-1.373214602e+00,1.706817985e+00,9.403446317e-02,-3.068371534e+00,-3.059983969e+00,-2.536254883e+00,-2.527350187e+00,-2.003576279e+00,-3.041198492e+00,-3.599932194e+00,-1.897703052e+00,7.000000000e+00,1.300000000e+01,2.300000000e+01,0.000000000e+00,-1.611234069e+00,1.201716185e+00,3.450903296e-01,1.000000000e+00,-1.940479517e+00,-3.878819227e+00,3.372462094e-01,1.197624445e+00,-2.757294416e+00,-2.473172426e+00,1.384187460e+00,1.897703052e+00,1.000000000e+00,1.000000000e+00,0.000000000e+00,2.000000000e+00,5.000000000e+00,3.200000000e+01,4.000000000e+00,1.000000000e+00,-4.995276928e+00,-1.731513739e+00,4.019917250e-01,-4.988075733e+00,1.000000000e+00,4.141753038e-07,9.318509698e-01
62,6,1.006546855e+00,7.845289111e-01,-1.279923201e+00,1.492508888e+00,1.307813078e-01,-3.366000652e+00,-3.405870199e+00,-2.720022440e+00,-2.832028151e+00,-2.498095751e+00,-3.070856333e+00,-3.587346077e+00,-1.099099398e+00,4.000000000e+00,9.000000000e+00,1.400000000e+01,0.000000000e+00,1.083694577e+00,3.040079832e+00,3.463810086e-01,1.000000000e+00,-2.064409971e+00,-4.123471737e+00,-1.359408617e+00,3.040079832e+00,-4.936982155e+00,-2.286394358e+00,4.726887703e+00,1.099099398e+00,0.000000000e+00,0.000000000e+00,0.000000000e+00,0.000000000e+00,-1.000000000e+00,-1.000000000e+00,-1.000000000e+00,0.000000000e+00,-9.999956489e-01,4.141753038e-07,1.000000000e+00,-6.989678144e-01,1.000000000e+00,4.141753038e-07,1.017874554e-01
62,7,9.154256582e-01,8.161425591e-01,-1.316268563e+00,1.271584630e+00,-1.263548434e-01,-3.464752436e+00,-3.518608809e+00,-2.809008121e+00,-3.021350622e+00,-2.709782124e+00,-3.047534943e+00,-3.563710451e+00,-7.022108436e-01,4.000000000e+00,1.000000000e+01,1.500000000e+01,0.000000000e+00,2.643107176e-01,2.842210531e+00,9.549366683e-02,1.000000000e+00,-2.132361174e+00,-4.257091999e+00,1.083930254e+00,2.842144251e+00,-2.753772974e+00,-2.231629133e+00,2.069978714e+00,7.022108436e-01,0.000000000e+00,0.000000000e+00,0.000000000e+00,0.000000000e+00,-1.000000000e+00,-1.000000000e+00,-1.000000000e+00,0.000000000e+00,-9.999956489e-01,4.141753038e-07,1.000000000e+00,-6.989678144e-01,0.000000000e+00,4.141753038e-07,4.323033988e-02
62,8,9.492779374e-01,6.416419148e-01,-1.361372232e+00,1.550692081e+00,-4.037200660e-02,-3.175275087e+00,-3.144324064e+00,-2.497664928e+00,-2.459501266e+00,-2.190098286e+00,-2.953046560e+00,-3.482241631e+00,1.334478140e+00,3.000000000e+00,1.000000000e+01,2.200000000e+01,0.000000000e+00,1.436770201e+00,2.908550739e+00,2.082696855e-01,1.000000000e+00,-2.002980232e+00,-4.002789497e+00,6.193863228e-02,2.908550501e+00,-3.038854837e+00,-2.310571194e+00,3.115964651e+00,1.334478140e+00,4.000000000e+00,4.000000000e+00,0.000000000e+00,3.000000000e+00,4.000000000e+00,8.000000000e+00,1.000000000e+00,1.000000000e+00,-4.598261356e+00,-2.253797054e+00,-4.968459308e-01,-4.595942974e+00,1.000000000e+00,4.141753038e-07,7.749744654e-01
62,9,5.128494501e-01,3.234941363e-01,-1.749249101e+00,1.199769258e+00,-1.981701255e-01,-3.002206087e+00,-3.007406950e+00,-2.525580406e+00,-2.556917667e+00,-2.336276531e+00,-2.587234497e+00,-3.191322803e+00,1.002920628e+00,3.000000000e+00,9.000000000e+00,1.500000000e+01,0.000000000e+00,1.437660217e+00,3.055200815e+00,2.367832884e-02,1.000000000e+00,-2.072716236e+00,-4.141265869e+00,-2.079817355e-01,3.055200577e+00,-3.088018417e+00,-2.262043476e+00,3.483633995e+00,1.002920628e+00,0.000000000e+00,0.000000000e+00,0.000000000e+00,0.000000000e+00,-1.000000000e+00,-1.000000000e+00,-1.000000000e+00,0.000000000e+00,-9.999956489e-01,4.141753038e-07,1.000000000e+00,-6.989678144e-01,1.000000000e+00,4.141753038e-07,9.969442487e-01
62,10,5.298888683e-01,3.141116202e-01,-1.207970262e+00,-3.077561259e-01,-7.848756313e-01,-2.976975441e+00,-2.893772602e+00,-2.421362877e+00,-2.419605017e+00,-2.205630302e+00,-2.052077532e+00,-3.192487717e+00,1.081067443e+00,4.000000000e+00,4.000000000e+00,4.000000000e+00,0.000000000e+00,-1.492605209e+00,1.459416270e+00,-9.098134637e-01,1.000000000e+00,-1.522074223e+00,-3.043845654e+00,-4.044372737e-01,1.459375620e+00,-3.137672424e+00,-1.737842202e+00,2.077543497e+00,1.081067443e+00,1.000000000e+00,0.000000000e+00,1.000000000e+00,3.000000000e+00,2.000000000e+00,8.000000000e+00,1.000000000e+00,1.000000000e+00,-1.295484662e+00,-1.238395095e+00,6.190454960e-01,-1.271099567e+00,1.000000000e+00,1.172729969e+00,9.972065091e-01
63,0,1.155777693e+00,4.359451532e-01,-1.432226300e+00,1.349843621e+00,2.359005213e-01,-3.045432329e+00,-3.100250244e+00,-2.413101435e+00,-2.532796860e+00,-1.693359852e+00,-3.024256706e+00,-3.763222456e+00,-2.341413021e+00,8.000000000e+00,7.000000000e+00,9.000000000e+00,0.000000000e+00,1.623902678e+00,2.505332708e+00,3.956013024e-01,1.000000000e+00,-1.868150949e+00,-3.734757185e+00,-6.186738014e-01,2.505332470e+00,-3.585888624e+00,-2.587847471e+00,3.962956429e+00,2.341413021e+00,0.000000000e+00,0.000000000e+00,0.000000000e+00,0.000000000e+00,-1.000000000e+00,-1.000000000e+00,-1.000000000e+00,0.000000000e+00,-9.999956489e-01,4.141753038e-07,1.000000000e+00,-6.989678144e-01,0.000000000e+00,4.141753038e-07,9.894679189e-01
63,1,1.305335283e+00,5.753323436e-01,-1.289883971e+00,1.612820148e+00,6.875240058e-02,-2.972242832e+00,-2.973245859e+00,-2.528522253e+00,-2.530860186e+00,-1.798638582e+00,-3.171215057e+00,-3.700469255e+00,-2.365258217e+00,9.000000000e+00,1.200000000e+01,2.000000000e+01,0.000000000e+00,-6.912614703e-01,1.453074694e+00,3.117903173e-01,1.000000000e+00,-1.865192771e+00,-3.729413748e+00,-4.033157229e-01,1.453032613e+00,-3.508254766e+00,-2.595056772e+00,2.588318110e+00,2.365258217e+00,0.000000000e+00,0.000000000e+00,0.000000000e+00,0.000000000e+00,-1.000000000e+00,-1.000000000e+00,-1.000000000e+00,0.000000000e+00,-9.999956489e-01,4.141753038e-07,1.000000000e+00,-6.989678144e-01,1.000000000e+00,4.141753038e-07,9.225493073e-01
63,2,1.022507071e+00,4.089181721e-01,-1.544954538e+00,1.608439803e+00,1.460420936e-01,-2.864872694e+00,-2.868741274e+00,-2.422328949e+00,-2.431906223e+00,-1.808826923e+00,-2.979068041e+00,-3.477473974e+00,-2.090830326e+00,5.000000000e+00,1.100000000e+01,1.700000000e+01,0.000000000e+00,6.251764894e-01,2.121449232e+00,3.779910505e-01,1.000000000e+00,-1.953848720e+00,-3.907340050e+00,-1.370529979e-01,2.121442556e+00,-2.977582455e+00,-2.567316532e+00,2.881504059e+00,2.090830326e+00,0.000000000e+00,0.000000000e+00,0.000000000e+00,0.000000000e+00,-1.000000000e+00,-1.000000000e+00,-1.000000000e+00,0.000000000e+00,-9.999956489e-01,4.141753038e-07,1.000000000e+00,-6.989678144e-01,0.000000000e+00,4.141753038e-07,9.924001694e-01
63,3,6.912509203e-01,2.535491586e-01,-1.776090145e+00,1.511418939e+00,2.005769871e-02,-2.813266277e+00,-2.809354305e+00,-2.362796545e+00,-2.368030071e+00,-1.925158143e+00,-2.725826740e+00,-3.250476837e+00,-1.665886879e+00,4.000000000e+00,1.100000000e+01,1.800000000e+01,0.000000000e+00,-1.515925288e+00,1.167229772e+00,2.561466992e-01,1.000000000e+00,-2.029618502e+00,-4.059463024e+00,-1.130411625e+00,1.167224169e+00,-3.749650478e+00,-2.467239618e+00,2.739211559e+00,1.665886879e+00,0.000000000e+00,0.000000000e+00,0.000000000e+00,0.000000000e+00,-1.000000000e+00,-1.000000000e+00,-1.000000000e+00,0.000000000e+00,-9.999956489e-01,4.141753038e-07,1.000000000e+00,-6.989678144e-01,0.000000000e+00,4.141753038e-07,9.983646274e-01
63,4,1.034640312e+00,6.983376145e-01,-1.309330583e+00,1.605179071e+00,6.111140922e-02,-3.285812616e+00,-3.280772924e+00,-2.701951742e+00,-2.711174488e+00,-2.365767002e+00,-3.042272568e+00,-3.621135712e+00,-1.409566998e+00,5.000000000e+00,1.000000000e+01,2.000000000e+01,0.000000000e+00,2.112196445e+00,3.421965837e+00,3.041492999e-01,1.000000000e+00,-2.007632732e+00,-4.011307716e+00,-2.313363254e-01,3.421965837e+00,-3.639176369e+00,-2.343883753e+00,3.998452663e+00,1.409566998e+00,0.000000000e+00,0.000000000e+00,0.000000000e+00,0.000000000e+00,-1.000000000e+00,-1.000000000e+00,-1.000000000e+00,0.000000000e+00,-9.999956489e-01,4.141753038e-07,1.000000000e+00,-6.989678144e-01,0.000000000e+00,4.141753038e-07,5.036382079e-01
63,5,1.084263086e+00,7.877976894e-01,-1.267130852e+00,1.239841700e+00,-1.580976695e-01,-3.399798632e+00,-3.393520594e+00,-2.804336071e+00,-2.832883358e+00,-2.508007765e+00,-3.138907433e+00,-3.695197821e+00,-1.304800153e+00,4.000000000e+00,9.000000000e+00,1.500000000e+01,1.000000000e+00,2.111700296e+00,3.563998222e+00,6.375080347e-02,9.375000000e-01,-2.054887295e+00,-4.104618073e+00,7.474227548e-01,3.563997746e+00,-2.873229504e+00,-2.351304531e+00,3.141553402e+00,1.304800153e+00,1.000000000e+00,0.000000000e+00,1.000000000e+00,3.000000000e+00,-2.000000000e+00,8.000000000e+00,1.000000000e+00,1.000000000e+00,-5.316194057e+00,-2.456972837e+00,-8.012812734e-01,-5.314993858e+00,1.000000000e+00,6.743660569e-01,9.367881715e-02
63,6,6.347870827e-01,4.438682199e-01,-1.676313400e+00,1.663277268e+00,3.015496731e-01,-3.102529764e+00,-3.121190071e+00,-2.544131279e+00,-2.590837955e+00,-2.353266478e+00,-2.756123781e+00,-3.293145180e+00,-1.007633924e+00,3.000000000e+00,9.000000000e+00,1.400000000e+01,0.000000000e+00,1.957236290e+00,3.331982613e+00,5.171493888e-01,1.000000000e+00,-2.120144844e+00,-4.234273911e+00,-1.036021560e-01,3.331982613e+00,-3.137881041e+00,-2.311032057e+00,3.673013210e+00,1.007633924e+00,0.000000000e+00,0.000000000e+00,0.000000000e+00,0.000000000e+00,-1.000000000e+00,-1.000000000e+00,-1.000000000e+00,0.000000000e+00,-9.999956489e-01,4.141753038e-07,1.000000000e+00,-6.989678144e-01,0.000000000e+00,4.141753038e-07,9.883676171e-01
63,7,5.643284321e-01,4.314967990e-01,-1.642651200e+00,1.169987440e+00,-3.213733435e-01,-3.128646135e+00,-3.147984743e+00,-2.616801023e+00,-2.712193489e+00,-2.484016657e+00,-2.639064074e+00,-3.261268854e+00,-8.225320578e-01,3.000000000e+00,9.000000000e+00,1.800000000e+01,0.000000000e+00,1.623428106e+00,3.295863152e+00,-8.528452367e-02,1.000000000e+00,-2.074115276e+00,-4.143013000e+00,1.415685117e-01,3.295863152e+00,-3.001909256e+00,-2.206928730e+00,3.382401466e+00,8.225320578e-01,0.000000000e+00,0.000000000e+00,0.000000000e+00,0.000000000e+00,-1.000000000e+00,-1.000000000e+00,-1.000000000e+00,0.000000000e+00,-9.999956489e-01,4.141753038e-07,1.000000000e+00,-6.989678144e-01,0.000000000e+00,4.141753038e-07,9.900319576e-01
63,8,6.652826071e-01,5.130198002e-01,-1.563798547e+00,1.207539082e+00,-2.548581958e-01,-3.169915676e+00,-3.197175741e+00,-2.556181669e+00,-2.643666267e+00,-2.403964996e+00,-2.742577791e+00,-3.321908712e+00,-8.870536685e-01,4.000000000e+00,1.000000000e+01,1.700000000e+01,0.000000000e+00,1.773119688e+00,3.290635347e+00,-2.290943265e-02,1.000000000e+00,-2.076782227e+00,-4.148216724e+00,4.787279963e-01,3.290634871e+00,-2.677942514e+00,-2.229023457e+00,3.051625967e+00,8.870536685e-01,0.000000000e+00,0.000000000e+00,0.000000000e+00,0.000000000e+00,-1.000000000e+00,-1.000000000e+00,-1.000000000e+00,0.000000000e+00,-9.999956489e-01,4.141753038e-07,1.000000000e+00,-6.989678144e-01,0.000000000e+00,4.141753038e-07,9.701992869e-01
63,9,6.599807143e-01,4.688611329e-01,-1.540498972e+00,1.303526878e+00,-1.278363615e-01,-3.133163452e+00,-3.135699749e+00,-2.641128540e+00,-2.660061121e+00,-2.450076580e+00,-2.669850588e+00,-3.323957205e+00,-1.008238316e+00,3.000000000e+00,8.000000000e+00,1.600000000e+01,0.000000000e+00,3.954626322e-01,2.647932053e+00,9.940717369e-02,1.000000000e+00,-2.009330750e+00,-4.014929771e+00,2.159531862e-01,2.647929192e+00,-2.912812233e+00,-2.200425863e+00,2.641916037e+00,1.008238316e+00,1.000000000e+00,1.000000000e+00,0.000000000e+00,2.000000000e+00,3.000000000e+00,1.000000000e+00,1.000000000e+00,1.000000000e+00,-4.860424042e+00,-2.691114187e+00,-1.365661144e+00,-4.859605312e+00,2.000000000e+00,-1.244228959e+00,9.839053750e-01
63,10,5.400851965e-01,3.876774311e-01,-1.701916099e+00,1.276545525e+00,-1.548177004e-01,-3.074038267e+00,-3.088664293e+00,-2.514744043e+00,-2.570649385e+00,-2.362378359e+00,-2.630662680e+00,-3.226229668e+00,-8.875238895e-01,4.000000000e+00,9.000000000e+00,1.600000000e+01,0.000000000e+00,1.504237652e+00,3.114597321e+00,7.242581993e-02,1.000000000e+00,-2.089561701e+00,-4.173848629e+00,-3.622438312e-01,3.114597082e+00,-3.319825172e+00,-2.241947174e+00,3.684802532e+00,8.875238895e-01,0.000000000e+00,0.000000000e+00,0.000000000e+00,0.000000000e+00,-1.000000000e+00,-1.000000000e+00,-1.000000000e+00,0.000000000e+00,-9.999956489e-01,4.141753038e-07,1.000000000e+00,-6.989678144e-01,0.000000000e+00,4.141753038e-07,9.940403104e-01
63,11,5.856047869e-01,4.669539630e-01,-1.581724405e+00,1.402312279e+00,-8.904895931e-02,-3.163674593e+00,-3.178328753e+00,-2.625779867e+00,-2.702993631e+00,-2.507173061e+00,-2.634648561e+00,-3.282126427e+00,-7.732663155e-01,3.000000000e+00,9.000000000e+00,1.800000000e+01,1.000000000e+00,1.219585896e+00,3.117105722e+00,1.470399946e-01,9.473684430e-01,-2.048646212e+00,-4.092518330e+00,6.114662066e-02,3.117105484e+00,-3.108462334e+00,-2.167281866e+00,3.251668930e+00,7.732663155e-01,1.000000000e+00,0.000000000e+00,1.000000000e+00,3.000000000e+00,-2.000000000e+00,8.000000000e+00,1.000000000e+00,1.000000000e+00,-5.018942833e+00,-2.077111006e+00,-6.417717785e-02,-5.015698910e+00,2.000000000e+00,-1.246877670e+00,9.843087792e-01
63,12,6.643773913e-01,6.501761079e-01,-1.534515858e+00,1.204268575e+00,-2.270945460e-01,-3.325502157e+00,-3.393853903e+00,-2.649515867e+00,-2.851838589e+00,-2.635320902e+00,-2.848846912e+00,-3.339672804e+00,-2.571291327e-01,3.000000000e+00,9.000000000e+00,1.600000000e+01,0.000000000e+00,3.935412169e-01,2.832279205e+00,1.489223359e-04,1.000000000e+00,-2.184640408e+00,-4.359431267e+00,1.075254381e-02,2.832278728e+00,-3.490226507e+00,-2.198839426e+00,3.037864447e+00,2.571291327e-01,0.000000000e+00,0.000000000e+00,0.000000000e+00,0.000000000e+00,-1.000000000e+00,-1.000000000e+00,-1.000000000e+00,0.000000000e+00,-9.999956489e-01,4.141753038e-07,1.000000000e+00,-6.989678144e-01,0.000000000e+00,4.141753038e-07,7.432074547e-01
63,13,8.008105755e-01,7.967572808e-01,-1.337718606e+00,1.265889525e+00,-1.965078562e-01,-3.443362474e+00,-3.560680389e+00,-2.906995535e+00,-3.036059380e+00,-2.902945518e+00,-2.934930563e+00,-3.447404623e+00,-1.368367523e-01,4.000000000e+00,1.000000000e+01,1.700000000e+01,0.000000000e+00,1.648763299e+00,3.727676630e+00,3.544087335e-02,1.000000000e+00,-2.134426117e+00,-4.260985374e+00,1.375343561e+00,3.727672338e+00,-2.457820415e+00,-2.138478994e+00,2.485547304e+00,1.368367523e-01,4.000000000e+00,0.000000000e+00,4.000000000e+00,3.000000000e+00,0.000000000e+00,4.000000000e+00,1.000000000e+00,1.000000000e+00,-4.830211163e+00,-2.151309013e+00,-3.987824917e-02,-4.827363014e+00,1.000000000e+00,6.723400354e-01,7.410531491e-02
63,14,4.209632277e-01,4.189915061e-01,-1.714299202e+00,1.195562601e+00,-2.358004749e-01,-3.218213081e+00,-3.205004692e+00,-2.773803234e+00,-2.770692348e+00,-2.771832705e+00,-2.554133654e+00,-3.220181465e+00,9.536174685e-02,4.000000000e+00,1.000000000e+01,1.600000000e+01,0.000000000e+00,1.168749332e+00,3.356464148e+00,-8.557002991e-03,1.000000000e+00,-2.133254051e+00,-4.258687973e+00,4.408380091e-01,3.356463909e+00,-2.748858213e+00,-2.135225534e+00,2.914391994e+00,9.536174685e-02,0.000000000e+00,0.000000000e+00,0.000000000e+00,0.000000000e+00,-1.000000000e+00,-1.000000000e+00,-1.000000000e+00,0.000000000e+00,-9.999956489e-01,4.141753038e-07,1.000000000e+00,-6.989678144e-01,0.000000000e+00,4.141753038e-07,9.914366603e-01
63,15,6.466556191e-01,6.463623047e-01,-1.511088014e+00,1.388015509e+00,-7.438202202e-02,-3.250238180e+00,-3.363756895e+00,-2.459229231e+00,-2.839587927e+00,-2.458935976e+00,-2.803844690e+00,-3.250531197e+00,3.675691411e-02,4.000000000e+00,1.000000000e+01,1.700000000e+01,0.000000000e+00,1.647400379e+00,3.282786369e+00,1.575668305e-01,1.000000000e+00,-2.157402039e+00,-4.306053162e+00,1.355967641e+00,3.282755852e+00,-2.130224228e+00,-2.157695293e+00,2.307602406e+00,3.675691411e-02,1.000000000e+00,0.000000000e+00,1.000000000e+00,3.000000000e+00,0.000000000e+00,0.000000000e+00,1.000000000e+00,1.000000000e+00,-5.180222511e+00,-2.747972488e+00,-1.179943681e+00,-5.179564953e+00,1.000000000e+00,4.141753038e-07,7.578352094e-01
63,16,4.501992762e-01,3.954209089e-01,-1.743981957e+00,1.483170509e+00,-8.190711029e-03,-3.147405863e+00,-3.154919386e+00,-2.668701887e+00,-2.719316959e+00,-2.613947630e+00,-2.589913368e+00,-3.202102423e+00,5.128807425e-01,4.000000000e+00,1.000000000e+01,1.800000000e+01,0.000000000e+00,3.929727077e-01,2.810612917e+00,2.278982848e-01,1.000000000e+00,-2.139366865e+00,-4.271125317e+00,2.294880450e-01,2.810611486e+00,-2.885143995e+00,-2.194137335e+00,2.686408043e+00,5.128807425e-01,0.000000000e+00,0.000000000e+00,0.000000000e+00,0.000000000e+00,-1.000000000e+00,-1.000000000e+00,-1.000000000e+00,0.000000000e+00,-9.999956489e-01,4.141753038e-07,1.000000000e+00,-6.989678144e-01,0.000000000e+00,4.141753038e-07,9.934966564e-01
63,17,9.170064330e-01,6.515109539e-01,-6.596741676e-01,3.518683314e-01,-1.252525151e-01,-3.434696436e+00,-3.057541370e+00,-2.657359838e+00,-2.482130766e+00,-2.391954660e+00,-2.228121042e+00,-3.699197054e+00,1.221076012e+00,4.000000000e+00,4.000000000e+00,4.000000000e+00,0.000000000e+00,1.957102895e+00,3.370613098e+00,-2.501910627e-01,1.000000000e+00,-1.311178088e+00,-2.622193098e+00,-6.455019712e-01,3.370613098e+00,-3.776672602e+00,-1.576666117e+00,4.105735302e+00,1.221076012e+00,4.000000000e+00,4.000000000e+00,0.000000000e+00,3.000000000e+00,4.000000000e+00,2.900000000e+01,1.000000000e+00,1.000000000e+00,-3.293403864e+00,-1.510985255e+00,-3.724218309e-01,-3.280241489e+00,1.000000000e+00,6.287869811e-01,7.379218936e-01
63,18,9.114703536e-01,6.181886196e-01,-1.424492002e+00,1.622415185e+00,5.421383306e-02,-3.222810984e+00,-3.242571354e+00,-2.716960907e+00,-2.784537315e+00,-2.423790216e+00,-2.954499483e+00,-3.515393734e+00,1.296294808e+00,3.000000000e+00,9.000000000e+00,2.100000000e+01,0.000000000e+00,1.955786824e+00,3.401798964e+00,3.001961410e-01,1.000000000e+00,-2.042644024e+00,-4.080849171e+00,5.010242388e-02,3.401798964e+00,-3.351910591e+00,-2.335879803e+00,3.712357521e+00,1.296294808e+00,0.000000000e+00,0.000000000e+00,0.000000000e+00,0.000000000e+00,-1.000000000e+00,-1.000000000e+00,-1.000000000e+00,0.000000000e+00,-9.999956489e-01,4.141753038e-07,1.000000000e+00,-6.989678144e-01,0.000000000e+00,4.141753038e-07,8.451838493e-01
63,19,6.091022491e-01,3.678727150e-01,-1.692246914e+00,1.367603421e+00,-6.375984848e-02,-3.019705534e+00,-3.024133682e+00,-2.530153513e+00,-2.575861216e+00,-2.288986683e+00,-2.670792103e+00,-3.260597706e+00,1.153731108e+00,3.000000000e+00,9.000000000e+00,1.600000000e+01,0.000000000e+00,-1.644183517e+00,1.467134476e+00,1.634837240e-01,1.000000000e+00,-2.060091019e+00,-4.116320133e+00,-2.566371672e-02,1.466909885e+00,-2.969156742e+00,-2.301283360e+00,1.779354215e+00,1.153731108e+00,0.000000000e+00,0.000000000e+00,0.000000000e+00,0.000000000e+00,-1.000000000e+00,-1.000000000e+00,-1.000000000e+00,0.000000000e+00,-9.999956489e-01,4.141753038e-07,1.000000000e+00,-6.989678144e-01,0.000000000e+00,6.263463497e-01,9.952006340e-01
63,20,7.766393423e-01,4.740691185e-01,-1.573273778e+00,1.455134511e+00,1.329154521e-01,-3.257615566e+00,-3.145349741e+00,-2.195568800e+00,-2.168566704e+00,-1.893032670e+00,-2.824329376e+00,-3.559394836e+00,1.321050763e+00,2.000000000e+00,8.000000000e+00,1.300000000e+01,0.000000000e+00,1.649286032e+00,2.718359709e+00,3.411912620e-01,1.000000000e+00,-2.047310591e+00,-4.089963436e+00,1.527756691e+00,2.717455149e+00,-1.114937425e+00,-2.349832058e+00,1.465260506e+00,1.321050763e+00,0.000000000e+00,0.000000000e+00,0.000000000e+00,0.000000000e+00,-1.000000000e+00,-1.000000000e+00,-1.000000000e+00,0.000000000e+00,-9.999956489e-01,4.141753038e-07,1.000000000e+00,-6.989678144e-01,1.000000000e+00,7.619817257e-01,9.827411771e-01
63,21,6.978737712e-01,3.424941301e-01,-1.727543116e+00,1.514357686e+00,2.299634926e-02,-2.937184572e+00,-2.933962107e+00,-2.464135885e+00,-2.474145174e+00,-2.108826637e+00,-2.770918131e+00,-3.292088509e+00,1.458785295e+00,4.000000000e+00,1.100000000e+01,1.800000000e+01,0.000000000e+00,9.050186276e-01,2.561391830e+00,2.590853572e-01,1.000000000e+00,-2.070009232e+00,-4.137361050e+00,-1.279510260e+00,2.561391830e+00,-4.090899467e+00,-2.425324440e+00,4.203845978e+00,1.458785295e+00,0.000000000e+00,0.000000000e+00,0.000000000e+00,0.000000000e+00,-1.000000000e+00,-1.000000000e+00,-1.000000000e+00,0.000000000e+00,-9.999956489e-01,4.141753038e-07,1.000000000e+00,-6.989678144e-01,1.000000000e+00,4.141753038e-07,9.963131547e-01
63,22,6.832143068e-01,2.643105090e-01,-1.794219851e+00,1.491621494e+00,2.601278538e-04,-2.830861568e+00,-2.825733423e+00,-2.306614637e+00,-2.301719666e+00,-1.887765169e+00,-2.746868134e+00,-3.249288082e+00,1.619235039e+00,4.000000000e+00,1.100000000e+01,1.800000000e+01,0.000000000e+00,-1.124335408e+00,1.326161981e+00,2.363491803e-01,1.000000000e+00,-2.058507442e+00,-4.116734028e+00,5.615613982e-02,1.325534821e+00,-2.509820461e+00,-2.477330685e+00,1.683310509e+00,1.619235039e+00,0.000000000e+00,0.000000000e+00,0.000000000e+00,0.000000000e+00,-1.000000000e+00,-1.000000000e+00,-1.000000000e+00,0.000000000e+00,-9.999956489e-01,4.141753038e-07,1.000000000e+00,-6.989678144e-01,0.000000000e+00,4.141753038e-07,9.982110262e-01
64,0,9.299719334e-01,1.928863972e-01,-1.671441555e+00,1.605466723e+00,8.695311844e-02,-2.568451405e+00,-2.580164194e+00,-2.027272701e+00,-2.060210943e+00,-1.290224791e+00,-2.802453279e+00,-3.304820776e+00,-2.381852150e+00,9.000000000e+00,1.200000000e+01,1.900000000e+01,0.000000000e+00,7.009125948e-01,1.640916348e+00,3.267133236e-01,1.000000000e+00,-1.864316344e+00,-3.734740973e+00,1.566067785e-01,1.640682817e+00,-2.096486330e+00,-2.601260424e+00,2.254069090e+00,2.381852150e+00,0.000000000e+00,0.000000000e+00,0.000000000e+00,0.000000000e+00,-1.000000000e+00,-1.000000000e+00,-1.000000000e+00,0.000000000e+00,-9.999956489e-01,4.141753038e-07,1.000000000e+00,-6.989678144e-01,0.000000000e+00,4.141753038e-07,9.989746809e-01
64,1,1.004221082e+00,3.182845712e-01,-1.581782699e+00,1.659336209e+00,1.152684689e-01,-2.731741905e+00,-2.725991964e+00,-2.273608685e+00,-2.254928350e+00,-1.587736726e+00,-2.908386469e+00,-3.416777372e+00,-2.261782646e+00,8.000000000e+00,1.200000000e+01,2.000000000e+01,0.000000000e+00,-2.948236465e-01,1.440569878e+00,3.583064079e-01,1.000000000e+00,-1.900049210e+00,-3.801840544e+00,-3.805586323e-02,1.440330267e+00,-2.611169815e+00,-2.585852861e+00,2.145554304e+00,2.261782646e+00,1.000000000e+00,1.000000000e+00,0.000000000e+00,2.000000000e+00,5.000000000e+00,8.000000000e+00,3.000000000e+00,1.000000000e+00,-4.699580193e+00,-1.457520723e+00,9.159306288e-01,-4.685427189e+00,1.000000000e+00,4.141753038e-07,9.970934391e-01
64,2,7.289922833e-01,2.845349014e-01,-1.737890005e+00,1.370949388e+00,-1.731180698e-01,-2.838910103e+00,-2.834074020e+00,-2.389142275e+00,-2.394000769e+00,-1.944752812e+00,-2.755620003e+00,-3.282833576e+00,-1.682575345e+00,6.000000000e+00,1.200000000e+01,2.000000000e+01,1.000000000e+00,-9.023618698e-01,1.493671417e+00,6.991970539e-02,9.523809552e-01,-2.022402763e+00,-4.044485569e+00,-2.459336370e-01,1.493599415e+00,-2.924212456e+00,-2.466778755e+00,2.188661337e+00,1.682575345e+00,0.000000000e+00,0.000000000e+00,0.000000000e+00,0.000000000e+00,-1.000000000e+00,-1.000000000e+00,-1.000000000e+00,0.000000000e+00,-9.999956489e-01,4.141753038e-07,1.000000000e+00,-6.989678144e-01,0.000000000e+00,4.141753038e-07,9.978691339e-01
64,3,5.116876364e-01,1.992434412e-01,-1.854765773e+00,1.276550889e+00,-2.148101330e-01,-2.813604116e+00,-2.822010756e+00,-2.312913418e+00,-2.381005764e+00,-2.000514984e+00,-2.570602655e+00,-3.125750542e+00,-1.347176671e+00,5.000000000e+00,1.000000000e+01,1.800000000e+01,0.000000000e+00,-6.067889333e-01,1.718005538e+00,2.127871290e-02,1.000000000e+00,-2.053990841e+00,-4.107518196e+00,1.240101218e+00,1.692526937e+00,-1.340242624e+00,-2.366383314e+00,8.329715133e-01,1.347176671e+00,0.000000000e+00,0.000000000e+00,0.000000000e+00,0.000000000e+00,-1.000000000e+00,-1.000000000e+00,-1.000000000e+00,0.000000000e+00,-9.999956489e-01,4.141753038e-07,1.000000000e+00,-6.989678144e-01,0.000000000e+00,4.141753038e-07,9.989264607e-01
64,4,4.744111300e-01,4.485312700e-01,-1.688187838e+00,1.998058200e+00,5.666946173e-01,-3.221270561e+00,-3.221409321e+00,-2.750905037e+00,-2.785195351e+00,-2.725039482e+00,-2.611138582e+00,-3.247106075e+00,-3.486650586e-01,4.000000000e+00,1.000000000e+01,1.600000000e+01,0.000000000e+00,1.679550409e+00,3.565045357e+00,7.939382792e-01,1.000000000e+00,-2.136680603e+00,-4.265565395e+00,-1.699709147e-01,3.565045357e+00,-3.402863503e+00,-2.162556887e+00,3.794815302e+00,3.486650586e-01,0.000000000e+00,0.000000000e+00,0.000000000e+00,0.000000000e+00,-1.000000000e+00,-1.000000000e+00,-1.000000000e+00,0.000000000e+00,-9.999956489e-01,4.141753038e-07,1.000000000e+00,-6.989678144e-01,0.000000000e+00,4.141753038e-07,9.876573086e-01
64,5,6.706420779e-01,6.626684666e-01,-1.484639645e+00,1.342557788e+00,-1.198396757e-01,-3.312593460e+00,-3.398258448e+00,-2.516252518e+00,-2.873495340e+00,-2.508281469e+00,-2.817714453e+00,-3.320550680e+00,-1.922117025e-01,4.000000000e+00,1.000000000e+01,1.700000000e+01,0.000000000e+00,1.664216638e+00,3.340547800e+00,1.121091768e-01,1.000000000e+00,-2.147260189e+00,-4.286202908e+00,1.342708468e+00,3.340525866e+00,-2.193711996e+00,-2.155232668e+00,2.363200903e+00,1.922117025e-01,2.000000000e+00,0.000000000e+00,2.000000000e+00,3.000000000e+00,0.000000000e+00,1.000000000e+01,1.000000000e+00,1.000000000e+00,-5.060008049e+00,-1.824943781e+00,6.317963600e-01,-5.054293156e+00,1.000000000e+00,4.141753038e-07,6.903797388e-01
64,6,7.069200873e-01,3.593241870e-01,-1.702707887e+00,1.337897301e+00,-1.245001107e-01,-2.919498920e+00,-2.883236170e+00,-2.318945885e+00,-2.253851175e+00,-1.971399665e+00,-2.772608042e+00,-3.266652584e+00,1.438769817e+00,3.000000000e+00,9.000000000e+00,1.700000000e+01,0.000000000e+00,-3.590897322e+00,1.752505749e-01,1.074487343e-01,1.000000000e+00,-2.062003851e+00,-4.122206688e+00,-1.409637928e+00,1.751036495e-01,-4.018348217e+00,-2.409538269e+00,1.865244389e+00,1.438769817e+00,0.000000000e+00,0.000000000e+00,0.000000000e+00,0.000000000e+00,-1.000000000e+00,-1.000000000e+00,-1.000000000e+00,0.000000000e+00,-9.999956489e-01,4.141753038e-07,1.000000000e+00,-6.989678144e-01,1.000000000e+00,4.141753038e-07,9.956159592e-01
65,0,1.156498790e+00,3.604404926e-01,-1.598037958e+00,1.408947587e+00,8.672858030e-02,-2.969416142e+00,-3.152351856e+00,-2.268179655e+00,-2.536414862e+00,-1.472188950e+00,-3.116673231e+00,-3.763353825e+00,-2.519682646e+00,8.000000000e+00,9.000000000e+00,1.300000000e+01,0.000000000e+00,-2.915503979e+00,6.768735498e-02,2.950044274e-01,1.000000000e+00,-1.958456039e+00,-3.915647268e+00,-2.613939643e-01,1.381726004e-02,-3.157774210e+00,-2.754307270e+00,1.339301467e+00,2.519682646e+00,0.000000000e+00,0.000000000e+00,0.000000000e+00,0.000000000e+00,-1.000000000e+00,-1.000000000e+00,-1.000000000e+00,0.000000000e+00,-9.999956489e-01,4.141753038e-07,1.000000000e+00,-6.989678144e-01,0.000000000e+00,4.141753038e-07,9.955643415e-01
65,1,1.037264466e+00,3.159108460e-01,-1.123786449e+00,6.297769547e-01,-4.116146564e-01,-2.554457664e+00,-2.240465879e+00,-1.039930344e+00,-1.047129154e+00,-3.185804188e-01,-2.482108355e+00,-3.275147915e+00,-2.344980478e+00,0.000000000e+00,5.000000000e+00,8.000000000e+00,1.000000000e+00,-1.258953661e-01,2.766220570e-01,-2.733123004e-01,8.888888955e-01,-1.439690948e+00,-2.884345770e+00,-2.334586382e-01,2.548351288e-01,-1.596486807e+00,-2.160993814e+00,1.216838598e+00,2.344980478e+00,2.000000000e+00,2.000000000e+00,0.000000000e+00,2.000000000e+00,5.000000000e+00,3.100000000e+01,3.000000000e+00,1.000000000e+00,-4.701237679e+00,-1.940051913e+00,-9.907410741e-01,-4.696528435e+00,1.000000000e+00,4.141753038e-07,9.971585274e-01
65,2,1.053563476e+00,4.565503001e-01,-1.500505686e+00,1.595181465e+00,5.111381784e-02,-2.925594807e+00,-2.913151979e+00,-2.460293293e+00,-2.433100939e+00,-1.863373637e+00,-3.012634277e+00,-3.521528482e+00,-2.051430941e+00,7.000000000e+00,1.100000000e+01,2.000000000e+01,0.000000000e+00,6.618935466e-01,2.194385529e+00,2.941517234e-01,1.000000000e+00,-1.957030177e+00,-3.913018227e+00,3.049124777e-01,2.194349527e+00,-2.584689617e+00,-2.553927422e+00,2.459192276e+00,2.051430941e+00,1.000000000e+00,1.000000000e+00,0.000000000e+00,1.000000000e+00,-5.000000000e+00,1.700000000e+01,1.000000000e+00,1.000000000e+00,-5.289771557e+00,-2.319068909e+00,-7.200023532e-01,-5.288097858e+00,1.000000000e+00,5.737132430e-01,9.863135815e-01
65,3,8.710978031e-01,3.348987401e-01,-1.615572572e+00,1.796179771e+00,3.982398808e-01,-2.793154478e+00,-2.775446892e+00,-2.187540531e+00,-2.154962778e+00,-1.651388645e+00,-2.826171875e+00,-3.328696728e+00,-1.905924916e+00,7.000000000e+00,9.000000000e+00,1.500000000e+01,0.000000000e+00,1.289568305e+00,2.296405554e+00,6.200885773e-01,1.000000000e+00,-1.950450301e+00,-3.902371883e+00,8.147839308e-01,2.296169043e+00,-1.675119042e+00,-2.486555099e+00,1.984992385e+00,1.905924916e+00,0.000000000e+00,0.000000000e+00,0.000000000e+00,0.000000000e+00,-1.000000000e+00,-1.000000000e+00,-1.000000000e+00,0.000000000e+00,-9.999956489e-01,4.141753038e-07,1.000000000e+00,-6.989678144e-01,1.000000000e+00,4.141753038e-07,9.965830445e-01
65,4,8.661670685e-01,3.169434667e-01,-1.645913601e+00,1.589103103e+00,-1.961011672e-03,-2.815996170e+00,-2.805399179e+00,-2.299254894e+00,-2.288732052e+00,-1.750093222e+00,-2.832670927e+00,-3.364497900e+00,-1.937228680e+00,8.000000000e+00,1.300000000e+01,2.200000000e+01,0.000000000e+00,-3.690120578e-01,1.565653801e+00,2.466807067e-01,1.000000000e+00,-1.962836266e+00,-3.925997496e+00,-2.684720457e-01,1.565607190e+00,-2.873907566e+00,-2.511958599e+00,2.372622252e+00,1.937228680e+00,0.000000000e+00,0.000000000e+00,0.000000000e+00,0.000000000e+00,-1.000000000e+00,-1.000000000e+00,-1.000000000e+00,0.000000000e+00,-9.999956489e-01,4.141753038e-07,1.000000000e+00,-6.989678144e-01,0.000000000e+00,4.141753038e-07,9.971304536e-01
65,5,9.295800924e-01,4.209952354e-01,-1.417471170e+00,1.163698196e+00,-6.675031781e-02,-3.138088226e+00,-2.959815264e+00,-2.126125813e+00,-2.037791014e+00,-1.617580891e+00,-2.768266678e+00,-3.645347118e+00,-1.839260817e+00,3.000000000e+00,6.000000000e+00,1.100000000e+01,1.000000000e+00,3.157461882e-01,1.794214725e+00,1.223057136e-01,9.166666865e-01,-1.838447571e+00,-3.675357580e+00,1.286810875e+00,1.772143245e+00,-1.172016263e+00,-2.346966028e+00,9.055694342e-01,1.839260817e+00,0.000000000e+00,0.000000000e+00,0.000000000e+00,0.000000000e+00,-1.000000000e+00,-1.000000000e+00,-1.000000000e+00,0.000000000e+00,-9.999956489e-01,4.141753038e-07,1.000000000e+00,-6.989678144e-01,0.000000000e+00,4.141753038e-07,9.912281036e-01
65,6,5.290533304e-01,5.280842781e-01,-1.624536276e+00,1.407837510e+00,-5.456004292e-02,-3.176345110e+00,-3.290359020e+00,-2.425515175e+00,-2.733363390e+00,-2.424546242e+00,-2.681491613e+00,-3.177312613e+00,-6.682875752e-02,4.000000000e+00,1.000000000e+01,1.700000000e+01,0.000000000e+00,1.568881392e+00,3.209102392e+00,1.773887873e-01,1.000000000e+00,-2.152576923e+00,-4.296601772e+00,-5.974359512e-01,3.209102392e+00,-3.855991840e+00,-2.153545856e+00,4.114547253e+00,6.682875752e-02,1.000000000e+00,0.000000000e+00,1.000000000e+00,3.000000000e+00,0.000000000e+00,1.000000000e+00,1.000000000e+00,1.000000000e+00,-5.424930573e+00,-3.358951569e+00,-2.414120913e+00,-5.424791813e+00,1.000000000e+00,-2.901545465e-01,9.627788067e-01
65,7,6.100364327e-01,6.080521941e-01,-1.582914591e+00,1.567126393e+00,1.357629448e-01,-3.169940710e+00,-3.246589661e+00,-2.523885965e+00,-2.766488552e+00,-2.521902561e+00,-2.800766230e+00,-3.171921968e+00,9.566470236e-02,5.000000000e+00,1.000000000e+01,1.600000000e+01,0.000000000e+00,6.551511884e-01,2.849622726e+00,3.630065918e-01,1.000000000e+00,-2.190915823e+00,-4.371645927e+00,-8.766175807e-02,2.849622488e+00,-3.461199045e+00,-2.192899704e+00,3.181669712e+00,9.566470236e-02,0.000000000e+00,0.000000000e+00,0.000000000e+00,0.000000000e+00,-1.000000000e+00,-1.000000000e+00,-1.000000000e+00,0.000000000e+00,-9.999956489e-01,4.141753038e-07,1.000000000e+00,-6.989678144e-01,0.000000000e+00,4.141753038e-07,8.686251044e-01
65,8,5.859678388e-01,5.847091675e-01,-1.526771784e+00,1.311594605e+00,-1.508028358e-01,-3.243537426e+00,-3.334454775e+00,-2.503001213e+00,-2.821324587e+00,-2.501742840e+00,-2.697253466e+00,-3.244793892e+00,7.617174834e-02,4.000000000e+00,1.000000000e+01,1.700000000e+01,0.000000000e+00,1.573441863e+00,3.288638353e+00,8.114595711e-02,1.000000000e+00,-2.111439228e+00,-4.215800285e+00,1.458735228e+00,3.288590670e+00,-1.947547674e+00,-2.112697840e+00,2.149577379e+00,7.617174834e-02,2.000000000e+00,0.000000000e+00,2.000000000e+00,3.000000000e+00,0.000000000e+00,1.000000000e+00,1.000000000e+00,1.000000000e+00,-5.021885872e+00,-3.969840765e+00,-3.722441435e+00,-5.021844864e+00,1.000000000e+00,4.141753038e-07,9.099739194e-01
65,9,4.560952187e-01,4.547685981e-01,-1.693200588e+00,1.181447983e+00,-1.802792400e-01,-3.107955456e+00,-3.199583530e+00,-2.387586832e+00,-2.617850304e+00,-2.386260509e+00,-2.603927135e+00,-3.109280348e+00,7.820057869e-02,4.000000000e+00,9.000000000e+00,1.400000000e+01,1.000000000e+00,1.167840481e+00,2.970287800e+00,3.532027826e-02,9.333333373e-01,-2.147929430e+00,-4.287495136e+00,4.504998922e-01,2.970285654e+00,-2.622117281e+00,-2.149255753e+00,2.751386404e+00,7.820057869e-02,0.000000000e+00,0.000000000e+00,0.000000000e+00,0.000000000e+00,-1.000000000e+00,-1.000000000e+00,-1.000000000e+00,0.000000000e+00,-9.999956489e-01,4.141753038e-07,1.000000000e+00,-6.989678144e-01,0.000000000e+00,1.069854259e+00,9.866263270e-01
65,10,4.163683355e-01,3.843534291e-01,-1.753787518e+00,1.439343929e+00,-2.305356413e-02,-3.035006523e+00,-3.052106380e+00,-2.555703640e+00,-2.580572605e+00,-2.523699999e+00,-2.554873705e+00,-3.066985369e+00,3.887058794e-01,4.000000000e+00,9.000000000e+00,1.700000000e+01,0.000000000e+00,1.599683642e+00,3.323686838e+00,2.088952959e-01,1.000000000e+00,-2.138105631e+00,-4.268688679e+00,2.187591940e-01,3.323686838e+00,-2.746090174e+00,-2.170115948e+00,3.161720991e+00,3.887058794e-01,3.000000000e+00,0.000000000e+00,3.000000000e+00,3.000000000e+00,1.000000000e+00,2.000000000e+00,1.000000000e+00,1.000000000e+00,-4.503321171e+00,-2.157285690e+00,-4.439008608e-02,-4.500404358e+00,1.000000000e+00,9.102556705e-01,9.942569137e-01
65,11,3.442233503e-01,3.277916014e-01,-1.824373841e+00,1.469928861e+00,3.856542334e-02,-3.107784986e+00,-3.100354433e+00,-2.565244436e+00,-2.564749479e+00,-2.548818588e+00,-2.496470451e+00,-3.124195099e+00,2.768213749e-01,4.000000000e+00,1.000000000e+01,1.600000000e+01,0.000000000e+00,2.018947363e+00,3.558445930e+00,2.658090591e-01,1.000000000e+00,-2.152132511e+00,-4.295907974e+00,4.664224014e-02,3.558445930e+00,-2.845753908e+00,-2.168561935e+00,3.527597427e+00,2.768213749e-01,0.000000000e+00,0.000000000e+00,0.000000000e+00,0.000000000e+00,-1.000000000e+00,-1.000000000e+00,-1.000000000e+00,0.000000000e+00,-9.999956489e-01,4.141753038e-07,1.000000000e+00,-6.989678144e-01,0.000000000e+00,4.141753038e-07,9.968139529e-01
65,12,5.574876070e-01,5.201517940e-01,-1.571432114e+00,1.465800405e+00,3.402754199e-03,-3.296086311e+00,-3.271689892e+00,-2.816338778e+00,-2.803394079e+00,-2.779026508e+00,-2.649023294e+00,-3.333345175e+00,4.206196666e-01,3.000000000e+00,9.000000000e+00,1.700000000e+01,0.000000000e+00,-4.851903319e-01,2.536692619e+00,2.353516519e-01,1.000000000e+00,-2.091546297e+00,-4.176755428e+00,2.825702131e-01,2.536685705e+00,-3.040774584e+00,-2.128877401e+00,2.278354168e+00,4.206196666e-01,1.000000000e+00,0.000000000e+00,1.000000000e+00,3.000000000e+00,1.000000000e+00,2.000000000e+00,4.000000000e+00,1.000000000e+00,-4.571663380e+00,-4.969939709e+00,-5.612679958e+00,-4.571659565e+00,1.000000000e+00,-2.950676382e-01,9.669160843e-01
65,13,5.093706846e-01,4.511953592e-01,-1.656409860e+00,1.316577673e+00,-8.136179298e-02,-3.158531904e+00,-3.169603825e+00,-2.570684195e+00,-2.661612511e+00,-2.512529135e+00,-2.617214203e+00,-3.216617584e+00,5.292268395e-01,4.000000000e+00,9.000000000e+00,1.500000000e+01,0.000000000e+00,1.586758733e+00,3.306050062e+00,1.404867321e-01,1.000000000e+00,-2.107569218e+00,-4.208570957e+00,2.328111082e-01,3.306049824e+00,-2.879866838e+00,-2.165736437e+00,3.222263813e+00,5.292268395e-01,0.000000000e+00,0.000000000e+00,0.000000000e+00,0.000000000e+00,-1.000000000e+00,-1.000000000e+00,-1.000000000e+00,0.000000000e+00,-9.999956489e-01,4.141753038e-07,1.000000000e+00,-6.989678144e-01,0.000000000e+00,1.188232183e+00,9.872286320e-01
65,14,7.423282266e-01,4.746291041e-01,-1.546274543e+00,1.177754879e+00,-5.269360542e-02,-2.968874693e+00,-3.028386116e+00,-2.482112169e+00,-2.558349371e+00,-2.214473486e+00,-2.764976978e+00,-3.236229420e+00,1.227110505e+00,4.000000000e+00,6.000000000e+00,1.100000000e+01,0.000000000e+00,1.469391584e+00,2.949304581e+00,1.363624483e-01,1.000000000e+00,-2.020873308e+00,-4.039042950e+00,1.233878255e+00,2.949223995e+00,-1.799229980e+00,-2.288533688e+00,2.059298515e+00,1.227110505e+00,0.000000000e+00,0.000000000e+00,0.000000000e+00,0.000000000e+00,-1.000000000e+00,-1.000000000e+00,-1.000000000e+00,0.000000000e+00,-9.999956489e-01,4.141753038e-07,1.000000000e+00,-6.989678144e-01,0.000000000e+00,4.141753038e-07,9.826102853e-01
65,15,6.717459559e-01,3.497679532e-01,-1.687565327e+00,1.534008861e+00,1.026454940e-01,-2.827694178e+00,-2.812645197e+00,-2.331968546e+00,-2.319436550e+00,-2.010039330e+00,-2.713426113e+00,-3.149351358e+00,1.372227550e+00,4.000000000e+00,9.000000000e+00,1.600000000e+01,0.000000000e+00,1.427716017e+00,2.723942518e+00,3.298891187e-01,1.000000000e+00,-2.037307024e+00,-4.074077606e+00,6.926728785e-02,2.723941565e+00,-2.599855185e+00,-2.359233141e+00,2.964040756e+00,1.372227550e+00,0.000000000e+00,0.000000000e+00,0.000000000e+00,0.000000000e+00,-1.000000000e+00,-1.000000000e+00,-1.000000000e+00,0.000000000e+00,-9.999956489e-01,4.141753038e-07,1.000000000e+00,-6.989678144e-01,0.000000000e+00,4.141753038e-07,9.960297346e-01
66,0,1.190166712e+00,4.469326138e-01,-1.395682454e+00,1.609099388e+00,9.058574587e-02,-2.839731693e+00,-2.808171988e+00,-2.309366226e+00,-2.251312494e+00,-1.566204548e+00,-3.034358025e+00,-3.581605911e+00,-2.396249533e+00,8.000000000e+00,1.100000000e+01,1.900000000e+01,1.000000000e+00,-1.919361949e-01,1.504622936e+00,3.303459585e-01,9.499999881e-01,-1.842595458e+00,-3.685178757e+00,1.096840382e+00,1.468587637e+00,-1.601464748e+00,-2.585692644e+00,1.056910753e+00,2.396249533e+00,0.000000000e+00,0.000000000e+00,0.000000000e+00,0.000000000e+00,-1.000000000e+00,-1.000000000e+00,-1.000000000e+00,0.000000000e+00,-9.999956489e-01,4.141753038e-07,1.000000000e+00,-6.989678144e-01,1.000000000e+00,4.141753038e-07,9.879063368e-01
66,1,1.181648970e+00,4.622145891e-01,-1.373566508e+00,1.709951997e+00,2.185905725e-01,-2.864966631e+00,-2.861789942e+00,-2.422216892e+00,-2.417564392e+00,-1.702875376e+00,-3.018766165e+00,-3.583053350e+00,-2.340478897e+00,8.000000000e+00,1.100000000e+01,1.800000000e+01,0.000000000e+00,1.908828735e+00,2.657312632e+00,4.546796679e-01,1.000000000e+00,-1.835761428e+00,-3.671319723e+00,-1.513636578e-02,2.657311678e+00,-2.894688368e+00,-2.555069685e+00,3.387111425e+00,2.340478897e+00,1.000000000e+00,1.000000000e+00,0.000000000e+00,1.000000000e+00,-5.000000000e+00,3.400000000e+01,1.000000000e+00,1.000000000e+00,-3.846547842e+00,-1.879949331e+00,-7.685462385e-02,-3.840899706e+00,1.000000000e+00,4.141753038e-07,9.852616191e-01
66,2,4.647553265e-01,4.131113291e-01,-1.166656256e+00,3.364125192e-01,-1.407083273e-01,-3.124082327e+00,-3.050054789e+00,-2.526736736e+00,-2.577074528e+00,-2.475109100e+00,-2.044514179e+00,-3.175653458e+00,4.973980784e-01,4.000000000e+00,4.000000000e+00,4.000000000e+00,0.000000000e+00,-8.196833134e-01,2.065396070e+00,-2.656468749e-01,1.000000000e+00,-1.579757214e+00,-3.158954144e+00,-5.551372766e-01,2.065394878e+00,-3.543966293e+00,-1.631399155e+00,2.721945047e+00,4.973980784e-01,0.000000000e+00,0.000000000e+00,0.000000000e+00,0.000000000e+00,-1.000000000e+00,-1.000000000e+00,-1.000000000e+00,0.000000000e+00,-9.999956489e-01,4.141753038e-07,1.000000000e+00,-6.989678144e-01,0.000000000e+00,7.430922389e-01,9.920156002e-01
66,3,7.294433117e-01,6.560629010e-01,-1.498424530e+00,1.497560501e+00,6.619710475e-02,-3.360049963e+00,-3.391321659e+00,-2.765743971e+00,-2.867899895e+00,-2.692402840e+00,-2.883859158e+00,-3.433247328e+00,5.978172421e-01,4.000000000e+00,1.000000000e+01,1.600000000e+01,0.000000000e+00,1.371775866e+00,3.378505230e+00,2.934407294e-01,1.000000000e+00,-2.154438972e+00,-4.300486565e+00,6.470377445e-01,3.378504515e+00,-2.876918316e+00,-2.227807999e+00,2.906998158e+00,5.978172421e-01,1.000000000e+00,0.000000000e+00,1.000000000e+00,3.000000000e+00,1.000000000e+00,1.000000000e+01,2.000000000e+00,1.000000000e+00,-5.536312580e+00,-1.865674853e+00,5.658351779e-01,-5.532447338e+00,1.000000000e+00,4.141753038e-07,7.192488313e-01
66,4,5.667773485e-01,4.094923139e-01,-1.643079877e+00,1.436829567e+00,7.510204613e-02,-3.124326944e+00,-3.101653814e+00,-2.638833046e+00,-2.645844936e+00,-2.481605291e+00,-2.619960785e+00,-3.281359673e+00,9.032516479e-01,4.000000000e+00,8.000000000e+00,1.400000000e+01,0.000000000e+00,1.689659953e+00,3.326566935e+00,2.907016873e-01,1.000000000e+00,-2.052542210e+00,-4.100448132e+00,-2.542566136e-02,3.326566935e+00,-3.080432415e+00,-2.209805727e+00,3.516089439e+00,9.032516479e-01,1.000000000e+00,0.000000000e+00,1.000000000e+00,3.000000000e+00,2.000000000e+00,8.000000000e+00,2.000000000e+00,1.000000000e+00,-5.015539646e+00,-2.718961239e+00,-1.334842324e+00,-5.014796734e+00,1.000000000e+00,5.339768529e-01,9.923487902e-01
66,5,3.696531057e-01,1.808656603e-01,-1.848227382e+00,1.122238398e+00,-3.401587009e-01,-2.821409702e+00,-2.812725306e+00,-2.217984676e+00,-2.220029354e+00,-2.029222488e+00,-2.401772738e+00,-3.010040522e+00,1.001205564e+00,4.000000000e+00,1.000000000e+01,1.700000000e+01,0.000000000e+00,-1.642245948e-01,1.947156429e+00,-1.082100496e-01,1.000000000e+00,-2.029077053e+00,-4.056379318e+00,-1.142527223e+00,1.947156191e+00,-3.541984797e+00,-2.217839241e+00,3.279522181e+00,1.001205564e+00,0.000000000e+00,0.000000000e+00,0.000000000e+00,0.000000000e+00,-1.000000000e+00,-1.000000000e+00,-1.000000000e+00,0.000000000e+00,-9.999956489e-01,4.141753038e-07,1.000000000e+00,-6.989678144e-01,0.000000000e+00,4.141753038e-07,9.990583062e-01
66,6,1.330252528e+00,1.009533525e+00,-1.008914828e+00,1.453176618e+00,-6.533686817e-02,-3.534961224e+00,-3.564200878e+00,-2.896403790e+00,-2.985261917e+00,-2.575863600e+00,-3.347939491e+00,-3.854056835e+00,1.368928671e+00,3.000000000e+00,9.000000000e+00,1.900000000e+01,0.000000000e+00,1.426447392e+00,3.289251804e+00,1.744232625e-01,1.000000000e+00,-2.018407345e+00,-4.032403469e+00,6.471700072e-01,3.289250612e+00,-3.347078800e+00,-2.339076996e+00,3.051640987e+00,1.368928671e+00,4.000000000e+00,4.000000000e+00,0.000000000e+00,3.000000000e+00,4.000000000e+00,3.600000000e+01,2.000000000e+00,1.000000000e+00,-5.242271423e+00,-2.470839500e+00,-9.079584479e-01,-5.241061687e+00,1.000000000e+00,4.141753038e-07,2.912496166e-05
66,7,8.148717880e-01,4.945513010e-01,-1.628100038e+00,1.491994262e+00,2.959659323e-02,-3.082623720e+00,-3.094836235e+00,-2.524671316e+00,-2.559329033e+00,-2.204426527e+00,-2.939155102e+00,-3.402371645e+00,1.367884159e+00,4.000000000e+00,1.000000000e+01,1.700000000e+01,0.000000000e+00,1.298929095e+00,2.853960752e+00,2.615455091e-01,1.000000000e+00,-2.122612000e+00,-4.239722252e+00,-5.639886856e-01,2.853960514e+00,-3.616229296e+00,-2.442869902e+00,3.772364616e+00,1.367884159e+00,0.000000000e+00,0.000000000e+00,0.000000000e+00,0.000000000e+00,-1.000000000e+00,-1.000000000e+00,-1.000000000e+00,0.000000000e+00,-9.999956489e-01,4.141753038e-07,1.000000000e+00,-6.989678144e-01,0.000000000e+00,4.141753038e-07,9.771189094e-01
66,8,8.733329773e-01,2.638401389e-01,-1.684722185e+00,1.612075329e+00,1.207139492e-01,-2.733821392e+00,-2.724537849e+00,-2.211654663e+00,-2.206842422e+00,-1.602215052e+00,-2.827160358e+00,-3.342592716e+00,2.081103325e+00,7.000000000e+00,1.100000000e+01,1.800000000e+01,1.000000000e+00,5.593547821e-01,1.881920099e+00,3.568030298e-01,9.473684430e-01,-1.948544502e+00,-3.899244785e+00,-2.631786466e-01,1.881909013e+00,-2.733696461e+00,-2.557919025e+00,2.749640226e+00,2.081103325e+00,0.000000000e+00,0.000000000e+00,0.000000000e+00,0.000000000e+00,-1.000000000e+00,-1.000000000e+00,-1.000000000e+00,0.000000000e+00,-9.999956489e-01,4.141753038e-07,1.000000000e+00,-6.989678144e-01,0.000000000e+00,4.141753038e-07,9.982179999e-01
66,9,1.029121399e+00,3.587172031e-01,-1.543680191e+00,1.630569339e+00,3.950508684e-02,-2.795658827e+00,-2.788410664e+00,-2.354175568e+00,-2.341839552e+00,-1.683848500e+00,-2.934582472e+00,-3.465065479e+00,2.225204229e+00,8.000000000e+00,1.200000000e+01,2.200000000e+01,0.000000000e+00,5.622065663e-01,1.965066910e+00,2.881468534e-01,1.000000000e+00,-1.902377725e+00,-3.805463314e+00,2.946164310e-01,1.964967847e+00,-2.405925035e+00,-2.572654486e+00,2.328368664e+00,2.225204229e+00,1.000000000e+00,1.000000000e+00,0.000000000e+00,1.000000000e+00,5.000000000e+00,1.600000000e+01,1.000000000e+00,1.000000000e+00,-5.734930038e+00,-1.910881996e+00,-6.280082744e-03,-5.732501030e+00,1.000000000e+00,4.141753038e-07,9.956437349e-01
67,0,1.222152472e+00,5.720841885e-01,-1.366603494e+00,1.566196442e+00,4.768291116e-02,-3.233746767e+00,-3.234600544e+00,-2.520979166e+00,-2.542869568e+00,-1.871022701e+00,-3.160591841e+00,-3.881243229e+00,-2.177217007e+00,7.000000000e+00,1.100000000e+01,1.900000000e+01,0.000000000e+00,8.679330349e-01,2.305114746e+00,2.874431014e-01,1.000000000e+00,-1.938660026e+00,-3.874500990e+00,6.319417953e-01,2.305016994e+00,-2.483031511e+00,-2.588597536e+00,2.345005989e+00,2.177217007e+00,2.000000000e+00,2.000000000e+00,0.000000000e+00,2.000000000e+00,5.000000000e+00,3.200000000e+01,3.000000000e+00,1.000000000e+00,-5.756635666e+00,-2.349256039e+00,-8.174134493e-01,-5.755803108e+00,1.000000000e+00,4.141753038e-07,9.264606237e-01
67,1,9.272249937e-01,3.781356514e-01,-1.627504468e+00,1.680186510e+00,1.616728306e-01,-2.872279406e+00,-2.870904446e+00,-2.428529978e+00,-2.420552969e+00,-1.879524231e+00,-2.936231613e+00,-3.420547247e+00,-1.936906338e+00,7.000000000e+00,1.100000000e+01,1.900000000e+01,0.000000000e+00,8.740231395e-01,2.316571236e+00,4.014330506e-01,1.000000000e+00,-2.005614281e+00,-4.010567188e+00,-1.237241775e-01,2.316568375e+00,-2.922164440e+00,-2.554592133e+00,2.981251478e+00,1.936906338e+00,0.000000000e+00,0.000000000e+00,0.000000000e+00,0.000000000e+00,-1.000000000e+00,-1.000000000e+00,-1.000000000e+00,0.000000000e+00,-9.999956489e-01,4.141753038e-07,1.000000000e+00,-6.989678144e-01,0.000000000e+00,4.141753038e-07,9.946371913e-01
67,2,7.397418022e-01,1.672200263e-01,-1.912972212e+00,1.676161647e+00,2.137639523e-01,-2.656152725e+00,-2.652135134e+00,-2.212980509e+00,-2.209723473e+00,-1.640510559e+00,-2.834331989e+00,-3.228136539e+00,-1.993025184e+00,6.000000000e+00,1.000000000e+01,1.700000000e+01,0.000000000e+00,8.574786186e-01,2.069282055e+00,4.457128942e-01,1.000000000e+00,-2.080175161e+00,-4.168663025e+00,-2.124507539e-02,2.069267750e+00,-2.398150682e+00,-2.652554274e+00,2.659703732e+00,1.993025184e+00,0.000000000e+00,0.000000000e+00,0.000000000e+00,0.000000000e+00,-1.000000000e+00,-1.000000000e+00,-1.000000000e+00,0.000000000e+00,-9.999956489e-01,4.141753038e-07,1.000000000e+00,-6.989678144e-01,0.000000000e+00,4.141753038e-07,9.991425276e-01
67,3,9.178236127e-01,3.311429620e-01,-1.635154486e+00,1.645729065e+00,1.272154599e-01,-2.805286646e+00,-2.797291994e+00,-2.350255728e+00,-2.329868793e+00,-1.763647079e+00,-2.888006210e+00,-3.391174555e+00,-2.026819468e+00,6.000000000e+00,1.100000000e+01,1.900000000e+01,1.000000000e+00,8.738971949e-01,2.200623512e+00,3.669756651e-01,9.499999881e-01,-1.966275811e+00,-3.933095455e+00,-2.273733616e-01,2.200620651e+00,-2.888142586e+00,-2.552841663e+00,2.994127274e+00,2.026819468e+00,0.000000000e+00,0.000000000e+00,0.000000000e+00,0.000000000e+00,-1.000000000e+00,-1.000000000e+00,-1.000000000e+00,0.000000000e+00,-9.999956489e-01,4.141753038e-07,1.000000000e+00,-6.989678144e-01,0.000000000e+00,8.996913433e-01,9.967074394e-01
67,4,1.342251539e+00,7.862370014e-01,-1.217704415e+00,1.768462420e+00,3.060645163e-01,-3.276565313e+00,-3.269274235e+00,-2.806878328e+00,-2.816097021e+00,-2.251064777e+00,-3.345828533e+00,-3.830452442e+00,-1.953517318e+00,6.000000000e+00,1.100000000e+01,1.700000000e+01,0.000000000e+00,3.412168920e-01,2.421753883e+00,5.380135179e-01,1.000000000e+00,-2.003904581e+00,-4.004083157e+00,2.584725432e-02,2.421750307e+00,-3.575135708e+00,-2.559805393e+00,2.960874557e+00,1.953517318e+00,0.000000000e+00,0.000000000e+00,0.000000000e+00,0.000000000e+00,-1.000000000e+00,-1.000000000e+00,-1.000000000e+00,0.000000000e+00,-9.999956489e-01,4.141753038e-07,1.000000000e+00,-6.989678144e-01,0.000000000e+00,4.141753038e-07,9.748315811e-02
67,5,1.117316723e+00,6.313461065e-01,-1.404739738e+00,1.714346409e+00,1.702786535e-01,-3.149856091e+00,-3.149799347e+00,-2.671749830e+00,-2.689406872e+00,-2.185916424e+00,-3.153947830e+00,-3.634564400e+00,-1.784332871e+00,6.000000000e+00,1.200000000e+01,2.000000000e+01,0.000000000e+00,-1.290031672e+00,1.540985227e+00,4.133165777e-01,1.000000000e+00,-2.036049604e+00,-4.068235397e+00,-4.310379624e-01,1.540960550e+00,-3.749557972e+00,-2.521923065e+00,2.475063086e+00,1.784332871e+00,1.000000000e+00,1.000000000e+00,0.000000000e+00,1.000000000e+00,-5.000000000e+00,1.200000000e+01,2.000000000e+00,1.000000000e+00,-5.837960243e+00,-1.826840878e+00,4.314912558e-01,-5.835950375e+00,1.000000000e+00,4.141753038e-07,8.087528944e-01
67,6,4.782211781e-01,1.465697885e-01,-1.900216818e+00,1.399991870e+00,-6.240571290e-02,-2.762435675e+00,-2.759006977e+00,-2.309073448e+00,-2.316136122e+00,-1.977469206e+00,-2.531269073e+00,-3.093799353e+00,-1.397480726e+00,5.000000000e+00,1.000000000e+01,1.700000000e+01,0.000000000e+00,1.643447876e+00,2.799234867e+00,1.695431471e-01,1.000000000e+00,-2.046772480e+00,-4.094583035e+00,-4.709461331e-02,2.799234390e+00,-2.509750128e+00,-2.378368616e+00,3.184944868e+00,1.397480726e+00,0.000000000e+00,0.000000000e+00,0.000000000e+00,0.000000000e+00,-1.000000000e+00,-1.000000000e+00,-1.000000000e+00,0.000000000e+00,-9.999956489e-01,4.141753038e-07,1.000000000e+00,-6.989678144e-01,0.000000000e+00,4.141753038e-07,9.992517829e-01
67,7,6.496213078e-01,3.126642406e-01,-1.711707830e+00,1.255455494e+00,-1.759076267e-01,-2.902713537e+00,-2.916384459e+00,-2.329079151e+00,-2.395026445e+00,-1.992172003e+00,-2.676809549e+00,-3.239263773e+00,-1.411264777e+00,3.000000000e+00,9.000000000e+00,1.600000000e+01,0.000000000e+00,1.843766332e+00,2.914098024e+00,5.133587122e-02,1.000000000e+00,-2.024348259e+00,-4.046923161e+00,2.954492345e-03,2.914097786e+00,-2.704624176e+00,-2.361251593e+00,3.313956022e+00,1.411264777e+00,0.000000000e+00,0.000000000e+00,0.000000000e+00,0.000000000e+00,-1.000000000e+00,-1.000000000e+00,-1.000000000e+00,0.000000000e+00,-9.999956489e-01,4.141753038e-07,1.000000000e+00,-6.989678144e-01,0.000000000e+00,4.141753038e-07,9.972444773e-01
67,8,2.093713760e+00,1.759826660e+00,-2.212411314e-01,1.521657109e+00,-2.241053805e-02,-3.943734407e+00,-4.115970612e+00,-3.099182606e+00,-3.339489937e+00,-2.765588284e+00,-4.069521904e+00,-4.273229122e+00,1.403294563e+00,4.000000000e+00,1.000000000e+01,2.000000000e+01,0.000000000e+00,3.849354982e-01,2.959026337e+00,2.206273079e-01,1.000000000e+00,-1.981026888e+00,-3.958042622e+00,1.734025240e+00,2.958254337e+00,-3.365233183e+00,-2.314866066e+00,1.798810005e+00,1.403294563e+00,4.000000000e+00,4.000000000e+00,0.000000000e+00,3.000000000e+00,4.000000000e+00,2.300000000e+01,1.000000000e+00,1.000000000e+00,-4.978393078e+00,-1.514095545e+00,9.077272415e-01,-4.966526985e+00,1.000000000e+00,4.141753038e-07,2.061153692e-09
67,9,1.651392698e+00,1.264962196e+00,-6.137124300e-01,1.425836205e+00,1.036171764e-01,-2.831768274e+00,-3.405992746e+00,-1.168967366e+00,-2.009512901e+00,-7.825405598e-01,-3.537085056e+00,-3.217776299e+00,1.537809134e+00,0.000000000e+00,7.000000000e+00,1.300000000e+01,0.000000000e+00,9.354455471e-01,1.281887412e+00,3.118929863e-01,1.000000000e+00,-1.878643513e+00,-3.763341188e+00,8.486473560e-01,1.250145793e+00,-2.425756454e+00,-2.265027046e+00,1.628506422e+00,1.537809134e+00,0.000000000e+00,0.000000000e+00,0.000000000e+00,0.000000000e+00,-1.000000000e+00,-1.000000000e+00,-1.000000000e+00,0.000000000e+00,-9.999956489e-01,4.141753038e-07,1.000000000e+00,-6.989678144e-01,1.000000000e+00,4.141753038e-07,2.061153692e-09
68,0,1.106036186e+00,3.704358637e-01,-1.515428305e+00,1.706900716e+00,1.883870214e-01,-2.754773855e+00,-2.759067059e+00,-2.306817532e+00,-2.313783407e+00,-1.571288943e+00,-2.995448112e+00,-3.489279509e+00,-2.378372908e+00,8.000000000e+00,1.100000000e+01,1.900000000e+01,0.000000000e+00,6.730788946e-01,1.907857060e+00,4.281472564e-01,1.000000000e+00,-1.885844827e+00,-3.773136616e+00,-2.054837346e-01,1.907844067e+00,-2.889456272e+00,-2.621297121e+00,2.855752707e+00,2.378372908e+00,1.000000000e+00,1.000000000e+00,0.000000000e+00,1.000000000e+00,-5.000000000e+00,1.500000000e+01,1.000000000e+00,1.000000000e+00,-4.402598858e+00,-1.428281665e+00,9.481877685e-01,-4.387089252e+00,1.000000000e+00,1.231909633e+00,9.950668812e-01
68,1,1.025476933e+00,3.701201677e-01,-1.545687318e+00,1.663290501e+00,1.192227602e-01,-2.797571898e+00,-2.785375118e+00,-2.247480392e+00,-2.226201773e+00,-1.592183113e+00,-2.944293261e+00,-3.451970100e+00,-2.189707518e+00,8.000000000e+00,1.200000000e+01,2.000000000e+01,0.000000000e+00,1.136580586e+00,2.160494804e+00,3.622606695e-01,1.000000000e+00,-1.915786743e+00,-3.832060814e+00,-1.705754399e-01,2.160490036e+00,-2.766717196e+00,-2.571017742e+00,2.965032816e+00,2.189707518e+00,0.000000000e+00,0.000000000e+00,0.000000000e+00,0.000000000e+00,-1.000000000e+00,-1.000000000e+00,-1.000000000e+00,0.000000000e+00,-9.999956489e-01,4.141753038e-07,1.000000000e+00,-6.989678144e-01,1.000000000e+00,4.141753038e-07,9.950835705e-01
68,2,6.683999896e-01,3.952288628e-01,-1.523908377e+00,1.003688931e+00,1.585911810e-01,-2.585056067e+00,-2.635491848e+00,-9.609075785e-01,-1.228859305e+00,-6.877382398e-01,-2.632572651e+00,-2.858080864e+00,1.242040873e+00,0.000000000e+00,5.000000000e+00,6.000000000e+00,0.000000000e+00,1.589043140e+00,1.769878387e+00,2.255379260e-01,1.000000000e+00,-1.919115543e+00,-3.880202055e+00,1.721502304e+00,1.420077205e+00,9.740727395e-02,-2.192255259e+00,2.397012711e-01,1.242040873e+00,0.000000000e+00,0.000000000e+00,0.000000000e+00,0.000000000e+00,-1.000000000e+00,-1.000000000e+00,-1.000000000e+00,0.000000000e+00,-9.999956489e-01,4.141753038e-07,1.000000000e+00,-6.989678144e-01,1.000000000e+00,1.223654389e+00,9.935109019e-01
68,3,8.287656903e-01,4.896030724e-01,-1.525018215e+00,1.422199488e+00,-4.019810259e-02,-3.088236094e+00,-3.083554745e+00,-2.536592960e+00,-2.545647383e+00,-2.197511435e+00,-2.844320774e+00,-3.426769495e+00,1.416981339e+00,3.000000000e+00,9.000000000e+00,1.700000000e+01,0.000000000e+00,1.650327206e+00,3.022743702e+00,1.917507499e-01,1.000000000e+00,-2.014590740e+00,-4.025860310e+00,1.172866970e-01,3.022743225e+00,-2.917757034e+00,-2.353700399e+00,3.253560543e+00,1.416981339e+00,0.000000000e+00,0.000000000e+00,0.000000000e+00,0.000000000e+00,-1.000000000e+00,-1.000000000e+00,-1.000000000e+00,0.000000000e+00,-9.999956489e-01,4.141753038e-07,1.000000000e+00,-6.989678144e-01,1.000000000e+00,1.185723618e-01,9.786486030e-01
68,4,8.515706062e-01,4.762151837e-01,-1.521502018e+00,1.749796629e+00,2.057288736e-01,-3.050379038e+00,-3.050472021e+00,-2.560160398e+00,-2.575494528e+00,-2.184896231e+00,-2.850333452e+00,-3.425065279e+00,1.509765506e+00,5.000000000e+00,1.100000000e+01,2.000000000e+01,0.000000000e+00,-1.159501895e-01,2.126996517e+00,4.487668276e-01,1.000000000e+00,-1.997688293e+00,-3.992512226e+00,-1.689604670e-02,2.126985312e+00,-3.068260908e+00,-2.372984409e+00,2.534407377e+00,1.509765506e+00,4.000000000e+00,4.000000000e+00,0.000000000e+00,3.000000000e+00,4.000000000e+00,6.000000000e+00,1.000000000e+00,1.000000000e+00,-2.877267838e+00,-2.680791140e+00,-1.364713430e+00,-2.876364231e+00,1.000000000e+00,4.141753038e-07,9.822334051e-01
68,5,8.525557518e-01,4.704765379e-01,-1.576349735e+00,1.581216216e+00,8.985490352e-02,-3.014862299e+00,-2.976088285e+00,-2.464616537e+00,-2.379724026e+00,-2.082611084e+00,-2.901587725e+00,-3.396308422e+00,1.526808977e+00,4.000000000e+00,1.100000000e+01,1.800000000e+01,0.000000000e+00,4.392952919e-01,2.302378178e+00,3.259439468e-01,1.000000000e+00,-2.046794176e+00,-4.090834141e+00,6.105672121e-01,2.302288294e+00,-2.239661932e+00,-2.428805351e+00,1.988860130e+00,1.526808977e+00,4.000000000e+00,4.000000000e+00,0.000000000e+00,3.000000000e+00,4.000000000e+00,6.000000000e+00,1.000000000e+00,1.000000000e+00,-5.095060349e+00,-1.818587303e+00,4.697429538e-01,-5.089324474e+00,1.000000000e+00,4.141753038e-07,9.835542440e-01
68,6,7.150233388e-01,2.717066109e-01,-1.754542708e+00,1.480246663e+00,-3.826684877e-02,-2.832301378e+00,-2.827958822e+00,-2.384268045e+00,-2.389769077e+00,-1.941018343e+00,-2.745693207e+00,-3.275094509e+00,1.679760337e+00,4.000000000e+00,1.100000000e+01,1.900000000e+01,0.000000000e+00,1.074943542e+00,2.478528261e+00,2.014932781e-01,1.000000000e+00,-2.026227713e+00,-4.052259445e+00,-4.588612020e-01,2.478528023e+00,-3.119871855e+00,-2.469462633e+00,3.385903358e+00,1.679760337e+00,0.000000000e+00,0.000000000e+00,0.000000000e+00,0.000000000e+00,-1.000000000e+00,-1.000000000e+00,-1.000000000e+00,0.000000000e+00,-9.999956489e-01,4.141753038e-07,1.000000000e+00,-6.989678144e-01,0.000000000e+00,4.141753038e-07,9.980946183e-01
68,7,5.838741064e-01,1.461720765e-01,-1.879289865e+00,1.381710172e+00,-1.368031800e-01,-2.708622694e+00,-2.704642296e+00,-2.264073372e+00,-2.267407179e+00,-1.826421857e+00,-2.617416382e+00,-3.145938873e+00,1.665887713e+00,5.000000000e+00,1.100000000e+01,1.900000000e+01,0.000000000e+00,4.366459846e-01,2.044790268e+00,1.029568911e-01,1.000000000e+00,-2.025448561e+00,-4.054267883e+00,1.453227177e-02,2.044771433e+00,-2.399018764e+00,-2.463070631e+00,2.471198559e+00,1.665887713e+00,0.000000000e+00,0.000000000e+00,0.000000000e+00,0.000000000e+00,-1.000000000e+00,-1.000000000e+00,-1.000000000e+00,0.000000000e+00,-9.999956489e-01,4.141753038e-07,1.000000000e+00,-6.989678144e-01,0.000000000e+00,4.141753038e-07,9.992536902e-01
68,8,1.127037883e+00,5.144501328e-01,-1.452919245e+00,1.688641667e+00,1.701280177e-01,-2.980365753e+00,-2.973828793e+00,-2.532995224e+00,-2.516875744e+00,-1.920519352e+00,-3.095794201e+00,-3.591669559e+00,2.088453531e+00,7.000000000e+00,1.100000000e+01,1.900000000e+01,0.000000000e+00,8.984411955e-01,2.369776726e+00,4.098882377e-01,1.000000000e+00,-1.967341304e+00,-3.932942152e+00,-3.838397861e-01,2.369776249e+00,-3.414180756e+00,-2.579804420e+00,3.349734306e+00,2.088453531e+00,3.000000000e+00,3.000000000e+00,0.000000000e+00,2.000000000e+00,-5.000000000e+00,3.200000000e+01,3.000000000e+00,1.000000000e+00,-5.213430882e+00,-2.437245607e+00,-9.367833138e-01,-5.212106228e+00,1.000000000e+00,4.141753038e-07,9.695714116e-01
68,9,1.068702102e+00,4.966846704e-01,-1.443230152e+00,1.861548066e+00,3.701865673e-01,-2.975269556e+00,-2.978274107e+00,-2.456129313e+00,-2.468051672e+00,-1.884202600e+00,-3.009865522e+00,-3.546167374e+00,1.991819739e+00,6.000000000e+00,1.000000000e+01,1.800000000e+01,1.000000000e+00,3.563480079e-01,2.063024282e+00,6.062756777e-01,9.473684430e-01,-1.939888835e+00,-3.878241062e+00,8.039034605e-01,2.062364817e+00,-2.160897493e+00,-2.511803150e+00,1.842384815e+00,1.991819739e+00,4.000000000e+00,4.000000000e+00,0.000000000e+00,2.000000000e+00,-5.000000000e+00,3.200000000e+01,3.000000000e+00,1.000000000e+00,-4.878282547e+00,-1.842305660e+00,1.827832460e-01,-4.872548580e+00,1.000000000e+00,4.141753038e-07,9.764211774e-01
68,10,9.977345467e-01,4.027166665e-01,-1.536681533e+00,1.288359284e+00,-7.336809486e-02,-3.000281572e+00,-2.911076784e+00,-1.830611587e+00,-1.881989837e+00,-1.235615492e+00,-2.940956831e+00,-3.594025612e+00,2.046681404e+00,1.000000000e+00,7.000000000e+00,1.400000000e+01,0.000000000e+00,6.225752234e-01,1.548238993e+00,1.422314793e-01,1.000000000e+00,-1.939375162e+00,-3.879709721e+00,4.522231817e-01,1.546838999e+00,-1.832486868e+00,-2.534282207e+00,1.741004229e+00,2.046681404e+00,0.000000000e+00,0.000000000e+00,0.000000000e+00,0.000000000e+00,-1.000000000e+00,-1.000000000e+00,-1.000000000e+00,0.000000000e+00,-9.999956489e-01,4.141753038e-07,1.000000000e+00,-6.989678144e-01,0.000000000e+00,4.141753038e-07,9.929293990e-01
68,11,1.037182331e+00,4.400412440e-01,-1.511886001e+00,1.707289815e+00,2.159283608e-01,-2.910081148e+00,-2.901319027e+00,-2.458713770e+00,-2.432596922e+00,-1.861665845e+00,-2.991124630e+00,-3.506180286e+00,2.051735163e+00,6.000000000e+00,1.100000000e+01,1.800000000e+01,0.000000000e+00,1.076166391e+00,2.399783134e+00,4.520174265e-01,1.000000000e+00,-1.951902390e+00,-3.902823210e+00,-6.183681637e-02,2.399780512e+00,-2.934219599e+00,-2.548928738e+00,3.032499313e+00,2.051735163e+00,0.000000000e+00,0.000000000e+00,0.000000000e+00,0.000000000e+00,-1.000000000e+00,-1.000000000e+00,-1.000000000e+00,0.000000000e+00,-9.999956489e-01,4.141753038e-07,1.000000000e+00,-6.989678144e-01,0.000000000e+00,4.141753038e-07,9.889150262e-01
68,12,1.311580658e+00,7.279947996e-01,-1.235438704e+00,1.593450785e+00,4.938306287e-02,-3.205365658e+00,-3.192403793e+00,-2.745037079e+00,-2.709630013e+00,-2.161629677e+00,-3.274842262e+00,-3.786981583e+00,2.019439697e+00,7.000000000e+00,1.100000000e+01,2.000000000e+01,1.000000000e+00,3.451576531e-01,2.334353924e+00,2.924209535e-01,9.523809552e-01,-1.963400960e+00,-3.923861027e+00,6.424558163e-01,2.334264278e+00,-2.795120478e+00,-2.546873808e+00,2.239917755e+00,2.019439697e+00,4.000000000e+00,4.000000000e+00,0.000000000e+00,3.000000000e+00,5.000000000e+00,5.000000000e+00,4.000000000e+00,1.000000000e+00,-5.695851326e+00,-1.771955013e+00,3.977297246e-01,-5.692170143e+00,1.000000000e+00,4.141753038e-07,3.337759078e-01
68,13,1.169396639e+00,5.341533422e-01,-1.415037036e+00,1.573095560e+00,2.902792767e-02,-2.955302477e+00,-2.979882240e+00,-2.358686447e+00,-2.466913939e+00,-1.723519206e+00,-3.120002508e+00,-3.589247942e+00,2.142160416e+00,7.000000000e+00,1.100000000e+01,2.000000000e+01,0.000000000e+00,8.792397976e-01,2.163162231e+00,2.720658183e-01,1.000000000e+00,-1.949162960e+00,-3.896941185e+00,-1.348041296e+00,2.163162231e+00,-4.339646339e+00,-2.584278107e+00,4.251883984e+00,2.142160416e+00,0.000000000e+00,0.000000000e+00,0.000000000e+00,0.000000000e+00,-1.000000000e+00,-1.000000000e+00,-1.000000000e+00,0.000000000e+00,-9.999956489e-01,4.141753038e-07,1.000000000e+00,-6.989678144e-01,1.000000000e+00,4.141753038e-07,9.592227340e-01
68,14,1.084398746e+00,3.917816281e-01,-1.460472107e+00,1.882074356e+00,3.380065262e-01,-3.095349073e+00,-3.051107883e+00,-2.502736330e+00,-2.468212605e+00,-1.810229182e+00,-2.936905384e+00,-3.785847187e+00,2.277497768e+00,8.000000000e+00,1.200000000e+01,2.000000000e+01,0.000000000e+00,1.731154919e+00,2.675834894e+00,5.810445547e-01,1.000000000e+00,-1.852235198e+00,-3.702951670e+00,-2.609454691e-01,2.675834656e+00,-3.120494366e+00,-2.544731140e+00,3.594631195e+00,2.277497768e+00,1.000000000e+00,1.000000000e+00,0.000000000e+00,1.000000000e+00,5.000000000e+00,1.700000000e+01,1.000000000e+00,1.000000000e+00,-1.411631346e+00,-1.851350307e+00,1.408733800e-02,-1.405559063e+00,1.000000000e+00,1.346687078e+00,9.937592745e-01
68,15,1.115317941e+00,3.940810561e-01,-1.507609725e+00,1.779192686e+00,2.351249158e-01,-3.037682295e+00,-3.061600924e+00,-2.306208849e+00,-2.412221670e+00,-1.585043192e+00,-3.017740011e+00,-3.756904840e+00,2.344706535e+00,8.000000000e+00,1.100000000e+01,2.000000000e+01,0.000000000e+00,1.726930976e+00,2.448527336e+00,4.781628847e-01,1.000000000e+00,-1.901669860e+00,-3.801818848e+00,-6.145458296e-02,2.448525429e+00,-2.867549658e+00,-2.622759342e+00,3.337125063e+00,2.344706535e+00,1.000000000e+00,1.000000000e+00,0.000000000e+00,1.000000000e+00,5.000000000e+00,1.700000000e+01,1.000000000e+00,1.000000000e+00,-4.310316563e+00,-2.053175926e+00,-2.953220606e-01,-4.306569099e+00,1.000000000e+00,1.354547739e+00,9.935949445e-01
69,0,9.792569876e-01,3.531598449e-01,-1.623116374e+00,1.860413313e+00,3.690518141e-01,-2.812227249e+00,-2.806093216e+00,-2.289446592e+00,-2.287608862e+00,-1.663414001e+00,-2.959540606e+00,-3.437415838e+00,-2.120498896e+00,6.000000000e+00,1.100000000e+01,1.800000000e+01,0.000000000e+00,2.154967934e-01,1.771199465e+00,6.051409245e-01,1.000000000e+00,-1.976253152e+00,-3.953058243e+00,-2.675252259e-01,1.771181226e+00,-2.908027172e+00,-2.602217674e+00,2.662810326e+00,2.120498896e+00,0.000000000e+00,0.000000000e+00,0.000000000e+00,0.000000000e+00,-1.000000000e+00,-1.000000000e+00,-1.000000000e+00,0.000000000e+00,-9.999956489e-01,4.141753038e-07,1.000000000e+00,-6.989678144e-01,0.000000000e+00,4.141753038e-07,9.958885312e-01
69,1,8.187934756e-01,2.504326105e-01,-1.828766823e+00,1.611471653e+00,1.490740031e-01,-2.739412308e+00,-2.740222454e+00,-2.296912670e+00,-2.301802874e+00,-1.728614450e+00,-2.907640696e+00,-3.307129860e+00,-1.983077884e+00,7.000000000e+00,1.000000000e+01,1.700000000e+01,1.000000000e+00,8.125669360e-01,2.134921074e+00,3.810229897e-01,9.444444180e-01,-2.079176426e+00,-4.162073135e+00,-1.740903139e+00,2.134921074e+00,-4.284800529e+00,-2.647396564e+00,4.444333553e+00,1.983077884e+00,0.000000000e+00,0.000000000e+00,0.000000000e+00,0.000000000e+00,-1.000000000e+00,-1.000000000e+00,-1.000000000e+00,0.000000000e+00,-9.999956489e-01,4.141753038e-07,1.000000000e+00,-6.989678144e-01,0.000000000e+00,4.141753038e-07,9.984059930e-01
69,2,1.019482255e+00,4.178927243e-01,-1.504147768e+00,1.765008330e+00,2.464946061e-01,-2.892346382e+00,-2.886277676e+00,-2.374907494e+00,-2.376393080e+00,-1.773394823e+00,-2.943508387e+00,-3.492921829e+00,-2.062318563e+00,7.000000000e+00,1.100000000e+01,1.900000000e+01,0.000000000e+00,9.725415111e-01,2.259732246e+00,4.862548709e-01,1.000000000e+00,-1.922017813e+00,-3.843422890e+00,4.104871154e-01,2.259688616e+00,-2.383796930e+00,-2.523498774e+00,2.452237368e+00,2.062318563e+00,4.000000000e+00,4.000000000e+00,0.000000000e+00,3.000000000e+00,-5.000000000e+00,7.000000000e+00,3.000000000e+00,1.000000000e+00,-4.658307552e+00,-1.836363792e+00,1.840740293e-01,-4.652307510e+00,1.000000000e+00,4.141753038e-07,9.915485978e-01
69,3,7.798078060e-01,3.094539046e-01,-1.289893508e+00,1.061914682e+00,1.076725051e-01,-2.234921217e+00,-2.229589462e+00,-5.156950951e-01,-7.545468211e-01,-4.534197226e-02,-2.446727037e+00,-2.705129623e+00,-1.746203542e+00,0.000000000e+00,4.000000000e+00,7.000000000e+00,0.000000000e+00,5.717585087e-01,8.622407913e-01,2.168168873e-01,1.000000000e+00,-1.599338412e+00,-3.265595436e+00,8.509984016e-01,2.136965096e-01,-2.130038887e-01,-2.069658756e+00,7.190476358e-02,1.746203542e+00,0.000000000e+00,0.000000000e+00,0.000000000e+00,0.000000000e+00,-1.000000000e+00,-1.000000000e+00,-1.000000000e+00,0.000000000e+00,-9.999956489e-01,4.141753038e-07,1.000000000e+00,-6.989678144e-01,0.000000000e+00,4.141753038e-07,9.973263741e-01
69,4,6.318767667e-01,2.158428431e-01,-1.786395550e+00,1.440274954e+00,-7.823848724e-02,-2.781063318e+00,-2.776057482e+00,-2.236230373e+00,-2.240296125e+00,-1.820242286e+00,-2.639130831e+00,-3.196676254e+00,-1.612083316e+00,6.000000000e+00,1.000000000e+01,1.900000000e+01,0.000000000e+00,2.395676523e-01,1.940056562e+00,1.615216285e-01,1.000000000e+00,-2.002221107e+00,-4.005289555e+00,-5.608859062e-01,1.940054417e+00,-3.016650200e+00,-2.418184996e+00,2.920767784e+00,1.612083316e+00,0.000000000e+00,0.000000000e+00,0.000000000e+00,0.000000000e+00,-1.000000000e+00,-1.000000000e+00,-1.000000000e+00,0.000000000e+00,-9.999956489e-01,4.141753038e-07,1.000000000e+00,-6.989678144e-01,0.000000000e+00,4.141753038e-07,9.987857938e-01
69,5,7.518262863e-01,3.954361975e-01,-1.571500301e+00,1.303339243e+00,-1.887966506e-02,-2.995168447e+00,-2.990565538e+00,-2.535629988e+00,-2.552650928e+00,-2.179323435e+00,-2.720074892e+00,-3.351012707e+00,-1.461377025e+00,4.000000000e+00,8.000000000e+00,1.300000000e+01,0.000000000e+00,7.701954842e-01,2.564489126e+00,1.893960834e-01,1.000000000e+00,-1.966912270e+00,-3.931702375e+00,1.336640269e-01,2.564486265e+00,-2.814295053e+00,-2.323251247e+00,2.804125547e+00,1.461377025e+00,1.000000000e+00,1.000000000e+00,0.000000000e+00,2.000000000e+00,4.000000000e+00,2.900000000e+01,2.000000000e+00,1.000000000e+00,-1.476325631e+00,-1.704530120e+00,5.078181028e-01,-1.467834473e+00,1.000000000e+00,4.141753038e-07,9.934955835e-01
69,6,8.254003525e-01,5.040850639e-01,-1.452367783e+00,1.318809390e+00,2.048662305e-01,-2.718451262e+00,-2.806060791e+00,-1.129275560e+00,-1.512642741e+00,-8.079632521e-01,-2.786337852e+00,-3.039517879e+00,-1.370491385e+00,0.000000000e+00,6.000000000e+00,9.000000000e+00,1.000000000e+00,1.737135053e+00,1.692783475e+00,3.645669818e-01,8.999999762e-01,-1.956425667e+00,-3.914090157e+00,1.130386949e+00,1.675848484e+00,-8.863515854e-01,-2.277698040e+00,1.250151396e+00,1.370491385e+00,0.000000000e+00,0.000000000e+00,0.000000000e+00,0.000000000e+00,-1.000000000e+00,-1.000000000e+00,-1.000000000e+00,0.000000000e+00,-9.999956489e-01,4.141753038e-07,1.000000000e+00,-6.989678144e-01,0.000000000e+00,4.141753038e-07,9.738058448e-01
69,7,5.173482895e-01,2.655464113e-01,-1.763645649e+00,1.496613383e+00,6.524999440e-02,-2.911219358e+00,-2.915702820e+00,-2.377821207e+00,-2.406452656e+00,-2.126064777e+00,-2.548981667e+00,-3.162743330e+00,-1.183282733e+00,4.000000000e+00,1.000000000e+01,1.600000000e+01,0.000000000e+00,6.730246544e-01,2.463540792e+00,2.924936116e-01,1.000000000e+00,-2.029170513e+00,-4.056034565e+00,1.342981339e+00,2.462290764e+00,-1.329119205e+00,-2.280936003e+00,1.399745226e+00,1.183282733e+00,0.000000000e+00,0.000000000e+00,0.000000000e+00,0.000000000e+00,-1.000000000e+00,-1.000000000e+00,-1.000000000e+00,0.000000000e+00,-9.999956489e-01,4.141753038e-07,1.000000000e+00,-6.989678144e-01,0.000000000e+00,4.141753038e-07,9.981921315e-01
69,8,7.624207139e-01,5.109928846e-01,-1.564212799e+00,1.250749826e+00,-1.471896470e-01,-3.144928217e+00,-3.162398338e+00,-2.645327568e+00,-2.717005730e+00,-2.393984079e+00,-2.838428497e+00,-3.395880938e+00,-1.182242632e+00,3.000000000e+00,9.000000000e+00,1.500000000e+01,0.000000000e+00,-7.516983151e-02,2.356507301e+00,7.465886325e-02,1.000000000e+00,-2.075169802e+00,-4.145415783e+00,-3.263694942e-01,2.356506348e+00,-3.553040743e+00,-2.326557159e+00,3.005537271e+00,1.182242632e+00,2.000000000e+00,1.000000000e+00,1.000000000e+00,3.000000000e+00,-2.000000000e+00,9.000000000e+00,1.000000000e+00,1.000000000e+00,-5.214938641e+00,-2.688338041e+00,-1.224868774e+00,-5.214195251e+00,1.000000000e+00,4.141753038e-07,9.710643291e-01
69,9,7.984995246e-01,6.076984406e-01,-1.446313977e+00,1.579852939e+00,2.181253284e-01,-3.189649105e+00,-3.176317453e+00,-2.533976078e+00,-2.538229227e+00,-2.343227625e+00,-2.852853060e+00,-3.380079746e+00,-1.007279277e+00,4.000000000e+00,9.000000000e+00,1.400000000e+01,0.000000000e+00,1.928306818e-01,2.440268517e+00,4.337250590e-01,1.000000000e+00,-2.053975344e+00,-4.103145599e+00,1.247329473e+00,2.439373732e+00,-1.898713827e+00,-2.244749308e+00,1.387091637e+00,1.007279277e+00,0.000000000e+00,0.000000000e+00,0.000000000e+00,0.000000000e+00,-1.000000000e+00,-1.000000000e+00,-1.000000000e+00,0.000000000e+00,-9.999956489e-01,4.141753038e-07,1.000000000e+00,-6.989678144e-01,0.000000000e+00,4.141753038e-07,8.693767786e-01
69,10,9.328299761e-01,9.230322838e-01,-1.182433724e+00,1.463881493e+00,1.483886153e-03,-3.523941994e+00,-3.611884594e+00,-2.679844856e+00,-3.070927382e+00,-2.670051813e+00,-3.037840128e+00,-3.533706427e+00,-2.132140100e-01,5.000000000e+00,1.000000000e+01,1.700000000e+01,0.000000000e+00,1.691150188e+00,3.516277790e+00,2.334328145e-01,1.000000000e+00,-2.105417252e+00,-4.203954697e+00,2.210357189e+00,3.515746355e+00,-1.784087658e+00,-2.115213633e+00,1.706569910e+00,2.132140100e-01,0.000000000e+00,0.000000000e+00,0.000000000e+00,0.000000000e+00,-1.000000000e+00,-1.000000000e+00,-1.000000000e+00,0.000000000e+00,-9.999956489e-01,4.141753038e-07,1.000000000e+00,-6.989678144e-01,0.000000000e+00,4.141753038e-07,1.167375478e-03
69,11,1.144660234e+00,1.140677929e+00,-9.944185019e-01,1.277694702e+00,-1.536684483e-01,-3.532723188e+00,-3.803907633e+00,-2.590505123e+00,-3.096795797e+00,-2.586524487e+00,-3.278932810e+00,-3.536691904e+00,-1.356292963e-01,4.000000000e+00,1.000000000e+01,1.600000000e+01,1.000000000e+00,1.695077419e+00,3.434513807e+00,7.357504964e-02,9.411764741e-01,-2.135041475e+00,-4.262183189e+00,2.013669968e+00,3.434201002e+00,-2.224273920e+00,-2.139023304e+00,1.931172609e+00,1.356292963e-01,0.000000000e+00,0.000000000e+00,0.000000000e+00,0.000000000e+00,-1.000000000e+00,-1.000000000e+00,-1.000000000e+00,0.000000000e+00,-9.999956489e-01,4.141753038e-07,1.000000000e+00,-6.989678144e-01,0.000000000e+00,4.141753038e-07,2.159486634e-08
69,12,7.733226418e-01,7.719581127e-01,-1.404275537e+00,1.305523872e+00,-9.241562337e-02,-3.328495741e+00,-3.518516541e+00,-2.342844248e+00,-2.756538391e+00,-2.341480017e+00,-2.949181080e+00,-3.329857349e+00,-7.931251079e-02,3.000000000e+00,9.000000000e+00,1.500000000e+01,1.000000000e+00,7.800198793e-01,2.731588364e+00,1.294329017e-01,9.375000000e-01,-2.176179409e+00,-4.342819691e+00,3.305465579e-01,2.731584787e+00,-3.197513103e+00,-2.177543640e+00,2.816133499e+00,7.931251079e-02,0.000000000e+00,0.000000000e+00,0.000000000e+00,0.000000000e+00,-1.000000000e+00,-1.000000000e+00,-1.000000000e+00,0.000000000e+00,-9.999956489e-01,4.141753038e-07,1.000000000e+00,-6.989678144e-01,0.000000000e+00,4.141753038e-07,1.382274926e-01
69,13,3.678000867e-01,3.601036668e-01,-1.763080835e+00,1.716066599e+00,2.536687851e-01,-3.064402580e+00,-3.103198767e+00,-2.387263060e+00,-2.584650993e+00,-2.379568577e+00,-2.490972281e+00,-3.072089911e+00,1.888202876e-01,4.000000000e+00,1.000000000e+01,1.700000000e+01,0.000000000e+00,1.539161325e+00,3.149253130e+00,4.856177568e-01,1.000000000e+00,-2.123151779e+00,-4.238922119e+00,-9.124255180e-01,3.149253130e+00,-3.854234695e+00,-2.130847216e+00,4.265465260e+00,1.888202876e-01,0.000000000e+00,0.000000000e+00,0.000000000e+00,0.000000000e+00,-1.000000000e+00,-1.000000000e+00,-1.000000000e+00,0.000000000e+00,-9.999956489e-01,4.141753038e-07,1.000000000e+00,-6.989678144e-01,0.000000000e+00,4.141753038e-07,9.955798984e-01
69,14,4.940299988e-01,4.582664371e-01,-1.654966831e+00,1.379851818e+00,-5.151153356e-02,-3.168472767e+00,-3.212817430e+00,-2.576514721e+00,-2.737512827e+00,-2.540763855e+00,-2.607362032e+00,-3.204181194e+00,4.114215672e-01,4.000000000e+00,1.000000000e+01,1.600000000e+01,0.000000000e+00,5.632753372e-01,2.822553158e+00,1.757320315e-01,1.000000000e+00,-2.113196373e+00,-4.219501019e+00,1.939343065e-01,2.822551966e+00,-3.001646280e+00,-2.148955107e+00,2.825301409e+00,4.114215672e-01,0.000000000e+00,0.000000000e+00,0.000000000e+00,0.000000000e+00,-1.000000000e+00,-1.000000000e+00,-1.000000000e+00,0.000000000e+00,-9.999956489e-01,4.141753038e-07,1.000000000e+00,-6.989678144e-01,0.000000000e+00,4.141753038e-07,9.860044122e-01
70,0,1.071271777e+00,6.538681984e-01,-1.395174146e+00,1.417585254e+00,-1.377805136e-02,-3.179141760e+00,-3.181632042e+00,-2.602948666e+00,-2.618685722e+00,-2.185652494e+00,-3.120767355e+00,-3.595487595e+00,-1.615497231e+00,4.000000000e+00,1.000000000e+01,1.600000000e+01,0.000000000e+00,6.065930128e-01,2.489103556e+00,2.134655416e-01,1.000000000e+00,-2.049004316e+00,-4.093699932e+00,8.248203993e-01,2.489001751e+00,-2.447792292e+00,-2.466329575e+00,2.097301483e+00,1.615497231e+00,4.000000000e+00,4.000000000e+00,0.000000000e+00,3.000000000e+00,-5.000000000e+00,1.000000000e+01,1.000000000e+00,1.000000000e+00,-5.542294025e+00,-2.820526838e+00,-1.544818401e+00,-5.541866779e+00,1.000000000e+00,4.141753038e-07,7.283769250e-01
70,1,5.468085408e-01,1.451689601e-01,-1.570597053e+00,5.143222213e-01,-3.307750225e-01,-2.724267960e+00,-2.691577673e+00,-2.207615137e+00,-2.191293240e+00,-1.806017637e+00,-2.264260292e+00,-3.125557661e+00,-1.576086760e+00,4.000000000e+00,5.000000000e+00,6.000000000e+00,0.000000000e+00,1.082153678e+00,2.347134829e+00,-2.638283372e-01,1.000000000e+00,-1.715759277e+00,-3.432137251e+00,2.689688504e-01,2.347119808e+00,-2.067509890e+00,-2.117364645e+00,2.463429928e+00,1.576086760e+00,0.000000000e+00,0.000000000e+00,0.000000000e+00,0.000000000e+00,-1.000000000e+00,-1.000000000e+00,-1.000000000e+00,0.000000000e+00,-9.999956489e-01,4.141753038e-07,1.000000000e+00,-6.989678144e-01,0.000000000e+00,4.141753038e-07,9.992585778e-01
70,2,5.741366148e-01,3.402025104e-01,-1.716573954e+00,1.389224052e+00,-1.292893291e-01,-2.952272654e+00,-2.939623356e+00,-2.381712914e+00,-2.366081715e+00,-2.147822380e+00,-2.632638216e+00,-3.185929298e+00,-1.133133650e+00,3.000000000e+00,9.000000000e+00,1.900000000e+01,0.000000000e+00,1.542876005e+00,2.919325829e+00,1.104707643e-01,1.000000000e+00,-2.056749344e+00,-4.109857559e+00,6.791055799e-01,2.919318676e+00,-2.027233124e+00,-2.290648222e+00,2.458491325e+00,1.133133650e+00,3.000000000e+00,3.000000000e+00,0.000000000e+00,3.000000000e+00,-4.000000000e+00,2.000000000e+01,1.000000000e+00,1.000000000e+00,-4.317836761e+00,-1.821372628e+00,4.577886760e-01,-4.311468124e+00,1.000000000e+00,6.472700238e-01,9.963971972e-01
70,3,5.960623026e-01,3.057798445e-01,-1.774444342e+00,1.447625399e+00,1.626203395e-02,-2.807642698e+00,-2.800016165e+00,-2.339786053e+00,-2.344401836e+00,-2.049549818e+00,-2.681673050e+00,-3.097660065e+00,-1.288261771e+00,4.000000000e+00,9.000000000e+00,1.600000000e+01,0.000000000e+00,1.443446398e+00,2.771321774e+00,2.435056865e-01,1.000000000e+00,-2.080197573e+00,-4.159749985e+00,-5.516221523e-01,2.771321774e+00,-3.201210260e+00,-2.370430470e+00,3.617502928e+00,1.288261771e+00,0.000000000e+00,0.000000000e+00,0.000000000e+00,0.000000000e+00,-1.000000000e+00,-1.000000000e+00,-1.000000000e+00,0.000000000e+00,-9.999956489e-01,4.141753038e-07,1.000000000e+00,-6.989678144e-01,0.000000000e+00,4.141753038e-07,9.974164963e-01
70,4,5.731330514e-01,3.107731640e-01,-1.759498477e+00,1.313462615e+00,-8.756297641e-03,-2.951203823e+00,-2.958478928e+00,-2.404592514e+00,-2.434702158e+00,-2.142282724e+00,-2.645889044e+00,-3.213242054e+00,-1.212467432e+00,3.000000000e+00,8.000000000e+00,1.300000000e+01,1.000000000e+00,4.724742845e-02,2.165982962e+00,1.995194554e-01,9.285714030e-01,-2.070245266e+00,-4.137246609e+00,1.735020429e-01,2.165960550e+00,-2.571929455e+00,-2.332562923e+00,2.284856796e+00,1.212467432e+00,0.000000000e+00,0.000000000e+00,0.000000000e+00,0.000000000e+00,-1.000000000e+00,-1.000000000e+00,-1.000000000e+00,0.000000000e+00,-9.999956489e-01,4.141753038e-07,1.000000000e+00,-6.989678144e-01,0.000000000e+00,4.141753038e-07,9.972930551e-01
70,5,4.297551811e-01,3.123047650e-01,-1.744629979e+00,1.023610950e+00,-2.986075282e-01,-2.994827747e+00,-2.997325897e+00,-2.495222807e+00,-2.546629667e+00,-2.377804518e+00,-2.487746954e+00,-3.112145185e+00,-7.689983249e-01,4.000000000e+00,9.000000000e+00,1.300000000e+01,1.000000000e+00,3.376404047e-01,2.546729565e+00,-9.033191204e-02,9.285714030e-01,-2.056909084e+00,-4.109459877e+00,5.688386783e-02,2.546727180e+00,-2.801928520e+00,-2.174344301e+00,2.658584118e+00,7.689983249e-01,0.000000000e+00,0.000000000e+00,0.000000000e+00,0.000000000e+00,-1.000000000e+00,-1.000000000e+00,-1.000000000e+00,0.000000000e+00,-9.999956489e-01,4.141753038e-07,1.000000000e+00,-6.989678144e-01,0.000000000e+00,4.141753038e-07,9.972538352e-01
70,6,3.394885361e-01,2.694803178e-01,-1.832217693e+00,1.406342268e+00,-5.605518073e-02,-3.003175974e+00,-3.014916420e+00,-2.496480227e+00,-2.562114239e+00,-2.426492214e+00,-2.442037821e+00,-3.073107719e+00,-5.831735134e-01,4.000000000e+00,1.000000000e+01,1.700000000e+01,0.000000000e+00,1.748980761e+00,3.301098824e+00,1.758936644e-01,1.000000000e+00,-2.101672411e+00,-4.197498798e+00,-3.697406650e-01,3.301098585e+00,-3.200804234e+00,-2.171670914e+00,3.806133509e+00,5.831735134e-01,0.000000000e+00,0.000000000e+00,0.000000000e+00,0.000000000e+00,-1.000000000e+00,-1.000000000e+00,-1.000000000e+00,0.000000000e+00,-9.999956489e-01,4.141753038e-07,1.000000000e+00,-6.989678144e-01,0.000000000e+00,4.141753038e-07,9.981306195e-01
70,7,4.188508987e-01,3.799002767e-01,-1.733167648e+00,1.103313208e+00,-2.946259975e-01,-3.136146545e+00,-3.139735937e+00,-2.658688068e+00,-2.697068214e+00,-2.619754314e+00,-2.532115936e+00,-3.175041437e+00,-4.298842847e-01,4.000000000e+00,9.000000000e+00,1.500000000e+01,0.000000000e+00,8.048001528e-01,3.022335529e+00,-7.277756929e-02,1.000000000e+00,-2.113034725e+00,-4.219249249e+00,-5.951762795e-01,3.022335291e+00,-3.670324802e+00,-2.151980162e+00,3.694011688e+00,4.298842847e-01,1.000000000e+00,0.000000000e+00,1.000000000e+00,3.000000000e+00,-1.000000000e+00,5.000000000e+00,1.000000000e+00,1.000000000e+00,-1.925993919e+00,-1.633248329e+00,9.396706820e-01,-1.916005969e+00,1.000000000e+00,4.141753038e-07,9.945324659e-01
70,8,1.927003413e-01,1.726760119e-01,-1.958523631e+00,1.257255554e+00,-2.051417977e-01,-2.938128710e+00,-2.946097136e+00,-2.483564377e+00,-2.492290974e+00,-2.463546038e+00,-2.324313164e+00,-2.958135128e+00,-3.060091138e-01,4.000000000e+00,1.000000000e+01,1.700000000e+01,0.000000000e+00,1.359255075e+00,3.143299818e+00,2.680697478e-02,1.000000000e+00,-2.131180048e+00,-4.255058765e+00,-5.344984531e-01,3.143299818e+00,-3.198914528e+00,-2.151201725e+00,3.706091642e+00,3.060091138e-01,0.000000000e+00,0.000000000e+00,0.000000000e+00,0.000000000e+00,-1.000000000e+00,-1.000000000e+00,-1.000000000e+00,0.000000000e+00,-9.999956489e-01,4.141753038e-07,1.000000000e+00,-6.989678144e-01,0.000000000e+00,4.141753038e-07,9.991100430e-01
70,9,6.871493459e-01,1.126898825e-01,-1.608853579e+00,8.869645000e-01,-6.727754325e-02,-2.597252846e+00,-2.574935675e+00,-2.082864285e+00,-2.063623667e+00,-1.508443236e+00,-2.412283659e+00,-3.171239614e+00,1.997655034e+00,6.000000000e+00,5.000000000e+00,7.000000000e+00,0.000000000e+00,2.537418902e-01,1.635383129e+00,4.186676070e-02,1.000000000e+00,-1.721537828e+00,-3.445594072e+00,-1.452915370e-01,1.635323405e+00,-2.321564436e+00,-2.295934677e+00,2.335762024e+00,1.997655034e+00,0.000000000e+00,0.000000000e+00,0.000000000e+00,0.000000000e+00,-1.000000000e+00,-1.000000000e+00,-1.000000000e+00,0.000000000e+00,-9.999956489e-01,4.141753038e-07,1.000000000e+00,-6.989678144e-01,0.000000000e+00,4.141753038e-07,9.993937016e-01
70,10,9.139962792e-01,3.311270773e-01,-1.661517143e+00,1.475980163e+00,-4.253332317e-02,-2.810359716e+00,-2.808451176e+00,-2.349168539e+00,-2.365871906e+00,-1.766370893e+00,-2.911013842e+00,-3.392436504e+00,2.017730474e+00,7.000000000e+00,1.100000000e+01,1.900000000e+01,0.000000000e+00,-1.865059495e+00,8.370115161e-01,1.972267926e-01,1.000000000e+00,-1.992621183e+00,-3.985811710e+00,-6.885607541e-02,8.336356282e-01,-2.765702963e+00,-2.575369835e+00,1.501950622e+00,2.017730474e+00,0.000000000e+00,0.000000000e+00,0.000000000e+00,0.000000000e+00,-1.000000000e+00,-1.000000000e+00,-1.000000000e+00,0.000000000e+00,-9.999956489e-01,4.141753038e-07,1.000000000e+00,-6.989678144e-01,0.000000000e+00,4.141753038e-07,9.967080355e-01
70,11,9.779308438e-01,3.446580470e-01,-1.628119230e+00,1.721602917e+00,2.030892819e-01,-2.997256279e+00,-2.979862928e+00,-2.068763971e+00,-2.105563402e+00,-1.435530186e+00,-2.951723576e+00,-3.629108191e+00,2.137495756e+00,5.000000000e+00,1.000000000e+01,1.900000000e+01,0.000000000e+00,1.136684179e+00,2.004076719e+00,4.428495169e-01,1.000000000e+00,-1.972754717e+00,-3.943150282e+00,4.882652164e-01,2.003874779e+00,-1.961971879e+00,-2.605893135e+00,2.185668468e+00,2.137495756e+00,1.000000000e+00,1.000000000e+00,0.000000000e+00,1.000000000e+00,5.000000000e+00,1.100000000e+01,1.000000000e+00,1.000000000e+00,-4.862776756e+00,-1.513693094e+00,9.452064633e-01,-4.850611687e+00,1.000000000e+00,8.721953034e-01,9.962314963e-01
70,12,1.129472733e+00,4.066739976e-01,-8.483117819e-01,1.253238678e+00,2.989962995e-01,-2.823069334e+00,-2.707516670e+00,-2.377356529e+00,-2.270476103e+00,-1.654641509e+00,-2.384607553e+00,-3.544632435e+00,2.348369598e+00,7.000000000e+00,5.000000000e+00,7.000000000e+00,0.000000000e+00,1.672335505e+00,2.490831137e+00,4.081407189e-01,1.000000000e+00,-1.254980803e+00,-2.510088205e+00,2.897848561e-02,2.490828753e+00,-2.648059607e+00,-1.977746248e+00,3.077670813e+00,2.348369598e+00,1.000000000e+00,1.000000000e+00,0.000000000e+00,1.000000000e+00,5.000000000e+00,1.100000000e+01,1.000000000e+00,1.000000000e+00,-1.277293563e+00,-9.275543094e-01,5.578595400e-01,-1.228793502e+00,1.000000000e+00,8.565097451e-01,9.925968647e-01
71,0,1.178577900e+00,4.231062233e-01,-1.440982580e+00,1.626943827e+00,1.355824023e-01,-2.805623531e+00,-2.805791140e+00,-2.352121830e+00,-2.355601072e+00,-1.596730590e+00,-3.044990540e+00,-3.559794188e+00,-2.424885750e+00,8.000000000e+00,1.200000000e+01,1.800000000e+01,0.000000000e+00,2.013077021e+00,2.609389544e+00,3.716714680e-01,1.000000000e+00,-1.864068747e+00,-3.728663683e+00,1.837440968e+00,2.603092432e+00,-9.413608313e-01,-2.619391441e+00,1.524601817e+00,2.424885750e+00,0.000000000e+00,0.000000000e+00,0.000000000e+00,0.000000000e+00,-1.000000000e+00,-1.000000000e+00,-1.000000000e+00,0.000000000e+00,-9.999956489e-01,4.141753038e-07,1.000000000e+00,-6.989678144e-01,0.000000000e+00,4.141753038e-07,9.910019040e-01
71,1,1.881562233e+00,1.128518701e+00,-2.180751786e-02,9.661806226e-01,-1.477621347e-01,-2.712630033e+00,-2.707947731e+00,-1.178187966e+00,-1.486812353e+00,-4.251497984e-01,-3.030249119e+00,-3.464629889e+00,-2.419205427e+00,0.000000000e+00,5.000000000e+00,9.000000000e+00,0.000000000e+00,2.008777618e+00,1.430239320e+00,1.193846762e-02,1.000000000e+00,-1.150320530e+00,-2.299392939e+00,1.855239570e-01,1.429534554e+00,-2.429703712e+00,-1.903335452e+00,2.305676699e+00,2.419205427e+00,1.000000000e+00,1.000000000e+00,0.000000000e+00,1.000000000e+00,-5.000000000e+00,1.600000000e+01,3.000000000e+00,1.000000000e+00,-4.599517345e+00,-9.331637025e-01,5.420392156e-01,-4.553413391e+00,1.000000000e+00,4.141753038e-07,4.633389494e-08
71,2,1.165778160e+00,4.584082365e-01,-1.456184983e+00,1.540170550e+00,2.165699750e-02,-2.868253469e+00,-2.865581751e+00,-2.419315338e+00,-2.421156883e+00,-1.712036967e+00,-3.082446337e+00,-3.574311495e+00,-2.312164545e+00,9.000000000e+00,1.200000000e+01,1.900000000e+01,0.000000000e+00,1.521463156e+00,2.472791672e+00,2.614172101e-01,1.000000000e+00,-1.914569736e+00,-3.828860521e+00,-2.764647901e-01,2.472790956e+00,-3.155523300e+00,-2.621793747e+00,3.458252192e+00,2.312164545e+00,0.000000000e+00,0.000000000e+00,0.000000000e+00,0.000000000e+00,-1.000000000e+00,-1.000000000e+00,-1.000000000e+00,0.000000000e+00,-9.999956489e-01,4.141753038e-07,1.000000000e+00,-6.989678144e-01,0.000000000e+00,4.141753038e-07,9.859784245e-01
71,3,1.006428003e+00,2.492600530e-01,-1.310650826e+00,1.021178246e+00,-9.276463836e-02,-2.637193680e+00,-2.617919922e+00,-2.196145535e+00,-2.184535980e+00,-1.439033628e+00,-2.567661524e+00,-3.393474102e+00,2.428853035e+00,9.000000000e+00,7.000000000e+00,9.000000000e+00,0.000000000e+00,1.540055513e+00,2.209073305e+00,6.693603843e-02,1.000000000e+00,-1.559903860e+00,-3.120739937e+00,-2.682390451e+00,2.209073305e+00,-5.063092709e+00,-2.316997528e+00,5.606364727e+00,2.428853035e+00,0.000000000e+00,0.000000000e+00,0.000000000e+00,0.000000000e+00,-1.000000000e+00,-1.000000000e+00,-1.000000000e+00,0.000000000e+00,-9.999956489e-01,4.141753038e-07,1.000000000e+00,-6.989678144e-01,0.000000000e+00,4.141753038e-07,9.984211922e-01
71,4,1.226471543e+00,4.829725623e-01,-1.337023616e+00,1.580426335e+00,3.635869920e-02,-2.858479738e+00,-2.861925125e+00,-2.415170193e+00,-2.414336443e+00,-1.671763778e+00,-3.047781706e+00,-3.600557804e+00,2.396869898e+00,9.000000000e+00,1.200000000e+01,2.000000000e+01,0.000000000e+00,-3.588061407e-02,1.654033303e+00,2.793965936e-01,1.000000000e+00,-1.819976807e+00,-3.639901400e+00,1.318728179e-01,1.653837204e+00,-2.765295982e+00,-2.563345671e+00,2.264546394e+00,2.396869898e+00,1.000000000e+00,1.000000000e+00,0.000000000e+00,1.000000000e+00,5.000000000e+00,3.000000000e+00,1.000000000e+00,1.000000000e+00,-4.467637062e+00,-1.765707850e+00,1.235705540e-01,-4.460466862e+00,1.000000000e+00,1.424435854e+00,9.805184603e-01
72,0,6.393390298e-01,3.204574287e-01,-1.699481249e+00,1.492629290e+00,-7.557190955e-02,-2.938957453e+00,-2.939141750e+00,-2.475318193e+00,-2.497465134e+00,-2.156504154e+00,-2.661552906e+00,-3.257430315e+00,-1.364109635e+00,3.000000000e+00,9.000000000e+00,2.100000000e+01,0.000000000e+00,1.463661790e+00,2.888398170e+00,1.704102606e-01,1.000000000e+00,-2.019914627e+00,-4.037611485e+00,2.304978818e-01,2.888396978e+00,-2.587393284e+00,-2.338747263e+00,2.998854399e+00,1.364109635e+00,1.000000000e+00,1.000000000e+00,0.000000000e+00,2.000000000e+00,4.000000000e+00,2.000000000e+01,1.000000000e+00,1.000000000e+00,-5.222364902e+00,-2.967749596e+00,-1.895416141e+00,-5.221975803e+00,1.000000000e+00,4.141753038e-07,9.970322847e-01
72,1,2.924459279e-01,8.296697587e-02,-1.996838808e+00,1.165456295e+00,-2.659067810e-01,-2.762644529e+00,-2.759770870e+00,-2.302673340e+00,-2.320480585e+00,-2.093227386e+00,-2.378026724e+00,-2.971967697e+00,-1.062713981e+00,3.000000000e+00,9.000000000e+00,1.600000000e+01,0.000000000e+00,1.018666029e+00,2.602614403e+00,-3.866332397e-02,1.000000000e+00,-2.079796314e+00,-4.159221172e+00,-5.430680513e-01,2.602614164e+00,-2.946223736e+00,-2.289243221e+00,3.372656584e+00,1.062713981e+00,0.000000000e+00,0.000000000e+00,0.000000000e+00,0.000000000e+00,-1.000000000e+00,-1.000000000e+00,-1.000000000e+00,0.000000000e+00,-9.999956489e-01,4.141753038e-07,1.000000000e+00,-6.989678144e-01,0.000000000e+00,4.141753038e-07,9.994891882e-01
72,2,6.048231721e-01,2.887870669e-01,-1.628216505e+00,1.698702931e+00,4.199494720e-01,-2.903428555e+00,-2.894767761e+00,-2.366564274e+00,-2.378946066e+00,-2.050580025e+00,-2.523465157e+00,-3.219092846e+00,1.356634259e+00,4.000000000e+00,8.000000000e+00,1.200000000e+01,0.000000000e+00,1.017837048e+00,2.559547901e+00,6.195217371e-01,1.000000000e+00,-1.916985869e+00,-3.832843304e+00,-1.715357453e-01,2.559547186e+00,-2.839073181e+00,-2.232983828e+00,3.059350252e+00,1.356634259e+00,0.000000000e+00,0.000000000e+00,0.000000000e+00,0.000000000e+00,-1.000000000e+00,-1.000000000e+00,-1.000000000e+00,0.000000000e+00,-9.999956489e-01,4.141753038e-07,1.000000000e+00,-6.989678144e-01,1.000000000e+00,4.141753038e-07,9.977869987e-01
72,3,5.229103565e-01,2.104901820e-01,-1.785102367e+00,1.437172413e+00,-2.522515506e-02,-2.826796055e+00,-2.829819441e+00,-2.370210886e+00,-2.383286953e+00,-2.057842731e+00,-2.521999359e+00,-3.138909578e+00,1.347113609e+00,5.000000000e+00,1.000000000e+01,1.700000000e+01,1.000000000e+00,4.448188543e-01,2.280310392e+00,2.067237198e-01,9.444444180e-01,-1.995575786e+00,-3.990581751e+00,1.384569257e-01,2.280299187e+00,-2.455301285e+00,-2.307950974e+00,2.467265844e+00,1.347113609e+00,0.000000000e+00,0.000000000e+00,0.000000000e+00,0.000000000e+00,-1.000000000e+00,-1.000000000e+00,-1.000000000e+00,0.000000000e+00,-9.999956489e-01,4.141753038e-07,1.000000000e+00,-6.989678144e-01,0.000000000e+00,4.141753038e-07,9.988337159e-01
72,4,8.790162206e-01,4.436171651e-01,-1.637473345e+00,1.496889114e+00,5.527772941e-03,-2.986144543e+00,-2.974320412e+00,-2.525219679e+00,-2.525918961e+00,-2.089912891e+00,-2.962812424e+00,-3.420818567e+00,1.660189271e+00,4.000000000e+00,1.100000000e+01,1.800000000e+01,0.000000000e+00,6.086655855e-01,2.394299269e+00,2.416167855e-01,1.000000000e+00,-2.081056833e+00,-4.158995628e+00,-4.565078020e-01,2.394299030e+00,-3.425033569e+00,-2.516365767e+00,3.286489487e+00,1.660189271e+00,0.000000000e+00,0.000000000e+00,0.000000000e+00,0.000000000e+00,-1.000000000e+00,-1.000000000e+00,-1.000000000e+00,0.000000000e+00,-9.999956489e-01,4.141753038e-07,1.000000000e+00,-6.989678144e-01,0.000000000e+00,4.141753038e-07,9.884045124e-01
72,5,1.023272276e+00,4.155831337e-01,-1.485338449e+00,1.577278256e+00,5.876465142e-02,-3.122566223e+00,-3.137113333e+00,-2.309423923e+00,-2.427137375e+00,-1.701801300e+00,-2.924237013e+00,-3.728501320e+00,2.076818466e+00,7.000000000e+00,1.100000000e+01,1.900000000e+01,0.000000000e+00,1.472023964e+00,2.438005209e+00,2.985247970e-01,1.000000000e+00,-1.900900126e+00,-3.799518585e+00,8.926388025e-01,2.437828779e+00,-1.950159073e+00,-2.508483887e+00,2.270605564e+00,2.076818466e+00,0.000000000e+00,0.000000000e+00,0.000000000e+00,0.000000000e+00,-1.000000000e+00,-1.000000000e+00,-1.000000000e+00,0.000000000e+00,-9.999956489e-01,4.141753038e-07,1.000000000e+00,-6.989678144e-01,1.000000000e+00,4.141753038e-07,9.917781353e-01
72,6,8.550836444e-01,1.441135108e-01,-1.701174378e+00,1.611401320e+00,4.319991171e-02,-2.557690144e+00,-2.551360846e+00,-2.042830229e+00,-2.041047096e+00,-1.331898451e+00,-2.708157778e+00,-3.268011570e+00,2.320617437e+00,8.000000000e+00,1.200000000e+01,2.100000000e+01,0.000000000e+00,1.037653923e+00,1.850735903e+00,2.891821861e-01,1.000000000e+00,-1.845278978e+00,-3.696441174e+00,-7.756733894e-01,1.850734711e+00,-2.960487366e+00,-2.556123495e+00,3.335313082e+00,2.320617437e+00,0.000000000e+00,0.000000000e+00,0.000000000e+00,0.000000000e+00,-1.000000000e+00,-1.000000000e+00,-1.000000000e+00,0.000000000e+00,-9.999956489e-01,4.141753038e-07,1.000000000e+00,-6.989678144e-01,0.000000000e+00,4.141753038e-07,9.992635846e-01
72,7,1.146169662e+00,3.962752223e-01,-1.527330041e+00,1.297367454e+00,-1.650299281e-01,-2.771692514e+00,-2.778352737e+00,-2.321434975e+00,-2.328064203e+00,-1.571615219e+00,-3.073552608e+00,-3.520402193e+00,2.411838055e+00,9.000000000e+00,1.100000000e+01,1.700000000e+01,0.000000000e+00,4.121223092e-01,1.777745485e+00,6.691885740e-02,1.000000000e+00,-1.923583388e+00,-3.848443270e+00,-2.217428572e-02,1.777690887e+00,-2.746364355e+00,-2.673309565e+00,2.556293488e+00,2.411838055e+00,2.000000000e+00,2.000000000e+00,0.000000000e+00,1.000000000e+00,5.000000000e+00,5.000000000e+00,1.000000000e+00,1.000000000e+00,-5.916333199e+00,-1.792479515e+00,2.763469219e-01,-5.915107727e+00,1.000000000e+00,4.141753038e-07,9.934331179e-01
73,0,3.956868052e-01,3.701910973e-01,-1.751345992e+00,1.185276389e+00,-2.771208286e-01,-3.096932411e+00,-3.136964798e+00,-2.501795530e+00,-2.683950663e+00,-2.476307869e+00,-2.517372847e+00,-3.122395277e+00,3.460165858e-01,4.000000000e+00,1.000000000e+01,1.700000000e+01,0.000000000e+00,5.263801217e-01,2.739632130e+00,-4.517209902e-02,1.000000000e+00,-2.121504068e+00,-4.235849857e+00,4.947705269e-01,2.739625216e+00,-2.559423447e+00,-2.146996260e+00,2.452510357e+00,3.460165858e-01,0.000000000e+00,0.000000000e+00,0.000000000e+00,0.000000000e+00,-1.000000000e+00,-1.000000000e+00,-1.000000000e+00,0.000000000e+00,-9.999956489e-01,4.141753038e-07,1.000000000e+00,-6.989678144e-01,0.000000000e+00,4.141753038e-07,9.950798750e-01
73,1,5.872665644e-01,5.376944542e-01,-1.562505007e+00,1.565825939e+00,1.034282297e-01,-3.247341871e+00,-3.274374723e+00,-2.643560886e+00,-2.740065575e+00,-2.594009399e+00,-2.687492371e+00,-3.296821117e+00,4.869342148e-01,4.000000000e+00,1.000000000e+01,1.700000000e+01,0.000000000e+00,3.352634907e-01,2.761811495e+00,3.353771567e-01,1.000000000e+00,-2.100160360e+00,-4.193813324e+00,-5.092986822e-01,2.761811495e+00,-3.784645557e+00,-2.149725914e+00,3.416465044e+00,4.869342148e-01,2.000000000e+00,0.000000000e+00,2.000000000e+00,3.000000000e+00,1.000000000e+00,9.000000000e+00,1.000000000e+00,1.000000000e+00,-5.426273823e+00,-2.244731426e+00,-2.842271626e-01,-5.424465179e+00,1.000000000e+00,4.141753038e-07,9.569743872e-01
73,2,1.140885472e+00,6.749720573e-01,-1.368247032e+00,1.537248850e+00,-6.818729918e-03,-3.204795599e+00,-3.211412430e+00,-2.728078127e+00,-2.758610249e+00,-2.262317657e+00,-3.184349775e+00,-3.669372559e+00,1.735329747e+00,7.000000000e+00,1.200000000e+01,2.000000000e+01,1.000000000e+00,3.042495847e-01,2.414532661e+00,2.362191230e-01,9.523809552e-01,-2.043181181e+00,-4.082079411e+00,2.905968428e-01,2.414520502e+00,-3.142631292e+00,-2.509002447e+00,2.620258570e+00,1.735329747e+00,4.000000000e+00,4.000000000e+00,0.000000000e+00,3.000000000e+00,5.000000000e+00,1.000000000e+01,3.000000000e+00,1.000000000e+00,-5.103380203e+00,-2.402596474e+00,-7.155083418e-01,-5.101882458e+00,1.000000000e+00,4.141753038e-07,6.312505007e-01
74,0,5.387880206e-01,1.725516617e-01,-1.876415014e+00,1.571419477e+00,8.005808294e-02,-2.699519873e+00,-2.764920235e+00,-2.076585293e+00,-2.251433134e+00,-1.710378289e+00,-2.596589327e+00,-3.065468788e+00,1.486559272e+00,4.000000000e+00,1.100000000e+01,1.800000000e+01,0.000000000e+00,1.678300381e+00,2.549552679e+00,3.161471188e-01,1.000000000e+00,-2.048950434e+00,-4.101451397e+00,4.998431355e-02,2.549550533e+00,-2.373975277e+00,-2.415122509e+00,3.040607452e+00,1.486559272e+00,0.000000000e+00,0.000000000e+00,0.000000000e+00,0.000000000e+00,-1.000000000e+00,-1.000000000e+00,-1.000000000e+00,0.000000000e+00,-9.999956489e-01,4.141753038e-07,1.000000000e+00,-6.989678144e-01,0.000000000e+00,4.141753038e-07,9.991108775e-01
74,1,8.612889051e-01,3.751170337e-01,-1.659238458e+00,1.476701856e+00,-4.181156307e-02,-2.910064936e+00,-2.904545784e+00,-2.458431244e+00,-2.450965643e+00,-1.972343326e+00,-2.898764372e+00,-3.395509243e+00,1.784823060e+00,5.000000000e+00,1.100000000e+01,1.900000000e+01,1.000000000e+00,1.678726435e+00,2.811747789e+00,1.979485601e-01,9.499999881e-01,-2.034328222e+00,-4.067096710e+00,1.553937607e-02,2.811747074e+00,-2.810385466e+00,-2.520403147e+00,3.274794102e+00,1.784823060e+00,1.000000000e+00,1.000000000e+00,0.000000000e+00,1.000000000e+00,5.000000000e+00,1.100000000e+01,1.000000000e+00,1.000000000e+00,-5.061038971e+00,-1.846800566e+00,3.875359893e-01,-5.055604935e+00,1.000000000e+00,4.141753038e-07,9.948108196e-01
75,0,1.038503289e+00,8.424417973e-01,-1.160159588e+00,1.379181266e+00,1.745381765e-02,-3.445105553e+00,-3.454092026e+00,-2.869219780e+00,-2.999126911e+00,-2.673275232e+00,-3.040777922e+00,-3.640476942e+00,1.023053169e+00,4.000000000e+00,9.000000000e+00,1.400000000e+01,0.000000000e+00,3.875546753e-01,2.867259026e+00,2.330534756e-01,1.000000000e+00,-2.002563953e+00,-4.000984669e+00,4.005715251e-01,2.867256641e+00,-3.440232515e+00,-2.198600531e+00,2.792593479e+00,1.023053169e+00,3.000000000e+00,2.000000000e+00,1.000000000e+00,3.000000000e+00,2.000000000e+00,4.000000000e+00,1.000000000e+00,1.000000000e+00,-5.381782532e+00,-2.544026136e+00,-1.085613489e+00,-5.380842209e+00,1.000000000e+00,4.141753038e-07,1.955773681e-02
75,1,1.138584018e+00,5.453999043e-01,-1.426015615e+00,1.677362561e+00,1.860011071e-01,-3.171360254e+00,-3.190135717e+00,-2.283303738e+00,-2.368084192e+00,-1.690181494e+00,-3.110318899e+00,-3.762667656e+00,2.042315006e+00,8.000000000e+00,1.000000000e+01,1.800000000e+01,0.000000000e+00,4.248085022e-01,1.902928352e+00,4.220902026e-01,1.000000000e+00,-1.971386194e+00,-3.939923525e+00,4.977341294e-01,1.902592063e+00,-2.415738106e+00,-2.564451933e+00,2.082808733e+00,2.042315006e+00,3.000000000e+00,3.000000000e+00,0.000000000e+00,3.000000000e+00,5.000000000e+00,8.000000000e+00,3.000000000e+00,1.000000000e+00,-4.426498413e+00,-1.636446238e+00,6.902199388e-01,-4.416844368e+00,1.000000000e+00,4.141753038e-07,9.515933990e-01
75,2,1.150027752e+00,5.376118422e-01,-1.486068845e+00,1.687860012e+00,1.964985579e-01,-2.990003109e+00,-2.973641634e+00,-2.458904266e+00,-2.421335459e+00,-1.846582770e+00,-3.175619364e+00,-3.601106882e+00,2.088045359e+00,8.000000000e+00,1.100000000e+01,1.800000000e+01,0.000000000e+00,1.508929729e+00,2.601078510e+00,4.325876236e-01,1.000000000e+00,-2.023648024e+00,-4.045091629e+00,-2.861283720e-01,2.601078033e+00,-3.244427681e+00,-2.635921955e+00,3.461822510e+00,2.088045359e+00,0.000000000e+00,0.000000000e+00,0.000000000e+00,0.000000000e+00,-1.000000000e+00,-1.000000000e+00,-1.000000000e+00,0.000000000e+00,-9.999956489e-01,4.141753038e-07,1.000000000e+00,-6.989678144e-01,1.000000000e+00,4.141753038e-07,9.570284486e-01
76,0,9.302063584e-01,1.806073785e-01,-1.516767502e+00,1.609864473e+00,4.337733984e-01,-2.568516016e+00,-2.557032347e+00,-2.113091469e+00,-2.107621193e+00,-1.363538504e+00,-2.631219625e+00,-3.317373037e+00,-2.411147118e+00,8.000000000e+00,7.000000000e+00,1.000000000e+01,0.000000000e+00,1.550967574e+00,2.139042854e+00,6.098645926e-01,1.000000000e+00,-1.697367191e+00,-3.397501945e+00,-7.142838556e-03,2.139031887e+00,-2.295341492e+00,-2.446866512e+00,2.890246868e+00,2.411147118e+00,0.000000000e+00,0.000000000e+00,0.000000000e+00,0.000000000e+00,-1.000000000e+00,-1.000000000e+00,-1.000000000e+00,0.000000000e+00,-9.999956489e-01,4.141753038e-07,1.000000000e+00,-6.989678144e-01,0.000000000e+00,4.141753038e-07,9.990599751e-01
76,1,1.002534151e+00,3.205702007e-01,-1.573707581e+00,1.781433225e+00,2.373654246e-01,-2.740910769e+00,-2.745379686e+00,-2.186611652e+00,-2.232289314e+00,-1.504700422e+00,-2.900679588e+00,-3.421965122e+00,-2.252433062e+00,1.000000000e+01,1.200000000e+01,2.000000000e+01,1.000000000e+00,1.627774715e+00,2.318610191e+00,4.804033935e-01,9.523809552e-01,-1.894259810e+00,-3.790098190e+00,1.207836196e-01,2.318601370e+00,-2.432032585e+00,-2.576094389e+00,2.925410986e+00,2.252433062e+00,0.000000000e+00,0.000000000e+00,0.000000000e+00,0.000000000e+00,-1.000000000e+00,-1.000000000e+00,-1.000000000e+00,0.000000000e+00,-9.999956489e-01,4.141753038e-07,1.000000000e+00,-6.989678144e-01,1.000000000e+00,4.141753038e-07,9.970291257e-01
76,2,9.886446595e-01,9.862617850e-01,-1.124388695e+00,1.277788520e+00,-1.846088171e-01,-3.546740532e+00,-3.707719564e+00,-2.571000576e+00,-3.128119230e+00,-2.568618536e+00,-3.098756552e+00,-3.549114943e+00,-1.048503518e-01,4.000000000e+00,1.000000000e+01,1.700000000e+01,0.000000000e+00,1.464470148e+00,3.302169800e+00,4.733996466e-02,1.000000000e+00,-2.110600233e+00,-4.214143753e+00,2.181673765e+00,3.300919294e+00,-1.933253765e+00,-2.112982750e+00,1.679165363e+00,1.048503518e-01,0.000000000e+00,0.000000000e+00,0.000000000e+00,0.000000000e+00,-1.000000000e+00,-1.000000000e+00,-1.000000000e+00,0.000000000e+00,-9.999956489e-01,4.141753038e-07,1.000000000e+00,-6.989678144e-01,0.000000000e+00,4.141753038e-07,8.462200640e-05
76,3,7.553362846e-01,7.260239124e-01,-1.453408718e+00,1.203212738e+00,-1.947266757e-01,-3.378072739e+00,-3.474786520e+00,-2.670984268e+00,-2.991208076e+00,-2.641685247e+00,-2.934509993e+00,-3.407312632e+00,3.715539873e-01,4.000000000e+00,1.000000000e+01,1.500000000e+01,0.000000000e+00,1.422875047e+00,3.354697227e+00,2.712177485e-02,1.000000000e+00,-2.179379225e+00,-4.349177837e+00,2.304567814e+00,3.352966309e+00,-1.413078547e+00,-2.208687067e+00,1.398154497e+00,3.715539873e-01,0.000000000e+00,0.000000000e+00,0.000000000e+00,0.000000000e+00,-1.000000000e+00,-1.000000000e+00,-1.000000000e+00,0.000000000e+00,-9.999956489e-01,4.141753038e-07,1.000000000e+00,-6.989678144e-01,0.000000000e+00,4.141753038e-07,3.446252346e-01
76,4,3.638246655e-01,3.305001557e-01,-1.774008870e+00,1.118378639e+00,-1.120697334e-01,-2.574289799e+00,-2.743574381e+00,-1.038735867e+00,-1.426754594e+00,-1.005411744e+00,-2.468307018e+00,-2.607601404e+00,3.967747688e-01,0.000000000e+00,6.000000000e+00,1.100000000e+01,0.000000000e+00,5.286231041e-01,1.461337090e+00,7.698629797e-02,1.000000000e+00,-2.104479313e+00,-4.202171803e+00,1.379037142e+00,1.210807800e+00,-3.782280087e-01,-2.137799501e+00,2.531204820e-01,3.967747688e-01,0.000000000e+00,0.000000000e+00,0.000000000e+00,0.000000000e+00,-1.000000000e+00,-1.000000000e+00,-1.000000000e+00,0.000000000e+00,-9.999956489e-01,4.141753038e-07,1.000000000e+00,-6.989678144e-01,0.000000000e+00,4.141753038e-07,9.967281818e-01
76,5,3.076619208e-01,2.572427690e-01,-1.854766488e+00,7.082967758e-01,-4.056455493e-01,-2.516835213e+00,-2.551924944e+00,-8.340955973e-01,-1.100409150e+00,-7.836767435e-01,-2.413104773e+00,-2.567236900e+00,4.912351072e-01,0.000000000e+00,5.000000000e+00,9.000000000e+00,0.000000000e+00,1.878735185e+00,1.863950372e+00,-2.459450811e-01,1.000000000e+00,-2.111984015e+00,-4.210486412e+00,1.760855436e+00,1.652679920e+00,4.031984806e-01,-2.162396193e+00,2.085597962e-01,4.912351072e-01,0.000000000e+00,0.000000000e+00,0.000000000e+00,0.000000000e+00,-1.000000000e+00,-1.000000000e+00,-1.000000000e+00,0.000000000e+00,-9.999956489e-01,4.141753038e-07,1.000000000e+00,-6.989678144e-01,0.000000000e+00,4.141753038e-07,9.983139038e-01
76,6,8.731233478e-01,3.543808758e-01,-1.640662313e+00,1.797618151e+00,2.294166535e-01,-2.865548611e+00,-2.864754915e+00,-2.414350986e+00,-2.421656370e+00,-1.895687103e+00,-2.871448517e+00,-3.383558273e+00,1.863831878e+00,7.000000000e+00,1.200000000e+01,2.100000000e+01,0.000000000e+00,1.285523295e+00,2.538483143e+00,4.753989875e-01,1.000000000e+00,-1.995018959e+00,-3.989450693e+00,-3.324138820e-01,2.538482904e+00,-3.108009100e+00,-2.513662815e+00,3.396700859e+00,1.863831878e+00,0.000000000e+00,0.000000000e+00,0.000000000e+00,0.000000000e+00,-1.000000000e+00,-1.000000000e+00,-1.000000000e+00,0.000000000e+00,-9.999956489e-01,4.141753038e-07,1.000000000e+00,-6.989678144e-01,0.000000000e+00,4.141753038e-07,9.958362579e-01
76,7,9.523262978e-01,3.952601254e-01,-1.560937166e+00,1.626658797e+00,1.081452146e-01,-2.878484488e+00,-2.866844177e+00,-2.321464062e+00,-2.304547310e+00,-1.764463663e+00,-2.911022902e+00,-3.434695959e+00,1.956038117e+00,8.000000000e+00,1.200000000e+01,1.900000000e+01,0.000000000e+00,1.017209172e+00,2.273096323e+00,3.479054272e-01,1.000000000e+00,-1.956173658e+00,-3.911705017e+00,-1.460196078e-01,2.273093224e+00,-2.845610619e+00,-2.513137579e+00,2.959136963e+00,1.956038117e+00,0.000000000e+00,0.000000000e+00,0.000000000e+00,0.000000000e+00,-1.000000000e+00,-1.000000000e+00,-1.000000000e+00,0.000000000e+00,-9.999956489e-01,4.141753038e-07,1.000000000e+00,-6.989678144e-01,1.000000000e+00,4.141753038e-07,9.935085773e-01
77,0,1.221124291e+00,7.676998377e-01,-1.252229571e+00,1.525081754e+00,-1.898587681e-02,-3.305155993e+00,-3.305719614e+00,-2.757875204e+00,-2.793694973e+00,-2.304611921e+00,-3.240827799e+00,-3.756969452e+00,-1.704667330e+00,6.000000000e+00,1.100000000e+01,2.000000000e+01,0.000000000e+00,1.537559986e+00,3.073479414e+00,2.240519673e-01,1.000000000e+00,-2.019891500e+00,-4.035656929e+00,-2.289208770e-01,3.073479414e+00,-3.787913322e+00,-2.473232508e+00,3.791209221e+00,1.704667330e+00,4.000000000e+00,4.000000000e+00,0.000000000e+00,2.000000000e+00,4.000000000e+00,3.300000000e+01,3.000000000e+00,1.000000000e+00,-5.429273129e+00,-2.112725496e+00,-1.923625618e-01,-5.426830292e+00,1.000000000e+00,4.141753038e-07,1.525599509e-01
77,1,4.371601343e-01,-2.958397381e-02,-1.628219247e+00,8.418462276e-01,1.428764760e-01,-2.235073566e+00,-1.925234318e+00,-7.083811164e-01,-5.476273298e-01,-2.416381389e-01,-2.081349850e+00,-2.701673985e+00,1.737365603e+00,0.000000000e+00,3.000000000e+00,5.000000000e+00,0.000000000e+00,3.225512743e+00,1.981099367e+00,1.428764760e-01,1.000000000e+00,-1.598636031e+00,-3.242136478e+00,1.864678144e+00,1.790122271e+00,1.346633792e+00,-2.065347195e+00,2.314342558e-01,1.737365603e+00,0.000000000e+00,0.000000000e+00,0.000000000e+00,0.000000000e+00,-1.000000000e+00,-1.000000000e+00,-1.000000000e+00,0.000000000e+00,-9.999956489e-01,4.141753038e-07,1.000000000e+00,-6.989678144e-01,0.000000000e+00,4.141753038e-07,9.997059703e-01
77,2,9.642688036e-01,4.092434645e-01,-1.546367764e+00,1.775723815e+00,2.843623459e-01,-2.888835430e+00,-2.853806257e+00,-2.416729450e+00,-2.308715582e+00,-1.861785650e+00,-2.922080994e+00,-3.442991018e+00,1.951146245e+00,6.000000000e+00,1.100000000e+01,1.800000000e+01,0.000000000e+00,1.436867237e+00,2.580506325e+00,5.204514265e-01,1.000000000e+00,-1.955587149e+00,-3.910255194e+00,1.145414829e+00,2.580213308e+00,-1.572616220e+00,-2.510511160e+00,1.881779075e+00,1.951146245e+00,0.000000000e+00,0.000000000e+00,0.000000000e+00,0.000000000e+00,-1.000000000e+00,-1.000000000e+00,-1.000000000e+00,0.000000000e+00,-9.999956489e-01,4.141753038e-07,1.000000000e+00,-6.989678144e-01,1.000000000e+00,4.141753038e-07,9.923710823e-01
77,3,8.093464375e-01,2.475706935e-01,-1.433893442e+00,1.333563328e+00,2.921707928e-01,-2.722729445e+00,-2.643076181e+00,-1.946851015e+00,-1.885954022e+00,-1.385102987e+00,-2.492398739e+00,-3.283898830e+00,1.967319965e+00,6.000000000e+00,6.000000000e+00,8.000000000e+00,0.000000000e+00,2.259180099e-01,1.500950575e+00,4.304734170e-01,1.000000000e+00,-1.681454778e+00,-3.363658428e+00,5.834680796e-01,1.497751713e+00,-1.550074577e+00,-2.243175507e+00,1.415149093e+00,1.967319965e+00,0.000000000e+00,0.000000000e+00,0.000000000e+00,0.000000000e+00,-1.000000000e+00,-1.000000000e+00,-1.000000000e+00,0.000000000e+00,-9.999956489e-01,4.141753038e-07,1.000000000e+00,-6.989678144e-01,0.000000000e+00,4.141753038e-07,9.984428287e-01
77,4,7.580790520e-01,2.360569984e-01,-1.753141046e+00,1.601229191e+00,3.302787244e-02,-2.746355772e+00,-2.723653555e+00,-2.286597729e+00,-2.200611591e+00,-1.764634371e+00,-2.753361702e+00,-3.267814636e+00,1.871752501e+00,7.000000000e+00,1.200000000e+01,2.100000000e+01,0.000000000e+00,1.054786444e+00,2.292052746e+00,2.790101469e-01,1.000000000e+00,-1.989179969e+00,-3.980578423e+00,-1.471744418e+00,2.292052746e+00,-3.904990673e+00,-2.511103630e+00,4.197793007e+00,1.871752501e+00,0.000000000e+00,0.000000000e+00,0.000000000e+00,0.000000000e+00,-1.000000000e+00,-1.000000000e+00,-1.000000000e+00,0.000000000e+00,-9.999956489e-01,4.141753038e-07,1.000000000e+00,-6.989678144e-01,0.000000000e+00,4.141753038e-07,9.985802174e-01
78,0,7.265857458e-01,2.767609060e-01,-1.798856258e+00,1.528521776e+00,-3.967949376e-02,-2.817152739e+00,-2.808536053e+00,-1.997682571e+00,-1.997573972e+00,-1.547885537e+00,-2.808227062e+00,-3.266459942e+00,-1.695807099e+00,6.000000000e+00,1.100000000e+01,2.100000000e+01,0.000000000e+00,-2.686268985e-01,1.481696129e+00,2.063027024e-01,1.000000000e+00,-2.075592518e+00,-4.151367188e+00,1.226015091e+00,1.401729822e+00,-1.048357964e+00,-2.525323629e+00,6.254286766e-01,1.695807099e+00,0.000000000e+00,0.000000000e+00,0.000000000e+00,0.000000000e+00,-1.000000000e+00,-1.000000000e+00,-1.000000000e+00,0.000000000e+00,-9.999956489e-01,4.141753038e-07,1.000000000e+00,-6.989678144e-01,0.000000000e+00,4.141753038e-07,9.980096221e-01
78,1,9.793986082e-01,5.198332667e-01,-1.486859918e+00,1.524074554e+00,-6.698955595e-02,-3.058063030e+00,-3.053156853e+00,-2.590371132e+00,-2.599876642e+00,-2.130916119e+00,-2.987195015e+00,-3.516695499e+00,-1.719759345e+00,7.000000000e+00,1.200000000e+01,2.200000000e+01,0.000000000e+00,5.109238029e-01,2.386530876e+00,1.816521138e-01,1.000000000e+00,-2.006662369e+00,-4.010452747e+00,7.315119505e-01,2.386424541e+00,-2.388264656e+00,-2.466144800e+00,2.123955250e+00,1.719759345e+00,1.000000000e+00,1.000000000e+00,0.000000000e+00,1.000000000e+00,-5.000000000e+00,3.300000000e+01,1.000000000e+00,1.000000000e+00,-4.519062042e+00,-3.128509760e+00,-2.244053602e+00,-4.518750191e+00,1.000000000e+00,2.104745805e-01,9.670711160e-01
78,2,8.398512602e-01,3.826321661e-01,-1.659482956e+00,1.878627419e+00,2.875630558e-01,-2.929545403e+00,-2.924526453e+00,-2.408839226e+00,-2.414299011e+00,-1.951692462e+00,-2.884867907e+00,-3.386076212e+00,-1.713996887e+00,6.000000000e+00,1.200000000e+01,2.200000000e+01,0.000000000e+00,6.902272105e-01,2.296844959e+00,5.362048745e-01,1.000000000e+00,-2.042087078e+00,-4.082204819e+00,-8.001027107e-01,2.296844959e+00,-3.595434904e+00,-2.499217033e+00,3.558919430e+00,1.713996887e+00,0.000000000e+00,0.000000000e+00,0.000000000e+00,0.000000000e+00,-1.000000000e+00,-1.000000000e+00,-1.000000000e+00,0.000000000e+00,-9.999956489e-01,4.141753038e-07,1.000000000e+00,-6.989678144e-01,0.000000000e+00,4.141753038e-07,9.943653345e-01
78,3,8.321112990e-01,4.160867333e-01,-1.699677229e+00,1.310431957e+00,-1.178690419e-02,-3.233469486e+00,-3.122795582e+00,-2.202362537e+00,-2.145020247e+00,-1.786380529e+00,-2.948519468e+00,-3.648301601e+00,-1.612059832e+00,2.000000000e+00,8.000000000e+00,1.300000000e+01,0.000000000e+00,-1.131790161e+00,1.350376368e+00,1.964888424e-01,1.000000000e+00,-2.115728855e+00,-4.225223064e+00,1.223259449e+00,1.173634291e+00,-1.337898731e+00,-2.531662464e+00,3.090454042e-01,1.612059832e+00,0.000000000e+00,0.000000000e+00,0.000000000e+00,0.000000000e+00,-1.000000000e+00,-1.000000000e+00,-1.000000000e+00,0.000000000e+00,-9.999956489e-01,4.141753038e-07,1.000000000e+00,-6.989678144e-01,0.000000000e+00,4.141753038e-07,9.917286038e-01
78,4,6.641065478e-01,3.237417638e-01,-1.710961103e+00,1.264713645e+00,-1.666495502e-01,-2.922776937e+00,-2.920506477e+00,-2.446238041e+00,-2.459567785e+00,-2.105938911e+00,-2.701532602e+00,-3.262709618e+00,-1.420094132e+00,4.000000000e+00,1.000000000e+01,1.600000000e+01,1.000000000e+00,4.680861831e-01,2.340044022e+00,6.059395894e-02,9.411764741e-01,-2.034677982e+00,-4.067269325e+00,1.278964430e-01,2.340035915e+00,-2.655342102e+00,-2.374986887e+00,2.565745115e+00,1.420094132e+00,0.000000000e+00,0.000000000e+00,0.000000000e+00,0.000000000e+00,-1.000000000e+00,-1.000000000e+00,-1.000000000e+00,0.000000000e+00,-9.999956489e-01,4.141753038e-07,1.000000000e+00,-6.989678144e-01,0.000000000e+00,4.141753038e-07,9.969369173e-01
78,5,8.660799265e-01,5.634876490e-01,-1.530373573e+00,1.585728526e+00,1.233308613e-01,-3.154244184e+00,-3.181740284e+00,-2.577330351e+00,-2.652914047e+00,-2.274820566e+00,-2.960777283e+00,-3.456212997e+00,-1.321109295e+00,4.000000000e+00,1.000000000e+01,1.700000000e+01,0.000000000e+00,-6.065952182e-01,1.972440839e+00,3.552798331e-01,1.000000000e+00,-2.093822002e+00,-4.182311058e+00,8.068640828e-01,1.971425533e+00,-2.409621477e+00,-2.396360159e+00,1.542738199e+00,1.321109295e+00,0.000000000e+00,0.000000000e+00,0.000000000e+00,0.000000000e+00,-1.000000000e+00,-1.000000000e+00,-1.000000000e+00,0.000000000e+00,-9.999956489e-01,4.141753038e-07,1.000000000e+00,-6.989678144e-01,0.000000000e+00,4.141753038e-07,9.358295798e-01
79,0,1.132366896e+00,4.143013358e-01,-1.122785449e+00,9.013226032e-01,-1.400695592e-01,-2.557360411e+00,-2.354660988e+00,-9.686596990e-01,-1.058210135e+00,-2.505972981e-01,-2.683787107e+00,-3.274764299e+00,-2.337267876e+00,0.000000000e+00,4.000000000e+00,8.000000000e+00,0.000000000e+00,7.496173382e-01,8.747532368e-01,-1.767019741e-03,1.000000000e+00,-1.537077427e+00,-3.088189840e+00,7.972375154e-01,6.134650111e-01,-6.752766967e-01,-2.255079985e+00,6.238436699e-01,2.337267876e+00,0.000000000e+00,0.000000000e+00,0.000000000e+00,0.000000000e+00,-1.000000000e+00,-1.000000000e+00,-1.000000000e+00,0.000000000e+00,-9.999956489e-01,4.141753038e-07,1.000000000e+00,-6.989678144e-01,1.000000000e+00,4.141753038e-07,9.919022918e-01
79,1,1.790664434e+00,1.087967634e+00,-7.352319956e-01,1.548622727e+00,-1.957859658e-02,-3.471468925e+00,-3.444363117e+00,-2.910851002e+00,-2.855961323e+00,-2.208437920e+00,-3.612148762e+00,-4.168997288e+00,-2.301188231e+00,7.000000000e+00,1.100000000e+01,2.100000000e+01,1.000000000e+00,-8.327899873e-02,2.168995619e+00,2.264036238e-01,9.545454383e-01,-1.823173046e+00,-3.644548178e+00,1.174766541e+00,2.166754246e+00,-2.769218922e+00,-2.525753021e+00,1.639731884e+00,2.301188231e+00,4.000000000e+00,4.000000000e+00,0.000000000e+00,1.000000000e+00,-5.000000000e+00,6.000000000e+00,1.000000000e+00,1.000000000e+00,-5.515736580e+00,-2.097951174e+00,-5.426466465e-01,-5.513413906e+00,1.000000000e+00,4.141753038e-07,5.091627600e-07
79,2,9.228578210e-01,2.812267840e-01,-1.587828040e+00,1.965886235e+00,3.976846337e-01,-2.724265099e+00,-2.725434780e+00,-2.280830860e+00,-2.287117958e+00,-1.639263511e+00,-2.795574665e+00,-3.365118504e+00,-2.157273531e+00,7.000000000e+00,1.100000000e+01,2.100000000e+01,1.000000000e+00,1.357908100e-01,1.707177758e+00,6.436669827e-01,9.545454383e-01,-1.869039297e+00,-3.739668131e+00,-2.187573195e+00,1.707177758e+00,-4.731983185e+00,-2.510561943e+00,4.529966354e+00,2.157273531e+00,0.000000000e+00,0.000000000e+00,0.000000000e+00,0.000000000e+00,-1.000000000e+00,-1.000000000e+00,-1.000000000e+00,0.000000000e+00,-9.999956489e-01,4.141753038e-07,1.000000000e+00,-6.989678144e-01,0.000000000e+00,4.141753038e-07,9.979302883e-01
79,3,1.041045189e+00,3.676263392e-01,-1.565498710e+00,1.589968562e+00,2.176721208e-02,-2.797792912e+00,-2.793280125e+00,-2.271966219e+00,-2.270344257e+00,-1.598611236e+00,-2.977659464e+00,-3.470200300e+00,-2.232308388e+00,7.000000000e+00,1.200000000e+01,2.100000000e+01,0.000000000e+00,6.790807843e-01,1.938170910e+00,2.677494884e-01,1.000000000e+00,-1.933103561e+00,-3.866959095e+00,-5.754635930e-01,1.938168764e+00,-3.212807178e+00,-2.606384277e+00,3.185126305e+00,2.232308388e+00,0.000000000e+00,0.000000000e+00,0.000000000e+00,0.000000000e+00,-1.000000000e+00,-1.000000000e+00,-1.000000000e+00,0.000000000e+00,-9.999956489e-01,4.141753038e-07,1.000000000e+00,-6.989678144e-01,0.000000000e+00,4.141753038e-07,9.952131510e-01
79,4,1.255931854e+00,6.143821478e-01,-1.445716470e-01,-5.665785074e-01,-1.043696642e+00,-2.903511763e+00,-2.596292973e+00,-2.379409313e+00,-2.205578804e+00,-1.737939715e+00,-2.014859438e+00,-3.543887377e+00,-2.157081127e+00,4.000000000e+00,3.000000000e+00,4.000000000e+00,0.000000000e+00,1.007842422e+00,2.241916180e+00,-1.168633699e+00,1.000000000e+00,-7.589517832e-01,-1.517912626e+00,3.495669961e-01,2.241880417e+00,-2.470335484e+00,-1.400493145e+00,2.359967709e+00,2.157081127e+00,3.000000000e+00,3.000000000e+00,0.000000000e+00,3.000000000e+00,-5.000000000e+00,8.000000000e+00,4.000000000e+00,1.000000000e+00,-4.682540417e+00,-3.496199548e-01,4.976855516e-01,-4.528558254e+00,1.000000000e+00,-5.526295677e-02,8.544289470e-01
79,5,1.058022022e+00,4.574542642e-01,-1.485118628e+00,1.601280689e+00,1.099193543e-01,-2.915742874e+00,-2.895753622e+00,-2.397798061e+00,-2.333793402e+00,-1.797311425e+00,-3.002675772e+00,-3.515243769e+00,-2.059888124e+00,6.000000000e+00,1.100000000e+01,1.800000000e+01,0.000000000e+00,4.972472489e-01,2.046225786e+00,3.460083902e-01,1.000000000e+00,-1.942547917e+00,-3.884336710e+00,6.072787046e-01,2.045938015e+00,-2.183996439e+00,-2.543002129e+00,1.975184679e+00,2.059888124e+00,1.000000000e+00,1.000000000e+00,0.000000000e+00,1.000000000e+00,-5.000000000e+00,2.000000000e+00,4.000000000e+00,1.000000000e+00,-5.575698853e+00,-1.871394873e+00,1.540757418e-01,-5.572072983e+00,1.000000000e+00,7.097594738e-01,9.861517549e-01
79,6,6.114832163e-01,4.229400307e-02,-1.904465199e+00,1.304301262e+00,-2.142120451e-01,-2.533589363e+00,-2.525062084e+00,-2.019643784e+00,-2.015582561e+00,-1.450487494e+00,-2.571990490e+00,-3.102377176e+00,-1.985059023e+00,7.000000000e+00,1.100000000e+01,1.900000000e+01,0.000000000e+00,5.393643975e-01,1.720203400e+00,2.554797940e-02,1.000000000e+00,-1.946755290e+00,-3.903967619e+00,-2.654332221e-01,1.720180154e+00,-2.323263884e+00,-2.515840769e+00,2.550658941e+00,1.985059023e+00,0.000000000e+00,0.000000000e+00,0.000000000e+00,0.000000000e+00,-1.000000000e+00,-1.000000000e+00,-1.000000000e+00,0.000000000e+00,-9.999956489e-01,4.141753038e-07,1.000000000e+00,-6.989678144e-01,0.000000000e+00,4.141753038e-07,9.995885491e-01
79,7,1.080851197e+00,5.556790233e-01,-1.418300271e+00,1.728198767e+00,1.599972844e-01,-3.060725927e+00,-3.053960323e+00,-2.540046692e+00,-2.526734114e+00,-2.014980316e+00,-3.055675507e+00,-3.584725380e+00,-1.879354715e+00,6.000000000e+00,1.200000000e+01,2.100000000e+01,0.000000000e+00,1.071314067e-01,2.068607330e+00,4.059796333e-01,1.000000000e+00,-1.973949671e+00,-3.945461512e+00,3.042181768e-02,2.068588972e+00,-3.051648378e+00,-2.499025822e+00,2.549886465e+00,1.879354715e+00,0.000000000e+00,0.000000000e+00,0.000000000e+00,0.000000000e+00,-1.000000000e+00,-1.000000000e+00,-1.000000000e+00,0.000000000e+00,-9.999956489e-01,4.141753038e-07,1.000000000e+00,-6.989678144e-01,0.000000000e+00,4.141753038e-07,9.432315230e-01
79,8,1.135621071e+00,6.477815509e-01,-1.314058542e+00,1.827007890e+00,3.084941208e-01,-3.169797421e+00,-3.156949043e+00,-2.703041315e+00,-2.674020529e+00,-2.215349913e+00,-3.097661972e+00,-3.656306744e+00,-1.788884401e+00,7.000000000e+00,1.100000000e+01,1.900000000e+01,0.000000000e+00,1.875660866e-01,2.312541485e+00,5.482543707e-01,1.000000000e+00,-1.961809158e+00,-3.920799971e+00,1.432181597e+00,2.308741093e+00,-1.889791727e+00,-2.449566126e+00,1.335356474e+00,1.788884401e+00,4.000000000e+00,4.000000000e+00,0.000000000e+00,3.000000000e+00,-5.000000000e+00,1.000000000e+00,3.000000000e+00,1.000000000e+00,-4.813730717e+00,-1.801625967e+00,3.067843020e-01,-4.807367325e+00,1.000000000e+00,4.141753038e-07,7.524736524e-01
79,9,8.634681702e-01,3.539126515e-01,-1.627540469e+00,1.533429980e+00,-1.063763071e-02,-2.873132467e+00,-2.863114357e+00,-2.419576645e+00,-2.397281647e+00,-1.910099745e+00,-2.847854376e+00,-3.381964684e+00,-1.841611385e+00,6.000000000e+00,1.200000000e+01,2.000000000e+01,0.000000000e+00,1.518718123e+00,2.669494390e+00,2.324002236e-01,1.000000000e+00,-1.981429696e+00,-3.962164640e+00,-2.566017210e-01,2.669494152e+00,-3.007462978e+00,-2.490892410e+00,3.413155794e+00,1.841611385e+00,0.000000000e+00,0.000000000e+00,0.000000000e+00,0.000000000e+00,-1.000000000e+00,-1.000000000e+00,-1.000000000e+00,0.000000000e+00,-9.999956489e-01,4.141753038e-07,1.000000000e+00,-6.989678144e-01,0.000000000e+00,4.141753038e-07,9.958563447e-01
79,10,7.177299261e-01,2.483160496e-01,-1.758576393e+00,1.727548242e+00,1.593468636e-01,-2.768054247e+00,-2.762798309e+00,-2.192207575e+00,-2.194561958e+00,-1.722838163e+00,-2.730243683e+00,-3.236972809e+00,-1.743903041e+00,6.000000000e+00,1.200000000e+01,2.100000000e+01,0.000000000e+00,-3.129806995e+00,2.284291536e-01,4.053291380e-01,1.000000000e+00,-2.006872892e+00,-4.015143871e+00,-2.320809476e-02,1.466380805e-01,-2.466027260e+00,-2.476201057e+00,6.415435076e-01,1.743903041e+00,0.000000000e+00,0.000000000e+00,0.000000000e+00,0.000000000e+00,-1.000000000e+00,-1.000000000e+00,-1.000000000e+00,0.000000000e+00,-9.999956489e-01,4.141753038e-07,1.000000000e+00,-6.989678144e-01,0.000000000e+00,4.141753038e-07,9.984332919e-01
80,0,9.843192697e-01,6.079110503e-01,-1.370054722e+00,1.722306490e+00,1.541050076e-01,-3.179660320e+00,-3.171244860e+00,-2.636512756e+00,-2.619653702e+00,-2.260213614e+00,-2.962592125e+00,-3.555163860e+00,-1.512437820e+00,6.000000000e+00,1.100000000e+01,2.100000000e+01,1.000000000e+00,1.619341135e+00,3.069963455e+00,4.000873268e-01,9.545454383e-01,-1.977934480e+00,-3.952734709e+00,1.256291568e-01,3.069963217e+00,-3.101567745e+00,-2.354285955e+00,3.303740740e+00,1.512437820e+00,4.000000000e+00,4.000000000e+00,0.000000000e+00,3.000000000e+00,-4.000000000e+00,2.100000000e+01,1.000000000e+00,1.000000000e+00,-5.856316566e+00,-2.692338943e+00,-1.427377820e+00,-5.856068134e+00,1.000000000e+00,4.141753038e-07,8.689255118e-01
80,1,6.608345509e-01,2.918980420e-01,-1.763054132e+00,1.467648387e+00,-7.641913742e-02,-2.876825571e+00,-2.875611782e+00,-2.402682781e+00,-2.412048817e+00,-2.033808947e+00,-2.719682217e+00,-3.245324612e+00,-1.493441939e+00,6.000000000e+00,1.100000000e+01,2.000000000e+01,0.000000000e+00,-1.626669168e+00,1.221072555e+00,1.666186750e-01,1.000000000e+00,-2.054927826e+00,-4.108441830e+00,-3.156211600e-02,1.220393062e+00,-2.735385180e+00,-2.423798561e+00,1.630140066e+00,1.493441939e+00,0.000000000e+00,0.000000000e+00,0.000000000e+00,0.000000000e+00,-1.000000000e+00,-1.000000000e+00,-1.000000000e+00,0.000000000e+00,-9.999956489e-01,4.141753038e-07,1.000000000e+00,-6.989678144e-01,0.000000000e+00,4.141753038e-07,9.977243543e-01
80,2,6.830872893e-01,3.861945271e-01,-1.719635963e+00,1.576771140e+00,1.454077214e-01,-2.993271351e+00,-2.983870506e+00,-2.529364109e+00,-2.537887335e+00,-2.232543945e+00,-2.791325808e+00,-3.289744854e+00,-1.305940509e+00,4.000000000e+00,1.000000000e+01,1.600000000e+01,0.000000000e+00,1.804884195e+00,3.135060310e+00,3.726513684e-01,1.000000000e+00,-2.105797529e+00,-4.207303524e+00,1.766895689e-02,3.135060310e+00,-2.906212807e+00,-2.402636051e+00,3.422666788e+00,1.305940509e+00,0.000000000e+00,0.000000000e+00,0.000000000e+00,0.000000000e+00,-1.000000000e+00,-1.000000000e+00,-1.000000000e+00,0.000000000e+00,-9.999956489e-01,4.141753038e-07,1.000000000e+00,-6.989678144e-01,0.000000000e+00,4.141753038e-07,9.941381216e-01
80,3,8.706514239e-01,5.867336988e-01,-1.473712802e+00,1.349379778e+00,-8.198344707e-02,-3.198981524e+00,-3.212068319e+00,-2.674131393e+00,-2.726648808e+00,-2.390312195e+00,-2.931566238e+00,-3.482266188e+00,-1.271149039e+00,4.000000000e+00,9.000000000e+00,1.600000000e+01,0.000000000e+00,1.619364858e+00,3.200101614e+00,1.452600956e-01,1.000000000e+00,-2.060409307e+00,-4.116034985e+00,3.604503870e-01,3.200101137e+00,-2.952773809e+00,-2.344281197e+00,3.176011324e+00,1.271149039e+00,3.000000000e+00,3.000000000e+00,0.000000000e+00,3.000000000e+00,-4.000000000e+00,3.500000000e+01,2.000000000e+00,1.000000000e+00,-5.037769794e+00,-1.938992500e+00,2.529112101e-01,-5.033339977e+00,1.000000000e+00,4.141753038e-07,9.069879055e-01
80,4,5.872198939e-01,2.673771381e-01,-1.750505686e+00,1.257896066e+00,-6.432283670e-02,-2.886015892e+00,-2.880754232e+00,-2.431618452e+00,-2.430470943e+00,-2.111836910e+00,-2.608035326e+00,-3.205495358e+00,-1.366631269e+00,4.000000000e+00,9.000000000e+00,1.300000000e+01,0.000000000e+00,7.952498645e-02,2.151658058e+00,1.439529061e-01,1.000000000e+00,-2.017861843e+00,-4.034174442e+00,-2.404740006e-01,2.151654482e+00,-2.938062668e+00,-2.337655306e+00,2.710620642e+00,1.366631269e+00,0.000000000e+00,0.000000000e+00,0.000000000e+00,0.000000000e+00,-1.000000000e+00,-1.000000000e+00,-1.000000000e+00,0.000000000e+00,-9.999956489e-01,4.141753038e-07,1.000000000e+00,-6.989678144e-01,0.000000000e+00,4.141753038e-07,9.981638789e-01
80,5,6.792871952e-01,4.470135570e-01,-1.598054528e+00,1.364978552e+00,-1.263826340e-01,-3.078926563e+00,-3.075379610e+00,-2.578209162e+00,-2.623877764e+00,-2.346003771e+00,-2.725338697e+00,-3.310832024e+00,-1.128420830e+00,4.000000000e+00,1.000000000e+01,1.800000000e+01,0.000000000e+00,1.905349016e+00,3.298774481e+00,1.097063124e-01,1.000000000e+00,-2.045037031e+00,-4.086040497e+00,-5.657449737e-02,3.298774481e+00,-3.127066612e+00,-2.277276516e+00,3.633101940e+00,1.128420830e+00,0.000000000e+00,0.000000000e+00,0.000000000e+00,0.000000000e+00,-1.000000000e+00,-1.000000000e+00,-1.000000000e+00,0.000000000e+00,-9.999956489e-01,4.141753038e-07,1.000000000e+00,-6.989678144e-01,0.000000000e+00,4.141753038e-07,9.878938794e-01
81,0,6.016974449e-01,3.232556880e-01,-1.679943442e+00,1.315950394e+00,-2.025628686e-01,-2.965045929e+00,-2.945579052e+00,-2.493982792e+00,-2.496051550e+00,-2.215605259e+00,-2.606570482e+00,-3.243127823e+00,1.256351352e+00,3.000000000e+00,9.000000000e+00,1.900000000e+01,0.000000000e+00,1.895659804e+00,3.163510799e+00,3.719713539e-02,1.000000000e+00,-2.003175974e+00,-4.003864288e+00,8.850294352e-01,3.163504839e+00,-1.934376359e+00,-2.281578541e+00,2.558968782e+00,1.256351352e+00,1.000000000e+00,1.000000000e+00,0.000000000e+00,1.000000000e+00,5.000000000e+00,2.200000000e+01,1.000000000e+00,1.000000000e+00,-5.470165730e+00,-2.269056320e+00,-5.364943147e-01,-5.468521595e+00,1.000000000e+00,4.698283672e-01,9.969512224e-01
81,1,6.380468011e-01,3.943588138e-01,-1.674198985e+00,1.231606841e+00,-2.307904512e-01,-3.028949976e+00,-3.031855345e+00,-2.447466612e+00,-2.474232435e+00,-2.203830957e+00,-2.708189487e+00,-3.272288799e+00,1.160633564e+00,3.000000000e+00,9.000000000e+00,1.700000000e+01,0.000000000e+00,-1.136829376e+00,1.635518670e+00,1.158300787e-03,1.000000000e+00,-2.068527222e+00,-4.133003235e+00,-1.810688376e-01,1.635468125e+00,-3.049303293e+00,-2.312177181e+00,2.086802721e+00,1.160633564e+00,0.000000000e+00,0.000000000e+00,0.000000000e+00,0.000000000e+00,-1.000000000e+00,-1.000000000e+00,-1.000000000e+00,0.000000000e+00,-9.999956489e-01,4.141753038e-07,1.000000000e+00,-6.989678144e-01,0.000000000e+00,4.141753038e-07,9.935746789e-01
81,2,7.290294170e-01,2.751699686e-01,-1.724667788e+00,1.482203007e+00,-6.186451390e-02,-2.825693369e+00,-2.822101831e+00,-2.378647566e+00,-2.384268284e+00,-1.924855232e+00,-2.732925177e+00,-3.279017448e+00,1.705737710e+00,6.000000000e+00,1.200000000e+01,2.000000000e+01,1.000000000e+00,-8.018497825e-01,1.576664329e+00,1.811733097e-01,9.523809552e-01,-1.999817133e+00,-3.999630213e+00,1.271256208e+00,1.515635014e+00,-1.388276339e+00,-2.453596592e+00,7.038548589e-01,1.705737710e+00,0.000000000e+00,0.000000000e+00,0.000000000e+00,0.000000000e+00,-1.000000000e+00,-1.000000000e+00,-1.000000000e+00,0.000000000e+00,-9.999956489e-01,4.141753038e-07,1.000000000e+00,-6.989678144e-01,0.000000000e+00,4.141753038e-07,9.980368018e-01
81,3,8.654285669e-01,3.398246765e-01,-1.580277443e+00,1.461678028e+00,3.031459823e-02,-2.847364664e+00,-2.834028006e+00,-2.388162851e+00,-2.381774187e+00,-1.862633228e+00,-2.788043737e+00,-3.372249842e+00,1.880396366e+00,7.000000000e+00,1.000000000e+01,1.600000000e+01,0.000000000e+00,3.196044266e-01,2.022481680e+00,2.575582564e-01,1.000000000e+00,-1.920082331e+00,-3.839985609e+00,-4.254454374e-02,2.022465467e+00,-2.763995886e+00,-2.445601463e+00,2.584109068e+00,1.880396366e+00,1.000000000e+00,1.000000000e+00,0.000000000e+00,1.000000000e+00,5.000000000e+00,2.200000000e+01,1.000000000e+00,1.000000000e+00,-4.642825603e+00,-1.535809636e+00,7.436568141e-01,-4.630900383e+00,1.000000000e+00,4.141753038e-07,9.964109063e-01
81,4,7.677818537e-01,1.630440503e-01,-1.857710004e+00,1.968901277e+00,4.503874183e-01,-2.638666868e+00,-2.631840944e+00,-2.124551058e+00,-2.119113207e+00,-1.519856453e+00,-2.800465107e+00,-3.242833614e+00,2.069804430e+00,7.000000000e+00,1.100000000e+01,1.900000000e+01,0.000000000e+00,-1.528491855e+00,7.574720383e-01,6.901477575e-01,1.000000000e+00,-2.020739555e+00,-4.048855305e+00,-2.635227144e-01,7.554917336e-01,-2.545585155e+00,-2.625339746e+00,1.618209958e+00,2.069804430e+00,0.000000000e+00,0.000000000e+00,0.000000000e+00,0.000000000e+00,-1.000000000e+00,-1.000000000e+00,-1.000000000e+00,0.000000000e+00,-9.999956489e-01,4.141753038e-07,1.000000000e+00,-6.989678144e-01,0.000000000e+00,4.141753038e-07,9.991662502e-01
81,5,1.038796663e+00,4.472013712e-01,-1.542237043e+00,1.520107985e+00,1.594492467e-03,-2.906745911e+00,-2.903634071e+00,-2.454673290e+00,-2.424892902e+00,-1.863169789e+00,-3.030869246e+00,-3.497324705e+00,2.038530827e+00,6.000000000e+00,1.100000000e+01,1.900000000e+01,0.000000000e+00,1.276480913e+00,2.501473665e+00,2.413546592e-01,1.000000000e+00,-1.989410996e+00,-3.977845669e+00,6.006288528e-01,2.501439333e+00,-2.271499634e+00,-2.580883265e+00,2.462588549e+00,2.038530827e+00,2.000000000e+00,2.000000000e+00,0.000000000e+00,2.000000000e+00,-5.000000000e+00,1.000000000e+00,3.000000000e+00,1.000000000e+00,-5.239638805e+00,-2.361865520e+00,-7.412388921e-01,-5.238081932e+00,1.000000000e+00,4.141753038e-07,9.878649116e-01
82,0,6.817642450e-01,5.484516621e-01,-1.555562258e+00,1.256245017e+00,-2.351160198e-01,-3.092858553e+00,-3.112917900e+00,-2.556058884e+00,-2.612233162e+00,-2.422787428e+00,-2.786567688e+00,-3.225977898e+00,-8.241682053e-01,5.000000000e+00,1.000000000e+01,1.800000000e+01,0.000000000e+00,-9.692075253e-01,1.938931227e+00,9.728432633e-04,1.000000000e+00,-2.103974104e+00,-4.202126026e+00,7.889281511e-01,1.937840223e+00,-2.371832371e+00,-2.237267017e+00,1.338391781e+00,8.241682053e-01,1.000000000e+00,0.000000000e+00,1.000000000e+00,3.000000000e+00,-2.000000000e+00,2.000000000e+00,2.000000000e+00,1.000000000e+00,-5.623986721e+00,-2.918614149e+00,-1.630917788e+00,-5.623683453e+00,1.000000000e+00,4.141753038e-07,9.492610097e-01
82,1,9.739450812e-01,8.510900140e-01,-1.270956159e+00,1.367313981e+00,-6.404927373e-02,-3.475572348e+00,-3.527637005e+00,-2.804082394e+00,-2.996959686e+00,-2.681295633e+00,-3.095655441e+00,-3.598003149e+00,-7.880892754e-01,4.000000000e+00,1.000000000e+01,1.600000000e+01,0.000000000e+00,-9.894757867e-01,2.186954975e+00,1.631942987e-01,1.000000000e+00,-2.121996641e+00,-4.236750126e+00,7.164600492e-01,2.186706066e+00,-3.131433010e+00,-2.244832993e+00,1.786050200e+00,7.880892754e-01,3.000000000e+00,0.000000000e+00,3.000000000e+00,3.000000000e+00,-2.000000000e+00,1.000000000e+00,2.000000000e+00,1.000000000e+00,-5.655419827e+00,-2.083759546e+00,8.367521316e-02,-5.653463364e+00,1.000000000e+00,4.141753038e-07,1.485438645e-02
82,2,3.653900027e-01,2.362565249e-01,-1.876065850e+00,1.478406906e+00,8.046722412e-02,-2.943888903e+00,-2.952770710e+00,-2.452835560e+00,-2.499745607e+00,-2.323733807e+00,-2.479710817e+00,-3.072890282e+00,-8.098793030e-01,4.000000000e+00,1.000000000e+01,1.500000000e+01,1.000000000e+00,1.277258873e+00,2.962454796e+00,3.023158014e-01,9.375000000e-01,-2.112298489e+00,-4.219546318e+00,-9.722256660e-02,2.962454796e+00,-2.833066463e+00,-2.241412640e+00,3.235563517e+00,8.098793030e-01,0.000000000e+00,0.000000000e+00,0.000000000e+00,0.000000000e+00,-1.000000000e+00,-1.000000000e+00,-1.000000000e+00,0.000000000e+00,-9.999956489e-01,4.141753038e-07,1.000000000e+00,-6.989678144e-01,0.000000000e+00,4.141753038e-07,9.985779524e-01
82,3,1.268957138e+00,1.120645523e+00,-1.847932488e-01,1.004114628e+00,5.269934535e-01,-1.516281128e+00,-2.494927406e+00,2.136356980e-01,-8.046787381e-01,3.619472980e-01,-2.678712606e+00,-1.664587021e+00,-8.741803765e-01,0.000000000e+00,3.000000000e+00,4.000000000e+00,0.000000000e+00,2.118387699e+00,1.304990530e+00,4.020547569e-01,1.000000000e+00,-1.305430651e+00,-2.715176821e+00,1.292360306e+00,6.810349226e-01,-6.329648495e-01,-1.453738809e+00,5.553032160e-01,8.741803765e-01,0.000000000e+00,0.000000000e+00,0.000000000e+00,0.000000000e+00,-1.000000000e+00,-1.000000000e+00,-1.000000000e+00,0.000000000e+00,-9.999956489e-01,4.141753038e-07,1.000000000e+00,-6.989678144e-01,0.000000000e+00,4.141753038e-07,7.510713118e-08
82,4,3.293731809e-01,2.142633945e-01,-1.852224827e+00,1.452700257e+00,9.097271413e-02,-2.941199541e+00,-2.942303658e+00,-2.475346088e+00,-2.508826733e+00,-2.360266447e+00,-2.397365570e+00,-3.056194305e+00,-7.606284022e-01,4.000000000e+00,9.000000000e+00,1.400000000e+01,0.000000000e+00,1.331259608e+00,3.025995970e+00,3.065723479e-01,1.000000000e+00,-2.066468239e+00,-4.128738880e+00,1.710187197e-01,3.025995493e+00,-2.552056789e+00,-2.181562901e+00,3.003483534e+00,7.606284022e-01,0.000000000e+00,0.000000000e+00,0.000000000e+00,0.000000000e+00,-1.000000000e+00,-1.000000000e+00,-1.000000000e+00,0.000000000e+00,-9.999956489e-01,4.141753038e-07,1.000000000e+00,-6.989678144e-01,0.000000000e+00,4.141753038e-07,9.988001585e-01
82,5,4.128435552e-01,3.395133018e-01,-1.618132591e+00,1.361492872e+00,-2.345902321e-04,-2.960706711e+00,-2.993804693e+00,-2.476535320e+00,-2.527370930e+00,-2.403225183e+00,-2.370984793e+00,-3.033964157e+00,-5.976014733e-01,5.000000000e+00,8.000000000e+00,1.400000000e+01,0.000000000e+00,-5.266504884e-01,2.140009403e+00,2.153650522e-01,1.000000000e+00,-1.957624316e+00,-3.912343502e+00,-8.599931002e-01,2.140009165e+00,-3.724716425e+00,-2.030947447e+00,3.123128653e+00,5.976014733e-01,0.000000000e+00,0.000000000e+00,0.000000000e+00,0.000000000e+00,-1.000000000e+00,-1.000000000e+00,-1.000000000e+00,0.000000000e+00,-9.999956489e-01,4.141753038e-07,1.000000000e+00,-6.989678144e-01,0.000000000e+00,4.141753038e-07,9.964220524e-01
82,6,3.082464635e-01,2.362177819e-01,-1.871774912e+00,1.335011482e+00,-9.635172039e-02,-2.989835501e+00,-2.944108248e+00,-2.211711884e+00,-2.191212893e+00,-2.139693975e+00,-2.417185068e+00,-3.061787605e+00,-5.919823050e-01,3.000000000e+00,9.000000000e+00,1.600000000e+01,0.000000000e+00,7.791341543e-01,2.529320955e+00,1.308918297e-01,1.000000000e+00,-2.107969046e+00,-4.209976196e+00,-4.019400775e-01,2.529320478e+00,-2.829145908e+00,-2.179987907e+00,2.982618093e+00,5.919823050e-01,0.000000000e+00,0.000000000e+00,0.000000000e+00,0.000000000e+00,-1.000000000e+00,-1.000000000e+00,-1.000000000e+00,0.000000000e+00,-9.999956489e-01,4.141753038e-07,1.000000000e+00,-6.989678144e-01,0.000000000e+00,4.141753038e-07,9.985784292e-01
82,7,3.839963675e-01,3.373182714e-01,-1.762558699e+00,1.415787220e+00,-1.557606831e-02,-3.090151548e+00,-3.089851856e+00,-2.612468481e+00,-2.635602951e+00,-2.565808296e+00,-2.484196663e+00,-3.136769056e+00,-4.719868302e-01,4.000000000e+00,1.000000000e+01,1.600000000e+01,0.000000000e+00,5.938850045e-01,2.862910748e+00,2.116675079e-01,1.000000000e+00,-2.099847317e+00,-4.193402290e+00,-9.438657761e-01,2.862910748e+00,-3.913405895e+00,-2.146519184e+00,3.874956131e+00,4.719868302e-01,0.000000000e+00,0.000000000e+00,0.000000000e+00,0.000000000e+00,-1.000000000e+00,-1.000000000e+00,-1.000000000e+00,0.000000000e+00,-9.999956489e-01,4.141753038e-07,1.000000000e+00,-6.989678144e-01,0.000000000e+00,4.141753038e-07,9.964997768e-01
82,8,2.616687715e-01,2.092522234e-01,-1.841109872e+00,1.175351381e+00,-2.225879282e-01,-2.963370323e+00,-2.962477207e+00,-2.464848518e+00,-2.514062166e+00,-2.412446260e+00,-2.312662125e+00,-3.015735626e+00,-5.012519956e-01,4.000000000e+00,9.000000000e+00,1.500000000e+01,0.000000000e+00,-1.048981428e+00,1.888070703e+00,-7.394665154e-04,1.000000000e+00,-2.050343275e+00,-4.096023083e+00,-2.081882209e-01,1.888056755e+00,-2.931273937e+00,-2.102753639e+00,2.197661877e+00,5.012519956e-01,0.000000000e+00,0.000000000e+00,0.000000000e+00,0.000000000e+00,-1.000000000e+00,-1.000000000e+00,-1.000000000e+00,0.000000000e+00,-9.999956489e-01,4.141753038e-07,1.000000000e+00,-6.989678144e-01,0.000000000e+00,4.141753038e-07,9.988443851e-01
82,9,8.917996883e-01,3.209442496e-01,-1.633519173e+00,1.162534595e+00,-1.162184775e-01,-2.920540333e+00,-2.858058691e+00,-1.755056024e+00,-1.823234677e+00,-1.184218645e+00,-2.846112728e+00,-3.490412235e+00,1.989042282e+00,1.000000000e+00,7.000000000e+00,1.200000000e+01,0.000000000e+00,-1.034250483e-01,1.758897066e+00,8.335364610e-02,1.000000000e+00,-1.954442739e+00,-3.905591249e+00,1.758170724e+00,5.207092166e-01,-3.860358596e-01,-2.525191784e+00,-5.984220505e-01,1.989042282e+00,0.000000000e+00,0.000000000e+00,0.000000000e+00,0.000000000e+00,-1.000000000e+00,-1.000000000e+00,-1.000000000e+00,0.000000000e+00,-9.999956489e-01,4.141753038e-07,1.000000000e+00,-6.989678144e-01,0.000000000e+00,4.141753038e-07,9.970184565e-01
82,10,8.355792761e-01,2.477969825e-01,-1.747955322e+00,1.392219305e+00,-9.914186597e-02,-2.721584797e+00,-2.724047184e+00,-2.277866364e+00,-2.284978628e+00,-1.690144897e+00,-2.838339567e+00,-3.308711052e+00,2.029445648e+00,6.000000000e+00,1.100000000e+01,1.800000000e+01,0.000000000e+00,1.224542856e+00,2.302919865e+00,1.369470656e-01,1.000000000e+00,-1.995733380e+00,-3.994526386e+00,9.904875755e-01,2.302404404e+00,-1.542356372e+00,-2.583392382e+00,1.906804323e+00,2.029445648e+00,0.000000000e+00,0.000000000e+00,0.000000000e+00,0.000000000e+00,-1.000000000e+00,-1.000000000e+00,-1.000000000e+00,0.000000000e+00,-9.999956489e-01,4.141753038e-07,1.000000000e+00,-6.989678144e-01,0.000000000e+00,4.141753038e-07,9.984398484e-01
83,0,9.894644618e-01,6.078189611e-01,-1.430691123e+00,1.618224859e+00,1.558271199e-01,-3.158473969e+00,-3.144834518e+00,-2.607055426e+00,-2.606094360e+00,-2.225512505e+00,-3.028614521e+00,-3.539239645e+00,-1.525711179e+00,4.000000000e+00,1.100000000e+01,1.700000000e+01,1.000000000e+00,1.338639259e+00,2.894907236e+00,3.877760768e-01,9.444444180e-01,-2.038474321e+00,-4.072968006e+00,4.363975525e-01,2.894904613e+00,-2.777430773e+00,-2.420053005e+00,2.839127064e+00,1.525711179e+00,4.000000000e+00,4.000000000e+00,0.000000000e+00,3.000000000e+00,-4.000000000e+00,1.500000000e+01,1.000000000e+00,1.000000000e+00,-4.762296200e+00,-2.006172657e+00,7.321547717e-02,-4.758281231e+00,1.000000000e+00,4.141753038e-07,8.691212535e-01
83,1,8.324837685e-01,4.919200242e-01,-1.494541645e+00,1.448797226e+00,-1.194039136e-01,-3.091349602e+00,-3.087787867e+00,-2.552661896e+00,-2.559376717e+00,-2.212182283e+00,-2.819766045e+00,-3.431275845e+00,-1.420608997e+00,3.000000000e+00,9.000000000e+00,2.100000000e+01,0.000000000e+00,1.733368278e+00,3.078937292e+00,1.265782267e-01,1.000000000e+00,-1.986433029e+00,-3.969972372e+00,-2.367414720e-02,3.078937292e+00,-3.074612617e+00,-2.326946735e+00,3.449726582e+00,1.420608997e+00,0.000000000e+00,0.000000000e+00,0.000000000e+00,0.000000000e+00,-1.000000000e+00,-1.000000000e+00,-1.000000000e+00,0.000000000e+00,-9.999956489e-01,4.141753038e-07,1.000000000e+00,-6.989678144e-01,0.000000000e+00,4.141753038e-07,9.779474139e-01
83,2,5.594712496e-01,5.184310675e-01,-1.631540298e+00,1.258948803e+00,-1.724143773e-01,-3.245696306e+00,-3.256838560e+00,-2.703069687e+00,-2.692068577e+00,-2.662049294e+00,-2.709482908e+00,-3.286660910e+00,-4.416162670e-01,4.000000000e+00,1.000000000e+01,1.600000000e+01,0.000000000e+00,-4.130848050e-01,2.455706120e+00,5.482910946e-02,1.000000000e+00,-2.149928570e+00,-4.291639805e+00,-8.212312311e-02,2.455704212e+00,-3.291985512e+00,-2.190962553e+00,2.567603111e+00,4.416162670e-01,0.000000000e+00,0.000000000e+00,0.000000000e+00,0.000000000e+00,-1.000000000e+00,-1.000000000e+00,-1.000000000e+00,0.000000000e+00,-9.999956489e-01,4.141753038e-07,1.000000000e+00,-6.989678144e-01,0.000000000e+00,4.141753038e-07,9.677439928e-01
83,3,5.947581530e-01,5.604585409e-01,-1.603185415e+00,1.577647448e+00,2.159198076e-01,-3.301047802e+00,-3.313721895e+00,-2.646161556e+00,-2.852541924e+00,-2.611876488e+00,-2.758334398e+00,-3.335276127e+00,-4.026878774e-01,3.000000000e+00,9.000000000e+00,1.400000000e+01,0.000000000e+00,1.331512690e+00,3.277811050e+00,4.315195084e-01,1.000000000e+00,-2.163598061e+00,-4.318351746e+00,5.556575060e-01,3.277810097e+00,-2.857339382e+00,-2.197892427e+00,2.962863922e+00,4.026878774e-01,2.000000000e+00,0.000000000e+00,2.000000000e+00,3.000000000e+00,-1.000000000e+00,9.000000000e+00,1.000000000e+00,1.000000000e+00,-3.985732079e+00,-1.693708181e+00,9.224563837e-01,-3.977111816e+00,1.000000000e+00,4.141753038e-07,9.388180971e-01
83,4,8.699415326e-01,5.351895094e-01,-1.434686422e+00,1.363105893e+00,4.088696465e-02,-2.832445383e+00,-2.838638067e+00,-1.220270276e+00,-1.526759148e+00,-8.855221272e-01,-2.842764139e+00,-3.166854620e+00,1.405541539e+00,0.000000000e+00,6.000000000e+00,1.300000000e+01,1.000000000e+00,1.108229399e+00,1.443340182e+00,2.491627485e-01,9.285714030e-01,-1.969847202e+00,-3.939220667e+00,5.688601732e-01,1.439434528e+00,-1.493089676e+00,-2.304552317e+00,1.511818886e+00,1.405541539e+00,2.000000000e+00,2.000000000e+00,0.000000000e+00,2.000000000e+00,-4.000000000e+00,1.000000000e+00,1.000000000e+00,1.000000000e+00,-4.377488136e+00,-1.592642069e+00,7.325462103e-01,-4.366790771e+00,1.000000000e+00,4.141753038e-07,9.585786462e-01
83,5,7.029745579e-01,3.657855690e-01,-1.662169099e+00,1.652988791e+00,2.216252834e-01,-2.976529598e+00,-2.974856377e+00,-2.515488863e+00,-2.536759377e+00,-2.178376675e+00,-2.732885361e+00,-3.313236237e+00,1.411866307e+00,4.000000000e+00,1.000000000e+01,1.600000000e+01,0.000000000e+00,1.363182187e+00,2.860033035e+00,4.488689899e-01,1.000000000e+00,-2.027928114e+00,-4.053183556e+00,-1.046284199e+00,2.860033035e+00,-3.945138931e+00,-2.365062952e+00,4.263128757e+00,1.411866307e+00,0.000000000e+00,0.000000000e+00,0.000000000e+00,0.000000000e+00,-1.000000000e+00,-1.000000000e+00,-1.000000000e+00,0.000000000e+00,-9.999956489e-01,4.141753038e-07,1.000000000e+00,-6.989678144e-01,0.000000000e+00,4.141753038e-07,9.953061938e-01
83,6,7.531071901e-01,3.318033516e-01,-1.709270954e+00,1.606283307e+00,3.808195144e-02,-2.900248766e+00,-2.891802788e+00,-2.444450617e+00,-2.440357685e+00,-2.023221731e+00,-2.797483921e+00,-3.320987701e+00,1.625209570e+00,5.000000000e+00,1.100000000e+01,2.100000000e+01,0.000000000e+00,-2.679730654e-01,1.889280915e+00,2.840642035e-01,1.000000000e+00,-2.041048527e+00,-4.080486774e+00,-1.032327890e+00,1.889280558e+00,-3.801852465e+00,-2.462274313e+00,3.337534666e+00,1.625209570e+00,0.000000000e+00,0.000000000e+00,0.000000000e+00,0.000000000e+00,-1.000000000e+00,-1.000000000e+00,-1.000000000e+00,0.000000000e+00,-9.999956489e-01,4.141753038e-07,1.000000000e+00,-6.989678144e-01,0.000000000e+00,4.141753038e-07,9.966860414e-01
83,7,6.102705598e-01,1.361172497e-01,-1.883768559e+00,1.494721651e+00,-9.634237736e-02,-2.679838896e+00,-2.673323154e+00,-2.231642008e+00,-2.231098175e+00,-1.757537723e+00,-2.639377832e+00,-3.153581142e+00,1.755496144e+00,6.000000000e+00,1.100000000e+01,2.200000000e+01,1.000000000e+00,1.573587894e+00,2.544363737e+00,1.522993147e-01,9.565217495e-01,-2.019873142e+00,-4.044378281e+00,3.287322223e-01,2.544355631e+00,-2.038509369e+00,-2.493936777e+00,2.689198256e+00,1.755496144e+00,0.000000000e+00,0.000000000e+00,0.000000000e+00,0.000000000e+00,-1.000000000e+00,-1.000000000e+00,-1.000000000e+00,0.000000000e+00,-9.999956489e-01,4.141753038e-07,1.000000000e+00,-6.989678144e-01,0.000000000e+00,4.141753038e-07,9.993000031e-01
83,8,1.126507878e+00,4.995682240e-01,-1.404882550e+00,1.740725517e+00,2.493641227e-01,-3.128995180e+00,-3.187435865e+00,-2.326070547e+00,-2.477171421e+00,-1.699200988e+00,-3.030942440e+00,-3.754047871e+00,2.122495174e+00,7.000000000e+00,1.100000000e+01,1.800000000e+01,0.000000000e+00,4.558594823e-01,1.927393079e+00,4.854531884e-01,1.000000000e+00,-1.904426694e+00,-3.806571960e+00,4.558026791e-01,1.927145481e+00,-2.520923138e+00,-2.531253815e+00,2.249376297e+00,2.122495174e+00,2.000000000e+00,2.000000000e+00,0.000000000e+00,2.000000000e+00,-5.000000000e+00,3.300000000e+01,3.000000000e+00,1.000000000e+00,-4.411114693e+00,-3.038642645e+00,-2.270024776e+00,-4.410727978e+00,1.000000000e+00,4.141753038e-07,9.754390717e-01
83,9,1.071891785e+00,3.448082805e-01,-7.263907790e-01,1.340822935e+00,4.957249761e-01,-2.662045717e+00,-2.462145090e+00,-2.139243603e+00,-1.943761110e+00,-1.412208557e+00,-2.143618107e+00,-3.388265610e+00,2.358415365e+00,6.000000000e+00,4.000000000e+00,6.000000000e+00,0.000000000e+00,1.523213863e+00,2.173828840e+00,5.626717806e-01,1.000000000e+00,-1.071196079e+00,-2.142927647e+00,-3.200880885e-01,2.173826456e+00,-2.608520031e+00,-1.798257589e+00,3.025415421e+00,2.358415365e+00,0.000000000e+00,0.000000000e+00,0.000000000e+00,0.000000000e+00,-1.000000000e+00,-1.000000000e+00,-1.000000000e+00,0.000000000e+00,-9.999956489e-01,4.141753038e-07,1.000000000e+00,-6.989678144e-01,0.000000000e+00,4.141753038e-07,9.962257147e-01
83,10,1.080476046e+00,4.217625260e-01,-1.523235798e+00,1.669154882e+00,1.250871420e-01,-3.058796167e+00,-3.150691509e+00,-2.324526548e+00,-2.476923466e+00,-1.665884376e+00,-3.026298523e+00,-3.715744495e+00,2.197631359e+00,6.000000000e+00,1.100000000e+01,2.000000000e+01,0.000000000e+00,1.483175159e+00,2.407493591e+00,3.681250513e-01,1.000000000e+00,-1.944974303e+00,-3.887928486e+00,-1.798139364e-01,2.407492161e+00,-3.078110456e+00,-2.603551865e+00,3.398258686e+00,2.197631359e+00,0.000000000e+00,0.000000000e+00,0.000000000e+00,0.000000000e+00,-1.000000000e+00,-1.000000000e+00,-1.000000000e+00,0.000000000e+00,-9.999956489e-01,4.141753038e-07,1.000000000e+00,-6.989678144e-01,0.000000000e+00,4.141753038e-07,9.911467433e-01
83,11,1.157057762e+00,4.820255637e-01,-1.412030578e+00,1.729465127e+00,2.381037176e-01,-3.118554592e+00,-3.196965933e+00,-2.351370573e+00,-2.512722254e+00,-1.676415205e+00,-3.051064730e+00,-3.791462660e+00,2.236109257e+00,5.000000000e+00,1.000000000e+01,1.800000000e+01,1.000000000e+00,1.359304190e+00,2.356088161e+00,4.741927981e-01,9.473684430e-01,-1.894033194e+00,-3.785902262e+00,-6.465534568e-01,2.356087923e+00,-3.639546394e+00,-2.568938494e+00,3.838444471e+00,2.236109257e+00,1.000000000e+00,1.000000000e+00,0.000000000e+00,1.000000000e+00,5.000000000e+00,1.100000000e+01,1.000000000e+00,1.000000000e+00,-4.955399990e+00,-1.483127832e+00,7.937575579e-01,-4.942601681e+00,1.000000000e+00,4.141753038e-07,9.807699919e-01
84,0,9.098045230e-01,8.007989526e-01,-1.307452440e+00,1.563609838e+00,1.012121290e-01,-3.421179771e+00,-3.469082355e+00,-2.743222952e+00,-2.873997450e+00,-2.634270668e+00,-3.017799854e+00,-3.529858589e+00,7.384888530e-01,4.000000000e+00,1.000000000e+01,1.700000000e+01,0.000000000e+00,1.648573995e+00,3.458745003e+00,3.331610560e-01,1.000000000e+00,-2.108204365e+00,-4.209613323e+00,-1.633690476e+00,3.458745003e+00,-5.228339672e+00,-2.217194080e+00,5.318549156e+00,7.384888530e-01,4.000000000e+00,0.000000000e+00,4.000000000e+00,3.000000000e+00,1.000000000e+00,4.000000000e+00,1.000000000e+00,1.000000000e+00,-5.510632515e+00,-2.196560621e+00,-1.822425127e-01,-5.508769989e+00,1.000000000e+00,4.141753038e-07,6.646011770e-02
84,1,7.015078664e-01,4.291191399e-01,-1.653422952e+00,1.226638079e+00,-2.357591540e-01,-3.041665792e+00,-3.059558630e+00,-2.463134527e+00,-2.514499664e+00,-2.190804482e+00,-2.785706282e+00,-3.313637733e+00,1.239910841e+00,3.000000000e+00,9.000000000e+00,1.700000000e+01,0.000000000e+00,5.614213347e-01,2.471585274e+00,-3.810411319e-03,1.000000000e+00,-2.082509041e+00,-4.160691738e+00,9.652714431e-02,2.471581459e+00,-2.846928596e+00,-2.354851961e+00,2.698710918e+00,1.239910841e+00,1.000000000e+00,0.000000000e+00,1.000000000e+00,3.000000000e+00,2.000000000e+00,2.000000000e+00,1.000000000e+00,1.000000000e+00,-4.840845585e+00,-3.276305199e+00,-2.388565063e+00,-4.840631962e+00,2.000000000e+00,4.141753038e-07,9.903187752e-01
84,2,4.425599575e-01,1.629808843e-01,-1.881368637e+00,1.400512218e+00,2.572575351e-03,-2.784974813e+00,-2.770817757e+00,-2.267868042e+00,-2.243313313e+00,-1.988326907e+00,-2.491819859e+00,-3.064314842e+00,1.259430766e+00,3.000000000e+00,9.000000000e+00,1.500000000e+01,0.000000000e+00,5.873111486e-01,2.282024860e+00,2.244211733e-01,1.000000000e+00,-2.044334173e+00,-4.088420391e+00,-9.255981445e-01,2.282024860e+00,-3.331040144e+00,-2.323869944e+00,3.462006330e+00,1.259430766e+00,0.000000000e+00,0.000000000e+00,0.000000000e+00,0.000000000e+00,-1.000000000e+00,-1.000000000e+00,-1.000000000e+00,0.000000000e+00,-9.999956489e-01,4.141753038e-07,1.000000000e+00,-6.989678144e-01,0.000000000e+00,4.141753038e-07,9.991666079e-01
84,3,7.888679504e-01,4.101604819e-01,-1.634974241e+00,1.622209311e+00,7.814160734e-02,-2.990613461e+00,-2.992283583e+00,-2.526951313e+00,-2.549758673e+00,-2.148328781e+00,-2.836038589e+00,-3.368730068e+00,1.518269181e+00,5.000000000e+00,1.100000000e+01,2.000000000e+01,0.000000000e+00,3.273843825e-01,2.312092066e+00,3.211794794e-01,1.000000000e+00,-2.045105219e+00,-4.087279797e+00,1.828023046e-01,2.312080145e+00,-2.777011156e+00,-2.423745632e+00,2.530699968e+00,1.518269181e+00,0.000000000e+00,0.000000000e+00,0.000000000e+00,0.000000000e+00,-1.000000000e+00,-1.000000000e+00,-1.000000000e+00,0.000000000e+00,-9.999956489e-01,4.141753038e-07,1.000000000e+00,-6.989678144e-01,0.000000000e+00,4.141753038e-07,9.922885299e-01
84,4,9.066716433e-01,4.254862368e-01,-1.634330630e+00,1.752046347e+00,4.298271537e-01,-3.019737720e+00,-3.076603651e+00,-1.933872223e+00,-2.079241514e+00,-1.452711821e+00,-2.966043472e+00,-3.500002384e+00,1.772667289e+00,2.000000000e+00,9.000000000e+00,1.300000000e+01,1.000000000e+00,1.628493905e+00,2.267786503e+00,6.381030083e-01,9.285714030e-01,-2.059785604e+00,-4.113926888e+00,1.067167759e+00,2.266922712e+00,-1.437600255e+00,-2.540869951e+00,1.826320171e+00,1.772667289e+00,0.000000000e+00,0.000000000e+00,0.000000000e+00,0.000000000e+00,-1.000000000e+00,-1.000000000e+00,-1.000000000e+00,0.000000000e+00,-9.999956489e-01,4.141753038e-07,1.000000000e+00,-6.989678144e-01,0.000000000e+00,4.141753038e-07,9.907385707e-01
84,5,8.522984385e-01,4.083940387e-01,-1.604926825e+00,1.322144032e+00,-2.460568994e-01,-2.957854509e+00,-2.954772949e+00,-2.420283318e+00,-2.431679964e+00,-1.976451993e+00,-2.867766142e+00,-3.401058435e+00,1.681210756e+00,7.000000000e+00,1.200000000e+01,2.100000000e+01,0.000000000e+00,1.098884344e+00,2.525935411e+00,-7.481689681e-05,1.000000000e+00,-2.013293266e+00,-4.024507046e+00,-5.898817778e-01,2.525935173e+00,-3.428907156e+00,-2.457118273e+00,3.570666790e+00,1.681210756e+00,1.000000000e+00,1.000000000e+00,0.000000000e+00,1.000000000e+00,5.000000000e+00,5.000000000e+00,2.000000000e+00,1.000000000e+00,-5.295111179e+00,-1.897455812e+00,2.427648604e-01,-5.290719509e+00,1.000000000e+00,4.141753038e-07,9.924466610e-01
84,6,6.636849642e-01,2.019661665e-01,-1.753205299e+00,9.936177731e-01,-4.777446762e-02,-2.851457357e+00,-2.747375965e+00,-1.758188486e+00,-1.765801907e+00,-1.296485782e+00,-2.621321678e+00,-3.312592030e+00,1.725044966e+00,1.000000000e+00,6.000000000e+00,8.000000000e+00,0.000000000e+00,-6.959043741e-01,1.255801678e+00,9.052807838e-02,1.000000000e+00,-1.955156565e+00,-3.909473896e+00,1.221939802e+00,8.355690837e-01,-7.458508611e-01,-2.416801214e+00,8.296081424e-02,1.725044966e+00,0.000000000e+00,0.000000000e+00,0.000000000e+00,0.000000000e+00,-1.000000000e+00,-1.000000000e+00,-1.000000000e+00,0.000000000e+00,-9.999956489e-01,4.141753038e-07,1.000000000e+00,-6.989678144e-01,0.000000000e+00,4.141753038e-07,9.989049435e-01
84,7,9.805797338e-01,4.775684476e-01,-1.640738368e+00,1.856695414e+00,3.653339148e-01,-3.175921440e+00,-3.185081959e+00,-2.398349047e+00,-2.407514811e+00,-1.895412087e+00,-3.099730492e+00,-3.677512884e+00,1.825752854e+00,6.000000000e+00,1.000000000e+01,1.800000000e+01,0.000000000e+00,1.631710291e+00,2.711317539e+00,6.014230251e-01,1.000000000e+00,-2.118268490e+00,-4.230574131e+00,6.680388451e-01,2.711299658e+00,-2.217083693e+00,-2.621155500e+00,2.555416584e+00,1.825752854e+00,0.000000000e+00,0.000000000e+00,0.000000000e+00,0.000000000e+00,-1.000000000e+00,-1.000000000e+00,-1.000000000e+00,0.000000000e+00,-9.999956489e-01,4.141753038e-07,1.000000000e+00,-6.989678144e-01,0.000000000e+00,4.141753038e-07,9.819043279e-01
85,0,8.165324926e-01,1.636143178e-01,-1.749891281e+00,1.326877236e+00,-1.916359961e-01,-2.611277342e+00,-2.602497816e+00,-2.097980261e+00,-2.092214108e+00,-1.445104122e+00,-2.738264561e+00,-3.263575792e+00,-2.183949232e+00,7.000000000e+00,1.100000000e+01,1.900000000e+01,0.000000000e+00,1.630694389e+00,2.260463953e+00,4.812403023e-02,1.000000000e+00,-1.913494229e+00,-3.832536221e+00,-5.190186501e-01,2.260463238e+00,-2.774643421e+00,-2.566288233e+00,3.426457644e+00,2.183949232e+00,0.000000000e+00,0.000000000e+00,0.000000000e+00,0.000000000e+00,-1.000000000e+00,-1.000000000e+00,-1.000000000e+00,0.000000000e+00,-9.999956489e-01,4.141753038e-07,1.000000000e+00,-6.989678144e-01,0.000000000e+00,4.141753038e-07,9.991631508e-01
85,1,9.530687332e-01,3.349526525e-01,-1.711727977e+00,1.478450537e+00,4.708705842e-02,-2.789697886e+00,-2.786852360e+00,-2.339114904e+00,-2.322696447e+00,-1.721070528e+00,-3.006209373e+00,-3.406971931e+00,-2.101574659e+00,6.000000000e+00,1.000000000e+01,1.600000000e+01,0.000000000e+00,8.440496325e-01,2.143118143e+00,2.743307054e-01,1.000000000e+00,-2.046654463e+00,-4.094847202e+00,-1.141053319e+00,2.143118143e+00,-3.796075344e+00,-2.664618492e+00,3.884609938e+00,2.101574659e+00,1.000000000e+00,1.000000000e+00,0.000000000e+00,1.000000000e+00,-5.000000000e+00,1.700000000e+01,1.000000000e+00,1.000000000e+00,-5.114995003e+00,-2.538936377e+00,-9.872701764e-01,-5.113904476e+00,1.000000000e+00,4.141753038e-07,9.965812564e-01
85,2,8.328617811e-01,7.692617774e-01,-1.345528245e+00,1.268873215e+00,-1.624898911e-01,-3.433285475e+00,-3.490477324e+00,-2.870013714e+00,-2.991624355e+00,-2.806457758e+00,-2.947423697e+00,-3.496699810e+00,5.544927716e-01,5.000000000e+00,1.000000000e+01,1.600000000e+01,0.000000000e+00,1.795548201e+00,3.704509974e+00,6.475359946e-02,1.000000000e+00,-2.114742994e+00,-4.222437382e+00,2.270293385e-01,3.704509974e+00,-3.532799482e+00,-2.178333998e+00,3.662542582e+00,5.544927716e-01,0.000000000e+00,0.000000000e+00,0.000000000e+00,0.000000000e+00,-1.000000000e+00,-1.000000000e+00,-1.000000000e+00,0.000000000e+00,-9.999956489e-01,4.141753038e-07,1.000000000e+00,-6.989678144e-01,0.000000000e+00,4.141753038e-07,1.471828669e-01
85,3,8.360112309e-01,7.341886759e-01,-1.372485161e+00,1.305835605e+00,-1.855254024e-01,-3.401961803e+00,-3.454052210e+00,-2.779616594e+00,-2.978159428e+00,-2.677848577e+00,-2.942526340e+00,-3.503494740e+00,7.118151784e-01,4.000000000e+00,1.000000000e+01,1.800000000e+01,0.000000000e+00,1.824560761e+00,3.590336323e+00,5.056349188e-02,1.000000000e+00,-2.106628418e+00,-4.206535339e+00,6.905552745e-01,3.590335846e+00,-3.021749258e+00,-2.208436251e+00,3.200213432e+00,7.118151784e-01,4.000000000e+00,0.000000000e+00,4.000000000e+00,3.000000000e+00,1.000000000e+00,7.000000000e+00,1.000000000e+00,1.000000000e+00,-5.075707912e+00,-2.525566339e+00,-8.406383991e-01,-5.074569225e+00,1.000000000e+00,4.141753038e-07,3.005402386e-01
85,4,3.940575123e-01,3.745263815e-01,-1.598924160e+00,1.450479984e+00,1.282610297e-01,-3.063748121e+00,-3.116233349e+00,-2.400950193e+00,-2.575739145e+00,-2.381423950e+00,-2.367544651e+00,-3.083256245e+00,3.021598458e-01,3.000000000e+00,7.000000000e+00,1.300000000e+01,1.000000000e+00,1.630270004e+00,3.196663380e+00,3.365368545e-01,9.285714030e-01,-1.973426819e+00,-3.943228722e+00,-4.582381845e-01,3.196663380e+00,-3.407556772e+00,-1.992956042e+00,3.848807573e+00,3.021598458e-01,0.000000000e+00,0.000000000e+00,0.000000000e+00,0.000000000e+00,-1.000000000e+00,-1.000000000e+00,-1.000000000e+00,0.000000000e+00,-9.999956489e-01,4.141753038e-07,1.000000000e+00,-6.989678144e-01,1.000000000e+00,4.141753038e-07,9.948439598e-01
85,5,4.572936893e-01,3.076716065e-01,-1.757596970e+00,1.632447958e+00,2.345081568e-01,-2.940224409e+00,-2.951042652e+00,-2.273101807e+00,-2.320100069e+00,-2.123503447e+00,-2.524132967e+00,-3.089690924e+00,8.784630895e-01,4.000000000e+00,1.000000000e+01,1.500000000e+01,1.000000000e+00,-8.089308143e-01,1.719454050e+00,4.563568234e-01,9.375000000e-01,-2.065242767e+00,-4.126428127e+00,4.413119256e-01,1.718850017e+00,-2.186483860e+00,-2.214844227e+00,1.474134922e+00,8.784630895e-01,0.000000000e+00,0.000000000e+00,0.000000000e+00,0.000000000e+00,-1.000000000e+00,-1.000000000e+00,-1.000000000e+00,0.000000000e+00,-9.999956489e-01,4.141753038e-07,1.000000000e+00,-6.989678144e-01,0.000000000e+00,4.141753038e-07,9.973706007e-01
85,6,5.441628695e-01,3.453245759e-01,-1.661248088e+00,1.381343246e+00,-1.659636758e-02,-2.954637289e+00,-2.941180229e+00,-2.316116810e+00,-2.312393904e+00,-2.117311478e+00,-2.552084923e+00,-3.153248549e+00,1.031327248e+00,4.000000000e+00,9.000000000e+00,1.500000000e+01,0.000000000e+00,1.794268131e+00,3.014502525e+00,2.052521855e-01,1.000000000e+00,-2.006548166e+00,-4.010200500e+00,1.289328337e-01,3.014502287e+00,-2.528728008e+00,-2.205361128e+00,3.080618143e+00,1.031327248e+00,0.000000000e+00,0.000000000e+00,0.000000000e+00,0.000000000e+00,-1.000000000e+00,-1.000000000e+00,-1.000000000e+00,0.000000000e+00,-9.999956489e-01,4.141753038e-07,1.000000000e+00,-6.989678144e-01,0.000000000e+00,1.213697672e+00,9.962058067e-01
86,0,8.870270252e-01,4.246099293e-01,-1.581692219e+00,1.543850780e+00,-6.893260777e-02,-2.937153816e+00,-2.929770470e+00,-2.347574234e+00,-2.346315622e+00,-1.885220289e+00,-2.895709753e+00,-3.398857594e+00,-1.726757884e+00,7.000000000e+00,1.200000000e+01,2.300000000e+01,0.000000000e+00,-8.215963840e-01,1.477860451e+00,1.821231693e-01,1.000000000e+00,-2.006274462e+00,-4.010867119e+00,6.015818119e-01,1.473987222e+00,-2.169375896e+00,-2.468607903e+00,1.333539724e+00,1.726757884e+00,2.000000000e+00,2.000000000e+00,0.000000000e+00,1.000000000e+00,-5.000000000e+00,1.300000000e+01,2.000000000e+00,1.000000000e+00,-5.399181843e+00,-3.104516983e+00,-2.198115349e+00,-5.398926735e+00,1.000000000e+00,4.141753038e-07,9.908366203e-01
86,1,7.196175456e-01,2.515969276e-01,-1.735520720e+00,1.678194880e+00,4.472678155e-02,-2.783792257e+00,-2.768410206e+00,-2.263561010e+00,-2.255814314e+00,-1.795592785e+00,-2.711484432e+00,-3.251301765e+00,-1.740491867e+00,7.000000000e+00,1.200000000e+01,2.400000000e+01,0.000000000e+00,6.713246107e-01,2.131334066e+00,2.979838252e-01,1.000000000e+00,-1.987098813e+00,-3.975111008e+00,3.478489816e-01,2.131275177e+00,-2.159577608e+00,-2.455037832e+00,2.243663549e+00,1.740491867e+00,0.000000000e+00,0.000000000e+00,0.000000000e+00,0.000000000e+00,-1.000000000e+00,-1.000000000e+00,-1.000000000e+00,0.000000000e+00,-9.999956489e-01,4.141753038e-07,1.000000000e+00,-6.989678144e-01,0.000000000e+00,4.141753038e-07,9.983906746e-01
86,2,6.896223426e-01,2.493806332e-01,-1.745528817e+00,1.650922775e+00,1.068551019e-01,-2.801377773e+00,-2.792837381e+00,-2.268030643e+00,-2.262907267e+00,-1.827840209e+00,-2.689039230e+00,-3.241137266e+00,-1.672165871e+00,5.000000000e+00,1.100000000e+01,2.000000000e+01,0.000000000e+00,3.316450417e-01,1.993722796e+00,3.498930037e-01,1.000000000e+00,-1.994890451e+00,-3.990294933e+00,1.020927727e-01,1.993687034e+00,-2.410162926e+00,-2.435056925e+00,2.326648951e+00,1.672165871e+00,0.000000000e+00,0.000000000e+00,0.000000000e+00,0.000000000e+00,-1.000000000e+00,-1.000000000e+00,-1.000000000e+00,0.000000000e+00,-9.999956489e-01,4.141753038e-07,1.000000000e+00,-6.989678144e-01,0.000000000e+00,4.141753038e-07,9.984196424e-01
86,3,7.874295712e-01,3.885161579e-01,-1.077074885e+00,8.963392377e-01,1.973694414e-01,-2.955970764e+00,-2.834107161e+00,-2.404124975e+00,-2.339458227e+00,-2.005277395e+00,-2.253009558e+00,-3.354293823e+00,-1.569244504e+00,5.000000000e+00,5.000000000e+00,5.000000000e+00,0.000000000e+00,1.413438916e+00,2.712048769e+00,1.973694414e-01,1.000000000e+00,-1.465583444e+00,-2.930883408e+00,5.466198921e-01,2.712038755e+00,-2.181383371e+00,-1.864477754e+00,2.499623537e+00,1.569244504e+00,2.000000000e+00,2.000000000e+00,0.000000000e+00,1.000000000e+00,-5.000000000e+00,1.300000000e+01,2.000000000e+00,1.000000000e+00,-1.167084813e+00,-1.102220654e+00,7.982459068e-01,-1.134053111e+00,1.000000000e+00,4.141753038e-07,9.939841628e-01
86,4,8.153431416e-01,7.201180458e-01,-1.408211112e+00,1.250611782e+00,-2.117855698e-01,-3.306378365e+00,-3.317928314e+00,-2.611499310e+00,-2.669244766e+00,-2.516309261e+00,-2.943700314e+00,-3.401387930e+00,-6.866585016e-01,4.000000000e+00,1.000000000e+01,1.700000000e+01,0.000000000e+00,-9.255731106e-01,2.053696156e+00,2.016318217e-02,1.000000000e+00,-2.128281832e+00,-4.249299526e+00,2.906003296e-01,2.053631544e+00,-3.098420382e+00,-2.223492622e+00,1.915923238e+00,6.866585016e-01,4.000000000e+00,0.000000000e+00,4.000000000e+00,3.000000000e+00,-1.000000000e+00,0.000000000e+00,1.000000000e+00,1.000000000e+00,-4.863467216e+00,-2.229643822e+00,-2.078568041e-01,-4.861101627e+00,1.000000000e+00,4.141753038e-07,3.777755797e-01
86,5,5.377733707e-01,5.077973008e-01,-1.635175228e+00,1.408722162e+00,-5.367530882e-02,-3.202337980e+00,-3.259387732e+00,-2.588078260e+00,-2.768537283e+00,-2.558113337e+00,-2.680772066e+00,-3.232264519e+00,-3.758326769e-01,4.000000000e+00,1.000000000e+01,1.700000000e+01,0.000000000e+00,7.891777754e-01,2.952859879e+00,1.782735437e-01,1.000000000e+00,-2.142930746e+00,-4.277884007e+00,2.282145023e-01,2.952858925e+00,-3.047889948e+00,-2.172902584e+00,2.935015678e+00,3.758326769e-01,0.000000000e+00,0.000000000e+00,0.000000000e+00,0.000000000e+00,-1.000000000e+00,-1.000000000e+00,-1.000000000e+00,0.000000000e+00,-9.999956489e-01,4.141753038e-07,1.000000000e+00,-6.989678144e-01,0.000000000e+00,4.141753038e-07,9.723709226e-01
86,6,3.685328364e-01,3.509127796e-01,-1.705881357e+00,1.323719740e+00,3.694773614e-01,-3.118797779e+00,-3.107069016e+00,-2.645290613e+00,-2.647160292e+00,-2.627678156e+00,-2.425363064e+00,-3.136394262e+00,-2.867869735e-01,4.000000000e+00,6.000000000e+00,7.000000000e+00,0.000000000e+00,4.488010108e-01,2.852262974e+00,4.786217809e-01,1.000000000e+00,-2.056766510e+00,-4.108154774e+00,1.273732726e-02,2.852262497e+00,-2.985108852e+00,-2.074384451e+00,2.858829021e+00,2.867869735e-01,0.000000000e+00,0.000000000e+00,0.000000000e+00,0.000000000e+00,-1.000000000e+00,-1.000000000e+00,-1.000000000e+00,0.000000000e+00,-9.999956489e-01,4.141753038e-07,1.000000000e+00,-6.989678144e-01,0.000000000e+00,4.141753038e-07,9.959827662e-01
86,7,3.390493989e-01,3.087938428e-01,-1.469736099e+00,8.545801044e-01,-1.868119538e-01,-3.086149693e+00,-3.037680626e+00,-2.621418476e+00,-2.614893675e+00,-2.591175079e+00,-2.117600441e+00,-3.116367102e+00,-3.776208162e-01,4.000000000e+00,6.000000000e+00,8.000000000e+00,0.000000000e+00,8.940422535e-01,3.038365602e+00,-4.850945622e-02,1.000000000e+00,-1.778516531e+00,-3.555586815e+00,-7.530583143e-01,3.038365602e+00,-3.674867868e+00,-1.808770180e+00,3.814141750e+00,3.776208162e-01,0.000000000e+00,0.000000000e+00,0.000000000e+00,0.000000000e+00,-1.000000000e+00,-1.000000000e+00,-1.000000000e+00,0.000000000e+00,-9.999956489e-01,4.141753038e-07,1.000000000e+00,-6.989678144e-01,0.000000000e+00,4.141753038e-07,9.973428845e-01
87,0,1.449646473e+00,8.366507292e-01,-1.090145230e+00,1.418778658e+00,-9.973476082e-02,-3.286290169e+00,-3.255983114e+00,-2.802136421e+00,-2.712719202e+00,-2.189349174e+00,-3.375966311e+00,-3.896689415e+00,-2.089421988e+00,6.000000000e+00,1.100000000e+01,1.900000000e+01,0.000000000e+00,6.014879942e-01,2.490160465e+00,1.400253326e-01,1.000000000e+00,-1.926764607e+00,-3.851061583e+00,-4.350978136e-01,2.490160227e+00,-3.980520487e+00,-2.539646626e+00,3.448175907e+00,2.089421988e+00,4.000000000e+00,4.000000000e+00,0.000000000e+00,3.000000000e+00,-5.000000000e+00,8.000000000e+00,3.000000000e+00,1.000000000e+00,-5.694947720e+00,-1.491806030e+00,8.984138370e-01,-5.687942505e+00,1.000000000e+00,4.141753038e-07,2.342332527e-02
87,1,8.957048655e-01,3.757282197e-01,-1.677364826e+00,1.712950587e+00,2.505527735e-01,-2.878435135e+00,-2.874685764e+00,-2.318486452e+00,-2.321164608e+00,-1.798572898e+00,-2.952880383e+00,-3.397653818e+00,-1.866813302e+00,5.000000000e+00,1.100000000e+01,1.700000000e+01,0.000000000e+00,1.726074457e+00,2.661637306e+00,4.825017452e-01,1.000000000e+00,-2.053064346e+00,-4.105111122e+00,-6.645659208e-01,2.661637306e+00,-3.360554218e+00,-2.572927713e+00,3.848440647e+00,1.866813302e+00,0.000000000e+00,0.000000000e+00,0.000000000e+00,0.000000000e+00,-1.000000000e+00,-1.000000000e+00,-1.000000000e+00,0.000000000e+00,-9.999956489e-01,4.141753038e-07,1.000000000e+00,-6.989678144e-01,0.000000000e+00,4.141753038e-07,9.947762489e-01
87,2,9.182677269e-01,5.028288364e-01,-1.514512181e+00,1.438090444e+00,-5.327071995e-02,-3.063502073e+00,-3.062520742e+00,-2.587647438e+00,-2.596669197e+00,-2.172312260e+00,-2.936745167e+00,-3.478135824e+00,-1.610599160e+00,5.000000000e+00,1.000000000e+01,1.800000000e+01,0.000000000e+00,4.775124192e-01,2.411133289e+00,1.828182638e-01,1.000000000e+00,-2.017309904e+00,-4.031513214e+00,-4.246593118e-01,2.411132812e+00,-3.522879839e+00,-2.432676315e+00,3.259801149e+00,1.610599160e+00,1.000000000e+00,1.000000000e+00,0.000000000e+00,3.000000000e+00,-5.000000000e+00,1.500000000e+01,3.000000000e+00,1.000000000e+00,-5.429168224e+00,-2.844364166e+00,-1.653362632e+00,-5.428714275e+00,1.000000000e+00,4.141753038e-07,9.742721319e-01
87,3,7.937400341e-01,3.764622808e-01,-1.639262676e+00,1.420051813e+00,-7.130937278e-02,-2.940753222e+00,-2.935088396e+00,-2.486748934e+00,-2.484073162e+00,-2.069553375e+00,-2.811827660e+00,-3.357420206e+00,-1.615183830e+00,6.000000000e+00,1.000000000e+01,1.800000000e+01,0.000000000e+00,1.123403668e+00,2.631306410e+00,1.647795737e-01,1.000000000e+00,-2.015698671e+00,-4.029440403e+00,-2.041955739e-01,2.631305933e+00,-3.064360142e+00,-2.432903767e+00,3.249891758e+00,1.615183830e+00,1.000000000e+00,1.000000000e+00,0.000000000e+00,2.000000000e+00,4.000000000e+00,2.900000000e+01,4.000000000e+00,1.000000000e+00,-4.363071918e+00,-1.951883793e+00,1.373996884e-01,-4.358358383e+00,1.000000000e+00,4.141753038e-07,9.947342873e-01
87,4,8.393377662e-01,4.046493769e-01,-1.672464371e+00,1.467267632e+00,4.870010540e-03,-2.962140799e+00,-2.957969904e+00,-2.502535105e+00,-2.500382900e+00,-2.067934036e+00,-2.919305086e+00,-3.396144867e+00,-1.658429980e+00,4.000000000e+00,1.100000000e+01,1.700000000e+01,1.000000000e+00,7.373797894e-01,2.436676979e+00,2.368189543e-01,9.444444180e-01,-2.077082157e+00,-4.151265621e+00,-2.002995089e-02,2.436674356e+00,-2.924834728e+00,-2.511681318e+00,2.889096498e+00,1.658429980e+00,0.000000000e+00,0.000000000e+00,0.000000000e+00,0.000000000e+00,-1.000000000e+00,-1.000000000e+00,-1.000000000e+00,0.000000000e+00,-9.999956489e-01,4.141753038e-07,1.000000000e+00,-6.989678144e-01,0.000000000e+00,4.141753038e-07,9.927692413e-01
87,5,7.053076625e-01,3.369964957e-01,-1.718085408e+00,1.378925323e+00,-1.124358103e-01,-2.920045137e+00,-2.916714668e+00,-2.443502903e+00,-2.451307774e+00,-2.075260639e+00,-2.763438702e+00,-3.287874222e+00,-1.491848588e+00,3.000000000e+00,1.000000000e+01,1.800000000e+01,1.000000000e+00,7.410335541e-01,2.445829153e+00,1.236531287e-01,9.473684430e-01,-2.055055141e+00,-4.107883930e+00,-6.805555224e-01,2.445828915e+00,-3.467707634e+00,-2.423300505e+00,3.501916647e+00,1.491848588e+00,0.000000000e+00,0.000000000e+00,0.000000000e+00,0.000000000e+00,-1.000000000e+00,-1.000000000e+00,-1.000000000e+00,0.000000000e+00,-9.999956489e-01,4.141753038e-07,1.000000000e+00,-6.989678144e-01,0.000000000e+00,4.141753038e-07,9.965109229e-01
87,6,1.188494444e+00,1.049893260e+00,-1.043789387e+00,1.318929553e+00,-1.124337018e-01,-3.543252468e+00,-3.691013813e+00,-2.701510668e+00,-3.083267450e+00,-2.562969208e+00,-3.281385422e+00,-3.681283474e+00,8.420202136e-01,4.000000000e+00,1.000000000e+01,1.600000000e+01,0.000000000e+00,1.181707829e-01,2.623234510e+00,1.148098484e-01,1.000000000e+00,-2.093633413e+00,-4.180774212e+00,1.479622602e+00,2.622110844e+00,-2.653868675e+00,-2.232214451e+00,1.663136601e+00,8.420202136e-01,2.000000000e+00,0.000000000e+00,2.000000000e+00,3.000000000e+00,2.000000000e+00,4.000000000e+00,2.000000000e+00,1.000000000e+00,-4.998586178e+00,-1.715738535e+00,7.727285028e-01,-4.991127014e+00,2.000000000e+00,-6.294693947e-01,3.977509550e-06
87,7,1.322175860e+00,1.038440943e+00,-9.981756210e-01,1.517873406e+00,-6.400619168e-04,-3.568176746e+00,-3.588945389e+00,-2.905001402e+00,-2.970065355e+00,-2.621433973e+00,-3.357955933e+00,-3.850432873e+00,1.270655990e+00,5.000000000e+00,1.000000000e+01,1.900000000e+01,0.000000000e+00,2.365556359e-01,2.740316153e+00,2.391200811e-01,1.000000000e+00,-2.036573648e+00,-4.068280220e+00,1.433453202e+00,2.739787102e+00,-2.575295210e+00,-2.320265055e+00,1.655174136e+00,1.270655990e+00,4.000000000e+00,4.000000000e+00,0.000000000e+00,3.000000000e+00,4.000000000e+00,1.100000000e+01,2.000000000e+00,1.000000000e+00,-5.244725227e+00,-1.907067180e+00,2.698622048e-01,-5.240314007e+00,1.000000000e+00,4.141753038e-07,7.131508028e-06
87,8,1.295412302e+00,7.913759351e-01,-1.272971153e+00,1.479581118e+00,-3.893242031e-02,-3.286005735e+00,-3.270905256e+00,-2.780436516e+00,-2.740169525e+00,-2.276580095e+00,-3.359522581e+00,-3.788207054e+00,1.828238487e+00,7.000000000e+00,1.100000000e+01,1.900000000e+01,0.000000000e+00,-2.293617725e+00,1.130280256e+00,2.008277327e-01,1.000000000e+00,-2.064304829e+00,-4.123648167e+00,-1.751583815e-01,1.129747629e+00,-3.704737186e+00,-2.568230867e+00,1.768295407e+00,1.828238487e+00,4.000000000e+00,4.000000000e+00,0.000000000e+00,2.000000000e+00,-4.000000000e+00,4.000000000e+00,4.000000000e+00,1.000000000e+00,-4.903753757e+00,-1.696427107e+00,7.534639239e-01,-4.895790577e+00,1.000000000e+00,4.141753038e-07,8.540865779e-02
87,9,1.130930901e+00,6.169770956e-01,-1.464902401e+00,1.385608435e+00,-4.575494304e-02,-3.123433590e+00,-3.118718863e+00,-2.656661272e+00,-2.640247107e+00,-2.142844200e+00,-3.213749886e+00,-3.636082172e+00,1.852255344e+00,7.000000000e+00,9.000000000e+00,1.600000000e+01,2.000000000e+00,1.727127314e+00,3.006468296e+00,1.814886332e-01,8.888888955e-01,-2.081839561e+00,-4.159111977e+00,-2.774462402e-01,3.006468296e+00,-3.533375502e+00,-2.595674753e+00,3.781088352e+00,1.852255344e+00,1.000000000e+00,1.000000000e+00,0.000000000e+00,1.000000000e+00,5.000000000e+00,1.000000000e+00,1.000000000e+00,1.000000000e+00,-5.469304562e+00,-1.727685571e+00,7.247801423e-01,-5.463607788e+00,1.000000000e+00,4.141753038e-07,8.481860757e-01
87,10,1.163582683e+00,6.362786889e-01,-1.357233763e+00,1.293738604e+00,-1.686587334e-01,-3.139743090e+00,-3.115782261e+00,-2.666825771e+00,-2.596812010e+00,-2.139663458e+00,-3.157429218e+00,-3.665631056e+00,1.884496689e+00,5.000000000e+00,1.100000000e+01,1.700000000e+01,2.000000000e+00,-2.515757799e+00,8.819301128e-01,6.329006702e-02,8.947368264e-01,-1.993479490e+00,-3.983788967e+00,-6.606905460e-01,8.817515969e-01,-3.890565872e+00,-2.520682335e+00,1.998919010e+00,1.884496689e+00,3.000000000e+00,3.000000000e+00,0.000000000e+00,1.000000000e+00,5.000000000e+00,1.000000000e+00,2.000000000e+00,1.000000000e+00,-5.142814636e+00,-1.968043685e+00,6.027566642e-02,-5.138808250e+00,2.000000000e+00,-2.009376764e+00,7.931752801e-01
87,11,1.197727323e+00,6.971274614e-01,-1.303560734e+00,1.995556951e+00,4.514890909e-01,-3.146453381e+00,-3.216168642e+00,-2.511472940e+00,-2.779193878e+00,-2.010969639e+00,-3.198561192e+00,-3.645736933e+00,1.819902301e+00,6.000000000e+00,1.100000000e+01,2.000000000e+01,1.000000000e+00,1.728484750e+00,2.875256777e+00,6.945270896e-01,9.523809552e-01,-2.000653267e+00,-3.997874022e+00,-4.078917578e-02,2.875256538e+00,-3.515945196e+00,-2.501158953e+00,3.684200287e+00,1.819902301e+00,3.000000000e+00,3.000000000e+00,0.000000000e+00,2.000000000e+00,-5.000000000e+00,2.000000000e+00,3.000000000e+00,1.000000000e+00,-4.629669666e+00,-2.373173237e+00,-7.414699793e-01,-4.627912521e+00,1.000000000e+00,4.141753038e-07,5.105828047e-01
87,12,1.019150257e+00,3.674172163e-01,-1.578403354e+00,1.395012617e+00,-3.635076433e-02,-2.802484035e+00,-2.794214725e+00,-2.345300198e+00,-2.339380980e+00,-1.693641663e+00,-2.968785763e+00,-3.453257799e+00,2.181149721e+00,4.000000000e+00,1.000000000e+01,1.600000000e+01,0.000000000e+00,1.996125221e+00,2.691726208e+00,1.908928007e-01,1.000000000e+00,-1.945798516e+00,-3.892472744e+00,-1.008444205e-01,2.691725731e+00,-2.807459116e+00,-2.597398043e+00,3.438263655e+00,2.181149721e+00,0.000000000e+00,0.000000000e+00,0.000000000e+00,0.000000000e+00,-1.000000000e+00,-1.000000000e+00,-1.000000000e+00,0.000000000e+00,-9.999956489e-01,4.141753038e-07,1.000000000e+00,-6.989678144e-01,0.000000000e+00,4.141753038e-07,9.952239394e-01
87,13,1.045627356e+00,3.991186321e-01,-1.524132609e+00,1.548327923e+00,5.696660280e-02,-3.046685934e+00,-3.129943132e+00,-2.349259138e+00,-2.490025759e+00,-1.702825308e+00,-2.969796419e+00,-3.691538811e+00,2.168805599e+00,6.000000000e+00,1.100000000e+01,1.800000000e+01,0.000000000e+00,1.833056688e+00,2.619385242e+00,2.930556834e-01,1.000000000e+00,-1.923229218e+00,-3.844791412e+00,4.464948773e-01,2.619375467e+00,-2.442663431e+00,-2.569613218e+00,2.960145473e+00,2.168805599e+00,1.000000000e+00,1.000000000e+00,0.000000000e+00,1.000000000e+00,5.000000000e+00,2.900000000e+01,1.000000000e+00,1.000000000e+00,-4.453379631e+00,-1.662734270e+00,5.401135683e-01,-4.444302082e+00,1.000000000e+00,4.141753038e-07,9.932162166e-01
87,14,1.064158201e+00,3.593108058e-01,-1.482414007e+00,1.639776826e+00,1.212632209e-01,-2.773853064e+00,-2.769572973e+00,-2.330610991e+00,-2.331694365e+00,-1.625838041e+00,-2.908522367e+00,-3.477652311e+00,2.306240320e+00,7.000000000e+00,1.100000000e+01,1.900000000e+01,0.000000000e+00,1.654900193e+00,2.453307152e+00,3.610234261e-01,1.000000000e+00,-1.841707706e+00,-3.684349537e+00,-3.185912669e-01,2.453306437e+00,-3.009246349e+00,-2.546432495e+00,3.477635622e+00,2.306240320e+00,0.000000000e+00,0.000000000e+00,0.000000000e+00,0.000000000e+00,-1.000000000e+00,-1.000000000e+00,-1.000000000e+00,0.000000000e+00,-9.999956489e-01,4.141753038e-07,1.000000000e+00,-6.989678144e-01,0.000000000e+00,4.141753038e-07,9.956165552e-01
87,15,1.186033130e+00,4.484123588e-01,-1.496727943e+00,1.449023843e+00,-1.337369345e-02,-2.836042166e+00,-2.835811138e+00,-2.394319773e+00,-2.384658337e+00,-1.656786919e+00,-3.134128571e+00,-3.572335720e+00,2.383105516e+00,9.000000000e+00,1.100000000e+01,1.700000000e+01,0.000000000e+00,1.256515384e+00,2.285069942e+00,2.185751647e-01,1.000000000e+00,-1.945115447e+00,-3.890453339e+00,5.968383979e-03,2.285063982e+00,-2.826916218e+00,-2.682565451e+00,3.006949425e+00,2.383105516e+00,1.000000000e+00,1.000000000e+00,0.000000000e+00,1.000000000e+00,5.000000000e+00,1.900000000e+01,1.000000000e+00,1.000000000e+00,-4.799634457e+00,-1.901767969e+00,9.766089171e-02,-4.794562340e+00,1.000000000e+00,4.141753038e-07,9.876760244e-01
88,0,1.273503184e+00,4.160932899e-01,-8.609695435e-01,8.177574873e-01,-2.236345261e-01,-3.059579849e+00,-2.806887150e+00,-2.310450792e+00,-2.244768381e+00,-1.453117251e+00,-2.550470352e+00,-3.913911581e+00,-2.662550449e+00,8.000000000e+00,6.000000000e+00,8.000000000e+00,0.000000000e+00,1.993514776e+00,2.449888706e+00,-8.533202857e-02,1.000000000e+00,-1.277057648e+00,-2.554031849e+00,-7.968511432e-02,2.449886799e+00,-2.740384579e+00,-2.134416580e+00,3.321196079e+00,2.662550449e+00,0.000000000e+00,0.000000000e+00,0.000000000e+00,0.000000000e+00,-1.000000000e+00,-1.000000000e+00,-1.000000000e+00,0.000000000e+00,-9.999956489e-01,4.141753038e-07,1.000000000e+00,-6.989678144e-01,0.000000000e+00,1.264872670e+00,9.917280674e-01
88,1,1.335400939e+00,6.148180366e-01,-1.269801497e+00,1.779636145e+00,3.172383308e-01,-3.012567043e+00,-2.981087923e+00,-2.472231627e+00,-2.412684917e+00,-1.751752853e+00,-3.220291138e+00,-3.731251955e+00,-2.343172789e+00,7.000000000e+00,1.100000000e+01,1.700000000e+01,0.000000000e+00,-2.396509796e-01,1.631953478e+00,5.491873026e-01,1.000000000e+00,-1.884594202e+00,-3.767688274e+00,-8.809334636e-01,1.631951451e+00,-3.905047894e+00,-2.605035543e+00,3.173054695e+00,2.343172789e+00,1.000000000e+00,1.000000000e+00,0.000000000e+00,2.000000000e+00,5.000000000e+00,3.100000000e+01,3.000000000e+00,1.000000000e+00,-4.989558220e+00,-1.854812384e+00,4.751922190e-02,-4.984117985e+00,1.000000000e+00,9.541265965e-01,8.533979058e-01
88,2,1.207239985e+00,5.068149567e-01,-8.641799092e-01,8.988922834e-01,-1.424999088e-01,-2.914773464e+00,-2.815492153e+00,-2.380220413e+00,-2.279984713e+00,-1.679878712e+00,-2.578458548e+00,-3.613767385e+00,-2.295850992e+00,8.000000000e+00,6.000000000e+00,8.000000000e+00,0.000000000e+00,3.690364063e-01,1.864423871e+00,-4.197359085e-03,1.000000000e+00,-1.370987773e+00,-2.742141008e+00,-3.918485343e-01,1.864417315e+00,-3.178076982e+00,-2.071371794e+00,2.856230736e+00,2.295850992e+00,0.000000000e+00,0.000000000e+00,0.000000000e+00,0.000000000e+00,-1.000000000e+00,-1.000000000e+00,-1.000000000e+00,0.000000000e+00,-9.999956489e-01,4.141753038e-07,1.000000000e+00,-6.989678144e-01,0.000000000e+00,4.141753038e-07,9.727591276e-01
88,3,1.292438745e+00,5.927227736e-01,-1.301837921e+00,1.880101323e+00,3.118998408e-01,-2.996861219e+00,-2.993430376e+00,-2.535192490e+00,-2.534733534e+00,-1.835595608e+00,-3.187660694e+00,-3.694852352e+00,-2.294184923e+00,8.000000000e+00,1.200000000e+01,2.100000000e+01,0.000000000e+00,8.018145561e-01,2.236542702e+00,5.578821898e-01,1.000000000e+00,-1.894535184e+00,-3.787788391e+00,7.990039140e-02,2.236532211e+00,-3.047220469e+00,-2.594114780e+00,2.855765343e+00,2.294184923e+00,1.000000000e+00,1.000000000e+00,0.000000000e+00,2.000000000e+00,5.000000000e+00,9.000000000e+00,3.000000000e+00,1.000000000e+00,-4.992444992e+00,-1.672201633e+00,4.633693099e-01,-4.984194279e+00,1.000000000e+00,9.531779885e-01,8.975380659e-01
88,4,9.767183661e-01,4.345816672e-01,-1.581459284e+00,1.845029473e+00,2.539651394e-01,-2.939789057e+00,-2.933132410e+00,-2.491149187e+00,-2.493375540e+00,-1.949108362e+00,-2.995182037e+00,-3.480987549e+00,-1.920206189e+00,7.000000000e+00,1.300000000e+01,2.200000000e+01,0.000000000e+00,3.840200603e-01,2.141163826e+00,5.026069880e-01,1.000000000e+00,-2.016012430e+00,-4.030269146e+00,-9.480460733e-02,2.141156435e+00,-3.022439957e+00,-2.558037281e+00,2.780157089e+00,1.920206189e+00,2.000000000e+00,2.000000000e+00,0.000000000e+00,1.000000000e+00,-5.000000000e+00,6.000000000e+00,2.000000000e+00,1.000000000e+00,-4.792646885e+00,-1.657674313e+00,7.360438108e-01,-4.783779144e+00,1.000000000e+00,4.141753038e-07,9.896446466e-01
88,5,8.314835429e-01,3.041774333e-01,-1.615855217e+00,1.257043123e+00,-1.046841666e-01,-2.886015415e+00,-2.782989502e+00,-1.685065508e+00,-1.727570534e+00,-1.157773972e+00,-2.749841213e+00,-3.412531614e+00,-1.884501815e+00,1.000000000e+00,8.000000000e+00,1.400000000e+01,0.000000000e+00,3.077704608e-01,1.429084420e+00,1.109154224e-01,1.000000000e+00,-1.920014262e+00,-3.835667372e+00,1.255850554e+00,1.299134970e+00,-7.759178877e-01,-2.447235107e+00,6.130967140e-01,1.884501815e+00,0.000000000e+00,0.000000000e+00,0.000000000e+00,0.000000000e+00,-1.000000000e+00,-1.000000000e+00,-1.000000000e+00,0.000000000e+00,-9.999956489e-01,4.141753038e-07,1.000000000e+00,-6.989678144e-01,0.000000000e+00,4.141753038e-07,9.974545836e-01
88,6,3.267685473e-01,3.267633915e-01,-1.816185832e+00,1.408287287e+00,-5.411029980e-02,-3.006966114e+00,-3.100214005e+00,-2.358566999e+00,-2.638891220e+00,-2.358561993e+00,-2.469617844e+00,-3.006971359e+00,-4.889256787e-03,4.000000000e+00,1.000000000e+01,1.700000000e+01,0.000000000e+00,1.147879601e+00,2.932600975e+00,1.778385639e-01,1.000000000e+00,-2.142917156e+00,-4.277645588e+00,7.349912822e-02,2.932600737e+00,-2.892005920e+00,-2.142922401e+00,3.139361382e+00,4.889256787e-03,0.000000000e+00,0.000000000e+00,0.000000000e+00,0.000000000e+00,-1.000000000e+00,-1.000000000e+00,-1.000000000e+00,0.000000000e+00,-9.999956489e-01,4.141753038e-07,1.000000000e+00,-6.989678144e-01,0.000000000e+00,4.141753038e-07,9.968456626e-01
88,7,4.418439865e-01,4.239794016e-01,-1.688433766e+00,1.497561455e+00,3.516384587e-02,-3.160948038e+00,-3.189217806e+00,-2.690012932e+00,-2.724701405e+00,-2.672157049e+00,-2.554262877e+00,-3.178786278e+00,2.887967229e-01,4.000000000e+00,1.000000000e+01,1.700000000e+01,0.000000000e+00,1.237756252e+00,3.291239500e+00,2.671127319e-01,1.000000000e+00,-2.112377882e+00,-4.217778206e+00,4.827228189e-01,3.291239023e+00,-2.665987015e+00,-2.130240202e+00,2.861011028e+00,2.887967229e-01,0.000000000e+00,0.000000000e+00,0.000000000e+00,0.000000000e+00,-1.000000000e+00,-1.000000000e+00,-1.000000000e+00,0.000000000e+00,-9.999956489e-01,4.141753038e-07,1.000000000e+00,-6.989678144e-01,0.000000000e+00,4.141753038e-07,9.909063578e-01
88,8,7.255041003e-01,6.632993221e-01,-1.509352088e+00,1.414733887e+00,-1.662947610e-02,-3.333421946e+00,-3.371740818e+00,-2.665574551e+00,-2.780453205e+00,-2.603396654e+00,-2.898113728e+00,-3.395482540e+00,5.480865836e-01,4.000000000e+00,1.000000000e+01,1.600000000e+01,0.000000000e+00,2.398155630e-01,2.723484516e+00,2.106141001e-01,1.000000000e+00,-2.172600746e+00,-4.336098671e+00,5.707506537e-01,2.723474026e+00,-2.872939825e+00,-2.234795570e+00,2.329797268e+00,5.480865836e-01,4.000000000e+00,0.000000000e+00,4.000000000e+00,3.000000000e+00,1.000000000e+00,2.000000000e+00,1.000000000e+00,1.000000000e+00,-4.706838131e+00,-2.380309820e+00,-4.118711948e-01,-4.705124855e+00,1.000000000e+00,4.141753038e-07,6.875142455e-01
88,9,6.383888125e-01,3.399536014e-01,-1.685855389e+00,1.332908511e+00,-2.881888859e-02,-2.964131117e+00,-2.964381218e+00,-2.496683359e+00,-2.520818710e+00,-2.198315859e+00,-2.666204929e+00,-3.262171507e+00,1.310052276e+00,3.000000000e+00,9.000000000e+00,1.400000000e+01,0.000000000e+00,1.221026659e+00,2.808897972e+00,1.867807209e-01,1.000000000e+00,-2.025783777e+00,-4.048959255e+00,-1.960770786e-02,2.808897495e+00,-2.880194664e+00,-2.324173689e+00,3.150933504e+00,1.310052276e+00,0.000000000e+00,0.000000000e+00,0.000000000e+00,0.000000000e+00,-1.000000000e+00,-1.000000000e+00,-1.000000000e+00,0.000000000e+00,-9.999956489e-01,4.141753038e-07,1.000000000e+00,-6.989678144e-01,1.000000000e+00,9.173294306e-01,9.964061379e-01
88,10,5.943010449e-01,2.366568297e-01,-1.790928125e+00,1.489841342e+00,-5.422627553e-02,-2.830031157e+00,-2.828112364e+00,-2.302870750e+00,-2.311744213e+00,-1.945275426e+00,-2.626100779e+00,-3.187300205e+00,1.464592099e+00,5.000000000e+00,1.100000000e+01,2.000000000e+01,0.000000000e+00,5.207795501e-01,2.205703735e+00,1.888115406e-01,1.000000000e+00,-2.027565241e+00,-4.054641724e+00,-6.177028418e-01,2.205703259e+00,-3.165558100e+00,-2.385150433e+00,3.189558268e+00,1.464592099e+00,0.000000000e+00,0.000000000e+00,0.000000000e+00,0.000000000e+00,-1.000000000e+00,-1.000000000e+00,-1.000000000e+00,0.000000000e+00,-9.999956489e-01,4.141753038e-07,1.000000000e+00,-6.989678144e-01,0.000000000e+00,4.141753038e-07,9.985734224e-01
89,0,1.312764645e+00,5.334192514e-01,-1.388289690e+00,1.416853070e+00,-4.554442689e-02,-2.908204317e+00,-2.895744085e+00,-2.465636492e+00,-2.441532373e+00,-1.686396956e+00,-3.235980272e+00,-3.685789585e+00,-2.480677366e+00,9.000000000e+00,1.000000000e+01,1.700000000e+01,0.000000000e+00,4.151787162e-01,1.894404054e+00,1.864044368e-01,1.000000000e+00,-1.921683192e+00,-3.842649937e+00,5.318408012e-01,1.893994689e+00,-2.443110466e+00,-2.700846672e+00,2.117353201e+00,2.480677366e+00,0.000000000e+00,0.000000000e+00,0.000000000e+00,0.000000000e+00,-1.000000000e+00,-1.000000000e+00,-1.000000000e+00,0.000000000e+00,-9.999956489e-01,4.141753038e-07,1.000000000e+00,-6.989678144e-01,0.000000000e+00,4.141753038e-07,9.596723318e-01
89,1,1.172777414e+00,4.207522869e-01,-1.512337804e+00,1.618545413e+00,1.561476886e-01,-2.799033165e+00,-2.773952246e+00,-2.331051350e+00,-2.275627136e+00,-1.579102635e+00,-3.109699965e+00,-3.549788952e+00,-2.416823387e+00,9.000000000e+00,1.100000000e+01,1.700000000e+01,0.000000000e+00,4.820319116e-01,1.820154667e+00,3.880966306e-01,1.000000000e+00,-1.933066845e+00,-3.867374182e+00,-1.936189085e-01,1.820134282e+00,-2.889743567e+00,-2.684918880e+00,2.710215569e+00,2.416823387e+00,0.000000000e+00,0.000000000e+00,0.000000000e+00,0.000000000e+00,-1.000000000e+00,-1.000000000e+00,-1.000000000e+00,0.000000000e+00,-9.999956489e-01,4.141753038e-07,1.000000000e+00,-6.989678144e-01,1.000000000e+00,4.141753038e-07,9.912537932e-01
89,2,9.090995193e-01,2.202240527e-01,-1.698218703e+00,1.395049810e+00,-1.960141808e-01,-2.644705057e+00,-2.642165184e+00,-2.201044321e+00,-2.199742794e+00,-1.512223363e+00,-2.834702253e+00,-3.332836866e+00,-2.268697739e+00,8.000000000e+00,1.200000000e+01,2.200000000e+01,0.000000000e+00,6.485320330e-01,1.836505651e+00,5.262742564e-02,1.000000000e+00,-1.918428183e+00,-3.841339350e+00,-6.577268839e-01,1.836503386e+00,-3.077245235e+00,-2.607164145e+00,3.181493759e+00,2.268697739e+00,0.000000000e+00,0.000000000e+00,0.000000000e+00,0.000000000e+00,-1.000000000e+00,-1.000000000e+00,-1.000000000e+00,0.000000000e+00,-9.999956489e-01,4.141753038e-07,1.000000000e+00,-6.989678144e-01,0.000000000e+00,4.141753038e-07,9.987446070e-01
89,3,1.386416793e+00,6.846428514e-01,-1.232814074e+00,1.685344100e+00,1.412763298e-01,-3.077138424e+00,-3.090932608e+00,-2.625600338e+00,-2.643463135e+00,-1.923973322e+00,-3.303981543e+00,-3.776825905e+00,-2.299020290e+00,9.000000000e+00,1.200000000e+01,2.000000000e+01,0.000000000e+00,1.566971302e+00,2.707495451e+00,3.843142390e-01,1.000000000e+00,-1.917428255e+00,-3.832938194e+00,-7.152599096e-01,2.707495451e+00,-4.038784504e+00,-2.619057655e+00,4.141410828e+00,2.299020290e+00,4.000000000e+00,4.000000000e+00,0.000000000e+00,2.000000000e+00,5.000000000e+00,1.400000000e+01,4.000000000e+00,1.000000000e+00,-5.231297970e+00,-2.116707563e+00,-3.919357061e-01,-5.228552818e+00,1.000000000e+00,4.141753038e-07,5.804240704e-01
89,4,6.132878065e-01,3.677574098e-01,-1.634124756e+00,1.372376204e+00,-2.556335554e-02,-2.901539564e+00,-2.935321808e+00,-2.421932697e+00,-2.472649336e+00,-2.176451683e+00,-2.617368460e+00,-3.146806955e+00,1.165793896e+00,5.000000000e+00,9.000000000e+00,1.500000000e+01,0.000000000e+00,1.346649647e+00,2.849841833e+00,1.962852180e-01,1.000000000e+00,-2.001857042e+00,-4.001778603e+00,-6.714004278e-01,2.849841833e+00,-3.510528803e+00,-2.247354507e+00,3.816900730e+00,1.165793896e+00,0.000000000e+00,0.000000000e+00,0.000000000e+00,0.000000000e+00,-1.000000000e+00,-1.000000000e+00,-1.000000000e+00,0.000000000e+00,-9.999956489e-01,4.141753038e-07,1.000000000e+00,-6.989678144e-01,0.000000000e+00,4.141753038e-07,9.952065349e-01
89,5,7.463625073e-01,4.371075034e-01,-1.626912475e+00,1.262336493e+00,-1.690266281e-01,-3.015639544e+00,-2.986143112e+00,-2.399243355e+00,-2.346340179e+00,-2.090043545e+00,-2.812435389e+00,-3.324427366e+00,1.338758945e+00,4.000000000e+00,1.000000000e+01,1.600000000e+01,0.000000000e+00,-4.178474545e-01,1.881180286e+00,5.821686983e-02,1.000000000e+00,-2.063987970e+00,-4.124568462e+00,-2.657183707e-01,1.881169319e+00,-3.048777103e+00,-2.373190641e+00,2.403050423e+00,1.338758945e+00,1.000000000e+00,1.000000000e+00,0.000000000e+00,2.000000000e+00,-4.000000000e+00,3.600000000e+01,4.000000000e+00,1.000000000e+00,-5.211797237e+00,-2.291416407e+00,-4.504745007e-01,-5.209942818e+00,1.000000000e+00,1.252196431e+00,9.893143177e-01
89,6,8.350903988e-01,4.080242813e-01,-1.633138061e+00,1.504999757e+00,-1.351375971e-02,-2.966128349e+00,-2.959904194e+00,-2.434357882e+00,-2.426649570e+00,-2.007365465e+00,-2.878616333e+00,-3.392522812e+00,1.639531970e+00,5.000000000e+00,1.100000000e+01,1.900000000e+01,0.000000000e+00,4.155259728e-01,2.215173244e+00,2.262463719e-01,1.000000000e+00,-2.041132927e+00,-4.079784870e+00,-5.668066740e-01,2.215172529e+00,-3.400504351e+00,-2.468119383e+00,3.200909138e+00,1.639531970e+00,0.000000000e+00,0.000000000e+00,0.000000000e+00,0.000000000e+00,-1.000000000e+00,-1.000000000e+00,-1.000000000e+00,0.000000000e+00,-9.999956489e-01,4.141753038e-07,1.000000000e+00,-6.989678144e-01,0.000000000e+00,4.141753038e-07,9.924793243e-01
89,7,1.009554505e+00,5.271130800e-01,-1.223201632e+00,1.136659622e+00,-3.943116963e-02,-2.958338022e+00,-3.032285452e+00,-2.304330587e+00,-2.525419950e+00,-1.821947694e+00,-2.760344982e+00,-3.439976692e+00,1.775730848e+00,6.000000000e+00,7.000000000e+00,1.000000000e+01,0.000000000e+00,-4.373437166e-01,1.603311896e+00,1.366599053e-01,1.000000000e+00,-1.750297308e+00,-3.499987125e+00,-6.106051207e-01,1.603303790e+00,-3.661289930e+00,-2.232689142e+00,2.916905880e+00,1.775730848e+00,0.000000000e+00,0.000000000e+00,0.000000000e+00,0.000000000e+00,-1.000000000e+00,-1.000000000e+00,-1.000000000e+00,0.000000000e+00,-9.999956489e-01,4.141753038e-07,1.000000000e+00,-6.989678144e-01,0.000000000e+00,4.141753038e-07,9.633152485e-01
89,8,9.114772677e-01,4.160686135e-01,-1.654829144e+00,1.672713161e+00,1.286453903e-01,-2.943253517e+00,-2.941908836e+00,-2.419656992e+00,-2.429357052e+00,-1.924325824e+00,-2.985502005e+00,-3.437851667e+00,1.807296276e+00,6.000000000e+00,1.200000000e+01,2.000000000e+01,0.000000000e+00,1.253397346e+00,2.551068306e+00,3.716832995e-01,1.000000000e+00,-2.070866108e+00,-4.139334679e+00,3.366606236e-01,2.551060200e+00,-2.508741617e+00,-2.566165924e+00,2.719457388e+00,1.807296276e+00,0.000000000e+00,0.000000000e+00,0.000000000e+00,0.000000000e+00,-1.000000000e+00,-1.000000000e+00,-1.000000000e+00,0.000000000e+00,-9.999956489e-01,4.141753038e-07,1.000000000e+00,-6.989678144e-01,0.000000000e+00,4.141753038e-07,9.917305112e-01
89,9,7.734852433e-01,2.572259605e-01,-1.706205130e+00,1.641496301e+00,7.329495251e-02,-2.762660027e+00,-2.758611441e+00,-2.304014444e+00,-2.295699358e+00,-1.787815928e+00,-2.741798162e+00,-3.278345585e+00,1.857830644e+00,6.000000000e+00,1.200000000e+01,2.100000000e+01,1.000000000e+00,1.685294747e+00,2.630490780e+00,3.192772269e-01,9.545454383e-01,-1.963413119e+00,-3.928308010e+00,-2.774129808e-02,2.630489826e+00,-2.580587387e+00,-2.479581356e+00,3.166082859e+00,1.857830644e+00,0.000000000e+00,0.000000000e+00,0.000000000e+00,0.000000000e+00,-1.000000000e+00,-1.000000000e+00,-1.000000000e+00,0.000000000e+00,-9.999956489e-01,4.141753038e-07,1.000000000e+00,-6.989678144e-01,0.000000000e+00,4.141753038e-07,9.983141422e-01
90,0,9.632979631e-01,2.925879061e-01,-1.643862009e+00,1.688051462e+00,1.439836770e-01,-2.725841522e+00,-2.721587181e+00,-2.285025358e+00,-2.278605461e+00,-1.614381075e+00,-2.904928446e+00,-3.395701408e+00,-2.225924969e+00,8.000000000e+00,1.200000000e+01,2.000000000e+01,0.000000000e+00,1.435218334e+00,2.332008123e+00,3.870216012e-01,1.000000000e+00,-1.936431408e+00,-3.875178099e+00,-9.510774612e-01,2.332008123e+00,-3.520913363e+00,-2.607003450e+00,3.946641922e+00,2.225924969e+00,0.000000000e+00,0.000000000e+00,0.000000000e+00,0.000000000e+00,-1.000000000e+00,-1.000000000e+00,-1.000000000e+00,0.000000000e+00,-9.999956489e-01,4.141753038e-07,1.000000000e+00,-6.989678144e-01,0.000000000e+00,4.141753038e-07,9.977102280e-01
90,1,9.681676626e-01,3.189945221e-01,-1.627011418e+00,1.680526733e+00,1.364589483e-01,-2.767292976e+00,-2.760668278e+00,-2.324088812e+00,-2.316678286e+00,-1.674986482e+00,-2.918570757e+00,-3.415588379e+00,-2.175102472e+00,8.000000000e+00,1.200000000e+01,2.000000000e+01,0.000000000e+00,2.710322142e-01,1.810601830e+00,3.794968724e-01,1.000000000e+00,-1.945985794e+00,-3.893376589e+00,1.020901948e-01,1.810518742e+00,-2.533524513e+00,-2.595026493e+00,2.350118876e+00,2.175102472e+00,0.000000000e+00,0.000000000e+00,0.000000000e+00,0.000000000e+00,-1.000000000e+00,-1.000000000e+00,-1.000000000e+00,0.000000000e+00,-9.999956489e-01,4.141753038e-07,1.000000000e+00,-6.989678144e-01,1.000000000e+00,4.141753038e-07,9.970736504e-01
90,2,1.079133749e+00,4.758391380e-01,-1.456920028e+00,2.015307426e+00,4.967936873e-01,-2.921940327e+00,-2.908359528e+00,-2.372130871e+00,-2.343348265e+00,-1.768913031e+00,-3.013456106e+00,-3.524143696e+00,-2.066373348e+00,8.000000000e+00,1.200000000e+01,1.900000000e+01,1.000000000e+00,1.473849893e+00,2.505871058e+00,7.365539670e-01,9.499999881e-01,-1.932734251e+00,-3.864352226e+00,2.905083895e-01,2.505862951e+00,-2.528628111e+00,-2.535917044e+00,2.789811134e+00,2.066373348e+00,0.000000000e+00,0.000000000e+00,0.000000000e+00,0.000000000e+00,-1.000000000e+00,-1.000000000e+00,-1.000000000e+00,0.000000000e+00,-9.999956489e-01,4.141753038e-07,1.000000000e+00,-6.989678144e-01,2.000000000e+00,4.141753038e-07,9.823235273e-01
90,3,1.014101028e+00,5.188666582e-01,-1.577485919e+00,1.612726569e+00,1.213651523e-01,-3.012364626e+00,-2.962921381e+00,-2.479139566e+00,-2.359268188e+00,-1.983994246e+00,-3.112436056e+00,-3.506649256e+00,-1.806872487e+00,6.000000000e+00,1.100000000e+01,1.800000000e+01,0.000000000e+00,6.210896373e-01,2.294581175e+00,3.574541807e-01,1.000000000e+00,-2.096314669e+00,-4.188511372e+00,-5.719678998e-01,2.294580936e+00,-3.448980570e+00,-2.591433764e+00,3.241510868e+00,1.806872487e+00,0.000000000e+00,0.000000000e+00,0.000000000e+00,0.000000000e+00,-1.000000000e+00,-1.000000000e+00,-1.000000000e+00,0.000000000e+00,-9.999956489e-01,4.141753038e-07,1.000000000e+00,-6.989678144e-01,0.000000000e+00,4.141753038e-07,9.675365686e-01
90,4,9.677388668e-01,4.845596552e-01,-1.549675107e+00,1.554434657e+00,3.592104837e-02,-3.005319834e+00,-3.004831314e+00,-2.548004150e+00,-2.556762218e+00,-2.064927816e+00,-3.003814220e+00,-3.487601995e+00,-1.777529716e+00,4.000000000e+00,1.100000000e+01,1.900000000e+01,0.000000000e+00,1.135264516e+00,2.632770061e+00,2.756812572e-01,1.000000000e+00,-2.034203053e+00,-4.065681934e+00,1.089514494e+00,2.632591963e+00,-1.951924801e+00,-2.517286539e+00,2.035005093e+00,1.777529716e+00,4.000000000e+00,4.000000000e+00,0.000000000e+00,1.000000000e+00,-5.000000000e+00,9.000000000e+00,1.000000000e+00,1.000000000e+00,-5.076227188e+00,-2.457556486e+00,-8.438258171e-01,-5.074895859e+00,1.000000000e+00,4.141753038e-07,9.800886512e-01
90,5,9.600189328e-01,4.530103803e-01,-1.653906226e+00,1.548382044e+00,2.986849286e-02,-2.967050552e+00,-2.963073015e+00,-2.429514885e+00,-2.436715603e+00,-1.922586679e+00,-3.070189953e+00,-3.473168850e+00,-1.835442305e+00,6.000000000e+00,1.100000000e+01,1.900000000e+01,0.000000000e+00,-1.804672554e-02,1.913646340e+00,2.696286738e-01,1.000000000e+00,-2.106880426e+00,-4.210508347e+00,1.021928266e-01,1.913594484e+00,-2.787385941e+00,-2.613766193e+00,2.325519562e+00,1.835442305e+00,3.000000000e+00,3.000000000e+00,0.000000000e+00,2.000000000e+00,5.000000000e+00,8.000000000e+00,3.000000000e+00,1.000000000e+00,-4.530162811e+00,-1.890238047e+00,4.445838928e-01,-4.524794579e+00,2.000000000e+00,-4.316765785e+00,9.869267344e-01
90,6,1.429145217e+00,1.015985250e+00,-1.039321780e+00,1.663306475e+00,1.447928250e-01,-3.513954639e+00,-3.533348322e+00,-2.950260878e+00,-3.039764404e+00,-2.537338495e+00,-3.483343601e+00,-3.924866915e+00,-1.604912996e+00,7.000000000e+00,1.100000000e+01,1.900000000e+01,0.000000000e+00,1.135023355e+00,3.105011702e+00,3.845530450e-01,1.000000000e+00,-2.055262327e+00,-4.105264187e+00,9.961788058e-01,3.104998589e+00,-3.059548378e+00,-2.468343973e+00,2.611524105e+00,1.604912996e+00,5.000000000e+00,5.000000000e+00,0.000000000e+00,3.000000000e+00,-4.000000000e+00,1.200000000e+01,3.000000000e+00,1.000000000e+00,-5.307374954e+00,-1.684940577e+00,7.588294744e-01,-5.300282955e+00,1.000000000e+00,4.141753038e-07,2.144797509e-05
90,7,5.503647327e-01,3.542375863e-01,-1.544788599e+00,1.236235023e+00,-4.251813516e-02,-3.030141830e+00,-3.023783207e+00,-2.546712160e+00,-2.588832378e+00,-2.350640535e+00,-2.449980259e+00,-3.226003408e+00,1.023249388e+00,4.000000000e+00,7.000000000e+00,1.200000000e+01,0.000000000e+00,-1.263791025e-01,2.287565947e+00,1.570540220e-01,1.000000000e+00,-1.899006844e+00,-3.796055317e+00,3.356866837e-01,2.287539005e+00,-2.607375860e+00,-2.095114470e+00,2.190037727e+00,1.023249388e+00,0.000000000e+00,0.000000000e+00,0.000000000e+00,0.000000000e+00,-1.000000000e+00,-1.000000000e+00,-1.000000000e+00,0.000000000e+00,-9.999956489e-01,4.141753038e-07,1.000000000e+00,-6.989678144e-01,0.000000000e+00,4.141753038e-07,9.958423972e-01
90,8,8.969057202e-01,6.352639794e-01,-1.426689625e+00,1.486130714e+00,8.819108456e-02,-3.245215178e+00,-3.264298916e+00,-2.647532225e+00,-2.708882332e+00,-2.385977745e+00,-2.959114075e+00,-3.506226063e+00,1.210492134e+00,4.000000000e+00,1.000000000e+01,1.500000000e+01,1.000000000e+00,1.599469543e+00,3.185818195e+00,3.100397289e-01,9.375000000e-01,-2.061914921e+00,-4.118821621e+00,-2.012477964e-01,3.185818195e+00,-3.544094086e+00,-2.323515415e+00,3.709734678e+00,1.210492134e+00,1.000000000e+00,1.000000000e+00,0.000000000e+00,2.000000000e+00,-3.000000000e+00,2.500000000e+01,4.000000000e+00,1.000000000e+00,-5.666325569e+00,-2.909004450e+00,-1.695831776e+00,-5.666038990e+00,1.000000000e+00,4.141753038e-07,7.964695096e-01
91,0,9.795111418e-01,2.889364362e-01,-1.605536103e+00,1.443700314e+00,-4.766095057e-02,-2.707674265e+00,-2.696319342e+00,-2.252023697e+00,-2.228548765e+00,-1.561510563e+00,-2.878499269e+00,-3.397385120e+00,-2.272694588e+00,7.000000000e+00,1.200000000e+01,1.800000000e+01,0.000000000e+00,5.094527006e-01,1.816380501e+00,1.884280294e-01,1.000000000e+00,-1.894455791e+00,-3.791113615e+00,2.115823030e-01,1.816246390e+00,-2.305888653e+00,-2.584897757e+00,2.271715164e+00,2.272694588e+00,0.000000000e+00,0.000000000e+00,0.000000000e+00,0.000000000e+00,-1.000000000e+00,-1.000000000e+00,-1.000000000e+00,0.000000000e+00,-9.999956489e-01,4.141753038e-07,1.000000000e+00,-6.989678144e-01,0.000000000e+00,4.141753038e-07,9.977840781e-01
91,1,1.057393193e+00,3.881363571e-01,-1.513969541e+00,1.676389456e+00,1.578757614e-01,-3.028008699e+00,-3.074927330e+00,-2.440223932e+00,-2.512281179e+00,-1.771060944e+00,-2.960192204e+00,-3.695569277e+00,-2.222499609e+00,7.000000000e+00,1.100000000e+01,1.900000000e+01,0.000000000e+00,1.890563011e+00,2.716368437e+00,3.976359963e-01,1.000000000e+00,-1.902085304e+00,-3.802550316e+00,-2.720104456e-01,2.716367960e+00,-3.171924114e+00,-2.571215153e+00,3.729450941e+00,2.222499609e+00,0.000000000e+00,0.000000000e+00,0.000000000e+00,0.000000000e+00,-1.000000000e+00,-1.000000000e+00,-1.000000000e+00,0.000000000e+00,-9.999956489e-01,4.141753038e-07,1.000000000e+00,-6.989678144e-01,1.000000000e+00,4.141753038e-07,9.940097332e-01
91,2,1.065788507e+00,3.002218902e-01,-1.562301993e+00,1.479137301e+00,-3.937621042e-02,-2.674225569e+00,-2.677997589e+00,-2.204189301e+00,-2.236692429e+00,-1.438680053e+00,-2.932979107e+00,-3.438802958e+00,2.448488712e+00,8.000000000e+00,1.100000000e+01,1.900000000e+01,0.000000000e+00,1.927537918e+00,2.402461052e+00,2.003838867e-01,1.000000000e+00,-1.862507939e+00,-3.727775812e+00,-8.018938303e-01,2.402460814e+00,-3.337938786e+00,-2.627922058e+00,4.001958370e+00,2.448488712e+00,1.000000000e+00,1.000000000e+00,0.000000000e+00,1.000000000e+00,5.000000000e+00,6.000000000e+00,1.000000000e+00,1.000000000e+00,-5.411398888e+00,-1.764055252e+00,2.120017856e-01,-5.405885220e+00,2.000000000e+00,-6.067388654e-01,9.975456595e-01
91,3,9.349253774e-01,2.107840329e-01,-1.495057702e+00,1.182110310e+00,1.407179236e-01,-2.504419327e+00,-2.350789070e+00,-9.488357306e-01,-1.114459753e+00,-2.246973217e-01,-2.643656492e+00,-3.227964878e+00,2.351517916e+00,0.000000000e+00,4.000000000e+00,8.000000000e+00,0.000000000e+00,2.074404478e+00,1.271572709e+00,2.790205479e-01,1.000000000e+00,-1.705832958e+00,-3.413650274e+00,5.947805643e-01,1.261733174e+00,-7.304663658e-01,-2.429879665e+00,1.556718588e+00,2.351517916e+00,0.000000000e+00,0.000000000e+00,0.000000000e+00,0.000000000e+00,-1.000000000e+00,-1.000000000e+00,-1.000000000e+00,0.000000000e+00,-9.999956489e-01,4.141753038e-07,1.000000000e+00,-6.989678144e-01,0.000000000e+00,4.141753038e-07,9.988310933e-01
91,4,1.055116773e+00,3.109643757e-01,-1.480199099e+00,1.881274104e+00,3.627603650e-01,-2.685962915e+00,-2.686644554e+00,-2.127174616e+00,-2.132489681e+00,-1.383069754e+00,-2.849435091e+00,-3.429157972e+00,2.398399591e+00,8.000000000e+00,1.100000000e+01,1.900000000e+01,1.000000000e+00,9.151058197e-01,1.840856194e+00,6.025206447e-01,9.499999881e-01,-1.791149616e+00,-3.584131956e+00,3.535733819e-01,1.840625763e+00,-2.089886189e+00,-2.535180092e+00,2.236494780e+00,2.398399591e+00,1.000000000e+00,1.000000000e+00,0.000000000e+00,1.000000000e+00,5.000000000e+00,1.300000000e+01,1.000000000e+00,1.000000000e+00,-4.407842159e+00,-2.130865574e+00,-6.858950257e-01,-4.404723167e+00,2.000000000e+00,-6.064838767e-01,9.972882271e-01
91,5,9.581890702e-01,1.271097213e-01,-1.191309452e+00,1.122363567e+00,-5.372721329e-02,-2.466486692e+00,-2.432047367e+00,-2.027840137e+00,-2.016406298e+00,-1.196799994e+00,-2.277523756e+00,-3.296832323e+00,2.601291418e+00,1.000000000e+01,7.000000000e+00,1.000000000e+01,0.000000000e+00,1.150576949e+00,1.803894758e+00,1.223638803e-01,1.000000000e+00,-1.318416595e+00,-2.637654066e+00,1.376063108e+00,1.771289587e+00,-7.674951553e-01,-2.149443865e+00,1.214869142e+00,2.601291418e+00,0.000000000e+00,0.000000000e+00,0.000000000e+00,0.000000000e+00,-1.000000000e+00,-1.000000000e+00,-1.000000000e+00,0.000000000e+00,-9.999956489e-01,4.141753038e-07,1.000000000e+00,-6.989678144e-01,0.000000000e+00,4.141753038e-07,9.993382096e-01
92,0,5.472149849e-01,3.601287901e-01,-1.669270277e+00,1.424847722e+00,-9.366573393e-02,-3.007227421e+00,-3.012581587e+00,-2.511539698e+00,-2.567764521e+00,-2.324502945e+00,-2.577990055e+00,-3.194076061e+00,-9.960581660e-01,3.000000000e+00,9.000000000e+00,1.900000000e+01,0.000000000e+00,1.488911510e+00,3.069050550e+00,1.460943818e-01,1.000000000e+00,-2.029372692e+00,-4.055396557e+00,-3.010014258e-02,3.069050312e+00,-2.957760096e+00,-2.216434002e+00,3.342309237e+00,9.960581660e-01,0.000000000e+00,0.000000000e+00,0.000000000e+00,0.000000000e+00,-1.000000000e+00,-1.000000000e+00,-1.000000000e+00,0.000000000e+00,-9.999956489e-01,4.141753038e-07,1.000000000e+00,-6.989678144e-01,0.000000000e+00,4.141753038e-07,9.955787063e-01
92,1,5.447540283e-01,3.096004128e-01,-1.570356250e+00,1.002488375e+00,1.573905647e-01,-2.580876827e+00,-2.576637506e+00,-1.023718715e+00,-1.293091178e+00,-7.885669470e-01,-2.426919460e+00,-2.815911770e+00,-1.136588931e+00,0.000000000e+00,4.000000000e+00,6.000000000e+00,0.000000000e+00,8.872281313e-01,1.706407070e+00,2.243373096e-01,1.000000000e+00,-1.879939675e+00,-3.759749413e+00,1.702847004e+00,8.119792342e-01,1.001475379e-01,-2.115069866e+00,-3.863369226e-01,1.136588931e+00,0.000000000e+00,0.000000000e+00,0.000000000e+00,0.000000000e+00,-1.000000000e+00,-1.000000000e+00,-1.000000000e+00,0.000000000e+00,-9.999956489e-01,4.141753038e-07,1.000000000e+00,-6.989678144e-01,0.000000000e+00,4.141753038e-07,9.973227382e-01
92,2,7.266858220e-01,4.960343838e-01,-1.520279169e+00,1.157893658e+00,-1.819718815e-02,-2.755924463e+00,-2.752070427e+00,-1.034091234e+00,-1.338839054e+00,-8.034417033e-01,-2.746501446e+00,-2.986402512e+00,-1.123807788e+00,0.000000000e+00,5.000000000e+00,1.000000000e+01,0.000000000e+00,1.846186519e+00,1.798072696e+00,1.578938961e-01,1.000000000e+00,-2.016282797e+00,-4.031689167e+00,1.541446924e+00,1.718525529e+00,-2.934349179e-01,-2.246902704e+00,7.124824524e-01,1.123807788e+00,0.000000000e+00,0.000000000e+00,0.000000000e+00,0.000000000e+00,-1.000000000e+00,-1.000000000e+00,-1.000000000e+00,0.000000000e+00,-9.999956489e-01,4.141753038e-07,1.000000000e+00,-6.989678144e-01,0.000000000e+00,4.141753038e-07,9.766363502e-01
92,3,4.853799045e-01,2.852375507e-01,-1.795012832e+00,1.296238065e+00,-1.661592722e-01,-2.966401100e+00,-2.945237398e+00,-2.151858091e+00,-2.156297922e+00,-1.951738358e+00,-2.567706347e+00,-3.166308165e+00,-1.035200715e+00,3.000000000e+00,9.000000000e+00,1.700000000e+01,0.000000000e+00,4.927343428e-01,2.198144436e+00,6.578950584e-02,1.000000000e+00,-2.080224991e+00,-4.156492233e+00,-8.706613183e-01,2.198144197e+00,-3.311371565e+00,-2.280336857e+00,3.272929668e+00,1.035200715e+00,0.000000000e+00,0.000000000e+00,0.000000000e+00,0.000000000e+00,-1.000000000e+00,-1.000000000e+00,-1.000000000e+00,0.000000000e+00,-9.999956489e-01,4.141753038e-07,1.000000000e+00,-6.989678144e-01,0.000000000e+00,4.141753038e-07,9.978558421e-01
92,4,4.452526569e-01,2.967461944e-01,-1.789547086e+00,1.454172492e+00,2.280908264e-02,-2.979078770e+00,-2.996140480e+00,-2.463170767e+00,-2.533131123e+00,-2.314700842e+00,-2.533157587e+00,-3.127416372e+00,-8.748180866e-01,4.000000000e+00,1.000000000e+01,1.600000000e+01,0.000000000e+00,7.914543748e-01,2.710517883e+00,2.500527203e-01,1.000000000e+00,-2.086266756e+00,-4.167932510e+00,-1.898965985e-01,2.710517645e+00,-3.019468069e+00,-2.234751701e+00,3.118674040e+00,8.748180866e-01,0.000000000e+00,0.000000000e+00,0.000000000e+00,0.000000000e+00,-1.000000000e+00,-1.000000000e+00,-1.000000000e+00,0.000000000e+00,-9.999956489e-01,4.141753038e-07,1.000000000e+00,-6.989678144e-01,0.000000000e+00,4.141753038e-07,9.976223111e-01
92,5,6.599838734e-01,4.690009356e-01,-1.540356159e+00,1.319487691e+00,-1.118755564e-01,-3.133041143e+00,-3.135716915e+00,-2.641002178e+00,-2.660073280e+00,-2.450086832e+00,-2.669850588e+00,-3.323698282e+00,-1.007826805e+00,3.000000000e+00,8.000000000e+00,1.600000000e+01,0.000000000e+00,3.928128481e-01,2.646617413e+00,1.153679490e-01,1.000000000e+00,-2.009327650e+00,-4.014924049e+00,2.151680887e-01,2.646614552e+00,-2.913748503e+00,-2.200286150e+00,2.641388178e+00,1.007826805e+00,1.000000000e+00,1.000000000e+00,0.000000000e+00,2.000000000e+00,3.000000000e+00,1.000000000e+00,1.000000000e+00,1.000000000e+00,-4.954601288e+00,-2.627247810e+00,-1.238157988e+00,-4.953670502e+00,1.000000000e+00,7.614223361e-01,9.838752747e-01
92,6,5.241006613e-01,3.779076934e-01,-1.737030864e+00,1.448500872e+00,1.713745296e-02,-3.045166731e+00,-3.078903913e+00,-2.459896088e+00,-2.550464392e+00,-2.313738823e+00,-2.640338898e+00,-3.191166878e+00,-8.672284484e-01,4.000000000e+00,1.000000000e+01,1.600000000e+01,0.000000000e+00,7.673684508e-02,2.352196932e+00,2.443810999e-01,1.000000000e+00,-2.114905596e+00,-4.224053383e+00,-5.141407847e-01,2.352196455e+00,-3.441466570e+00,-2.261075974e+00,3.102625370e+00,8.672284484e-01,0.000000000e+00,0.000000000e+00,0.000000000e+00,0.000000000e+00,-1.000000000e+00,-1.000000000e+00,-1.000000000e+00,0.000000000e+00,-9.999956489e-01,4.141753038e-07,1.000000000e+00,-6.989678144e-01,0.000000000e+00,4.141753038e-07,9.946505427e-01
92,7,5.364739895e-01,4.000660181e-01,-1.655813932e+00,1.507818222e+00,1.098785251e-01,-3.070132732e+00,-3.093118191e+00,-2.462906837e+00,-2.543568373e+00,-2.326532841e+00,-2.593209267e+00,-3.206352234e+00,-8.346471786e-01,4.000000000e+00,9.000000000e+00,1.500000000e+01,0.000000000e+00,4.616154134e-01,2.557483435e+00,3.317271471e-01,1.000000000e+00,-2.055850029e+00,-4.107210159e+00,8.414095640e-01,2.557403088e+00,-2.102321625e+00,-2.192239761e+00,1.933066964e+00,8.346471786e-01,0.000000000e+00,0.000000000e+00,0.000000000e+00,0.000000000e+00,-1.000000000e+00,-1.000000000e+00,-1.000000000e+00,0.000000000e+00,-9.999956489e-01,4.141753038e-07,1.000000000e+00,-6.989678144e-01,0.000000000e+00,4.141753038e-07,9.931420684e-01
92,8,4.770259559e-01,3.317670524e-01,-1.748353481e+00,1.662578583e+00,1.185108423e-01,-3.048620462e+00,-3.031644583e+00,-2.575131655e+00,-2.579728127e+00,-2.429919243e+00,-2.558200836e+00,-3.193686724e+00,-8.641524911e-01,3.000000000e+00,9.000000000e+00,2.000000000e+01,0.000000000e+00,3.994234502e-01,2.629747629e+00,3.615487516e-01,1.000000000e+00,-2.080092430e+00,-4.155222893e+00,-1.366151094e+00,2.629747629e+00,-4.269664288e+00,-2.225330591e+00,4.141947269e+00,8.641524911e-01,1.000000000e+00,0.000000000e+00,1.000000000e+00,3.000000000e+00,-2.000000000e+00,1.100000000e+01,1.000000000e+00,1.000000000e+00,-5.042307854e+00,-2.352586508e+00,-5.412133336e-01,-5.040596008e+00,1.000000000e+00,6.968771219e-01,9.966872334e-01
92,9,1.338160872e+00,7.768893242e-01,-1.228512645e+00,1.785378933e+00,2.940174043e-01,-3.255333185e+00,-3.239522696e+00,-2.787319183e+00,-2.680790901e+00,-2.226240635e+00,-3.343273878e+00,-3.814544678e+00,1.966112494e+00,6.000000000e+00,1.100000000e+01,1.800000000e+01,0.000000000e+00,5.604866743e-01,2.506614208e+00,5.301064849e-01,1.000000000e+00,-2.005365133e+00,-4.007043839e+00,7.449751496e-01,2.506549120e+00,-2.712689400e+00,-2.566520691e+00,2.216222048e+00,1.966112494e+00,0.000000000e+00,0.000000000e+00,0.000000000e+00,0.000000000e+00,-1.000000000e+00,-1.000000000e+00,-1.000000000e+00,0.000000000e+00,-9.999956489e-01,4.141753038e-07,1.000000000e+00,-6.989678144e-01,1.000000000e+00,4.141753038e-07,1.229076162e-01
92,10,1.236603379e+00,6.328354478e-01,-1.340780854e+00,1.469080687e+00,-2.228051424e-02,-3.087743759e+00,-3.089608908e+00,-2.639544964e+00,-2.623283148e+00,-2.035918951e+00,-3.210743666e+00,-3.689911604e+00,2.067498446e+00,5.000000000e+00,1.100000000e+01,1.800000000e+01,0.000000000e+00,2.588133812e-01,2.165378094e+00,2.138084769e-01,1.000000000e+00,-1.973584771e+00,-3.944632053e+00,-1.201883331e-01,2.165372372e+00,-3.375457764e+00,-2.577229500e+00,2.872820139e+00,2.067498446e+00,0.000000000e+00,0.000000000e+00,0.000000000e+00,0.000000000e+00,-1.000000000e+00,-1.000000000e+00,-1.000000000e+00,0.000000000e+00,-9.999956489e-01,4.141753038e-07,1.000000000e+00,-6.989678144e-01,0.000000000e+00,4.141753038e-07,8.041644096e-01
93,0,6.039321423e-01,1.591593623e-01,-1.329036713e+00,4.240769744e-01,-5.304395035e-02,-2.216820717e+00,-1.940627098e+00,-5.610336661e-01,-5.275571346e-01,-1.162616685e-01,-2.121843338e+00,-2.661465883e+00,-1.683353782e+00,0.000000000e+00,3.000000000e+00,4.000000000e+00,0.000000000e+00,2.665058136e+00,1.558110952e+00,-1.779825240e-01,1.000000000e+00,-1.488191724e+00,-3.005733490e+00,1.392118216e+00,1.422043443e+00,7.054007053e-01,-1.932940841e+00,4.412216544e-01,1.683353782e+00,0.000000000e+00,0.000000000e+00,0.000000000e+00,0.000000000e+00,-1.000000000e+00,-1.000000000e+00,-1.000000000e+00,0.000000000e+00,-9.999956489e-01,4.141753038e-07,1.000000000e+00,-6.989678144e-01,0.000000000e+00,4.141753038e-07,9.991876483e-01
93,1,7.627444863e-01,3.537605405e-01,-1.672517538e+00,1.678137898e+00,1.596242338e-01,-2.918050766e+00,-2.917078018e+00,-2.384011507e+00,-2.396043301e+00,-1.975091577e+00,-2.791834354e+00,-3.326472521e+00,-1.594479561e+00,4.000000000e+00,1.000000000e+01,1.900000000e+01,0.000000000e+00,5.670131445e-01,2.258641958e+00,3.993844390e-01,1.000000000e+00,-2.026252270e+00,-4.050748348e+00,-1.388564855e-01,2.258638620e+00,-2.888432741e+00,-2.435163975e+00,2.818365574e+00,1.594479561e+00,0.000000000e+00,0.000000000e+00,0.000000000e+00,0.000000000e+00,-1.000000000e+00,-1.000000000e+00,-1.000000000e+00,0.000000000e+00,-9.999956489e-01,4.141753038e-07,1.000000000e+00,-6.989678144e-01,0.000000000e+00,4.141753038e-07,9.958629608e-01
93,2,1.001992226e+00,7.946537137e-01,-1.234461784e+00,1.397891879e+00,-6.450562924e-02,-3.405010700e+00,-3.441873550e+00,-2.782535791e+00,-2.914850473e+00,-2.575297117e+00,-3.030839920e+00,-3.611674309e+00,1.056439042e+00,4.000000000e+00,1.000000000e+01,1.700000000e+01,0.000000000e+00,-6.648381948e-01,2.243152380e+00,1.674432307e-01,1.000000000e+00,-2.029076338e+00,-4.053496838e+00,6.502684355e-01,2.243010759e+00,-3.059095144e+00,-2.236386538e+00,1.932409644e+00,1.056439042e+00,4.000000000e+00,3.000000000e+00,1.000000000e+00,3.000000000e+00,2.000000000e+00,6.000000000e+00,1.000000000e+00,1.000000000e+00,-4.696697235e+00,-2.549623966e+00,-1.038852811e+00,-4.695535183e+00,1.000000000e+00,4.141753038e-07,7.836642116e-02
93,3,5.881263018e-01,2.507699728e-01,-1.800328851e+00,1.338564277e+00,-9.279896319e-02,-2.843026161e+00,-2.827575684e+00,-2.381713152e+00,-2.383297682e+00,-2.044413090e+00,-2.643697023e+00,-3.180027246e+00,1.412300229e+00,3.000000000e+00,9.000000000e+00,1.600000000e+01,0.000000000e+00,-5.251713395e-01,1.781894922e+00,1.344445944e-01,1.000000000e+00,-2.051077127e+00,-4.101368427e+00,-1.843092740e-01,1.781869650e+00,-2.818196297e+00,-2.388376236e+00,2.304960251e+00,1.412300229e+00,0.000000000e+00,0.000000000e+00,0.000000000e+00,0.000000000e+00,-1.000000000e+00,-1.000000000e+00,-1.000000000e+00,0.000000000e+00,-9.999956489e-01,4.141753038e-07,1.000000000e+00,-6.989678144e-01,0.000000000e+00,4.141753038e-07,9.984015822e-01
93,4,6.097407341e-01,3.439651132e-01,-1.738205075e+00,1.706558943e+00,2.751954794e-01,-2.973324776e+00,-2.983421326e+00,-2.436526537e+00,-2.466397762e+00,-2.170805216e+00,-2.694255590e+00,-3.238755941e+00,1.221843958e+00,3.000000000e+00,9.000000000e+00,1.600000000e+01,0.000000000e+00,1.547175765e+00,2.944458485e+00,5.024391413e-01,1.000000000e+00,-2.082141161e+00,-4.160591602e+00,3.409969509e-01,2.944457054e+00,-2.469364882e+00,-2.347872734e+00,2.899057627e+00,1.221843958e+00,1.000000000e+00,1.000000000e+00,0.000000000e+00,2.000000000e+00,-4.000000000e+00,2.300000000e+01,2.000000000e+00,1.000000000e+00,-4.501261711e+00,-2.031841278e+00,9.257786721e-02,-4.497371674e+00,1.000000000e+00,5.163114071e-01,9.962579012e-01
93,5,5.864187479e-01,1.652485579e-01,-1.871649861e+00,1.432823300e+00,-8.569008857e-02,-2.664676905e+00,-2.699267149e+00,-2.195386410e+00,-2.238661528e+00,-1.774258375e+00,-2.633711576e+00,-3.085518837e+00,1.624877214e+00,6.000000000e+00,1.100000000e+01,1.900000000e+01,1.000000000e+00,3.801712096e-01,1.964396000e+00,1.540700048e-01,9.499999881e-01,-2.036883116e+00,-4.079167366e+00,3.294648975e-02,1.964366198e+00,-2.370936871e+00,-2.457976103e+00,2.395802975e+00,1.624877214e+00,0.000000000e+00,0.000000000e+00,0.000000000e+00,0.000000000e+00,-1.000000000e+00,-1.000000000e+00,-1.000000000e+00,0.000000000e+00,-9.999956489e-01,4.141753038e-07,1.000000000e+00,-6.989678144e-01,0.000000000e+00,4.141753038e-07,9.991538525e-01
93,6,6.639881134e-01,2.096814811e-01,-1.822504282e+00,1.487611771e+00,-3.749439027e-03,-2.759942293e+00,-2.756427050e+00,-2.224342108e+00,-2.229428291e+00,-1.770082474e+00,-2.702749968e+00,-3.213788033e+00,1.706837535e+00,4.000000000e+00,1.100000000e+01,1.800000000e+01,0.000000000e+00,1.440240741e+00,2.490236282e+00,2.323395461e-01,1.000000000e+00,-2.032167435e+00,-4.066108704e+00,2.959437668e-01,2.490227222e+00,-2.143179178e+00,-2.486387968e+00,2.653640270e+00,1.706837535e+00,0.000000000e+00,0.000000000e+00,0.000000000e+00,0.000000000e+00,-1.000000000e+00,-1.000000000e+00,-1.000000000e+00,0.000000000e+00,-9.999956489e-01,4.141753038e-07,1.000000000e+00,-6.989678144e-01,0.000000000e+00,4.141753038e-07,9.988407493e-01
93,7,9.945529699e-01,4.513956904e-01,-1.465286136e+00,1.704558372e+00,1.604906172e-01,-2.937624931e+00,-2.926749229e+00,-2.384307861e+00,-2.368727446e+00,-1.841225505e+00,-2.912940741e+00,-3.479845524e+00,1.922659039e+00,5.000000000e+00,1.100000000e+01,2.000000000e+01,1.000000000e+00,-6.137010455e-01,1.534632325e+00,4.035285115e-01,9.523809552e-01,-1.916658401e+00,-3.832474470e+00,6.513299048e-02,1.534382224e+00,-2.754844904e+00,-2.459726572e+00,1.996735454e+00,1.922659039e+00,0.000000000e+00,0.000000000e+00,0.000000000e+00,0.000000000e+00,-1.000000000e+00,-1.000000000e+00,-1.000000000e+00,0.000000000e+00,-9.999956489e-01,4.141753038e-07,1.000000000e+00,-6.989678144e-01,1.000000000e+00,4.141753038e-07,9.871957302e-01
93,8,8.451663256e-01,3.286579251e-01,-1.771949291e+00,1.724182248e+00,2.056685388e-01,-2.839143753e+00,-2.839191437e+00,-2.384441853e+00,-2.389924049e+00,-1.868006468e+00,-2.952054739e+00,-3.354967594e+00,1.858432889e+00,6.000000000e+00,1.100000000e+01,1.900000000e+01,0.000000000e+00,1.852304041e-01,1.960730910e+00,4.454287887e-01,1.000000000e+00,-2.100577831e+00,-4.200956345e+00,2.567691207e-01,1.960645914e+00,-2.461793661e+00,-2.616961479e+00,2.225810051e+00,1.858432889e+00,0.000000000e+00,0.000000000e+00,0.000000000e+00,0.000000000e+00,-1.000000000e+00,-1.000000000e+00,-1.000000000e+00,0.000000000e+00,-9.999956489e-01,4.141753038e-07,1.000000000e+00,-6.989678144e-01,0.000000000e+00,4.141753038e-07,9.967868328e-01
94,0,1.376510739e+00,7.370853424e-01,-1.183747530e+00,1.531007290e+00,3.964602947e-02,-3.173421621e+00,-3.158329725e+00,-2.715958834e+00,-2.620442152e+00,-2.076707363e+00,-3.297088146e+00,-3.810677767e+00,-2.152056456e+00,6.000000000e+00,1.100000000e+01,1.800000000e+01,1.000000000e+00,1.213508248e+00,2.683515072e+00,2.757350504e-01,9.473684430e-01,-1.920803189e+00,-3.839268446e+00,1.646706909e-01,2.683513165e+00,-3.192361355e+00,-2.560107231e+00,3.062582731e+00,2.152056456e+00,1.000000000e+00,1.000000000e+00,0.000000000e+00,1.000000000e+00,-5.000000000e+00,1.400000000e+01,1.000000000e+00,1.000000000e+00,-5.298106194e+00,-2.409975052e+00,-9.818621278e-01,-5.296754837e+00,1.000000000e+00,4.141753038e-07,2.855083048e-01
94,1,7.359513044e-01,5.983863473e-01,-1.542318344e+00,1.377842188e+00,-5.352114514e-02,-3.305785656e+00,-3.304599285e+00,-2.698945045e+00,-2.793434858e+00,-2.561439037e+00,-2.876809835e+00,-3.443023443e+00,-8.385421038e-01,3.000000000e+00,9.000000000e+00,1.600000000e+01,0.000000000e+00,8.319455981e-01,2.977588415e+00,1.737224162e-01,1.000000000e+00,-2.140659571e+00,-4.273672104e+00,1.030691862e+00,2.977560520e+00,-2.361299515e+00,-2.278202295e+00,2.178951263e+00,8.385421038e-01,3.000000000e+00,1.000000000e+00,2.000000000e+00,3.000000000e+00,-2.000000000e+00,6.000000000e+00,1.000000000e+00,1.000000000e+00,-5.874937534e+00,-2.135675192e+00,3.639546921e-03,-5.874143600e+00,1.000000000e+00,4.141753038e-07,8.876928091e-01
95,0,9.669064283e-01,8.732036948e-01,-1.245426178e+00,1.266109347e+00,-2.252516299e-01,-3.521263361e+00,-3.559822559e+00,-2.852868557e+00,-2.973358631e+00,-2.759225845e+00,-3.085120678e+00,-3.614619017e+00,-6.807566881e-01,4.000000000e+00,1.000000000e+01,1.800000000e+01,0.000000000e+00,1.794433832e+00,3.656692505e+00,1.083723363e-02,1.000000000e+00,-2.118580341e+00,-4.229942799e+00,4.176473618e-01,3.656692266e+00,-3.428158045e+00,-2.212269545e+00,3.453180790e+00,6.807566881e-01,3.000000000e+00,0.000000000e+00,3.000000000e+00,3.000000000e+00,-1.000000000e+00,4.000000000e+00,1.000000000e+00,1.000000000e+00,-5.054511070e+00,-2.369647026e+00,-4.985056818e-01,-5.052870750e+00,1.000000000e+00,4.141753038e-07,7.132212166e-03
95,1,4.712896347e-01,2.026973963e-01,-1.847638369e+00,1.140289307e+00,-2.576498985e-01,-2.836623192e+00,-2.838679075e+00,-2.285150528e+00,-2.303289175e+00,-2.016596794e+00,-2.525661945e+00,-3.104960442e+00,1.229552627e+00,3.000000000e+00,9.000000000e+00,1.500000000e+01,0.000000000e+00,2.045621164e-02,2.026880026e+00,-3.580147773e-02,1.000000000e+00,-2.050317287e+00,-4.099390030e+00,-6.589199603e-02,2.026865959e+00,-2.571804047e+00,-2.318867922e+00,2.379391670e+00,1.229552627e+00,0.000000000e+00,0.000000000e+00,0.000000000e+00,0.000000000e+00,-1.000000000e+00,-1.000000000e+00,-1.000000000e+00,0.000000000e+00,-9.999956489e-01,4.141753038e-07,1.000000000e+00,-6.989678144e-01,0.000000000e+00,4.141753038e-07,9.988989830e-01
95,2,6.106272340e-01,2.441609651e-01,-1.838000178e+00,1.624559641e+00,1.060460880e-01,-2.837401628e+00,-2.835808992e+00,-2.313560963e+00,-2.323399067e+00,-1.947145581e+00,-2.698105574e+00,-3.203472376e+00,1.487145543e+00,4.000000000e+00,1.100000000e+01,1.900000000e+01,0.000000000e+00,2.259532362e-01,2.060164213e+00,3.458062708e-01,1.000000000e+00,-2.082138300e+00,-4.163511276e+00,-2.873153090e-01,2.060159683e+00,-2.854656696e+00,-2.448535204e+00,2.723605394e+00,1.487145543e+00,0.000000000e+00,0.000000000e+00,0.000000000e+00,0.000000000e+00,-1.000000000e+00,-1.000000000e+00,-1.000000000e+00,0.000000000e+00,-9.999956489e-01,4.141753038e-07,1.000000000e+00,-6.989678144e-01,0.000000000e+00,4.141753038e-07,9.984851480e-01
95,3,6.591523290e-01,2.221271098e-01,-1.838359952e+00,1.388193250e+00,-1.303201318e-01,-2.744242191e+00,-2.779716730e+00,-2.179410458e+00,-2.335519791e+00,-1.742426753e+00,-2.727588177e+00,-3.180849552e+00,1.664213538e+00,4.000000000e+00,1.100000000e+01,1.900000000e+01,0.000000000e+00,1.686693072e+00,2.585797548e+00,1.094399244e-01,1.000000000e+00,-2.060466766e+00,-4.123376369e+00,-3.456811607e-01,2.585797310e+00,-2.903075218e+00,-2.497405529e+00,3.524434090e+00,1.664213538e+00,0.000000000e+00,0.000000000e+00,0.000000000e+00,0.000000000e+00,-1.000000000e+00,-1.000000000e+00,-1.000000000e+00,0.000000000e+00,-9.999956489e-01,4.141753038e-07,1.000000000e+00,-6.989678144e-01,0.000000000e+00,4.141753038e-07,9.987263083e-01
95,4,6.346033216e-01,2.139366716e-01,-1.775816441e+00,1.101964355e+00,-2.202542424e-01,-2.624736786e+00,-2.469533682e+00,-9.680853486e-01,-1.070850611e+00,-5.474209785e-01,-2.630956411e+00,-3.045104504e+00,1.623624206e+00,0.000000000e+00,6.000000000e+00,1.300000000e+01,0.000000000e+00,1.954630494e+00,1.887858868e+00,-1.197856013e-02,1.000000000e+00,-1.989736319e+00,-3.982129574e+00,1.863107681e+00,1.404021502e+00,5.783157349e-01,-2.410333872e+00,6.434719265e-02,1.623624206e+00,0.000000000e+00,0.000000000e+00,0.000000000e+00,0.000000000e+00,-1.000000000e+00,-1.000000000e+00,-1.000000000e+00,0.000000000e+00,-9.999956489e-01,4.141753038e-07,1.000000000e+00,-6.989678144e-01,0.000000000e+00,4.141753038e-07,9.988031387e-01
96,0,6.525148749e-01,3.492878079e-01,-1.726406097e+00,1.458218813e+00,-3.314238414e-02,-2.959936142e+00,-2.969460487e+00,-2.420052528e+00,-2.450575829e+00,-2.116882801e+00,-2.730834007e+00,-3.262763500e+00,1.322794795e+00,5.000000000e+00,9.000000000e+00,1.800000000e+01,0.000000000e+00,1.424726129e+00,2.829303026e+00,2.029465735e-01,1.000000000e+00,-2.075665236e+00,-4.148118496e+00,-6.017938256e-02,2.829302549e+00,-2.859851360e+00,-2.378840208e+00,3.223100662e+00,1.322794795e+00,0.000000000e+00,0.000000000e+00,0.000000000e+00,0.000000000e+00,-1.000000000e+00,-1.000000000e+00,-1.000000000e+00,0.000000000e+00,-9.999956489e-01,4.141753038e-07,1.000000000e+00,-6.989678144e-01,0.000000000e+00,4.141753038e-07,9.960492253e-01
96,1,6.302627325e-01,3.261277676e-01,-1.730860353e+00,1.485377789e+00,2.298009582e-02,-2.916845083e+00,-2.943536520e+00,-2.378078461e+00,-2.420203447e+00,-2.073995590e+00,-2.690219402e+00,-3.220616579e+00,1.325203776e+00,5.000000000e+00,1.000000000e+01,1.700000000e+01,0.000000000e+00,1.600948691e+00,2.874521494e+00,2.549290359e-01,1.000000000e+00,-2.056961775e+00,-4.111529827e+00,-7.005610466e-01,2.874521494e+00,-3.445794582e+00,-2.361046791e+00,3.920782089e+00,1.325203776e+00,0.000000000e+00,0.000000000e+00,0.000000000e+00,0.000000000e+00,-1.000000000e+00,-1.000000000e+00,-1.000000000e+00,0.000000000e+00,-9.999956489e-01,4.141753038e-07,1.000000000e+00,-6.989678144e-01,0.000000000e+00,4.141753038e-07,9.968650937e-01
96,2,9.651865959e-01,5.539099574e-01,-1.466013432e+00,1.489215612e+00,-2.145698993e-03,-3.109931946e+00,-3.108370543e+00,-2.554740906e+00,-2.566356897e+00,-2.143559456e+00,-2.985881329e+00,-3.520326853e+00,1.600210071e+00,5.000000000e+00,1.000000000e+01,1.800000000e+01,0.000000000e+00,4.479759336e-01,2.367770195e+00,2.339432836e-01,1.000000000e+00,-2.019890547e+00,-4.036303520e+00,8.379439712e-01,2.367580891e+00,-2.282399654e+00,-2.431095600e+00,1.952510595e+00,1.600210071e+00,3.000000000e+00,3.000000000e+00,0.000000000e+00,3.000000000e+00,4.000000000e+00,2.500000000e+01,1.000000000e+00,1.000000000e+00,-5.048102379e+00,-2.303180933e+00,-5.709726810e-01,-5.046187878e+00,1.000000000e+00,4.141753038e-07,9.447763562e-01
96,3,1.059106708e+00,6.287139654e-01,-1.404957294e+00,1.587941170e+00,4.387347400e-02,-3.181674957e+00,-3.186290026e+00,-2.704277992e+00,-2.743987083e+00,-2.274023533e+00,-3.093177080e+00,-3.610951424e+00,1.647786260e+00,6.000000000e+00,1.200000000e+01,2.000000000e+01,0.000000000e+00,4.434528351e-01,2.496043682e+00,2.869113684e-01,1.000000000e+00,-2.033635139e+00,-4.063238144e+00,1.017302513e+00,2.495804071e+00,-2.355540991e+00,-2.463948488e+00,1.948601246e+00,1.647786260e+00,4.000000000e+00,4.000000000e+00,0.000000000e+00,3.000000000e+00,4.000000000e+00,1.100000000e+01,4.000000000e+00,1.000000000e+00,-4.708654404e+00,-1.804487467e+00,4.448160529e-01,-4.702238083e+00,1.000000000e+00,4.141753038e-07,8.166237473e-01
97,0,9.990161061e-01,3.560256660e-01,-1.552221656e+00,1.639536023e+00,9.546828270e-02,-2.779122829e+00,-2.769916534e+00,-2.215646029e+00,-2.199810743e+00,-1.572710633e+00,-2.910896063e+00,-3.421227694e+00,-2.160488367e+00,7.000000000e+00,1.100000000e+01,2.000000000e+01,1.000000000e+00,5.381982923e-01,1.841870070e+00,3.385061920e-01,9.523809552e-01,-1.908227444e+00,-3.817633390e+00,8.297141641e-03,1.841823339e+00,-2.547455072e+00,-2.551098824e+00,2.460611820e+00,2.160488367e+00,1.000000000e+00,1.000000000e+00,0.000000000e+00,2.000000000e+00,4.000000000e+00,2.600000000e+01,4.000000000e+00,1.000000000e+00,-5.008856773e+00,-1.735649467e+00,3.612917662e-01,-5.001748085e+00,1.000000000e+00,5.953696370e-01,9.957644939e-01
97,1,1.070082068e+00,4.037712216e-01,-1.504206061e+00,1.743505120e+00,1.994373053e-01,-2.832003355e+00,-2.826402426e+00,-2.373717785e+00,-2.371357918e+00,-1.707487345e+00,-2.980615377e+00,-3.497242451e+00,-2.215553761e+00,8.000000000e+00,1.200000000e+01,2.000000000e+01,0.000000000e+00,2.769044042e-01,1.846098423e+00,4.424752593e-01,1.000000000e+00,-1.907955766e+00,-3.816087008e+00,2.563427389e-01,1.845954776e+00,-2.518745184e+00,-2.574138880e+00,2.253506422e+00,2.215553761e+00,0.000000000e+00,0.000000000e+00,0.000000000e+00,0.000000000e+00,-1.000000000e+00,-1.000000000e+00,-1.000000000e+00,0.000000000e+00,-9.999956489e-01,4.141753038e-07,1.000000000e+00,-6.989678144e-01,0.000000000e+00,4.141753038e-07,9.928425550e-01
97,2,9.105113745e-01,4.867237210e-01,-1.621179104e+00,1.543284059e+00,-7.834979915e-04,-2.955976009e+00,-3.047145844e+00,-2.326028109e+00,-2.585060596e+00,-1.902297616e+00,-3.021736383e+00,-3.379115343e+00,-1.631386995e+00,6.000000000e+00,1.200000000e+01,2.000000000e+01,0.000000000e+00,1.260421276e+00,2.532543182e+00,2.422543615e-01,1.000000000e+00,-2.107865095e+00,-4.212460995e+00,-3.792436719e-01,2.532542944e+00,-3.449970245e+00,-2.531560898e+00,3.594283104e+00,1.631386995e+00,0.000000000e+00,0.000000000e+00,0.000000000e+00,0.000000000e+00,-1.000000000e+00,-1.000000000e+00,-1.000000000e+00,0.000000000e+00,-9.999956489e-01,4.141753038e-07,1.000000000e+00,-6.989678144e-01,0.000000000e+00,4.141753038e-07,9.794848561e-01
97,3,7.362965345e-01,3.820875287e-01,-1.630881667e+00,1.551592708e+00,8.919505775e-02,-2.973518372e+00,-2.970792055e+00,-2.427927971e+00,-2.439836740e+00,-2.073783636e+00,-2.751163960e+00,-3.327212572e+00,-1.455780745e+00,5.000000000e+00,1.000000000e+01,1.700000000e+01,0.000000000e+00,-5.722935200e-01,1.787722945e+00,3.211439848e-01,1.000000000e+00,-2.012942791e+00,-4.023491383e+00,-6.173030287e-02,1.787679434e+00,-2.883442163e+00,-2.367095470e+00,2.215393543e+00,1.455780745e+00,0.000000000e+00,0.000000000e+00,0.000000000e+00,0.000000000e+00,-1.000000000e+00,-1.000000000e+00,-1.000000000e+00,0.000000000e+00,-9.999956489e-01,4.141753038e-07,1.000000000e+00,-6.989678144e-01,0.000000000e+00,4.141753038e-07,9.943991303e-01
97,4,3.507376015e-01,2.905964553e-01,-1.830752134e+00,1.258299470e+00,-1.730636954e-01,-3.010897636e+00,-3.032390594e+00,-2.426455736e+00,-2.487230062e+00,-2.366329670e+00,-2.472841263e+00,-3.070972681e+00,-5.384964347e-01,4.000000000e+00,1.000000000e+01,1.600000000e+01,0.000000000e+00,1.652268529e+00,3.192564964e+00,5.417978764e-02,1.000000000e+00,-2.121320248e+00,-4.236066341e+00,2.637927048e-02,3.192564726e+00,-2.751335621e+00,-2.181452990e+00,3.286993027e+00,5.384964347e-01,0.000000000e+00,0.000000000e+00,0.000000000e+00,0.000000000e+00,-1.000000000e+00,-1.000000000e+00,-1.000000000e+00,0.000000000e+00,-9.999956489e-01,4.141753038e-07,1.000000000e+00,-6.989678144e-01,0.000000000e+00,4.141753038e-07,9.977508187e-01
97,5,2.285100222e-01,1.744137108e-01,-1.892501831e+00,1.220637679e+00,-9.810855612e-03,-2.536008596e+00,-2.566552639e+00,-1.023840666e+00,-1.263613701e+00,-9.697449207e-01,-2.298297882e+00,-2.590085030e+00,-5.095456243e-01,0.000000000e+00,6.000000000e+00,1.100000000e+01,0.000000000e+00,9.858497977e-01,1.573331237e+00,1.792452186e-01,1.000000000e+00,-2.066898584e+00,-4.130912781e+00,1.438868761e+00,1.405481696e+00,8.341245120e-04,-2.120988131e+00,2.604855299e-01,5.095456243e-01,0.000000000e+00,0.000000000e+00,0.000000000e+00,0.000000000e+00,-1.000000000e+00,-1.000000000e+00,-1.000000000e+00,0.000000000e+00,-9.999956489e-01,4.141753038e-07,1.000000000e+00,-6.989678144e-01,0.000000000e+00,4.141753038e-07,9.990994930e-01
97,6,7.591238022e-01,7.219738364e-01,-1.410793781e+00,1.257973671e+00,-1.399657130e-01,-3.385385275e+00,-3.452287197e+00,-2.736961842e+00,-2.934930801e+00,-2.699831486e+00,-2.891673326e+00,-3.422441006e+00,-4.195416570e-01,4.000000000e+00,1.000000000e+01,1.500000000e+01,1.000000000e+00,5.478925705e-01,2.973995447e+00,8.188275993e-02,9.375000000e-01,-2.132719755e+00,-4.257733345e+00,-1.198490188e-01,2.973995209e+00,-3.774536371e+00,-2.169864416e+00,3.328607798e+00,4.195416570e-01,4.000000000e+00,0.000000000e+00,4.000000000e+00,3.000000000e+00,-1.000000000e+00,1.000000000e+00,1.000000000e+00,1.000000000e+00,-5.474834919e+00,-2.378022194e+00,-4.943220615e-01,-5.473561287e+00,1.000000000e+00,4.141753038e-07,3.672667444e-01
97,7,1.135863185e+00,6.699092388e-01,-1.357210398e+00,2.013792515e+00,4.227280617e-01,-3.182461977e+00,-3.166118145e+00,-2.715482950e+00,-2.724062681e+00,-2.249677420e+00,-3.163282871e+00,-3.647145987e+00,1.735429168e+00,5.000000000e+00,1.100000000e+01,2.200000000e+01,0.000000000e+00,1.562063217e+00,3.030786514e+00,6.713699102e-01,1.000000000e+00,-2.027083158e+00,-4.050278664e+00,1.040396467e-01,3.030786276e+00,-3.289316177e+00,-2.492948294e+00,3.401103973e+00,1.735429168e+00,1.000000000e+00,1.000000000e+00,0.000000000e+00,2.000000000e+00,-5.000000000e+00,2.700000000e+01,3.000000000e+00,1.000000000e+00,-5.294147491e+00,-1.602764726e+00,8.272822499e-01,-5.285528183e+00,1.000000000e+00,4.141753038e-07,6.563913822e-01
97,8,9.966836572e-01,5.392675996e-01,-1.491865635e+00,1.571894526e+00,-4.088879377e-02,-3.072979689e+00,-3.063729048e+00,-2.530276060e+00,-2.524642706e+00,-2.072955847e+00,-3.028899908e+00,-3.529437780e+00,1.714480639e+00,6.000000000e+00,1.200000000e+01,2.300000000e+01,0.000000000e+00,5.436285734e-01,2.344825983e+00,2.101669908e-01,1.000000000e+00,-2.031100035e+00,-4.058825970e+00,3.416611254e-02,2.344820738e+00,-3.029424906e+00,-2.488429070e+00,2.762301683e+00,1.714480639e+00,0.000000000e+00,0.000000000e+00,0.000000000e+00,0.000000000e+00,-1.000000000e+00,-1.000000000e+00,-1.000000000e+00,0.000000000e+00,-9.999956489e-01,4.141753038e-07,1.000000000e+00,-6.989678144e-01,0.000000000e+00,4.141753038e-07,9.559318423e-01
97,9,1.018310547e+00,4.489920139e-01,-9.526606798e-01,5.643453598e-01,-1.346241981e-01,-2.905091047e+00,-2.839114189e+00,-2.450671196e+00,-2.417244911e+00,-1.881441951e+00,-2.420064688e+00,-3.473464966e+00,1.985368013e+00,5.000000000e+00,3.000000000e+00,5.000000000e+00,0.000000000e+00,4.927717447e-01,2.127860785e+00,-1.346241981e-01,1.000000000e+00,-1.401645541e+00,-2.803248644e+00,-1.669651151e+00,2.127860785e+00,-4.521350861e+00,-1.970934510e+00,4.328141212e+00,1.985368013e+00,4.000000000e+00,4.000000000e+00,0.000000000e+00,3.000000000e+00,5.000000000e+00,1.400000000e+01,3.000000000e+00,1.000000000e+00,-1.373546958e+00,-9.552462697e-01,8.014988899e-01,-1.327891231e+00,1.000000000e+00,1.185362697e+00,9.875844121e-01
97,10,1.070432901e+00,4.301751554e-01,-1.441349983e+00,1.513195753e+00,1.152560860e-01,-2.880419016e+00,-2.869647026e+00,-2.348117590e+00,-2.341541290e+00,-1.707934380e+00,-2.943600893e+00,-3.519567728e+00,2.154025316e+00,8.000000000e+00,9.000000000e+00,1.500000000e+01,0.000000000e+00,4.987549186e-01,1.957334042e+00,3.371047378e-01,1.000000000e+00,-1.871504664e+00,-3.742678404e+00,-1.173627615e+00,1.957333922e+00,-3.941632271e+00,-2.511653662e+00,3.763227940e+00,2.154025316e+00,0.000000000e+00,0.000000000e+00,0.000000000e+00,0.000000000e+00,-1.000000000e+00,-1.000000000e+00,-1.000000000e+00,0.000000000e+00,-9.999956489e-01,4.141753038e-07,1.000000000e+00,-6.989678144e-01,1.000000000e+00,4.141753038e-07,9.901926517e-01
98,0,1.063898444e+00,2.560550272e-01,-1.283537626e+00,1.185509562e+00,1.441170722e-01,-2.906277895e+00,-2.862840176e+00,-2.296980143e+00,-2.354924440e+00,-1.489209175e+00,-2.603718281e+00,-3.712226868e+00,-2.547163010e+00,8.000000000e+00,6.000000000e+00,8.000000000e+00,0.000000000e+00,1.995841622e+00,2.487143755e+00,2.824197114e-01,1.000000000e+00,-1.539585710e+00,-3.079073906e+00,-4.065706432e-01,2.487143278e+00,-3.017197371e+00,-2.347347736e+00,3.759264708e+00,2.547163010e+00,0.000000000e+00,0.000000000e+00,0.000000000e+00,0.000000000e+00,-1.000000000e+00,-1.000000000e+00,-1.000000000e+00,0.000000000e+00,-9.999956489e-01,4.141753038e-07,1.000000000e+00,-6.989678144e-01,0.000000000e+00,4.141753038e-07,9.983304143e-01
98,1,1.216163158e+00,4.948686063e-01,-1.370901585e+00,1.318034172e+00,-1.443632692e-01,-3.313430309e+00,-3.243095636e+00,-2.638862371e+00,-2.612757921e+00,-1.917720914e+00,-3.081670523e+00,-4.030930996e+00,-2.344841719e+00,7.000000000e+00,1.100000000e+01,1.700000000e+01,0.000000000e+00,7.660059929e-01,2.300782919e+00,8.758553118e-02,1.000000000e+00,-1.865748405e+00,-3.729476452e+00,3.232413828e-01,2.300758839e+00,-2.784298897e+00,-2.586907148e+00,2.672612190e+00,2.344841719e+00,1.000000000e+00,1.000000000e+00,0.000000000e+00,1.000000000e+00,-5.000000000e+00,1.000000000e+01,1.000000000e+00,1.000000000e+00,-5.209796906e+00,-1.415423751e+00,9.347203970e-01,-5.196036339e+00,1.000000000e+00,4.141753038e-07,9.770166278e-01
98,2,6.440870166e-01,5.768814087e-01,-1.505494952e+00,1.348665357e+00,-1.426957846e-01,-3.277282000e+00,-3.306413174e+00,-2.674243689e+00,-2.764561653e+00,-2.607067347e+00,-2.726473093e+00,-3.344350100e+00,-5.707743168e-01,5.000000000e+00,1.000000000e+01,1.800000000e+01,0.000000000e+00,7.871453762e-01,3.000816107e+00,9.339313209e-02,1.000000000e+00,-2.082337618e+00,-4.158703327e+00,1.091120094e-01,3.000815630e+00,-3.231842518e+00,-2.149534464e+00,3.049078465e+00,5.707743168e-01,1.000000000e+00,0.000000000e+00,1.000000000e+00,3.000000000e+00,-2.000000000e+00,1.100000000e+01,2.000000000e+00,1.000000000e+00,-5.533641338e+00,-2.181449890e+00,-2.039509118e-01,-5.531763077e+00,1.000000000e+00,8.228898048e-01,9.206067920e-01
98,3,4.706705809e-01,4.471117854e-01,-1.691203356e+00,1.200935721e+00,-1.970036030e-01,-3.142420053e+00,-3.207429171e+00,-2.531849861e+00,-2.724945784e+00,-2.508298874e+00,-2.609048843e+00,-3.165945292e+00,-3.323671818e-01,4.000000000e+00,1.000000000e+01,1.500000000e+01,1.000000000e+00,7.818496823e-01,2.899363756e+00,2.484482713e-02,9.375000000e-01,-2.138276577e+00,-4.268751621e+00,-6.071245670e-01,2.899363756e+00,-3.776808739e+00,-2.161832094e+00,3.722295046e+00,3.323671818e-01,0.000000000e+00,0.000000000e+00,0.000000000e+00,0.000000000e+00,-1.000000000e+00,-1.000000000e+00,-1.000000000e+00,0.000000000e+00,-9.999956489e-01,4.141753038e-07,1.000000000e+00,-6.989678144e-01,0.000000000e+00,4.141753038e-07,9.878787398e-01
98,4,-4.790220782e-02,-2.446819693e-01,-1.171306968e+00,-1.812616229e+00,-1.812616229e+00,-1.380735874e+00,-9.565668702e-01,2.504568696e-01,3.955278695e-01,4.472368360e-01,-8.634795547e-01,-1.577509999e+00,1.025197625e+00,0.000000000e+00,2.000000000e+00,3.000000000e+00,0.000000000e+00,3.348259211e+00,1.238456011e+00,-2.289680958e+00,1.000000000e+00,-9.266269803e-01,-1.837986112e+00,9.327937365e-01,1.177508950e+00,1.573004127e+00,-1.123404860e+00,2.964243889e-01,1.025197625e+00,0.000000000e+00,0.000000000e+00,0.000000000e+00,0.000000000e+00,-1.000000000e+00,-1.000000000e+00,-1.000000000e+00,0.000000000e+00,-9.999956489e-01,4.141753038e-07,1.000000000e+00,-6.989678144e-01,0.000000000e+00,4.141753038e-07,9.998582602e-01
98,5,8.544594646e-01,6.337037086e-01,-1.426642418e+00,1.447577238e+00,-1.482030004e-02,-3.243996859e+00,-3.249030113e+00,-2.736997128e+00,-2.792743921e+00,-2.516335726e+00,-2.915047407e+00,-3.464248180e+00,1.095464349e+00,3.000000000e+00,9.000000000e+00,1.700000000e+01,0.000000000e+00,2.154995948e-01,2.624708891e+00,2.171285748e-01,1.000000000e+00,-2.060307741e+00,-4.115598202e+00,1.368307829e+00,2.624041080e+00,-2.058359623e+00,-2.281030416e+00,1.532256722e+00,1.095464349e+00,4.000000000e+00,3.000000000e+00,1.000000000e+00,3.000000000e+00,2.000000000e+00,2.000000000e+00,1.000000000e+00,1.000000000e+00,-4.937397480e+00,-1.909610748e+00,2.907940149e-01,-4.932540417e+00,1.000000000e+00,4.141753038e-07,8.014436364e-01
98,6,6.426762342e-01,3.671418428e-01,-1.656308532e+00,1.546509624e+00,1.485699266e-01,-3.015280962e+00,-2.979277372e+00,-2.235854149e+00,-2.225039482e+00,-1.960354805e+00,-2.667528629e+00,-3.290416956e+00,1.248465896e+00,3.000000000e+00,8.000000000e+00,1.500000000e+01,0.000000000e+00,1.305511236e+00,2.613152027e+00,3.704185486e-01,1.000000000e+00,-2.023423910e+00,-4.043694973e+00,1.669421345e-01,2.613149166e+00,-2.425196409e+00,-2.298917770e+00,2.710875511e+00,1.248465896e+00,0.000000000e+00,0.000000000e+00,0.000000000e+00,0.000000000e+00,-1.000000000e+00,-1.000000000e+00,-1.000000000e+00,0.000000000e+00,-9.999956489e-01,4.141753038e-07,1.000000000e+00,-6.989678144e-01,0.000000000e+00,4.141753038e-07,9.952379465e-01
98,7,9.844158888e-01,5.816142559e-01,-1.393533111e+00,1.554018021e+00,-5.876527727e-02,-3.136066437e+00,-3.136365175e+00,-2.581918478e+00,-2.610064030e+00,-2.179217100e+00,-2.960039616e+00,-3.537961245e+00,1.579000592e+00,7.000000000e+00,1.200000000e+01,2.300000000e+01,0.000000000e+00,1.252344251e+00,2.805457115e+00,1.922905296e-01,1.000000000e+00,-1.975116968e+00,-3.947314262e+00,3.593921363e-01,2.805454493e+00,-2.832168102e+00,-2.377856016e+00,2.876943588e+00,1.579000592e+00,2.000000000e+00,2.000000000e+00,0.000000000e+00,3.000000000e+00,4.000000000e+00,3.300000000e+01,4.000000000e+00,1.000000000e+00,-1.163416386e+00,-2.142223358e+00,-3.279684186e-01,-1.160297990e+00,1.000000000e+00,7.309988737e-01,9.143465161e-01
98,8,7.449733615e-01,3.826220930e-01,-1.646291852e+00,1.463748455e+00,-5.476499721e-02,-2.978392363e+00,-2.971341133e+00,-2.508188009e+00,-2.515413046e+00,-2.145915747e+00,-2.775834322e+00,-3.340205431e+00,1.476638794e+00,4.000000000e+00,1.100000000e+01,1.900000000e+01,0.000000000e+00,1.924111009e+00,3.108032227e+00,1.849951148e-01,1.000000000e+00,-2.028886557e+00,-4.055094719e+00,-9.740377218e-02,3.108032227e+00,-2.995151997e+00,-2.391177416e+00,3.574836969e+00,1.476638794e+00,0.000000000e+00,0.000000000e+00,0.000000000e+00,0.000000000e+00,-1.000000000e+00,-1.000000000e+00,-1.000000000e+00,0.000000000e+00,-9.999956489e-01,4.141753038e-07,1.000000000e+00,-6.989678144e-01,0.000000000e+00,4.141753038e-07,9.943660498e-01
98,9,6.997854114e-01,2.656535506e-01,-1.785115480e+00,1.625273108e+00,1.248964947e-02,-2.821849108e+00,-2.817512989e+00,-2.365543842e+00,-2.369042397e+00,-1.931475401e+00,-2.755780458e+00,-3.255486727e+00,1.657052040e+00,6.000000000e+00,1.200000000e+01,2.300000000e+01,0.000000000e+00,7.163054943e-01,2.289665222e+00,2.635455132e-01,1.000000000e+00,-2.050746441e+00,-4.101516724e+00,-1.052117586e+00,2.289665222e+00,-3.684813023e+00,-2.484794617e+00,3.778275251e+00,1.657052040e+00,0.000000000e+00,0.000000000e+00,0.000000000e+00,0.000000000e+00,-1.000000000e+00,-1.000000000e+00,-1.000000000e+00,0.000000000e+00,-9.999956489e-01,4.141753038e-07,1.000000000e+00,-6.989678144e-01,0.000000000e+00,4.141753038e-07,9.981905818e-01
98,10,1.292336822e+00,8.366284966e-01,-1.218519449e+00,1.437602878e+00,-1.534611434e-01,-3.350887775e+00,-3.336827278e+00,-2.767514706e+00,-2.736518145e+00,-2.311971664e+00,-3.347048998e+00,-3.804791927e+00,1.710283637e+00,6.000000000e+00,1.200000000e+01,2.200000000e+01,0.000000000e+00,1.427302659e-01,2.383861303e+00,9.518045932e-02,1.000000000e+00,-2.055105686e+00,-4.105264187e+00,1.067857027e+00,2.383353949e+00,-2.505387306e+00,-2.510722637e+00,1.740170836e+00,1.710283637e+00,3.000000000e+00,3.000000000e+00,0.000000000e+00,3.000000000e+00,4.000000000e+00,3.300000000e+01,4.000000000e+00,1.000000000e+00,-4.997561455e+00,-2.221735001e+00,-3.280760944e-01,-4.995221138e+00,1.000000000e+00,4.141753038e-07,2.343942970e-02
98,11,1.079963923e+00,5.716683865e-01,-1.453593016e+00,1.835380316e+00,2.019121796e-01,-3.078245163e+00,-3.054804325e+00,-2.551798344e+00,-2.528009176e+00,-2.043609381e+00,-3.106230736e+00,-3.585386276e+00,1.838560104e+00,7.000000000e+00,1.200000000e+01,2.400000000e+01,0.000000000e+00,1.248795629e+00,2.668055058e+00,4.551692605e-01,1.000000000e+00,-2.025227547e+00,-4.047226429e+00,-1.338805676e+00,2.668055058e+00,-4.426875591e+00,-2.533420801e+00,4.488183022e+00,1.838560104e+00,0.000000000e+00,0.000000000e+00,0.000000000e+00,0.000000000e+00,-1.000000000e+00,-1.000000000e+00,-1.000000000e+00,0.000000000e+00,-9.999956489e-01,4.141753038e-07,1.000000000e+00,-6.989678144e-01,1.000000000e+00,4.141753038e-07,9.269461036e-01
98,12,6.649308205e-01,1.256864965e-01,-1.908714652e+00,1.528815389e+00,-1.525217481e-02,-2.629135370e+00,-2.626381874e+00,-2.180101395e+00,-2.180722237e+00,-1.640903473e+00,-2.712415457e+00,-3.167925119e+00,1.913251996e+00,7.000000000e+00,1.100000000e+01,2.000000000e+01,0.000000000e+00,8.030655384e-01,2.042458057e+00,2.277856767e-01,1.000000000e+00,-2.034389019e+00,-4.076929092e+00,-3.744215071e-01,2.042454958e+00,-2.680688620e+00,-2.573517799e+00,2.956587315e+00,1.913251996e+00,0.000000000e+00,0.000000000e+00,0.000000000e+00,0.000000000e+00,-1.000000000e+00,-1.000000000e+00,-1.000000000e+00,0.000000000e+00,-9.999956489e-01,4.141753038e-07,1.000000000e+00,-6.989678144e-01,0.000000000e+00,4.141753038e-07,9.993440509e-01
98,13,8.739492893e-01,2.961136699e-01,-1.679023027e+00,1.486636996e+00,-4.724320956e-03,-2.780812979e+00,-2.775506735e+00,-2.329782724e+00,-2.329641819e+00,-1.752015114e+00,-2.853766680e+00,-3.357919693e+00,2.005717993e+00,6.000000000e+00,1.100000000e+01,1.800000000e+01,0.000000000e+00,1.827593088e+00,2.665844917e+00,2.313646674e-01,1.000000000e+00,-1.975116134e+00,-3.951384306e+00,4.855839610e-01,2.665835619e+00,-2.140204191e+00,-2.552837849e+00,2.757916451e+00,2.005717993e+00,0.000000000e+00,0.000000000e+00,0.000000000e+00,0.000000000e+00,-1.000000000e+00,-1.000000000e+00,-1.000000000e+00,0.000000000e+00,-9.999956489e-01,4.141753038e-07,1.000000000e+00,-6.989678144e-01,1.000000000e+00,3.401510417e-01,9.976359606e-01
98,14,1.012227416e+00,3.779285252e-01,-1.288976192e+00,2.987951934e-01,-7.425953150e-01,-2.462585926e+00,-2.351442575e+00,-8.033490181e-01,-9.845988154e-01,-1.690521836e-01,-2.687035561e+00,-3.096468449e+00,2.139924765e+00,0.000000000e+00,4.000000000e+00,8.000000000e+00,0.000000000e+00,9.233044386e-01,1.287917852e+00,-6.042932868e-01,1.000000000e+00,-1.666892767e+00,-3.340979099e+00,1.282264352e+00,4.928784966e-01,-8.026656508e-02,-2.301125050e+00,2.616445720e-02,2.139924765e+00,0.000000000e+00,0.000000000e+00,0.000000000e+00,0.000000000e+00,-1.000000000e+00,-1.000000000e+00,-1.000000000e+00,0.000000000e+00,-9.999956489e-01,4.141753038e-07,1.000000000e+00,-6.989678144e-01,0.000000000e+00,4.141753038e-07,9.946493506e-01
98,15,1.325396895e+00,6.616091132e-01,-1.231100082e+00,1.625391006e+00,5.718968436e-02,-3.091925144e+00,-3.091655254e+00,-2.640486002e+00,-2.638035536e+00,-1.976846695e+00,-3.218231201e+00,-3.753779411e+00,2.209603310e+00,8.000000000e+00,1.200000000e+01,2.100000000e+01,0.000000000e+00,3.996672332e-01,2.176745415e+00,3.031719327e-01,1.000000000e+00,-1.892682552e+00,-3.783622503e+00,2.088541090e-01,2.176720142e+00,-3.090444326e+00,-2.556347847e+00,2.629086018e+00,2.209603310e+00,0.000000000e+00,0.000000000e+00,0.000000000e+00,0.000000000e+00,-1.000000000e+00,-1.000000000e+00,-1.000000000e+00,0.000000000e+00,-9.999956489e-01,4.141753038e-07,1.000000000e+00,-6.989678144e-01,1.000000000e+00,4.141753038e-07,6.951491237e-01
