event_idx,track_idx,label,muon_general_tracks_p,muon_general_tracks_pt,muon_general_tracks_ptErr,muon_general_tracks_chi2,muon_general_tracks_normalizedChi2,muon_general_tracks_etaErr,muon_general_tracks_phiErr,muon_general_tracks_dszErr,muon_general_tracks_dxyErr,muon_general_tracks_dzErr,muon_general_tracks_qoverpErr,muon_general_tracks_lambdaErr,muon_general_tracks_eta,muon_general_tracks_nPixelHits,muon_general_tracks_nTrkLays,muon_general_tracks_nFoundHits,muon_general_tracks_nLostHits,muon_general_tracks_impact3D,muon_general_tracks_impactSignificance,muon_general_tracks_chi2PerHit,muon_general_tracks_hitEfficiency,muon_general_tracks_sigmaPtOverPt,muon_general_tracks_relUncertaintyProduct,muon_general_tracks_sip2D,muon_general_tracks_sipZ,muon_general_tracks_dxyOverPt,muon_general_tracks_ptErrOverP,muon_general_tracks_dzOverDxy,muon_general_tracks_absEta,L1TkMu_nStubs,L1TkMu_nStubs_Endcap,L1TkMu_nStubs_Barrel,L1TkMu_stubQual_max,L1TkMu_stubMax_etaRegion,L1TkMu_stubMax_phiRegion,L1TkMu_stubMax_depthRegion,L1TkMu_hasMatch,L1TkMu_dR2min,L1TkMu_dPtNorm,L1TkMu_chi2Pt,L1TkMu_matchingScore,L1TkMu_nCompatible,L1TkMu_secondBest_dR2,is_low_pt
0,0,0,4.541201591e-01,2.595596015e-01,-1.854069233e+00,1.515557885e+00,2.368043959e-01,-2.914400816e+00,-2.912295341e+00,-2.378670216e+00,-2.395880938e+00,-2.184147120e+00,-2.570877790e+00,-3.108759880e+00,1.018566132e+00,4.000000000e+00,9.000000000e+00,1.200000000e+01,1.000000000e+00,7.335062027e-01,2.550967693e+00,4.363766611e-01,9.230769277e-01,-2.113603354e+00,-4.223256111e+00,3.356904909e-02,2.550965786e+00,-2.621797800e+00,-2.308131933e+00,2.729072571e+00,1.018566132e+00,0.000000000e+00,0.000000000e+00,0.000000000e+00,0.000000000e+00,-1.000000000e+00,-1.000000000e+00,-1.000000000e+00,0.000000000e+00,-9.999956489e-01,4.342942646e-07,1.000000000e+00,-6.989678144e-01,0.000000000e+00,4.342942646e-07,9.982810020e-01
0,1,1,1.020667553e+00,7.856932878e-01,-1.299245000e+00,1.475857735e+00,4.449421540e-02,-3.374381542e+00,-3.443365097e+00,-2.849746943e+00,-3.006337404e+00,-2.614900827e+00,-3.105320215e+00,-3.608618259e+00,1.136081100e+00,4.000000000e+00,1.000000000e+01,1.600000000e+01,0.000000000e+00,3.518951535e-01,2.792531252e+00,2.717378736e-01,1.000000000e+00,-2.084894180e+00,-4.163774490e+00,1.751101375e+00,2.790729523e+00,-2.041322470e+00,-2.319830418e+00,1.431318879e+00,1.136081100e+00,0.000000000e+00,0.000000000e+00,0.000000000e+00,0.000000000e+00,-1.000000000e+00,-1.000000000e+00,-1.000000000e+00,0.000000000e+00,-9.999956489e-01,4.342942646e-07,1.000000000e+00,-6.989678144e-01,1.000000000e+00,4.342942646e-07,9.883721173e-02
0,2,0,3.962258995e-01,1.760392785e-01,-1.791062951e+00,1.286831260e+00,1.107401699e-01,-2.850043297e+00,-2.840645313e+00,-2.322562933e+00,-2.333214998e+00,-2.102412462e+00,-2.365635157e+00,-3.070026875e+00,1.093823314e+00,3.000000000e+00,6.000000000e+00,1.000000000e+01,1.000000000e+00,1.025784254e+00,2.615360260e+00,2.868313789e-01,9.090909362e-01,-1.967088699e+00,-3.932901859e+00,-7.854906842e-03,2.615359068e+00,-2.517060041e+00,-2.187248707e+00,2.853960276e+00,1.093823314e+00,0.000000000e+00,0.000000000e+00,0.000000000e+00,0.000000000e+00,-1.000000000e+00,-1.000000000e+00,-1.000000000e+00,0.000000000e+00,-9.999956489e-01,4.342942646e-07,1.000000000e+00,-6.989678144e-01,0.000000000e+00,4.342942646e-07,9.990892410e-01
0,3,1,2.054227352e+00,1.776977301e+00,-1.818983704e-01,1.152106285e+00,-3.102908731e-01,-3.657000065e+00,-4.148818970e+00,-2.669759512e+00,-3.351483583e+00,-2.392605543e+00,-4.008183002e+00,-3.932492256e+00,1.253120899e+00,3.000000000e+00,9.000000000e+00,1.700000000e+01,0.000000000e+00,3.857598901e-01,2.585784197e+00,-7.834215462e-02,1.000000000e+00,-1.958837032e+00,-3.913705349e+00,1.061237097e+00,2.585590124e+00,-4.063148975e+00,-2.236051559e+00,2.484015703e+00,1.253120899e+00,4.000000000e+00,4.000000000e+00,0.000000000e+00,3.000000000e+00,4.000000000e+00,1.000000000e+01,1.000000000e+00,1.000000000e+00,-5.331634998e+00,-1.786263704e+00,3.310795128e-01,-5.326091290e+00,1.000000000e+00,4.342942646e-07,2.061153470e-09
1,0,0,1.111158490e+00,3.500022292e-01,-1.532749772e+00,1.670260429e+00,2.078626007e-01,-2.727866173e+00,-2.727051973e+00,-2.213336706e+00,-2.212335587e+00,-1.452238917e+00,-2.997831106e+00,-3.487916946e+00,-2.438178539e+00,9.000000000e+00,1.100000000e+01,1.700000000e+01,0.000000000e+00,8.233177662e-01,1.863951206e+00,4.398115873e-01,1.000000000e+00,-1.882733345e+00,-3.767322540e+00,9.843041189e-03,1.863908648e+00,-2.552410603e+00,-2.643731594e+00,2.614151955e+00,2.438178539e+00,0.000000000e+00,0.000000000e+00,0.000000000e+00,0.000000000e+00,-1.000000000e+00,-1.000000000e+00,-1.000000000e+00,0.000000000e+00,-9.999956489e-01,4.342942646e-07,1.000000000e+00,-6.989678144e-01,0.000000000e+00,4.342942646e-07,9.960202575e-01
1,1,0,1.093885183e+00,3.595202565e-01,-1.373111367e+00,1.127732873e+00,-1.027155519e-01,-2.748027563e+00,-2.749361992e+00,-2.301419735e+00,-2.307822227e+00,-1.567125440e+00,-2.828211784e+00,-3.481318474e+00,-2.375478983e+00,9.000000000e+00,8.000000000e+00,1.100000000e+01,0.000000000e+00,4.923593402e-01,1.813326478e+00,8.634048700e-02,1.000000000e+00,-1.732618213e+00,-3.465988874e+00,-4.783263206e-01,1.813320875e+00,-3.145150900e+00,-2.466879606e+00,3.032152176e+00,2.375478983e+00,0.000000000e+00,0.000000000e+00,0.000000000e+00,0.000000000e+00,-1.000000000e+00,-1.000000000e+00,-1.000000000e+00,0.000000000e+00,-9.999956489e-01,4.342942646e-07,1.000000000e+00,-6.989678144e-01,1.000000000e+00,4.342942646e-07,9.956069589e-01
1,2,0,1.220145583e+00,4.703225493e-01,-1.387410164e+00,1.509213686e+00,-3.485398367e-02,-2.859835625e+00,-2.835018158e+00,-2.326400757e+00,-2.281323910e+00,-1.576653361e+00,-3.079668999e+00,-3.608207703e+00,-2.411670685e+00,9.000000000e+00,1.200000000e+01,2.000000000e+01,0.000000000e+00,6.624470353e-01,1.908014059e+00,2.081838548e-01,1.000000000e+00,-1.857711792e+00,-3.715526819e+00,2.894276977e-01,1.907888174e+00,-2.462176085e+00,-2.607390165e+00,2.323155403e+00,2.411670685e+00,1.000000000e+00,1.000000000e+00,0.000000000e+00,2.000000000e+00,5.000000000e+00,8.000000000e+00,3.000000000e+00,1.000000000e+00,-4.962106705e+00,-1.590350986e+00,5.573491454e-01,-4.952091694e+00,1.000000000e+00,8.547050506e-02,9.835880995e-01
1,3,0,1.008859634e+00,3.212464154e-01,-1.368024826e+00,1.275199294e+00,-3.553994233e-03,-2.913931131e+00,-2.618629932e+00,-1.731170535e+00,-1.606019855e+00,-1.043575883e+00,-2.696639538e+00,-3.600167513e+00,-2.265727997e+00,1.000000000e+00,7.000000000e+00,1.200000000e+01,0.000000000e+00,1.294850469e+00,1.797106028e+00,1.960181743e-01,1.000000000e+00,-1.689259887e+00,-3.376243114e+00,1.607622981e+00,1.679618835e+00,-3.196597695e-01,-2.376791000e+00,6.344523430e-01,2.265727997e+00,0.000000000e+00,0.000000000e+00,0.000000000e+00,0.000000000e+00,-1.000000000e+00,-1.000000000e+00,-1.000000000e+00,0.000000000e+00,-9.999956489e-01,4.342942646e-07,1.000000000e+00,-6.989678144e-01,0.000000000e+00,4.342942646e-07,9.970097542e-01
1,4,0,1.183912992e+00,6.436092854e-01,-1.450876474e+00,1.377664447e+00,-1.408489347e-01,-3.137039900e+00,-3.142236233e+00,-2.605700970e+00,-2.626033068e+00,-2.065522194e+00,-3.279199362e+00,-3.675875425e+00,-1.915799022e+00,6.000000000e+00,1.100000000e+01,1.900000000e+01,0.000000000e+00,1.792417049e+00,2.961781502e+00,9.891112894e-02,1.000000000e+00,-2.094444036e+00,-4.183927059e+00,4.109989479e-02,2.961781025e+00,-3.227991581e+00,-2.634614229e+00,3.481158495e+00,1.915799022e+00,1.000000000e+00,1.000000000e+00,0.000000000e+00,1.000000000e+00,-5.000000000e+00,8.000000000e+00,1.000000000e+00,1.000000000e+00,-5.502754211e+00,-1.823017955e+00,5.560558438e-01,-5.498326778e+00,1.000000000e+00,4.342942646e-07,7.679601908e-01
1,5,0,8.300442100e-01,3.941038549e-01,-1.677884817e+00,1.445556879e+00,-4.580444470e-02,-2.956882477e+00,-2.949598312e+00,-2.434244633e+00,-2.438777685e+00,-1.998379111e+00,-2.904891968e+00,-3.392143488e+00,-1.661529183e+00,4.000000000e+00,1.100000000e+01,1.800000000e+01,1.000000000e+00,1.516021848e+00,2.756434202e+00,1.902845353e-01,9.473684430e-01,-2.071958065e+00,-4.141153336e+00,1.317190677e-01,2.756433010e+00,-2.701063633e+00,-2.507809877e+00,3.065100908e+00,1.661529183e+00,0.000000000e+00,0.000000000e+00,0.000000000e+00,0.000000000e+00,-1.000000000e+00,-1.000000000e+00,-1.000000000e+00,0.000000000e+00,-9.999956489e-01,4.342942646e-07,1.000000000e+00,-6.989678144e-01,0.000000000e+00,4.342942646e-07,9.935932755e-01
1,6,0,7.498192191e-01,3.704688847e-01,-1.488424897e+00,1.222358465e+00,-5.639471859e-02,-2.959402323e+00,-2.949855566e+00,-2.492846727e+00,-2.503751278e+00,-2.113574982e+00,-2.609658003e+00,-3.338201046e+00,-1.519898534e+00,6.000000000e+00,8.000000000e+00,1.200000000e+01,0.000000000e+00,8.233047128e-01,2.525286674e+00,1.431774199e-01,1.000000000e+00,-1.858875513e+00,-3.716655016e+00,1.372069120e-01,2.525283098e+00,-2.736914873e+00,-2.238182306e+00,2.778234005e+00,1.519898534e+00,0.000000000e+00,0.000000000e+00,0.000000000e+00,0.000000000e+00,-1.000000000e+00,-1.000000000e+00,-1.000000000e+00,0.000000000e+00,-9.999956489e-01,4.342942646e-07,1.000000000e+00,-6.989678144e-01,0.000000000e+00,4.342942646e-07,9.950651526e-01
1,7,0,6.815004945e-01,5.333216190e-01,-1.635969400e+00,2.507906437e+00,1.146178484e+00,-3.183043242e+00,-3.193992376e+00,-2.663576126e+00,-2.732114792e+00,-2.515455246e+00,-2.851515532e+00,-3.330953121e+00,-8.737459779e-01,4.000000000e+00,9.000000000e+00,1.400000000e+01,0.000000000e+00,-1.364353180e+00,1.833430052e+00,1.361778378e+00,1.000000000e+00,-2.169245720e+00,-4.330242634e+00,-1.589470655e-01,1.833407521e+00,-3.423465490e+00,-2.317398548e+00,2.208769083e+00,8.737459779e-01,0.000000000e+00,0.000000000e+00,0.000000000e+00,0.000000000e+00,-1.000000000e+00,-1.000000000e+00,-1.000000000e+00,0.000000000e+00,-9.999956489e-01,4.342942646e-07,1.000000000e+00,-6.989678144e-01,0.000000000e+00,4.342942646e-07,9.597316980e-01
1,8,1,6.314877272e-01,5.780017972e-01,-1.576903462e+00,1.279245615e+00,-1.521176100e-01,-3.226653337e+00,-3.223045349e+00,-2.531264544e+00,-2.560549974e+00,-2.477795839e+00,-2.786487818e+00,-3.280043364e+00,-5.065450072e-01,4.000000000e+00,1.000000000e+01,1.600000000e+01,0.000000000e+00,1.174868345e+00,3.065361261e+00,7.512590289e-02,1.000000000e+00,-2.154859543e+00,-4.301405907e+00,5.894595385e-01,3.065358877e+00,-2.549096346e+00,-2.208337307e+00,2.558640242e+00,5.065450072e-01,3.000000000e+00,0.000000000e+00,3.000000000e+00,3.000000000e+00,-1.000000000e+00,3.000000000e+00,1.000000000e+00,1.000000000e+00,-4.799500465e+00,-3.073259830e+00,-1.838408351e+00,-4.799157143e+00,1.000000000e+00,4.342942646e-07,9.191696644e-01
2,0,0,1.001072168e+00,3.420407474e-01,-1.583483100e+00,1.713233471e+00,1.691657007e-01,-2.786731243e+00,-2.777160406e+00,-2.272877455e+00,-2.261264801e+00,-1.613909364e+00,-2.930181742e+00,-3.444817305e+00,-2.198381424e+00,8.000000000e+00,1.200000000e+01,2.000000000e+01,1.000000000e+00,9.224011302e-01,2.075135469e+00,4.122036695e-01,9.523809552e-01,-1.925503612e+00,-3.851920605e+00,-1.422796398e-01,2.075127363e+00,-2.745423079e+00,-2.584404945e+00,2.864714384e+00,2.198381424e+00,0.000000000e+00,0.000000000e+00,0.000000000e+00,0.000000000e+00,-1.000000000e+00,-1.000000000e+00,-1.000000000e+00,0.000000000e+00,-9.999956489e-01,4.342942646e-07,1.000000000e+00,-6.989678144e-01,0.000000000e+00,-8.790536784e-03,9.963299632e-01
2,1,0,9.580103755e-01,3.993910253e-01,-1.626879215e+00,1.583212137e+00,3.914431483e-02,-2.884022713e+00,-2.850886345e+00,-2.406087399e+00,-2.306999445e+00,-1.847547889e+00,-2.988198042e+00,-3.441771984e+00,-1.959759951e+00,6.000000000e+00,1.100000000e+01,2.000000000e+01,0.000000000e+00,1.259997249e+00,2.477577686e+00,2.821822464e-01,1.000000000e+00,-2.026242495e+00,-4.051976204e+00,-3.547415435e-01,2.477577209e+00,-3.060721159e+00,-2.584740877e+00,3.291629314e+00,1.959759951e+00,0.000000000e+00,0.000000000e+00,0.000000000e+00,0.000000000e+00,-1.000000000e+00,-1.000000000e+00,-1.000000000e+00,0.000000000e+00,-9.999956489e-01,4.342942646e-07,1.000000000e+00,-6.989678144e-01,0.000000000e+00,4.342942646e-07,9.931949377e-01
2,2,0,9.430379272e-01,3.482504487e-01,-1.671936512e+00,1.732563853e+00,2.412024140e-01,-2.817576885e+00,-2.780265331e+00,-2.357783318e+00,-2.249074221e+00,-1.763069391e+00,-2.968174934e+00,-3.411528349e+00,-2.046132803e+00,6.000000000e+00,1.100000000e+01,1.800000000e+01,0.000000000e+00,1.270686388e+00,2.398440361e+00,4.772914946e-01,1.000000000e+00,-2.020161867e+00,-4.040949345e+00,-4.627797753e-02,2.398437500e+00,-2.643488884e+00,-2.614815950e+00,2.930686951e+00,2.046132803e+00,1.000000000e+00,1.000000000e+00,0.000000000e+00,2.000000000e+00,5.000000000e+00,3.000000000e+00,3.000000000e+00,1.000000000e+00,-4.819378376e+00,-2.045058727e+00,-4.193437472e-02,-4.815737247e+00,1.000000000e+00,4.342942646e-07,9.960909486e-01
2,3,0,8.140053749e-01,2.953229547e-01,-1.742125154e+00,1.451314807e+00,-6.719873101e-02,-2.811542511e+00,-2.803025246e+00,-2.289673328e+00,-2.275136709e+00,-1.771049619e+00,-2.856788397e+00,-3.329578161e+00,-1.863686800e+00,7.000000000e+00,1.100000000e+01,1.900000000e+01,0.000000000e+00,1.421624124e-01,1.842220664e+00,1.725613922e-01,1.000000000e+00,-2.037424564e+00,-4.075370312e+00,1.007262692e-01,1.842149258e+00,-2.469687223e+00,-2.555998087e+00,2.245501757e+00,1.863686800e+00,0.000000000e+00,0.000000000e+00,0.000000000e+00,0.000000000e+00,-1.000000000e+00,-1.000000000e+00,-1.000000000e+00,0.000000000e+00,-9.999956489e-01,4.342942646e-07,1.000000000e+00,-6.989678144e-01,0.000000000e+00,4.342942646e-07,9.976529479e-01
2,4,0,9.445272088e-01,4.767856300e-01,-1.528322339e+00,1.580327272e+00,1.179295480e-01,-3.240263939e+00,-3.227468491e+00,-2.363148689e+00,-2.411062241e+00,-1.895472884e+00,-2.949810982e+00,-3.706546068e+00,-1.739808440e+00,4.000000000e+00,1.000000000e+01,1.700000000e+01,1.000000000e+00,1.435837746e+00,2.613443613e+00,3.498784900e-01,9.444444180e-01,-2.005078554e+00,-4.006363869e+00,5.921428800e-01,2.613424063e+00,-2.295731068e+00,-2.472735167e+00,2.536919832e+00,1.739808440e+00,1.000000000e+00,1.000000000e+00,0.000000000e+00,2.000000000e+00,5.000000000e+00,1.900000000e+01,3.000000000e+00,1.000000000e+00,-3.783612251e+00,-3.111330032e+00,-2.212795973e+00,-3.783278704e+00,1.000000000e+00,4.342942646e-07,9.820954800e-01
2,5,0,4.472255707e-01,3.731910288e-01,-1.656967878e+00,1.303974032e+00,-9.396548569e-02,-3.091985941e+00,-3.087166309e+00,-2.620707750e+00,-2.653042793e+00,-2.546701670e+00,-2.477728844e+00,-3.165920496e+00,6.006246209e-01,4.000000000e+00,9.000000000e+00,1.500000000e+01,0.000000000e+00,3.950493336e-01,2.744379282e+00,1.278830171e-01,1.000000000e+00,-2.030132055e+00,-4.055845261e+00,-6.262067705e-02,2.744378805e+00,-3.088517666e+00,-2.104157925e+00,2.913157940e+00,6.006246209e-01,0.000000000e+00,0.000000000e+00,0.000000000e+00,0.000000000e+00,-1.000000000e+00,-1.000000000e+00,-1.000000000e+00,0.000000000e+00,-9.999956489e-01,4.342942646e-07,1.000000000e+00,-6.989678144e-01,0.000000000e+00,4.294934869e-01,9.949181080e-01
2,6,0,5.268332958e-01,4.112223983e-01,-1.678565264e+00,1.562167883e+00,7.080648094e-02,-3.113121271e+00,-3.134435654e+00,-2.615752220e+00,-2.690254688e+00,-2.500183105e+00,-2.617283344e+00,-3.228560448e+00,7.624255419e-01,4.000000000e+00,1.000000000e+01,1.800000000e+01,0.000000000e+00,3.953761756e-01,2.698010206e+00,3.068955243e-01,1.000000000e+00,-2.089755058e+00,-4.173907757e+00,2.549855709e-01,2.698007345e+00,-2.846399784e+00,-2.205349684e+00,2.633050919e+00,7.624255419e-01,0.000000000e+00,0.000000000e+00,0.000000000e+00,0.000000000e+00,-1.000000000e+00,-1.000000000e+00,-1.000000000e+00,0.000000000e+00,-9.999956489e-01,4.342942646e-07,1.000000000e+00,-6.989678144e-01,0.000000000e+00,4.342942646e-07,9.921916127e-01
2,7,1,1.064209461e+00,8.309234977e-01,-1.168000817e+00,1.308817387e+00,-8.912214637e-02,-3.354275942e+00,-3.342455626e+00,-2.581756115e+00,-2.670287371e+00,-2.348539114e+00,-3.062984943e+00,-3.586864233e+00,1.131295204e+00,4.000000000e+00,9.000000000e+00,1.500000000e+01,0.000000000e+00,2.962673604e-01,2.496776104e+00,1.327263564e-01,1.000000000e+00,-1.998887420e+00,-3.993904829e+00,2.845358849e-01,2.496767759e+00,-3.216163397e+00,-2.232142687e+00,2.533981085e+00,1.131295204e+00,3.000000000e+00,2.000000000e+00,1.000000000e+00,3.000000000e+00,2.000000000e+00,8.000000000e+00,1.000000000e+00,1.000000000e+00,-4.950686932e+00,-1.747768164e+00,4.868887365e-01,-4.943674564e+00,1.000000000e+00,4.342942646e-07,2.791063860e-02
2,8,0,7.125126123e-01,3.079388738e-01,-1.701373577e+00,1.678691864e+00,1.601780653e-01,-2.878808022e+00,-2.877630949e+00,-2.335239887e+00,-2.347443581e+00,-1.930722952e+00,-2.724970818e+00,-3.282876492e+00,1.583441734e+00,5.000000000e+00,1.200000000e+01,1.900000000e+01,0.000000000e+00,1.413397789e+00,2.637458801e+00,3.999383450e-01,1.000000000e+00,-2.009289742e+00,-4.017477989e+00,-6.077024937e-01,2.637458801e+00,-3.262387753e+00,-2.413795471e+00,3.661551476e+00,1.583441734e+00,0.000000000e+00,0.000000000e+00,0.000000000e+00,0.000000000e+00,-1.000000000e+00,-1.000000000e+00,-1.000000000e+00,0.000000000e+00,-9.999956489e-01,4.342942646e-07,1.000000000e+00,-6.989678144e-01,0.000000000e+00,4.342942646e-07,9.973639846e-01
2,9,0,1.166290879e+00,6.184557080e-01,-1.323226929e+00,1.492388129e+00,1.026665559e-03,-3.275695801e+00,-3.312471867e+00,-2.311878443e+00,-2.460005999e+00,-1.764106989e+00,-3.107662678e+00,-3.821462631e+00,1.933895350e+00,6.000000000e+00,1.000000000e+01,1.800000000e+01,0.000000000e+00,-2.914196253e+00,4.080829620e-01,2.371157110e-01,1.000000000e+00,-1.941653848e+00,-3.880311012e+00,2.026923150e-01,3.013360798e-01,-2.875568628e+00,-2.489392757e+00,7.945642471e-01,1.933895350e+00,0.000000000e+00,0.000000000e+00,0.000000000e+00,0.000000000e+00,-1.000000000e+00,-1.000000000e+00,-1.000000000e+00,0.000000000e+00,-9.999956489e-01,4.342942646e-07,1.000000000e+00,-6.989678144e-01,0.000000000e+00,4.342942646e-07,8.445143104e-01
2,10,0,9.212276936e-01,3.840510845e-01,-1.642162561e+00,1.604823589e+00,6.075585634e-02,-2.884537697e+00,-2.882924795e+00,-2.438497543e+00,-2.432069540e+00,-1.901405215e+00,-2.950882435e+00,-3.420901299e+00,1.908277392e+00,7.000000000e+00,1.100000000e+01,2.000000000e+01,0.000000000e+00,1.644999027e+00,2.723939419e+00,3.037937880e-01,1.000000000e+00,-2.026186466e+00,-4.051359653e+00,-2.793144584e-01,2.723939419e+00,-3.095012426e+00,-2.563250303e+00,3.533778191e+00,1.908277392e+00,0.000000000e+00,0.000000000e+00,0.000000000e+00,0.000000000e+00,-1.000000000e+00,-1.000000000e+00,-1.000000000e+00,0.000000000e+00,-9.999956489e-01,4.342942646e-07,1.000000000e+00,-6.989678144e-01,0.000000000e+00,4.342942646e-07,9.942762256e-01
2,11,0,9.485087991e-01,4.150131047e-01,-1.617005229e+00,1.627462149e+00,1.650642604e-01,-2.922407627e+00,-2.912904501e+00,-2.111259222e+00,-2.113396406e+00,-1.577802896e+00,-2.983440638e+00,-3.455026627e+00,1.899416804e+00,5.000000000e+00,1.100000000e+01,1.700000000e+01,0.000000000e+00,6.050537229e-01,1.888171554e+00,3.970132172e-01,1.000000000e+00,-2.031989574e+00,-4.062344074e+00,1.181905150e+00,1.879605889e+00,-1.346550941e+00,-2.565372229e+00,1.233330488e+00,1.899416804e+00,0.000000000e+00,0.000000000e+00,0.000000000e+00,0.000000000e+00,-1.000000000e+00,-1.000000000e+00,-1.000000000e+00,0.000000000e+00,-9.999956489e-01,4.342942646e-07,1.000000000e+00,-6.989678144e-01,1.000000000e+00,4.342942646e-07,9.918335676e-01
2,12,0,9.951506853e-01,4.198000729e-01,-1.552671790e+00,1.476220727e+00,-4.229288921e-02,-2.903120041e+00,-2.900633812e+00,-2.455942392e+00,-2.462885857e+00,-1.880682588e+00,-2.970025778e+00,-3.477512360e+00,1.999783516e+00,7.000000000e+00,1.100000000e+01,1.900000000e+01,0.000000000e+00,1.648450732e+00,2.704941988e+00,1.974672526e-01,1.000000000e+00,-1.972446442e+00,-3.943933964e+00,5.182958394e-02,2.704940796e+00,-2.830688238e+00,-2.547684669e+00,3.235296011e+00,1.999783516e+00,1.000000000e+00,1.000000000e+00,0.000000000e+00,1.000000000e+00,5.000000000e+00,1.700000000e+01,1.000000000e+00,1.000000000e+00,-5.160260201e+00,-1.989760756e+00,-2.569349110e-02,-5.156473637e+00,1.000000000e+00,4.342942646e-07,9.913532138e-01
2,13,1,1.183210015e+00,5.619061589e-01,-1.374729276e+00,1.700922966e+00,1.824093163e-01,-3.009716749e+00,-3.013496876e+00,-2.487024784e+00,-2.497953892e+00,-1.865822077e+00,-3.120633364e+00,-3.629610062e+00,2.109135628e+00,7.000000000e+00,1.100000000e+01,1.900000000e+01,0.000000000e+00,3.105601966e-01,2.021157980e+00,4.221695662e-01,1.000000000e+00,-1.936608195e+00,-3.871400833e+00,5.214123055e-02,2.021132708e+00,-3.007413864e+00,-2.557792664e+00,2.601106882e+00,2.109135628e+00,4.000000000e+00,4.000000000e+00,0.000000000e+00,3.000000000e+00,5.000000000e+00,1.100000000e+01,3.000000000e+00,1.000000000e+00,-4.465405464e+00,-1.560126305e+00,7.772573233e-01,-4.453949928e+00,1.000000000e+00,4.342942646e-07,9.374091029e-01
2,14,0,1.030940175e+00,4.124795496e-01,-1.421126127e+00,1.174869418e+00,-1.473493129e-01,-2.927401543e+00,-2.826908588e+00,-1.803414702e+00,-1.815851450e+00,-1.184974909e+00,-2.867515326e+00,-3.544704914e+00,2.102391958e+00,2.000000000e+00,7.000000000e+00,1.300000000e+01,0.000000000e+00,4.436211288e-01,1.408473969e+00,6.092637777e-02,1.000000000e+00,-1.833587170e+00,-3.668483019e+00,3.643689454e-01,1.406694293e+00,-1.863958716e+00,-2.451954842e+00,1.673211694e+00,2.102391958e+00,0.000000000e+00,0.000000000e+00,0.000000000e+00,0.000000000e+00,-1.000000000e+00,-1.000000000e+00,-1.000000000e+00,0.000000000e+00,-9.999956489e-01,4.342942646e-07,1.000000000e+00,-6.989678144e-01,0.000000000e+00,4.342942646e-07,9.920749664e-01
2,15,0,1.023861527e+00,3.567810357e-01,-1.617442966e+00,1.714113832e+00,1.700460017e-01,-2.780435562e+00,-2.745722055e+00,-2.246217728e+00,-2.173907757e+00,-1.579197168e+00,-3.002359629e+00,-3.446562290e+00,2.217368603e+00,8.000000000e+00,1.200000000e+01,2.000000000e+01,0.000000000e+00,1.386219412e-01,1.648601532e+00,4.130839407e-01,1.000000000e+00,-1.974200845e+00,-3.949295044e+00,-6.189346686e-02,1.648519158e+00,-2.592477322e+00,-2.641132116e+00,2.305097342e+00,2.217368603e+00,1.000000000e+00,1.000000000e+00,0.000000000e+00,1.000000000e+00,5.000000000e+00,1.700000000e+01,1.000000000e+00,1.000000000e+00,-4.662897110e+00,-1.526038885e+00,9.226372838e-01,-4.650730133e+00,1.000000000e+00,4.047419727e-01,9.957310557e-01
4,0,0,1.021957397e+00,4.784303010e-01,-1.518035412e+00,1.642930031e+00,1.244163439e-01,-2.981627941e+00,-2.974095821e+00,-2.532495499e+00,-2.524607658e+00,-1.989073992e+00,-3.020118952e+00,-3.524117231e+00,-1.923547626e+00,7.000000000e+00,1.100000000e+01,1.900000000e+01,0.000000000e+00,9.514795542e-01,2.464858294e+00,3.641765714e-01,1.000000000e+00,-1.996436834e+00,-3.990823507e+00,-2.671086928e-03,2.464855909e+00,-3.005414963e+00,-2.539856434e+00,3.003017902e+00,1.923547626e+00,4.000000000e+00,4.000000000e+00,0.000000000e+00,2.000000000e+00,5.000000000e+00,2.100000000e+01,3.000000000e+00,1.000000000e+00,-4.504062176e+00,-1.758145213e+00,4.919112921e-01,-4.496786118e+00,1.000000000e+00,4.342942646e-07,9.816910625e-01
4,1,0,9.323191047e-01,4.412998855e-01,-1.553202033e+00,1.475132704e+00,-6.893494725e-02,-2.970262527e+00,-2.964694738e+00,-2.447044134e+00,-2.444433451e+00,-1.956107140e+00,-2.928638697e+00,-3.460431814e+00,-1.796623707e+00,6.000000000e+00,1.200000000e+01,2.000000000e+01,0.000000000e+00,6.953629851e-01,2.303827763e+00,1.741028875e-01,1.000000000e+00,-1.994474411e+00,-3.986970425e+00,-9.210419655e-01,2.303827763e+00,-3.804124594e+00,-2.485403776e+00,3.712274551e+00,1.796623707e+00,0.000000000e+00,0.000000000e+00,0.000000000e+00,0.000000000e+00,-1.000000000e+00,-1.000000000e+00,-1.000000000e+00,0.000000000e+00,-9.999956489e-01,4.342942646e-07,1.000000000e+00,-6.989678144e-01,0.000000000e+00,4.342942646e-07,9.887384176e-01
4,2,0,7.104760408e-01,3.840427399e-01,-1.605097294e+00,1.105016112e+00,-1.254322827e-01,-2.597004175e+00,-2.717016697e+00,-1.015081882e+00,-1.392170429e+00,-6.886509061e-01,-2.715506315e+00,-2.923245192e+00,-1.383878231e+00,0.000000000e+00,6.000000000e+00,1.100000000e+01,0.000000000e+00,7.635031343e-01,1.741464019e+00,6.362373382e-02,1.000000000e+00,-1.989115119e+00,-3.990146875e+00,1.740031600e+00,6.504038572e-01,-3.619156778e-02,-2.315500975e+00,-3.860989213e-01,1.383878231e+00,0.000000000e+00,0.000000000e+00,0.000000000e+00,0.000000000e+00,-1.000000000e+00,-1.000000000e+00,-1.000000000e+00,0.000000000e+00,-9.999956489e-01,4.342942646e-07,1.000000000e+00,-6.989678144e-01,0.000000000e+00,4.342942646e-07,9.942767024e-01
4,3,0,7.198743224e-01,4.346056283e-01,-1.583176374e+00,1.249181390e+00,-2.421797216e-01,-3.047695875e+00,-3.053167820e+00,-2.472527504e+00,-2.507206678e+00,-2.187320948e+00,-2.738847971e+00,-3.332514524e+00,-1.274788976e+00,4.000000000e+00,1.000000000e+01,1.800000000e+01,0.000000000e+00,-1.736347936e-02,2.178705931e+00,-6.090820301e-03,1.000000000e+00,-2.017753363e+00,-4.032306671e+00,-8.813117743e-01,2.178705692e+00,-3.820385695e+00,-2.302979946e+00,3.378917933e+00,1.274788976e+00,1.000000000e+00,1.000000000e+00,0.000000000e+00,2.000000000e+00,4.000000000e+00,1.400000000e+01,2.000000000e+00,1.000000000e+00,-1.508855462e+00,-1.914381266e+00,1.962492466e-01,-1.503598690e+00,1.000000000e+00,4.342942646e-07,9.896416068e-01
4,4,1,1.001109481e+00,9.383207560e-01,-1.191547036e+00,1.394735813e+00,-3.662760928e-02,-3.575768232e+00,-3.649020433e+00,-2.862848282e+00,-3.079392433e+00,-2.800101995e+00,-3.130471706e+00,-3.638302803e+00,5.507751107e-01,4.000000000e+00,1.000000000e+01,1.600000000e+01,0.000000000e+00,1.073549628e+00,3.337231636e+00,1.906159818e-01,1.000000000e+00,-2.129816055e+00,-4.251995087e+00,1.692099571e+00,3.337120295e+00,-2.326043129e+00,-2.192595482e+00,1.924547791e+00,5.507751107e-01,2.000000000e+00,0.000000000e+00,2.000000000e+00,3.000000000e+00,1.000000000e+00,5.000000000e+00,2.000000000e+00,1.000000000e+00,-4.671596050e+00,-1.722011805e+00,8.323108554e-01,-4.663815975e+00,1.000000000e+00,4.342942646e-07,6.408673944e-04
4,5,0,8.741537929e-01,4.150252044e-01,-1.602906227e+00,1.611254692e+00,4.305327684e-02,-2.960183859e+00,-2.939988613e+00,-2.149337292e+00,-2.144358635e+00,-1.690248489e+00,-2.894181252e+00,-3.418568850e+00,1.718687057e+00,4.000000000e+00,1.000000000e+01,2.100000000e+01,0.000000000e+00,1.510202527e+00,2.445386171e+00,2.890355289e-01,1.000000000e+00,-2.017903566e+00,-4.033598900e+00,3.940051794e-01,2.445369005e+00,-2.165375710e+00,-2.476947069e+00,2.505488873e+00,1.718687057e+00,0.000000000e+00,0.000000000e+00,0.000000000e+00,0.000000000e+00,-1.000000000e+00,-1.000000000e+00,-1.000000000e+00,0.000000000e+00,-9.999956489e-01,4.342942646e-07,1.000000000e+00,-6.989678144e-01,0.000000000e+00,4.342942646e-07,9.918323755e-01
4,6,0,7.389691472e-01,2.518660128e-01,-1.739028931e+00,1.525918484e+00,-4.228287563e-02,-2.706718683e+00,-2.705075502e+00,-2.240023613e+00,-2.247165680e+00,-1.752971172e+00,-2.736879349e+00,-3.193364859e+00,1.787091374e+00,7.000000000e+00,1.200000000e+01,2.100000000e+01,0.000000000e+00,1.104639173e+00,2.305315971e+00,2.036993504e-01,1.000000000e+00,-1.990876079e+00,-3.984851599e+00,-4.449280798e-01,2.305315256e+00,-2.943655968e+00,-2.477891207e+00,3.244277477e+00,1.787091374e+00,0.000000000e+00,0.000000000e+00,0.000000000e+00,0.000000000e+00,-1.000000000e+00,-1.000000000e+00,-1.000000000e+00,0.000000000e+00,-9.999956489e-01,4.342942646e-07,1.000000000e+00,-6.989678144e-01,0.000000000e+00,4.342942646e-07,9.983870983e-01
5,0,1,1.140186787e+00,1.137370229e+00,-1.004677057e+00,1.430656672e+00,-7.067699335e-04,-3.369443655e+00,-3.863578320e+00,-2.513383389e+00,-3.346540213e+00,-2.510567904e+00,-3.281402349e+00,-3.372253418e+00,1.140111536e-01,3.000000000e+00,9.000000000e+00,1.600000000e+01,0.000000000e+00,-4.183105230e-01,2.304063082e+00,2.265368253e-01,1.000000000e+00,-2.141991615e+00,-4.275824070e+00,1.338955283e+00,2.301497936e+00,-3.145313501e+00,-2.144807816e+00,1.799295664e+00,1.140111536e-01,4.000000000e+00,0.000000000e+00,4.000000000e+00,3.000000000e+00,0.000000000e+00,6.000000000e+00,1.000000000e+00,1.000000000e+00,-5.497578621e+00,-2.327321053e+00,-3.747996688e-01,-5.496180058e+00,1.000000000e+00,4.342942646e-07,2.663570342e-08
5,1,1,8.598898649e-01,7.850181460e-01,-1.304503441e+00,1.437833190e+00,-2.456441522e-02,-3.448925972e+00,-3.467601776e+00,-2.813869476e+00,-2.875333309e+00,-2.739042521e+00,-2.949165821e+00,-3.523567915e+00,6.042025685e-01,5.000000000e+00,1.000000000e+01,1.700000000e+01,0.000000000e+00,-4.857408106e-01,2.496672630e+00,2.073844522e-01,1.000000000e+00,-2.089477062e+00,-4.172680855e+00,1.203659415e+00,2.496108532e+00,-2.456893444e+00,-2.164338827e+00,1.428807259e+00,6.042025685e-01,3.000000000e+00,0.000000000e+00,3.000000000e+00,3.000000000e+00,1.000000000e+00,6.000000000e+00,1.000000000e+00,1.000000000e+00,-5.134348869e+00,-2.319001198e+00,-4.549459517e-01,-5.132553101e+00,1.000000000e+00,4.342942646e-07,1.005394533e-01
5,2,0,4.151990712e-01,3.149786294e-01,-1.710653424e+00,6.091295481e-01,-3.451121151e-01,-1.917731643e+00,-2.403856277e+00,-1.952375174e-01,-9.583853483e-01,-9.501718730e-02,-2.332951307e+00,-2.017942905e+00,7.057669759e-01,0.000000000e+00,4.000000000e+00,7.000000000e+00,0.000000000e+00,1.508796215e+00,1.661759257e+00,-2.359678745e-01,1.000000000e+00,-2.025608301e+00,-3.939703703e+00,1.660656571e+00,5.140418410e-01,3.872890174e-01,-2.125816822e+00,-2.832425535e-01,7.057669759e-01,0.000000000e+00,0.000000000e+00,0.000000000e+00,0.000000000e+00,-1.000000000e+00,-1.000000000e+00,-1.000000000e+00,0.000000000e+00,-9.999956489e-01,4.342942646e-07,1.000000000e+00,-6.989678144e-01,0.000000000e+00,4.342942646e-07,9.971835017e-01
5,3,0,5.231440663e-01,3.903725445e-01,-1.742210507e+00,1.399742723e+00,1.802989165e-03,-3.071634769e+00,-3.097367048e+00,-2.493434191e+00,-2.558434486e+00,-2.360698223e+00,-2.656861305e+00,-3.204223156e+00,8.223274946e-01,3.000000000e+00,9.000000000e+00,1.500000000e+01,0.000000000e+00,-1.884147376e-01,2.266604185e+00,2.236515731e-01,1.000000000e+00,-2.132548094e+00,-4.258572578e+00,2.827315927e-01,2.266580820e+00,-2.666031361e+00,-2.265298605e+00,2.181561470e+00,8.223274946e-01,1.000000000e+00,0.000000000e+00,1.000000000e+00,3.000000000e+00,1.000000000e+00,6.000000000e+00,1.000000000e+00,1.000000000e+00,-4.595130920e+00,-2.315547705e+00,-3.618507087e-01,-4.593118668e+00,2.000000000e+00,4.342942646e-07,9.938575625e-01
5,4,0,3.116909266e-01,1.957901865e-01,-1.903438807e+00,1.338494778e+00,-1.528664678e-01,-2.779435635e+00,-2.843346834e+00,-2.291318178e+00,-2.373062849e+00,-2.175437212e+00,-2.414573431e+00,-2.895256758e+00,7.634639740e-01,5.000000000e+00,1.000000000e+01,1.800000000e+01,0.000000000e+00,5.903275013e-01,2.470669508e+00,8.322244138e-02,1.000000000e+00,-2.099209070e+00,-4.195394993e+00,1.898861974e-01,2.470663548e+00,-2.378965616e+00,-2.215093136e+00,2.478374720e+00,7.634639740e-01,0.000000000e+00,0.000000000e+00,0.000000000e+00,0.000000000e+00,-1.000000000e+00,-1.000000000e+00,-1.000000000e+00,0.000000000e+00,-9.999956489e-01,4.342942646e-07,1.000000000e+00,-6.989678144e-01,0.000000000e+00,4.342942646e-07,9.989529848e-01
5,5,0,5.449063182e-01,2.520369291e-01,-1.790153027e+00,1.203801394e+00,-2.585959733e-01,-2.891557455e+00,-2.858728409e+00,-2.079374075e+00,-2.069658995e+00,-1.786530018e+00,-2.590126991e+00,-3.184101105e+00,1.295191526e+00,3.000000000e+00,9.000000000e+00,1.700000000e+01,0.000000000e+00,1.108973145e+00,2.341045856e+00,-2.664719149e-02,1.000000000e+00,-2.042168856e+00,-4.082325459e+00,-3.767205030e-02,2.341042280e+00,-2.359319925e+00,-2.334992170e+00,2.661812305e+00,1.295191526e+00,0.000000000e+00,0.000000000e+00,0.000000000e+00,0.000000000e+00,-1.000000000e+00,-1.000000000e+00,-1.000000000e+00,0.000000000e+00,-9.999956489e-01,4.342942646e-07,1.000000000e+00,-6.989678144e-01,0.000000000e+00,4.342942646e-07,9.983848333e-01
5,6,0,6.390078068e-01,2.039570212e-01,-1.822291613e+00,1.695934176e+00,1.048698872e-01,-2.764646530e+00,-2.758932829e+00,-2.247244596e+00,-2.243540287e+00,-1.812242150e+00,-2.671434402e+00,-3.199262619e+00,1.659327269e+00,6.000000000e+00,1.200000000e+01,2.200000000e+01,0.000000000e+00,1.099162698e+00,2.361886740e+00,3.535116911e-01,1.000000000e+00,-2.026231289e+00,-4.053962708e+00,4.981117547e-01,2.361846209e+00,-1.949422836e+00,-2.461202621e+00,2.295056343e+00,1.659327269e+00,0.000000000e+00,0.000000000e+00,0.000000000e+00,0.000000000e+00,-1.000000000e+00,-1.000000000e+00,-1.000000000e+00,0.000000000e+00,-9.999956489e-01,4.342942646e-07,1.000000000e+00,-6.989678144e-01,0.000000000e+00,4.342942646e-07,9.988887906e-01
5,7,0,1.052126050e+00,3.593802452e-01,-1.543683171e+00,1.524074078e+00,-1.999365352e-02,-2.739233255e+00,-2.738189697e+00,-2.275243521e+00,-2.277702332e+00,-1.582562804e+00,-2.959382534e+00,-3.431044340e+00,2.277800322e+00,8.000000000e+00,1.200000000e+01,2.000000000e+01,0.000000000e+00,-5.545240641e-01,1.305526972e+00,2.230441868e-01,1.000000000e+00,-1.903043509e+00,-3.807930708e+00,-1.924169064e-01,1.305307746e+00,-2.829288960e+00,-2.595653057e+00,2.192802429e+00,2.277800322e+00,1.000000000e+00,1.000000000e+00,0.000000000e+00,1.000000000e+00,5.000000000e+00,9.000000000e+00,2.000000000e+00,1.000000000e+00,-4.529079437e+00,-1.967838645e+00,-1.201974228e-01,-4.524584293e+00,1.000000000e+00,4.342942646e-07,9.956133366e-01
5,8,0,9.617278576e-01,2.826112807e-01,-1.665820956e+00,1.629533887e+00,1.110201553e-01,-2.902816534e+00,-2.979976416e+00,-2.274499655e+00,-2.397098780e+00,-1.595447421e+00,-2.912750483e+00,-3.580623865e+00,2.245729208e+00,7.000000000e+00,1.100000000e+01,1.900000000e+01,0.000000000e+00,1.774746537e+00,2.482854843e+00,3.507803679e-01,1.000000000e+00,-1.948413730e+00,-3.896395683e+00,4.342570305e-01,2.482837439e+00,-2.245484829e+00,-2.627384663e+00,2.850283146e+00,2.245729208e+00,0.000000000e+00,0.000000000e+00,0.000000000e+00,0.000000000e+00,-1.000000000e+00,-1.000000000e+00,-1.000000000e+00,0.000000000e+00,-9.999956489e-01,4.342942646e-07,1.000000000e+00,-6.989678144e-01,0.000000000e+00,4.342942646e-07,9.979050159e-01
6,0,0,1.024872780e+00,3.753282726e-01,-1.528556585e+00,1.527992010e+00,1.662643552e-01,-2.820490599e+00,-2.806464195e+00,-2.299658775e+00,-2.276001930e+00,-1.650181174e+00,-2.931529999e+00,-3.469041824e+00,-2.175979614e+00,5.000000000e+00,1.000000000e+01,1.400000000e+01,0.000000000e+00,1.999300718e+00,2.649852991e+00,3.818641007e-01,1.000000000e+00,-1.903864503e+00,-3.808126688e+00,1.542964578e-01,2.649850845e+00,-2.496979475e+00,-2.553288698e+00,3.121380568e+00,2.175979614e+00,1.000000000e+00,1.000000000e+00,0.000000000e+00,1.000000000e+00,-5.000000000e+00,2.000000000e+00,1.000000000e+00,1.000000000e+00,-5.717457294e+00,-1.578486562e+00,6.740255952e-01,-5.712009430e+00,1.000000000e+00,4.342942646e-07,9.947988987e-01
6,1,0,1.034507751e+00,4.606393874e-01,-1.494887471e+00,1.591900229e+00,7.338655740e-02,-2.947880268e+00,-2.940313339e+00,-2.501053095e+00,-2.488102436e+00,-1.927285433e+00,-2.991719007e+00,-3.520691156e+00,-1.996242404e+00,7.000000000e+00,1.200000000e+01,1.900000000e+01,1.000000000e+00,1.202423811e+00,2.528551102e+00,3.131467402e-01,9.499999881e-01,-1.955501080e+00,-3.909636259e+00,4.919743836e-01,2.528532743e+00,-2.456776857e+00,-2.529261589e+00,2.597429276e+00,1.996242404e+00,1.000000000e+00,1.000000000e+00,0.000000000e+00,1.000000000e+00,-5.000000000e+00,3.200000000e+01,1.000000000e+00,1.000000000e+00,-1.085798144e+00,-1.569523692e+00,7.489073277e-01,-1.074251533e+00,1.000000000e+00,4.342942646e-07,9.855632782e-01
6,2,0,1.052790880e+00,4.462710321e-01,-1.493069410e+00,1.571156025e+00,5.264237896e-02,-2.905204535e+00,-2.875783205e+00,-2.371714354e+00,-2.307596922e+00,-1.765271306e+00,-2.993997574e+00,-3.510663748e+00,-2.074039698e+00,7.000000000e+00,1.200000000e+01,1.900000000e+01,0.000000000e+00,1.204799175e+00,2.367699862e+00,2.924025655e-01,1.000000000e+00,-1.939316034e+00,-3.877699614e+00,-4.909977783e-03,2.367695808e+00,-2.758617163e+00,-2.545721054e+00,2.914905548e+00,2.074039698e+00,1.000000000e+00,1.000000000e+00,0.000000000e+00,1.000000000e+00,-5.000000000e+00,3.200000000e+01,1.000000000e+00,1.000000000e+00,-4.192024231e+00,-2.188620567e+00,-4.930229783e-01,-4.189264297e+00,1.000000000e+00,4.342942646e-07,9.880076647e-01
6,3,0,8.697068095e-01,3.006823659e-01,-1.631347537e+00,1.660154700e+00,1.416409761e-01,-2.790028095e+00,-2.757809877e+00,-2.332753897e+00,-2.222051620e+00,-1.763797522e+00,-2.805491209e+00,-3.358328342e+00,-1.984664679e+00,7.000000000e+00,1.100000000e+01,1.900000000e+01,0.000000000e+00,-3.795306981e-01,1.574676991e+00,3.814011812e-01,1.000000000e+00,-1.932011247e+00,-3.864916801e+00,3.302511573e-01,1.573971272e+00,-2.192487717e+00,-2.500935316e+00,1.701987624e+00,1.984664679e+00,0.000000000e+00,0.000000000e+00,0.000000000e+00,0.000000000e+00,-1.000000000e+00,-1.000000000e+00,-1.000000000e+00,0.000000000e+00,-9.999956489e-01,4.342942646e-07,1.000000000e+00,-6.989678144e-01,0.000000000e+00,4.342942646e-07,9.975352287e-01
6,4,1,1.100887418e+00,7.719125152e-01,-1.217106581e+00,1.726202726e+00,1.351383477e-01,-3.363945484e+00,-3.361753702e+00,-2.842444420e+00,-2.895071030e+00,-2.513629913e+00,-3.089696407e+00,-3.691784382e+00,-1.390509248e+00,5.000000000e+00,9.000000000e+00,2.200000000e+01,0.000000000e+00,1.944903970e+00,3.486223698e+00,3.837801218e-01,1.000000000e+00,-1.988983870e+00,-3.974256992e+00,-6.571081281e-01,3.486223698e+00,-4.315363407e+00,-2.317910910e+00,4.523427010e+00,1.390509248e+00,4.000000000e+00,4.000000000e+00,0.000000000e+00,3.000000000e+00,-4.000000000e+00,3.500000000e+01,1.000000000e+00,1.000000000e+00,-5.151825428e+00,-2.040823698e+00,-9.574815631e-02,-5.148446560e+00,1.000000000e+00,-4.227403551e-02,1.383756846e-01
6,5,1,1.149814367e+00,7.561615705e-01,-1.276512146e+00,1.492221236e+00,-2.629235946e-02,-3.281950235e+00,-3.291469574e+00,-2.673140764e+00,-2.713000774e+00,-2.279609919e+00,-3.182410002e+00,-3.674378395e+00,-1.556018353e+00,6.000000000e+00,1.000000000e+01,1.900000000e+01,0.000000000e+00,1.944755912e+00,3.252070427e+00,2.134678066e-01,1.000000000e+00,-2.032635212e+00,-4.060913086e+00,-3.328556120e-01,3.252070427e+00,-3.799497604e+00,-2.426218748e+00,4.017977238e+00,1.556018353e+00,3.000000000e+00,3.000000000e+00,0.000000000e+00,3.000000000e+00,-4.000000000e+00,2.700000000e+01,1.000000000e+00,1.000000000e+00,-4.712939739e+00,-1.872757912e+00,3.315037489e-01,-4.707454205e+00,1.000000000e+00,4.342942646e-07,1.966246963e-01
6,6,0,1.297425151e+00,9.129096866e-01,-1.237015963e+00,1.299795628e+00,-6.193179637e-02,-3.386472702e+00,-3.357597351e+00,-2.735451221e+00,-2.700691223e+00,-2.351074696e+00,-3.446821213e+00,-3.769485235e+00,-1.532970309e+00,4.000000000e+00,1.000000000e+01,1.400000000e+01,0.000000000e+00,1.210650563e+00,2.956497431e+00,1.536677927e-01,1.000000000e+00,-2.149871826e+00,-4.291955948e+00,-2.316297591e-01,2.956497431e+00,-3.842417479e+00,-2.534299850e+00,3.537493229e+00,1.532970309e+00,0.000000000e+00,0.000000000e+00,0.000000000e+00,0.000000000e+00,-1.000000000e+00,-1.000000000e+00,-1.000000000e+00,0.000000000e+00,-9.999956489e-01,4.342942646e-07,1.000000000e+00,-6.989678144e-01,0.000000000e+00,4.342942646e-07,1.716262545e-03
7,0,0,7.648494244e-01,3.844931126e-01,-1.648809791e+00,1.498697519e+00,-1.981609501e-02,-2.958193779e+00,-2.961890459e+00,-2.484786034e+00,-2.505342484e+00,-2.104507208e+00,-2.800453424e+00,-3.337997913e+00,-1.522446990e+00,5.000000000e+00,1.100000000e+01,1.900000000e+01,1.000000000e+00,1.186998561e-01,2.163914680e+00,2.199440449e-01,9.499999881e-01,-2.033275366e+00,-4.064137459e+00,-2.766778171e-01,2.163911819e+00,-3.166016102e+00,-2.413566113e+00,2.841246605e+00,1.522446990e+00,2.000000000e+00,2.000000000e+00,0.000000000e+00,3.000000000e+00,-4.000000000e+00,8.000000000e+00,2.000000000e+00,1.000000000e+00,-4.655662537e+00,-2.249466896e+00,-4.275394380e-01,-4.653334618e+00,1.000000000e+00,1.310964227e+00,9.942480326e-01
7,1,0,7.455035448e-01,3.902472258e-01,-1.630974054e+00,1.126045823e+00,-3.363513649e-01,-2.981461048e+00,-2.980572701e+00,-2.501226425e+00,-2.515729427e+00,-2.146047115e+00,-2.768551111e+00,-3.336190939e+00,-1.458468795e+00,5.000000000e+00,1.000000000e+01,1.700000000e+01,1.000000000e+00,6.921194792e-01,2.492173195e+00,-1.044026688e-01,9.444444180e-01,-2.021194220e+00,-4.039756775e+00,2.479780465e-01,2.492166281e+00,-2.657943487e+00,-2.376392841e+00,2.613872051e+00,1.458468795e+00,0.000000000e+00,0.000000000e+00,0.000000000e+00,0.000000000e+00,-1.000000000e+00,-1.000000000e+00,-1.000000000e+00,0.000000000e+00,-9.999956489e-01,4.342942646e-07,1.000000000e+00,-6.989678144e-01,0.000000000e+00,1.329120755e+00,9.938661456e-01
7,2,1,8.890325427e-01,6.824938059e-01,-1.409680724e+00,1.586679578e+00,9.531810880e-02,-3.313925266e+00,-3.353297710e+00,-2.712042093e+00,-2.834520578e+00,-2.505588055e+00,-2.981189728e+00,-3.519919395e+00,-1.054089904e+00,5.000000000e+00,1.000000000e+01,1.800000000e+01,0.000000000e+00,1.783349961e-01,2.599324703e+00,3.314071894e-01,1.000000000e+00,-2.092131853e+00,-4.178163528e+00,1.805814505e+00,2.593630791e+00,-1.711474061e+00,-2.298637867e+00,1.116901636e+00,1.054089904e+00,0.000000000e+00,0.000000000e+00,0.000000000e+00,0.000000000e+00,-1.000000000e+00,-1.000000000e+00,-1.000000000e+00,0.000000000e+00,-9.999956489e-01,4.342942646e-07,1.000000000e+00,-6.989678144e-01,1.000000000e+00,4.342942646e-07,5.920084119e-01
7,3,0,7.585411072e-01,3.541871905e-01,-1.685465574e+00,1.531777859e+00,6.938004494e-02,-2.922403336e+00,-2.923131943e+00,-2.382068634e+00,-2.390689611e+00,-1.977777958e+00,-2.801097393e+00,-3.326199293e+00,1.582890987e+00,5.000000000e+00,1.000000000e+01,1.700000000e+01,1.000000000e+00,-2.189603895e-01,1.868341327e+00,3.013289869e-01,9.444444180e-01,-2.039626122e+00,-4.077285290e+00,-5.453358889e-01,1.868338108e+00,-3.289474010e+00,-2.443907022e+00,2.826277733e+00,1.582890987e+00,0.000000000e+00,0.000000000e+00,0.000000000e+00,0.000000000e+00,-1.000000000e+00,-1.000000000e+00,-1.000000000e+00,0.000000000e+00,-9.999956489e-01,4.342942646e-07,1.000000000e+00,-6.989678144e-01,1.000000000e+00,4.342942646e-07,9.958446622e-01
7,4,0,7.970825434e-01,3.542736769e-01,-1.710606813e+00,1.458797932e+00,-1.322662085e-01,-2.902610064e+00,-2.902511120e+00,-2.443955421e+00,-2.452585697e+00,-2.001223803e+00,-2.865683079e+00,-3.344804287e+00,1.678506494e+00,7.000000000e+00,1.200000000e+01,2.200000000e+01,0.000000000e+00,3.199587166e-01,2.161246538e+00,1.163754538e-01,1.000000000e+00,-2.064852238e+00,-4.127951622e+00,-1.108707905e+00,2.161246538e+00,-3.912133694e+00,-2.507571936e+00,3.719822168e+00,1.678506494e+00,0.000000000e+00,0.000000000e+00,0.000000000e+00,0.000000000e+00,-1.000000000e+00,-1.000000000e+00,-1.000000000e+00,0.000000000e+00,-9.999956489e-01,4.342942646e-07,1.000000000e+00,-6.989678144e-01,0.000000000e+00,4.342942646e-07,9.958408475e-01
7,5,0,7.885840535e-01,2.279949486e-01,-1.720281124e+00,1.502596498e+00,2.721476257e-01,-2.620491982e+00,-2.526352882e+00,-1.065605044e+00,-1.259220600e+00,-5.050193071e-01,-2.735100269e+00,-3.180603743e+00,1.964478374e+00,0.000000000e+00,6.000000000e+00,1.100000000e+01,0.000000000e+00,4.442701116e-02,1.279681921e+00,4.612037838e-01,1.000000000e+00,-1.948260307e+00,-3.891654015e+00,1.279625416e+00,-5.124458671e-01,-2.075970471e-01,-2.508747816e+00,-1.037860632e+00,1.964478374e+00,0.000000000e+00,0.000000000e+00,0.000000000e+00,0.000000000e+00,-1.000000000e+00,-1.000000000e+00,-1.000000000e+00,0.000000000e+00,-9.999956489e-01,4.342942646e-07,1.000000000e+00,-6.989678144e-01,0.000000000e+00,4.342942646e-07,9.986672401e-01
7,6,0,1.115325332e+00,4.466750026e-01,-1.374496341e+00,1.590990901e+00,4.692319036e-02,-2.883332968e+00,-2.856056929e+00,-2.439117908e+00,-2.354915380e+00,-1.770561099e+00,-2.937671185e+00,-3.550769091e+00,2.221069813e+00,8.000000000e+00,1.200000000e+01,2.000000000e+01,0.000000000e+00,1.289393783e+00,2.415283680e+00,2.899610996e-01,1.000000000e+00,-1.821152687e+00,-3.641994715e+00,-6.910197735e-01,2.415283680e+00,-3.491361856e+00,-2.489697933e+00,3.690249681e+00,2.221069813e+00,0.000000000e+00,0.000000000e+00,0.000000000e+00,0.000000000e+00,-1.000000000e+00,-1.000000000e+00,-1.000000000e+00,0.000000000e+00,-9.999956489e-01,4.342942646e-07,1.000000000e+00,-6.989678144e-01,0.000000000e+00,4.342942646e-07,9.879459739e-01
8,0,0,9.559332728e-01,6.708044410e-01,4.020266607e-02,1.292365551e+00,5.933955908e-01,-2.146238327e+00,-1.496730804e+00,-3.978403807e-01,-3.689747304e-02,-1.127119884e-01,-1.589047194e+00,-2.431310654e+00,-1.274412394e+00,0.000000000e+00,3.000000000e+00,5.000000000e+00,0.000000000e+00,3.004959822e+00,1.613771081e+00,5.933955908e-01,1.000000000e+00,-6.306002140e-01,-1.263724923e+00,7.119392753e-01,1.610331416e+00,4.237347282e-03,-9.157273173e-01,8.225775361e-01,1.274412394e+00,0.000000000e+00,0.000000000e+00,0.000000000e+00,0.000000000e+00,-1.000000000e+00,-1.000000000e+00,-1.000000000e+00,0.000000000e+00,-9.999956489e-01,4.342942646e-07,1.000000000e+00,-6.989678144e-01,1.000000000e+00,4.564563334e-01,6.520258784e-01
8,1,0,4.948334396e-01,2.112212926e-01,-1.794111013e+00,1.502763271e+00,1.048234850e-01,-2.846781015e+00,-2.842833281e+00,-2.389045000e+00,-2.401860476e+00,-2.105483770e+00,-2.503346205e+00,-3.130112171e+00,-1.270325303e+00,3.000000000e+00,9.000000000e+00,1.500000000e+01,0.000000000e+00,6.126898527e-01,2.411887407e+00,3.266721070e-01,1.000000000e+00,-2.005315304e+00,-4.009548187e+00,7.800747454e-02,2.411882639e+00,-2.535035133e+00,-2.288887024e+00,2.630215168e+00,1.270325303e+00,0.000000000e+00,0.000000000e+00,0.000000000e+00,0.000000000e+00,-1.000000000e+00,-1.000000000e+00,-1.000000000e+00,0.000000000e+00,-9.999956489e-01,4.342942646e-07,1.000000000e+00,-6.989678144e-01,0.000000000e+00,4.342942646e-07,9.988272786e-01
8,2,1,7.027975321e-01,5.703645349e-01,-1.528932810e+00,1.500387192e+00,6.902369857e-02,-3.226773500e+00,-3.268731833e+00,-2.607228756e+00,-2.732026815e+00,-2.474842072e+00,-2.802402735e+00,-3.358945608e+00,-8.211745620e-01,3.000000000e+00,9.000000000e+00,1.600000000e+01,0.000000000e+00,1.302021146e+00,3.125983000e+00,2.962673604e-01,1.000000000e+00,-2.099257469e+00,-4.192376614e+00,4.843683243e-01,3.125981808e+00,-2.817971706e+00,-2.231671095e+00,2.898826599e+00,8.211745620e-01,1.000000000e+00,0.000000000e+00,1.000000000e+00,3.000000000e+00,-2.000000000e+00,1.100000000e+01,1.000000000e+00,1.000000000e+00,-5.550198555e+00,-4.118753433e+00,-4.045462132e+00,-5.550177574e+00,1.000000000e+00,4.342942646e-07,9.284458756e-01
8,3,0,2.506149709e-01,2.037061751e-01,-1.919869184e+00,1.337436914e+00,-1.249605939e-01,-2.969230890e+00,-2.964398146e+00,-2.492853880e+00,-2.511368513e+00,-2.445958853e+00,-2.374978065e+00,-3.016093493e+00,4.731931686e-01,4.000000000e+00,1.000000000e+01,1.700000000e+01,0.000000000e+00,5.037308931e-01,2.697945356e+00,1.069882140e-01,1.000000000e+00,-2.123553753e+00,-4.240456104e+00,-1.185179234e+00,2.697945356e+00,-3.896962166e+00,-2.170455933e+00,3.946406126e+00,4.731931686e-01,0.000000000e+00,0.000000000e+00,0.000000000e+00,0.000000000e+00,-1.000000000e+00,-1.000000000e+00,-1.000000000e+00,0.000000000e+00,-9.999956489e-01,4.342942646e-07,1.000000000e+00,-6.989678144e-01,0.000000000e+00,4.342942646e-07,9.988908172e-01
8,4,0,3.143423498e-01,2.270141542e-01,-1.872379899e+00,1.288745999e+00,-1.736513972e-01,-2.905036926e+00,-2.916937351e+00,-2.311409950e+00,-2.362745285e+00,-2.224097967e+00,-2.415271759e+00,-2.992287397e+00,6.556131840e-01,4.000000000e+00,1.000000000e+01,1.700000000e+01,0.000000000e+00,9.324993193e-02,2.270797729e+00,5.829741061e-02,1.000000000e+00,-2.099371672e+00,-4.193632603e+00,-5.065598339e-02,2.270792723e+00,-2.640325785e+00,-2.186687946e+00,2.460011482e+00,6.556131840e-01,0.000000000e+00,0.000000000e+00,0.000000000e+00,0.000000000e+00,-1.000000000e+00,-1.000000000e+00,-1.000000000e+00,0.000000000e+00,-9.999956489e-01,4.342942646e-07,1.000000000e+00,-6.989678144e-01,0.000000000e+00,4.342942646e-07,9.986773133e-01
8,5,1,7.721114755e-01,5.854124427e-01,-1.394711375e+00,1.327106357e+00,-7.083323598e-02,-3.216306210e+00,-3.251528740e+00,-2.637090921e+00,-2.730882168e+00,-2.450457811e+00,-2.752431631e+00,-3.402621508e+00,9.948845506e-01,4.000000000e+00,9.000000000e+00,1.500000000e+01,0.000000000e+00,1.820934713e-01,2.541627169e+00,1.510152966e-01,1.000000000e+00,-1.980093002e+00,-3.956751347e+00,-3.013481498e-01,2.541626930e+00,-3.616079569e+00,-2.166769981e+00,3.123044014e+00,9.948845506e-01,4.000000000e+00,2.000000000e+00,2.000000000e+00,3.000000000e+00,2.000000000e+00,1.000000000e+00,1.000000000e+00,1.000000000e+00,-5.427147865e+00,-2.182876110e+00,-3.998959064e-01,-5.425065041e+00,1.000000000e+00,4.342942646e-07,9.089480639e-01
8,6,1,1.387287617e+00,1.039622068e+00,-9.514204264e-01,1.462869406e+00,4.716967233e-04,-3.549294710e+00,-3.571077824e+00,-2.885331631e+00,-2.956187010e+00,-2.537849665e+00,-3.377471209e+00,-3.895077229e+00,1.438948870e+00,4.000000000e+00,9.000000000e+00,1.700000000e+01,0.000000000e+00,1.854345948e-01,2.630716801e+00,2.324206084e-01,1.000000000e+00,-1.991003990e+00,-3.978117943e+00,-5.639896393e-01,2.630716801e+00,-4.544697285e+00,-2.338617325e+00,3.611850262e+00,1.438948870e+00,4.000000000e+00,4.000000000e+00,0.000000000e+00,3.000000000e+00,4.000000000e+00,3.000000000e+00,1.000000000e+00,1.000000000e+00,-5.975562572e+00,-2.789620638e+00,-1.599074602e+00,-5.975523949e+00,1.000000000e+00,4.342942646e-07,6.719526027e-06
9,0,0,8.445546776e-02,-3.698940277e-01,-9.194093943e-01,5.290657282e-01,5.290657282e-01,-2.100344896e+00,-6.252856255e-01,1.444424130e-02,5.575932860e-01,4.687941968e-01,-6.338869929e-01,-2.554593801e+00,-1.706944227e+00,0.000000000e+00,2.000000000e+00,3.000000000e+00,0.000000000e+00,3.533295393e+00,1.287002921e+00,5.194466934e-02,1.000000000e+00,-5.495163798e-01,-1.098946214e+00,7.900667191e-01,1.263781071e+00,1.717554808e+00,-1.003863692e+00,3.849154115e-01,1.706944227e+00,0.000000000e+00,0.000000000e+00,0.000000000e+00,0.000000000e+00,-1.000000000e+00,-1.000000000e+00,-1.000000000e+00,0.000000000e+00,-9.999956489e-01,4.342942646e-07,1.000000000e+00,-6.989678144e-01,0.000000000e+00,4.342942646e-07,9.998934269e-01
9,1,0,7.262592912e-01,2.508971691e-01,-1.743145823e+00,1.469088435e+00,-7.497920096e-02,-2.667205095e+00,-2.605929613e+00,-2.190453768e+00,-2.030919552e+00,-1.715136170e+00,-2.730264187e+00,-3.142166376e+00,-1.758450150e+00,6.000000000e+00,1.200000000e+01,2.000000000e+01,1.000000000e+00,4.246766269e-01,1.927499890e+00,1.680586040e-01,9.523809552e-01,-1.994024038e+00,-3.994000673e+00,-4.459473491e-01,1.927495956e+00,-2.727579594e+00,-2.469301224e+00,2.689121723e+00,1.758450150e+00,0.000000000e+00,0.000000000e+00,0.000000000e+00,0.000000000e+00,-1.000000000e+00,-1.000000000e+00,-1.000000000e+00,0.000000000e+00,-9.999956489e-01,4.342942646e-07,1.000000000e+00,-6.989678144e-01,0.000000000e+00,4.342942646e-07,9.983999133e-01
9,2,0,7.226596475e-01,3.702888191e-01,-1.654516220e+00,1.603436470e+00,5.936872587e-02,-2.963179827e+00,-2.965312719e+00,-2.426821232e+00,-2.445957661e+00,-2.074514866e+00,-2.749562502e+00,-3.315051794e+00,-1.451058745e+00,4.000000000e+00,1.100000000e+01,2.000000000e+01,3.000000000e+00,1.073825479e+00,2.611814976e+00,3.024066091e-01,8.695651889e-01,-2.024778605e+00,-4.047103882e+00,1.249709368e+00,2.611404896e+00,-1.566642284e+00,-2.377091885e+00,1.733201385e+00,1.451058745e+00,0.000000000e+00,0.000000000e+00,0.000000000e+00,0.000000000e+00,-1.000000000e+00,-1.000000000e+00,-1.000000000e+00,0.000000000e+00,-9.999956489e-01,4.342942646e-07,1.000000000e+00,-6.989678144e-01,0.000000000e+00,4.342942646e-07,9.950746894e-01
9,3,0,4.850850999e-01,1.546851695e-01,-1.896449327e+00,1.214061618e+00,-1.838778555e-01,-2.769225121e+00,-2.767293215e+00,-2.247049809e+00,-2.257429123e+00,-1.916690469e+00,-2.542401314e+00,-3.099334478e+00,-1.394222617e+00,4.000000000e+00,9.000000000e+00,1.500000000e+01,1.000000000e+00,1.254865061e-02,1.923019528e+00,3.797063231e-02,9.375000000e-01,-2.051119566e+00,-4.103094578e+00,-5.433662236e-02,1.922995448e+00,-2.466402531e+00,-2.381464005e+00,2.318024874e+00,1.394222617e+00,0.000000000e+00,0.000000000e+00,0.000000000e+00,0.000000000e+00,-1.000000000e+00,-1.000000000e+00,-1.000000000e+00,0.000000000e+00,-9.999956489e-01,4.342942646e-07,1.000000000e+00,-6.989678144e-01,0.000000000e+00,4.342942646e-07,9.992111921e-01
9,4,0,5.830110908e-01,2.692690194e-01,-1.791707039e+00,1.229971886e+00,-2.013912946e-01,-2.897599936e+00,-2.881840467e+00,-2.372967720e+00,-2.372254372e+00,-2.059278250e+00,-2.647330761e+00,-3.210978746e+00,-1.350596905e+00,3.000000000e+00,9.000000000e+00,1.600000000e+01,0.000000000e+00,-5.320191383e-01,1.793356657e+00,2.585217915e-02,1.000000000e+00,-2.060952902e+00,-4.119755745e+00,-2.005548775e-02,1.793305397e+00,-2.661482096e+00,-2.374642134e+00,2.126282930e+00,1.350596905e+00,0.000000000e+00,0.000000000e+00,0.000000000e+00,0.000000000e+00,-1.000000000e+00,-1.000000000e+00,-1.000000000e+00,0.000000000e+00,-9.999956489e-01,4.342942646e-07,1.000000000e+00,-6.989678144e-01,0.000000000e+00,4.342942646e-07,9.981340766e-01
9,5,0,5.818993449e-01,3.683153689e-01,-1.618359208e+00,1.271680355e+00,4.123170301e-02,-3.027688503e+00,-3.031580925e+00,-2.486439466e+00,-2.521455765e+00,-2.272907257e+00,-2.569557905e+00,-3.240978479e+00,-1.074694037e+00,3.000000000e+00,7.000000000e+00,1.100000000e+01,0.000000000e+00,9.517131373e-03,2.277765751e+00,2.302878499e-01,1.000000000e+00,-1.986650467e+00,-3.970436096e+00,3.288681209e-01,2.277738333e+00,-2.560889482e+00,-2.200207710e+00,2.197414398e+00,1.074694037e+00,0.000000000e+00,0.000000000e+00,0.000000000e+00,0.000000000e+00,-1.000000000e+00,-1.000000000e+00,-1.000000000e+00,0.000000000e+00,-9.999956489e-01,4.342942646e-07,1.000000000e+00,-6.989678144e-01,0.000000000e+00,4.342942646e-07,9.951778650e-01
9,6,1,7.094997168e-01,6.135489941e-01,-1.488189340e+00,1.668026567e+00,2.366629243e-01,-3.310555220e+00,-3.344907045e+00,-2.777850628e+00,-2.904281378e+00,-2.681951523e+00,-2.811274290e+00,-3.406286478e+00,6.894586086e-01,4.000000000e+00,1.000000000e+01,1.600000000e+01,0.000000000e+00,4.337935746e-01,2.899073601e+00,4.639066160e-01,1.000000000e+00,-2.101696730e+00,-4.196918964e+00,9.357046485e-01,2.899048090e+00,-2.582307816e+00,-2.197633982e+00,2.185772419e+00,6.894586086e-01,3.000000000e+00,0.000000000e+00,3.000000000e+00,3.000000000e+00,1.000000000e+00,1.000000000e+01,1.000000000e+00,1.000000000e+00,-5.347296238e+00,-1.958171725e+00,2.775696814e-01,-5.343594074e+00,1.000000000e+00,4.342942646e-07,8.563800454e-01
9,7,0,8.389255404e-01,6.942226291e-01,-1.442754030e+00,1.371583462e+00,-5.977983028e-02,-3.315733433e+00,-3.349054575e+00,-2.702400446e+00,-2.859215736e+00,-2.557759523e+00,-2.975951672e+00,-3.460081100e+00,8.623179793e-01,3.000000000e+00,9.000000000e+00,1.600000000e+01,0.000000000e+00,4.053030908e-01,2.760570765e+00,1.674637198e-01,1.000000000e+00,-2.136929035e+00,-4.266332150e+00,3.870189190e-01,2.760566950e+00,-3.166096687e+00,-2.281608343e+00,2.675032616e+00,8.623179793e-01,0.000000000e+00,0.000000000e+00,0.000000000e+00,0.000000000e+00,-1.000000000e+00,-1.000000000e+00,-1.000000000e+00,0.000000000e+00,-9.999956489e-01,4.342942646e-07,1.000000000e+00,-6.989678144e-01,0.000000000e+00,4.342942646e-07,5.271531940e-01
9,8,1,1.154551625e+00,6.760382652e-01,-1.314498663e+00,1.504082441e+00,-3.998523578e-02,-3.181479692e+00,-3.173537016e+00,-2.631115198e+00,-2.649518013e+00,-2.152726173e+00,-3.145279646e+00,-3.658669472e+00,1.766146302e+00,6.000000000e+00,1.200000000e+01,2.000000000e+01,1.000000000e+00,3.876144588e-01,2.346704960e+00,2.030526102e-01,9.523809552e-01,-1.990503311e+00,-3.977735519e+00,7.224712372e-01,2.346582413e+00,-2.603104591e+00,-2.468931198e+00,2.120998859e+00,1.766146302e+00,4.000000000e+00,4.000000000e+00,0.000000000e+00,3.000000000e+00,5.000000000e+00,1.100000000e+01,3.000000000e+00,1.000000000e+00,-5.844929695e+00,-2.821279049e+00,-1.660711527e+00,-5.844733238e+00,1.000000000e+00,4.342942646e-07,6.258202791e-01
9,9,0,1.040924430e+00,4.790869653e-01,-1.551485419e+00,1.286559463e+00,-2.319537997e-01,-2.953674316e+00,-2.960583687e+00,-2.492253304e+00,-2.505007029e+00,-1.930513620e+00,-3.073883533e+00,-3.514479876e+00,1.967467666e+00,7.000000000e+00,1.100000000e+01,1.900000000e+01,1.000000000e+00,1.167647123e+00,2.514374256e+00,7.806210779e-03,9.499999881e-01,-2.030541182e+00,-4.059057713e+00,-5.913490653e-01,2.514374256e+00,-3.573952198e+00,-2.592255354e+00,3.679778337e+00,1.967467666e+00,0.000000000e+00,0.000000000e+00,0.000000000e+00,0.000000000e+00,-1.000000000e+00,-1.000000000e+00,-1.000000000e+00,0.000000000e+00,-9.999956489e-01,4.342942646e-07,1.000000000e+00,-6.989678144e-01,0.000000000e+00,4.342942646e-07,9.815266728e-01
10,0,0,7.443515658e-01,3.589581847e-01,-1.728978634e+00,1.599837422e+00,1.374395639e-01,-2.943892479e+00,-2.942508936e+00,-2.488055229e+00,-2.492745638e+00,-2.102740288e+00,-2.835516214e+00,-3.328740835e+00,1.535189271e+00,3.000000000e+00,1.000000000e+01,1.700000000e+01,0.000000000e+00,1.157761574e+00,2.681676149e+00,3.693885207e-01,1.000000000e+00,-2.087906837e+00,-4.172906876e+00,-2.660324574e-01,2.681675911e+00,-3.117302656e+00,-2.473224163e+00,3.337545633e+00,1.535189271e+00,0.000000000e+00,0.000000000e+00,0.000000000e+00,0.000000000e+00,-1.000000000e+00,-1.000000000e+00,-1.000000000e+00,0.000000000e+00,-9.999956489e-01,4.342942646e-07,1.000000000e+00,-6.989678144e-01,0.000000000e+00,4.342942646e-07,9.956327081e-01
10,1,1,1.177446842e+00,6.884664893e-01,-1.524295568e+00,1.476089358e+00,7.814951986e-02,-3.206685543e+00,-3.209432602e+00,-2.726500988e+00,-2.711570024e+00,-2.237676859e+00,-3.391024828e+00,-3.694212198e+00,1.791661978e+00,4.000000000e+00,9.000000000e+00,1.500000000e+01,1.000000000e+00,4.715261757e-01,2.477725506e+00,2.999981344e-01,9.375000000e-01,-2.212705612e+00,-4.415956974e+00,1.645383239e+00,2.472974300e+00,-1.754852176e+00,-2.701538324e+00,1.301627874e+00,1.791661978e+00,0.000000000e+00,0.000000000e+00,0.000000000e+00,0.000000000e+00,-1.000000000e+00,-1.000000000e+00,-1.000000000e+00,0.000000000e+00,-9.999956489e-01,4.342942646e-07,1.000000000e+00,-6.989678144e-01,1.000000000e+00,4.342942646e-07,5.594557524e-01
10,2,0,5.658270717e-01,9.493051469e-02,-1.895998359e+00,9.856984019e-01,-3.760284781e-01,-2.695098162e+00,-2.629276037e+00,-1.619061828e+00,-1.628066421e+00,-1.148177028e+00,-2.562330008e+00,-3.165574074e+00,1.747531652e+00,1.000000000e+00,8.000000000e+00,1.400000000e+01,1.000000000e+00,8.732388960e-04,1.449148178e+00,-1.604290754e-01,9.333333373e-01,-1.990920305e+00,-3.983423948e+00,1.411742568e+00,1.048804760e+00,-3.112716377e-01,-2.461733818e+00,1.169635803e-01,1.747531652e+00,0.000000000e+00,0.000000000e+00,0.000000000e+00,0.000000000e+00,-1.000000000e+00,-1.000000000e+00,-1.000000000e+00,0.000000000e+00,-9.999956489e-01,4.342942646e-07,1.000000000e+00,-6.989678144e-01,0.000000000e+00,4.342942646e-07,9.994534850e-01
10,3,0,7.379174232e-01,1.613727808e-01,-1.848547459e+00,1.716336966e+00,2.539392114e-01,-2.639449358e+00,-2.642707586e+00,-2.154821873e+00,-2.202294350e+00,-1.578322530e+00,-2.758946657e+00,-3.215469837e+00,2.002635241e+00,6.000000000e+00,1.100000000e+01,1.700000000e+01,1.000000000e+00,1.475206763e-01,1.652112484e+00,4.858882129e-01,9.444444180e-01,-2.009906292e+00,-4.026587486e+00,-4.402886331e-01,1.652098298e+00,-2.803749323e+00,-2.586327791e+00,2.716221809e+00,2.002635241e+00,0.000000000e+00,0.000000000e+00,0.000000000e+00,0.000000000e+00,-1.000000000e+00,-1.000000000e+00,-1.000000000e+00,0.000000000e+00,-9.999956489e-01,4.342942646e-07,1.000000000e+00,-6.989678144e-01,0.000000000e+00,4.342942646e-07,9.991754889e-01
10,4,0,8.984021544e-01,3.538528979e-01,-1.715695381e+00,1.444447041e+00,1.222279295e-01,-2.858668566e+00,-2.854708195e+00,-2.412976503e+00,-2.409353733e+00,-1.868507266e+00,-2.972890615e+00,-3.402433395e+00,1.926003814e+00,7.000000000e+00,8.000000000e+00,1.300000000e+01,0.000000000e+00,1.248372078e+00,2.492734909e+00,3.305037618e-01,1.000000000e+00,-2.069519758e+00,-4.138452530e+00,3.306930363e-01,2.492724419e+00,-2.432507277e+00,-2.613941431e+00,2.702905178e+00,1.926003814e+00,0.000000000e+00,0.000000000e+00,0.000000000e+00,0.000000000e+00,-1.000000000e+00,-1.000000000e+00,-1.000000000e+00,0.000000000e+00,-9.999956489e-01,4.342942646e-07,1.000000000e+00,-6.989678144e-01,0.000000000e+00,4.342942646e-07,9.958589673e-01
10,5,0,8.779939413e-01,2.874463797e-01,-1.613230467e+00,1.073675990e+00,-1.567723453e-01,-2.646368742e+00,-2.577128887e+00,-1.084770918e+00,-1.317383170e+00,-4.942270517e-01,-2.783965111e+00,-3.236359835e+00,2.036035061e+00,0.000000000e+00,6.000000000e+00,1.100000000e+01,0.000000000e+00,1.738425851e+00,1.863596439e+00,3.228367865e-02,1.000000000e+00,-1.900659800e+00,-3.804154634e+00,1.845693707e+00,1.312789083e+00,2.408556491e-01,-2.491107464e+00,2.902590632e-01,2.036035061e+00,0.000000000e+00,0.000000000e+00,0.000000000e+00,0.000000000e+00,-1.000000000e+00,-1.000000000e+00,-1.000000000e+00,0.000000000e+00,-9.999956489e-01,4.342942646e-07,1.000000000e+00,-6.989678144e-01,0.000000000e+00,4.342942646e-07,9.978132248e-01
10,6,0,1.058543801e+00,3.764534295e-01,-1.545245290e+00,1.578032017e+00,3.396426141e-02,-2.804566622e+00,-2.799748898e+00,-2.359205008e+00,-2.358855486e+00,-1.677193046e+00,-2.983436823e+00,-3.485603571e+00,2.252730846e+00,8.000000000e+00,1.200000000e+01,2.000000000e+01,0.000000000e+00,1.743647337e+00,2.549037457e+00,2.770021856e-01,1.000000000e+00,-1.921677351e+00,-3.843981981e+00,-7.701972723e-01,2.549037457e+00,-3.504218817e+00,-2.603629827e+00,4.000393867e+00,2.252730846e+00,0.000000000e+00,0.000000000e+00,0.000000000e+00,0.000000000e+00,-1.000000000e+00,-1.000000000e+00,-1.000000000e+00,0.000000000e+00,-9.999956489e-01,4.342942646e-07,1.000000000e+00,-6.989678144e-01,0.000000000e+00,4.342942646e-07,9.947347641e-01
10,7,0,1.177308559e+00,5.102719665e-01,-1.388826609e+00,1.588937998e+00,4.487023503e-02,-2.943204403e+00,-2.927796602e+00,-2.486022472e+00,-2.443877697e+00,-1.819090128e+00,-3.077475786e+00,-3.608853817e+00,2.217264891e+00,7.000000000e+00,1.100000000e+01,2.000000000e+01,0.000000000e+00,1.746657014e+00,2.692448378e+00,2.879081070e-01,1.000000000e+00,-1.899074554e+00,-3.797065258e+00,7.493691146e-02,2.692447186e+00,-2.879004717e+00,-2.565985680e+00,3.242288589e+00,2.217264891e+00,1.000000000e+00,1.000000000e+00,0.000000000e+00,1.000000000e+00,5.000000000e+00,3.200000000e+01,1.000000000e+00,1.000000000e+00,-4.951873302e+00,-1.879643798e+00,5.039992929e-02,-4.946688175e+00,1.000000000e+00,4.342942646e-07,9.713650942e-01
10,8,0,9.637900591e-01,3.154653311e-01,-1.652760148e+00,1.414653540e+00,-7.670779526e-02,-2.952166796e+00,-3.007900953e+00,-2.148746490e+00,-2.266662359e+00,-1.500469089e+00,-2.933655024e+00,-3.599151611e+00,2.173097610e+00,7.000000000e+00,1.100000000e+01,1.800000000e+01,1.000000000e+00,-1.494358897e+00,1.448833823e+00,1.593811512e-01,9.473684430e-01,-1.968204618e+00,-3.934729576e+00,1.446291924e+00,4.817634523e-01,-1.135910034e+00,-2.616390228e+00,-1.982708126e-01,2.173097610e+00,1.000000000e+00,1.000000000e+00,0.000000000e+00,1.000000000e+00,5.000000000e+00,3.000000000e+00,1.000000000e+00,1.000000000e+00,-4.890516281e+00,-2.607215881e+00,-1.280427694e+00,-4.889528275e+00,1.000000000e+00,7.439132333e-01,9.971705079e-01
11,0,0,8.248761892e-01,2.660791874e-01,-1.718453169e+00,1.313866377e+00,-1.485311389e-01,-2.749366999e+00,-2.748108149e+00,-2.228601933e+00,-2.220863819e+00,-1.669857860e+00,-2.815186739e+00,-3.307525873e+00,-1.960185647e+00,5.000000000e+00,1.000000000e+01,1.700000000e+01,2.000000000e+00,1.317287922e+00,2.328523636e+00,8.341769874e-02,8.947368264e-01,-1.984513044e+00,-3.971067190e+00,-2.422900051e-01,2.328521967e+00,-2.729072809e+00,-2.543200254e+00,3.121744394e+00,1.960185647e+00,0.000000000e+00,0.000000000e+00,0.000000000e+00,0.000000000e+00,-1.000000000e+00,-1.000000000e+00,-1.000000000e+00,0.000000000e+00,-9.999956489e-01,4.342942646e-07,1.000000000e+00,-6.989678144e-01,0.000000000e+00,4.342942646e-07,9.981840253e-01
11,1,0,7.586844563e-01,2.985897064e-01,-1.761044621e+00,1.991111994e+00,4.725979865e-01,-2.837901831e+00,-2.790286303e+00,-2.291040659e+00,-2.174923182e+00,-1.831001163e+00,-2.823320389e+00,-3.297433376e+00,-1.721059203e+00,4.000000000e+00,1.100000000e+01,1.900000000e+01,1.000000000e+00,1.512056231e+00,2.587062836e+00,7.123582959e-01,9.499999881e-01,-2.059609413e+00,-4.118836880e+00,2.763856947e-01,2.587057590e+00,-2.197123766e+00,-2.519610405e+00,2.654595137e+00,1.721059203e+00,0.000000000e+00,0.000000000e+00,0.000000000e+00,0.000000000e+00,-1.000000000e+00,-1.000000000e+00,-1.000000000e+00,0.000000000e+00,-9.999956489e-01,4.342942646e-07,1.000000000e+00,-6.989678144e-01,0.000000000e+00,4.342942646e-07,9.975820780e-01
11,2,0,6.369543076e-01,2.357982099e-01,-1.781586647e+00,1.381609321e+00,-1.369041950e-01,-2.813585520e+00,-2.808709383e+00,-2.364317179e+00,-2.363075018e+00,-1.963221550e+00,-2.658880711e+00,-3.214312792e+00,-1.574873805e+00,5.000000000e+00,1.100000000e+01,1.900000000e+01,1.000000000e+00,1.117615700e-01,2.019143105e+00,1.028559059e-01,9.499999881e-01,-2.017365694e+00,-4.034804344e+00,-6.212125421e-01,2.019141912e+00,-3.219467163e+00,-2.418453217e+00,3.039851427e+00,1.574873805e+00,0.000000000e+00,0.000000000e+00,0.000000000e+00,0.000000000e+00,-1.000000000e+00,-1.000000000e+00,-1.000000000e+00,0.000000000e+00,-9.999956489e-01,4.342942646e-07,1.000000000e+00,-6.989678144e-01,0.000000000e+00,4.342942646e-07,9.985830784e-01
11,3,0,6.148058772e-01,3.161214292e-01,-1.753259659e+00,1.421826243e+00,-4.057133198e-02,-2.904505014e+00,-2.888500452e+00,-2.362784624e+00,-2.367148638e+00,-2.064149857e+00,-2.687420130e+00,-3.202844858e+00,-1.310716152e+00,3.000000000e+00,9.000000000e+00,1.700000000e+01,0.000000000e+00,7.225270867e-01,2.425463676e+00,1.913775355e-01,1.000000000e+00,-2.069354773e+00,-4.136247158e+00,-1.302286744e+00,2.425463676e+00,-3.981484890e+00,-2.367988825e+00,4.028784275e+00,1.310716152e+00,1.000000000e+00,1.000000000e+00,0.000000000e+00,2.000000000e+00,4.000000000e+00,1.300000000e+01,2.000000000e+00,1.000000000e+00,-4.973062038e+00,-2.399453163e+00,-6.637659669e-01,-4.971497059e+00,1.000000000e+00,3.359054327e-01,9.971528053e-01
11,4,0,2.982543707e-01,2.979632318e-01,-1.842760444e+00,1.153134584e+00,-3.092625737e-01,-2.954721212e+00,-3.068059683e+00,-2.284562588e+00,-2.532554865e+00,-2.284271717e+00,-2.438895464e+00,-2.955012083e+00,-3.661806136e-02,5.000000000e+00,1.000000000e+01,1.700000000e+01,0.000000000e+00,1.639776230e+00,3.104243279e+00,-7.731387764e-02,1.000000000e+00,-2.140693903e+00,-4.273288727e+00,-4.251947701e-01,3.104243279e+00,-3.255079746e+00,-2.140985012e+00,3.777392864e+00,3.661806136e-02,0.000000000e+00,0.000000000e+00,0.000000000e+00,0.000000000e+00,-1.000000000e+00,-1.000000000e+00,-1.000000000e+00,0.000000000e+00,-9.999956489e-01,4.342942646e-07,1.000000000e+00,-6.989678144e-01,0.000000000e+00,4.342942646e-07,9.975958467e-01
11,5,0,3.147769570e-01,3.147602081e-01,-1.788767815e+00,1.716912746e+00,1.983990371e-01,-3.007093430e+00,-3.092329264e+00,-2.366855145e+00,-2.634859800e+00,-2.366838455e+00,-2.418217897e+00,-3.007110119e+00,8.783801459e-03,4.000000000e+00,1.000000000e+01,1.900000000e+01,0.000000000e+00,1.314378858e+00,3.024129391e+00,4.381592274e-01,1.000000000e+00,-2.103499413e+00,-4.200168610e+00,2.084993720e-01,3.024128914e+00,-2.741068602e+00,-2.103516340e+00,3.083621502e+00,8.783801459e-03,2.000000000e+00,0.000000000e+00,2.000000000e+00,3.000000000e+00,0.000000000e+00,7.000000000e+00,2.000000000e+00,1.000000000e+00,-4.718352795e+00,-3.073573351e+00,-1.941761255e+00,-4.718006134e+00,2.000000000e+00,3.365270197e-01,9.971893430e-01
11,6,0,1.953996122e-01,1.629428416e-01,-1.986029625e+00,9.385915399e-01,-4.231351912e-01,-2.875320911e+00,-2.896421432e+00,-2.293899059e+00,-2.369923353e+00,-2.261448622e+00,-2.345373631e+00,-2.907752275e+00,3.914451599e-01,4.000000000e+00,9.000000000e+00,1.400000000e+01,0.000000000e+00,5.118234754e-01,2.517441034e+00,-2.075358480e-01,1.000000000e+00,-2.148952961e+00,-4.290522575e+00,1.533076316e-01,2.517436981e+00,-2.379556179e+00,-2.181405067e+00,2.472555399e+00,3.914451599e-01,0.000000000e+00,0.000000000e+00,0.000000000e+00,0.000000000e+00,-1.000000000e+00,-1.000000000e+00,-1.000000000e+00,0.000000000e+00,-9.999956489e-01,4.342942646e-07,1.000000000e+00,-6.989678144e-01,0.000000000e+00,4.342942646e-07,9.991668463e-01
11,7,0,5.438546538e-01,5.156373978e-01,-1.569127083e+00,1.590852618e+00,4.678487405e-02,-3.285545826e+00,-3.250413418e+00,-2.469511509e+00,-2.466795444e+00,-2.441302299e+00,-2.628555298e+00,-3.313706875e+00,3.643954098e-01,4.000000000e+00,9.000000000e+00,2.000000000e+01,0.000000000e+00,1.061142325e+00,2.971993446e+00,2.898227572e-01,1.000000000e+00,-2.084727764e+00,-4.163294315e+00,-3.155944645e-01,2.971993446e+00,-3.297293186e+00,-2.112941504e+00,3.312825918e+00,3.643954098e-01,0.000000000e+00,0.000000000e+00,0.000000000e+00,0.000000000e+00,-1.000000000e+00,-1.000000000e+00,-1.000000000e+00,0.000000000e+00,-9.999956489e-01,4.342942646e-07,1.000000000e+00,-6.989678144e-01,0.000000000e+00,4.342942646e-07,9.690388441e-01
12,0,0,1.613430977e-01,1.550624669e-01,-1.699000716e+00,1.180175066e+00,2.259326875e-01,-2.884788752e+00,-2.903696060e+00,-2.316227913e+00,-2.475962877e+00,-2.309948683e+00,-2.015437365e+00,-2.891064644e+00,-1.704794317e-01,4.000000000e+00,6.000000000e+00,7.000000000e+00,1.000000000e+00,1.825079679e+00,3.222577095e+00,3.350771070e-01,8.750000000e-01,-1.854053617e+00,-3.706011534e+00,2.021519393e-01,3.222577095e+00,-2.428886652e+00,-1.860333800e+00,3.186399460e+00,1.704794317e-01,0.000000000e+00,0.000000000e+00,0.000000000e+00,0.000000000e+00,-1.000000000e+00,-1.000000000e+00,-1.000000000e+00,0.000000000e+00,-9.999956489e-01,4.342942646e-07,1.000000000e+00,-6.989678144e-01,0.000000000e+00,4.342942646e-07,9.992092848e-01
12,1,0,1.956408471e-01,1.878016442e-01,-1.969920874e+00,1.447769046e+00,-1.462859102e-02,-2.935625792e+00,-2.969781399e+00,-2.352981806e+00,-2.512552023e+00,-2.345144272e+00,-2.353516579e+00,-2.943458319e+00,-1.905743778e-01,4.000000000e+00,1.000000000e+01,1.700000000e+01,0.000000000e+00,-1.878995448e-01,2.251306057e+00,2.173202932e-01,1.000000000e+00,-2.157700300e+00,-4.306843281e+00,3.162306845e-01,2.251276970e+00,-2.384159088e+00,-2.165538311e+00,2.102431059e+00,1.905743778e-01,0.000000000e+00,0.000000000e+00,0.000000000e+00,0.000000000e+00,-1.000000000e+00,-1.000000000e+00,-1.000000000e+00,0.000000000e+00,-9.999956489e-01,4.342942646e-07,1.000000000e+00,-6.989678144e-01,0.000000000e+00,4.342942646e-07,9.990111589e-01
12,2,1,1.151863337e+00,1.147314906e+00,-1.089020967e+00,1.351190209e+00,-4.674943164e-02,-3.529944181e+00,-3.809646130e+00,-2.587519169e+00,-3.107202768e+00,-2.582972527e+00,-3.387143135e+00,-3.534476995e+00,1.449806541e-01,4.000000000e+00,9.000000000e+00,1.500000000e+01,0.000000000e+00,1.019255042e+00,3.092889309e+00,1.750991195e-01,1.000000000e+00,-2.236266375e+00,-4.459972858e+00,1.489491582e+00,3.092754364e+00,-2.765329123e+00,-2.240813971e+00,2.127865076e+00,1.449806541e-01,0.000000000e+00,0.000000000e+00,0.000000000e+00,0.000000000e+00,-1.000000000e+00,-1.000000000e+00,-1.000000000e+00,0.000000000e+00,-9.999956489e-01,4.342942646e-07,1.000000000e+00,-6.989678144e-01,1.000000000e+00,4.342942646e-07,1.410661365e-08
12,3,0,4.898491502e-01,2.669964731e-01,-1.718143702e+00,1.204818368e+00,-2.865425944e-01,-2.931665659e+00,-2.928155661e+00,-2.456423044e+00,-2.478790522e+00,-2.233620167e+00,-2.476659060e+00,-3.154269457e+00,1.101500154e+00,4.000000000e+00,9.000000000e+00,1.800000000e+01,0.000000000e+00,-5.248462200e+00,-4.212941825e-01,-5.045377836e-02,1.000000000e+00,-1.985120893e+00,-3.968049049e+00,-9.785369635e-01,-4.386523962e-01,-3.722162008e+00,-2.207945585e+00,7.838710546e-01,1.101500154e+00,0.000000000e+00,0.000000000e+00,0.000000000e+00,0.000000000e+00,-1.000000000e+00,-1.000000000e+00,-1.000000000e+00,0.000000000e+00,-9.999956489e-01,4.342942646e-07,1.000000000e+00,-6.989678144e-01,0.000000000e+00,4.342942646e-07,9.981697798e-01
12,4,0,6.858038902e-01,3.582897484e-01,-1.668219209e+00,1.368723154e+00,-9.367440641e-02,-2.972255945e+00,-2.966513395e+00,-2.443796873e+00,-2.442887545e+00,-2.116346598e+00,-2.714302301e+00,-3.299311638e+00,1.386699438e+00,5.000000000e+00,1.000000000e+01,1.700000000e+01,0.000000000e+00,-1.282364249e+00,1.475226998e+00,1.382744312e-01,1.000000000e+00,-2.026483059e+00,-4.050348282e+00,-6.404745579e-01,1.475214243e+00,-3.440574408e+00,-2.353945255e+00,2.441769361e+00,1.386699438e+00,0.000000000e+00,0.000000000e+00,0.000000000e+00,0.000000000e+00,-1.000000000e+00,-1.000000000e+00,-1.000000000e+00,0.000000000e+00,-9.999956489e-01,4.342942646e-07,1.000000000e+00,-6.989678144e-01,0.000000000e+00,4.342942646e-07,9.956632257e-01
13,0,0,6.896324158e-01,4.295925796e-01,-1.608178735e+00,1.699741960e+00,2.683784068e-01,-3.064004898e+00,-3.071071863e+00,-2.510798216e+00,-2.550606728e+00,-2.250821829e+00,-2.728522778e+00,-3.323632240e+00,1.206080914e+00,4.000000000e+00,1.000000000e+01,1.600000000e+01,0.000000000e+00,1.823210716e-01,2.342064381e+00,4.956221282e-01,1.000000000e+00,-2.037741423e+00,-4.071758270e+00,8.018163592e-02,2.342057943e+00,-2.899827242e+00,-2.297742367e+00,2.561610222e+00,1.206080914e+00,0.000000000e+00,0.000000000e+00,0.000000000e+00,0.000000000e+00,-1.000000000e+00,-1.000000000e+00,-1.000000000e+00,0.000000000e+00,-9.999956489e-01,4.342942646e-07,1.000000000e+00,-6.989678144e-01,0.000000000e+00,4.342942646e-07,9.902623892e-01
13,1,0,4.686416984e-01,2.247287780e-01,-1.824061632e+00,1.413730502e+00,-4.866717383e-02,-2.872556925e+00,-2.875962496e+00,-2.394052505e+00,-2.421779394e+00,-2.150185823e+00,-2.520624876e+00,-3.116226196e+00,1.161264181e+00,3.000000000e+00,9.000000000e+00,1.700000000e+01,0.000000000e+00,-3.498898149e-01,1.975735784e+00,1.832817048e-01,1.000000000e+00,-2.048770666e+00,-4.095501900e+00,6.992387772e-01,1.975127220e+00,-1.947345495e+00,-2.292647123e+00,1.547512650e+00,1.161264181e+00,0.000000000e+00,0.000000000e+00,0.000000000e+00,0.000000000e+00,-1.000000000e+00,-1.000000000e+00,-1.000000000e+00,0.000000000e+00,-9.999956489e-01,4.342942646e-07,1.000000000e+00,-6.989678144e-01,0.000000000e+00,4.342942646e-07,9.987004995e-01
13,2,0,7.168529630e-01,3.663620949e-01,-1.700066090e+00,1.147835255e+00,-1.309177876e-01,-2.877638578e+00,-2.896485090e+00,-2.108016968e+00,-2.148084879e+00,-1.757556558e+00,-2.786211014e+00,-3.227723122e+00,1.446224451e+00,1.000000000e+00,7.000000000e+00,1.200000000e+01,0.000000000e+00,8.199919462e-01,2.202731133e+00,6.865432858e-02,1.000000000e+00,-2.066399336e+00,-4.130173206e+00,1.829292893e+00,2.159873247e+00,-6.852127910e-01,-2.416827440e+00,7.211437225e-01,1.446224451e+00,0.000000000e+00,0.000000000e+00,0.000000000e+00,0.000000000e+00,-1.000000000e+00,-1.000000000e+00,-1.000000000e+00,0.000000000e+00,-9.999956489e-01,4.342942646e-07,1.000000000e+00,-6.989678144e-01,0.000000000e+00,4.342942646e-07,9.952774048e-01
13,3,0,7.273257971e-01,3.333984613e-01,-1.755692959e+00,1.671921134e+00,1.805595607e-01,-2.887857437e+00,-2.873521805e+00,-2.327522278e+00,-2.322863102e+00,-1.933650017e+00,-2.820689201e+00,-3.281289577e+00,1.556709409e+00,4.000000000e+00,1.100000000e+01,1.800000000e+01,0.000000000e+00,-2.326781750e-01,1.817559123e+00,4.166486263e-01,1.000000000e+00,-2.089062691e+00,-4.176201820e+00,3.512832224e-01,1.817305326e+00,-2.304982185e+00,-2.482911348e+00,1.855248928e+00,1.556709409e+00,0.000000000e+00,0.000000000e+00,0.000000000e+00,0.000000000e+00,-1.000000000e+00,-1.000000000e+00,-1.000000000e+00,0.000000000e+00,-9.999956489e-01,4.342942646e-07,1.000000000e+00,-6.989678144e-01,0.000000000e+00,4.342942646e-07,9.966334701e-01
13,4,0,9.031928182e-01,4.552280903e-01,-1.652332783e+00,1.432476044e+00,1.112498925e-03,-3.165928602e+00,-3.086674452e+00,-2.150319815e+00,-2.106792688e+00,-1.702394485e+00,-3.011716604e+00,-3.612746000e+00,1.691224098e+00,3.000000000e+00,9.000000000e+00,1.600000000e+01,0.000000000e+00,1.607320458e-01,1.783295274e+00,2.283561379e-01,1.000000000e+00,-2.107524633e+00,-4.209458351e+00,5.063893199e-01,1.782687783e+00,-2.055637598e+00,-2.555388927e+00,1.680713058e+00,1.691224098e+00,0.000000000e+00,0.000000000e+00,0.000000000e+00,0.000000000e+00,-1.000000000e+00,-1.000000000e+00,-1.000000000e+00,0.000000000e+00,-9.999956489e-01,4.342942646e-07,1.000000000e+00,-6.989678144e-01,0.000000000e+00,4.342942646e-07,9.865465164e-01
13,5,1,1.077221394e+00,5.343757868e-01,-1.560680509e+00,1.594807863e+00,5.074013025e-02,-3.027957916e+00,-3.006452560e+00,-2.575348377e+00,-2.555318117e+00,-2.032619476e+00,-3.174355984e+00,-3.569651604e+00,1.921909928e+00,6.000000000e+00,1.100000000e+01,2.000000000e+01,0.000000000e+00,1.945680737e+00,3.005666971e+00,2.937780023e-01,1.000000000e+00,-2.095017910e+00,-4.186137676e+00,1.460509181e+00,3.005490541e+00,-1.629322290e+00,-2.637728930e+00,2.067784309e+00,1.921909928e+00,3.000000000e+00,3.000000000e+00,0.000000000e+00,1.000000000e+00,5.000000000e+00,2.700000000e+01,1.000000000e+00,1.000000000e+00,-4.819540024e+00,-1.849235058e+00,4.794086516e-01,-4.813838482e+00,1.000000000e+00,4.342942646e-07,9.590854049e-01
13,6,1,1.059870601e+00,4.795650542e-01,-1.484484553e+00,1.354853272e+00,-1.636600941e-01,-2.953049421e+00,-2.954178095e+00,-2.473201275e+00,-2.496301889e+00,-1.892990708e+00,-3.025597334e+00,-3.532263041e+00,2.011613369e+00,6.000000000e+00,1.100000000e+01,1.900000000e+01,0.000000000e+00,1.943696499e+00,2.865138292e+00,7.609997690e-02,1.000000000e+00,-1.964022756e+00,-3.926567316e+00,1.422612906e+00,2.864855289e+00,-1.553374529e+00,-2.544216156e+00,2.045650721e+00,2.011613369e+00,4.000000000e+00,4.000000000e+00,0.000000000e+00,3.000000000e+00,5.000000000e+00,6.000000000e+00,3.000000000e+00,1.000000000e+00,-5.148374557e+00,-1.789702773e+00,3.346838057e-01,-5.142360210e+00,1.000000000e+00,6.596099734e-01,9.814059734e-01
13,7,0,8.548854589e-01,2.383452803e-01,-1.680862665e+00,1.689681768e+00,1.711681187e-01,-2.686039448e+00,-2.691443920e+00,-2.188541412e+00,-2.243157864e+00,-1.572051883e+00,-2.779896021e+00,-3.301919460e+00,2.097835302e+00,7.000000000e+00,1.100000000e+01,1.900000000e+01,0.000000000e+00,-1.090298533e+00,1.026976109e+00,4.109283388e-01,1.000000000e+00,-1.919192553e+00,-3.841475725e+00,-7.423545122e-01,1.026913285e+00,-3.223209143e+00,-2.535619736e+00,2.440016031e+00,2.097835302e+00,0.000000000e+00,0.000000000e+00,0.000000000e+00,0.000000000e+00,-1.000000000e+00,-1.000000000e+00,-1.000000000e+00,0.000000000e+00,-9.999956489e-01,4.342942646e-07,1.000000000e+00,-6.989678144e-01,0.000000000e+00,4.342942646e-07,9.985541701e-01
13,8,0,9.458674192e-01,2.733398676e-01,-1.644884586e+00,1.538246989e+00,-5.820749328e-03,-2.704001904e+00,-2.700408936e+00,-2.253141880e+00,-2.258698463e+00,-1.580675364e+00,-2.869434595e+00,-3.375716686e+00,2.230208158e+00,8.000000000e+00,1.200000000e+01,2.000000000e+01,0.000000000e+00,9.127557874e-01,2.037091255e+00,2.372170985e-01,1.000000000e+00,-1.918207407e+00,-3.839123249e+00,4.314104095e-02,2.037068844e+00,-2.488842487e+00,-2.590601921e+00,2.671941996e+00,2.230208158e+00,0.000000000e+00,0.000000000e+00,0.000000000e+00,0.000000000e+00,-1.000000000e+00,-1.000000000e+00,-1.000000000e+00,0.000000000e+00,-9.999956489e-01,4.342942646e-07,1.000000000e+00,-6.989678144e-01,0.000000000e+00,4.342942646e-07,9.980676770e-01
13,9,0,1.160505533e+00,4.483009875e-01,-1.426219463e+00,1.508565664e+00,-3.550197929e-02,-2.863342285e+00,-2.853266001e+00,-2.420250893e+00,-2.406065226e+00,-1.708138108e+00,-3.036774874e+00,-3.574231625e+00,2.323514700e+00,8.000000000e+00,1.100000000e+01,2.000000000e+01,0.000000000e+00,1.984582543e+00,2.700451612e+00,2.075358480e-01,1.000000000e+00,-1.874499202e+00,-3.748831511e+00,-3.621278107e-01,2.700451612e+00,-3.215890884e+00,-2.586568832e+00,3.760341167e+00,2.323514700e+00,0.000000000e+00,0.000000000e+00,0.000000000e+00,0.000000000e+00,-1.000000000e+00,-1.000000000e+00,-1.000000000e+00,0.000000000e+00,-9.999956489e-01,4.342942646e-07,1.000000000e+00,-6.989678144e-01,1.000000000e+00,4.342942646e-07,9.876934886e-01
13,10,0,1.018922091e+00,3.076793253e-01,-1.568323016e+00,1.616681576e+00,2.561719157e-02,-2.712019920e+00,-2.704663038e+00,-2.178727865e+00,-2.162509441e+00,-1.467537642e+00,-2.899233580e+00,-3.422336578e+00,2.321257114e+00,8.000000000e+00,1.200000000e+01,2.200000000e+01,0.000000000e+00,1.727315784e+00,2.331217766e+00,2.742589712e-01,1.000000000e+00,-1.875985503e+00,-3.754201174e+00,1.610090286e-01,2.331207752e+00,-2.309154510e+00,-2.587093115e+00,2.865177631e+00,2.321257114e+00,1.000000000e+00,1.000000000e+00,0.000000000e+00,2.000000000e+00,-5.000000000e+00,2.600000000e+01,4.000000000e+00,1.000000000e+00,-5.613574028e+00,-3.709917784e+00,-3.670059681e+00,-5.613524437e+00,1.000000000e+00,4.342942646e-07,9.973703623e-01
13,11,0,7.092936039e-01,-2.089984342e-02,-1.453097939e+00,1.067119837e+00,2.572752722e-02,-2.303249598e+00,-1.859304667e+00,-7.825478911e-01,-6.557135582e-01,-5.235621333e-02,-2.140288591e+00,-3.033061981e+00,2.365705013e+00,0.000000000e+00,4.000000000e+00,8.000000000e+00,0.000000000e+00,1.673408389e+00,8.956850171e-01,1.640301347e-01,1.000000000e+00,-1.432198286e+00,-2.862948179e+00,1.484957039e-01,8.886148930e-01,-4.863184392e-01,-2.162340641e+00,1.343476892e+00,2.365705013e+00,0.000000000e+00,0.000000000e+00,0.000000000e+00,0.000000000e+00,-1.000000000e+00,-1.000000000e+00,-1.000000000e+00,0.000000000e+00,-9.999956489e-01,4.342942646e-07,1.000000000e+00,-6.989678144e-01,0.000000000e+00,4.342942646e-07,9.996947050e-01
14,0,0,1.104820490e+00,3.721407056e-01,-1.559088349e+00,1.471248865e+00,-2.011252753e-02,-2.765717745e+00,-2.762851000e+00,-2.310160398e+00,-2.308484316e+00,-1.577552795e+00,-3.040153742e+00,-3.497283936e+00,-2.371531010e+00,8.000000000e+00,1.100000000e+01,1.800000000e+01,0.000000000e+00,7.564327717e-01,1.955793738e+00,2.159764767e-01,1.000000000e+00,-1.931207657e+00,-3.863868475e+00,-2.456218600e-01,1.955785155e+00,-2.925969601e+00,-2.663724184e+00,2.932255745e+00,2.371531010e+00,0.000000000e+00,0.000000000e+00,0.000000000e+00,0.000000000e+00,-1.000000000e+00,-1.000000000e+00,-1.000000000e+00,0.000000000e+00,-9.999956489e-01,4.342942646e-07,1.000000000e+00,-6.989678144e-01,0.000000000e+00,4.342942646e-07,9.949754477e-01
14,1,0,1.015554905e+00,3.117276430e-01,-1.567280769e+00,1.653180480e+00,8.497894555e-02,-2.716075420e+00,-2.708013296e+00,-2.196254492e+00,-2.176718473e+00,-1.492481709e+00,-2.898942947e+00,-3.418987751e+00,-2.303844452e+00,8.000000000e+00,1.200000000e+01,2.100000000e+01,0.000000000e+00,7.268583179e-01,1.855926871e+00,3.309612274e-01,1.000000000e+00,-1.878991246e+00,-3.760248661e+00,-5.951351523e-01,1.855924129e+00,-3.083121777e+00,-2.582685471e+00,3.135092735e+00,2.303844452e+00,0.000000000e+00,0.000000000e+00,0.000000000e+00,0.000000000e+00,-1.000000000e+00,-1.000000000e+00,-1.000000000e+00,0.000000000e+00,-9.999956489e-01,4.342942646e-07,1.000000000e+00,-6.989678144e-01,1.000000000e+00,4.342942646e-07,9.972687364e-01
14,2,1,8.449376822e-01,8.367007971e-01,-1.311659932e+00,1.058877826e+00,-4.035190940e-01,-3.452710390e+00,-3.579987764e+00,-2.602218151e+00,-3.069432259e+00,-2.593984604e+00,-2.992897272e+00,-3.460923672e+00,-1.953786165e-01,4.000000000e+00,1.000000000e+01,1.700000000e+01,0.000000000e+00,3.103588820e-01,2.749336720e+00,-1.715704501e-01,1.000000000e+00,-2.148308516e+00,-4.288239956e+00,2.838654220e-01,2.749334097e+00,-3.620959282e+00,-2.156544209e+00,2.940990686e+00,1.953786165e-01,4.000000000e+00,0.000000000e+00,4.000000000e+00,3.000000000e+00,0.000000000e+00,7.000000000e+00,1.000000000e+00,1.000000000e+00,-5.273624420e+00,-2.488786459e+00,-6.839129329e-01,-5.272481918e+00,1.000000000e+00,4.342942646e-07,2.338718437e-02
14,3,1,7.597603798e-01,6.521703601e-01,-1.460114837e+00,1.408968568e+00,-8.239270002e-02,-3.302517891e+00,-3.358662605e+00,-2.668650866e+00,-2.811366558e+00,-2.561105251e+00,-2.872097969e+00,-3.409862995e+00,7.332878709e-01,5.000000000e+00,1.000000000e+01,1.800000000e+01,0.000000000e+00,3.009969890e-01,2.711761951e+00,1.536962539e-01,1.000000000e+00,-2.112241268e+00,-4.217729092e+00,-7.116588950e-01,2.711761713e+00,-4.169022560e+00,-2.219815731e+00,3.672360659e+00,7.332878709e-01,3.000000000e+00,0.000000000e+00,3.000000000e+00,3.000000000e+00,1.000000000e+00,9.000000000e+00,1.000000000e+00,1.000000000e+00,-4.866933823e+00,-2.339122057e+00,-4.578061700e-01,-4.865095615e+00,1.000000000e+00,4.342942646e-07,7.352790833e-01
14,4,0,1.091763616e+00,4.432622790e-01,-1.446127892e+00,1.611890197e+00,9.337650985e-02,-3.269627571e+00,-3.159929037e+00,-2.582885027e+00,-2.477190018e+00,-1.934512615e+00,-2.981134415e+00,-3.915349245e+00,2.173514843e+00,6.000000000e+00,1.000000000e+01,1.900000000e+01,1.000000000e+00,1.440208554e+00,2.654662132e+00,3.331367373e-01,9.499999881e-01,-1.889368296e+00,-3.776584625e+00,4.557380080e-01,2.654653311e+00,-2.464718103e+00,-2.537753582e+00,2.741640329e+00,2.173514843e+00,3.000000000e+00,3.000000000e+00,0.000000000e+00,3.000000000e+00,5.000000000e+00,1.400000000e+01,3.000000000e+00,1.000000000e+00,-4.203943729e+00,-2.647776127e+00,-1.515164375e+00,-4.202983379e+00,1.000000000e+00,4.342942646e-07,9.884563684e-01
14,5,0,1.199476719e+00,4.995986819e-01,-1.415228367e+00,1.649215698e+00,1.578541696e-01,-3.096505642e+00,-3.198579311e+00,-2.367501497e+00,-2.547913313e+00,-1.667704225e+00,-3.114552975e+00,-3.794214249e+00,2.294565678e+00,8.000000000e+00,1.100000000e+01,1.800000000e+01,0.000000000e+00,1.520866275e+00,2.428167582e+00,3.939432502e-01,1.000000000e+00,-1.914802432e+00,-3.827550650e+00,2.601365447e-01,2.428157568e+00,-2.787262678e+00,-2.614537477e+00,3.048279047e+00,2.294565678e+00,0.000000000e+00,0.000000000e+00,0.000000000e+00,0.000000000e+00,-1.000000000e+00,-1.000000000e+00,-1.000000000e+00,0.000000000e+00,-9.999956489e-01,4.342942646e-07,1.000000000e+00,-6.989678144e-01,0.000000000e+00,4.342942646e-07,9.754285216e-01
14,6,0,1.128241897e+00,4.056895673e-01,-1.449651122e+00,1.967204928e+00,4.758433700e-01,-2.788496017e+00,-2.780932665e+00,-2.253894329e+00,-2.229335070e+00,-1.531404972e+00,-2.986249685e+00,-3.509908199e+00,2.347791672e+00,8.000000000e+00,1.100000000e+01,1.800000000e+01,0.000000000e+00,-6.027992964e-01,1.232642531e+00,7.119324803e-01,1.000000000e+00,-1.855321527e+00,-3.711540222e+00,2.812820375e-01,1.229908705e+00,-2.353718281e+00,-2.577740908e+00,1.646577358e+00,2.347791672e+00,1.000000000e+00,1.000000000e+00,0.000000000e+00,2.000000000e+00,-5.000000000e+00,2.600000000e+01,4.000000000e+00,1.000000000e+00,-4.068851948e+00,-1.744612932e+00,2.059326917e-01,-4.061192513e+00,1.000000000e+00,4.342942646e-07,9.926813245e-01
15,0,0,1.196936488e+00,4.940064251e-01,-8.794804811e-01,9.161357880e-01,-3.810627386e-02,-3.124031067e+00,-3.032988071e+00,-2.481438398e+00,-2.566563845e+00,-1.778613687e+00,-2.570520401e+00,-3.824629784e+00,-2.301736355e+00,7.000000000e+00,5.000000000e+00,7.000000000e+00,0.000000000e+00,1.811036706e+00,2.684171677e+00,7.103808224e-02,1.000000000e+00,-1.373479843e+00,-2.746993065e+00,5.886511207e-01,2.684157848e+00,-2.471950531e+00,-2.076368570e+00,2.883549690e+00,2.301736355e+00,0.000000000e+00,0.000000000e+00,0.000000000e+00,0.000000000e+00,-1.000000000e+00,-1.000000000e+00,-1.000000000e+00,0.000000000e+00,-9.999956489e-01,4.342942646e-07,1.000000000e+00,-6.989678144e-01,1.000000000e+00,1.252951026e+00,9.772934318e-01
15,1,0,1.185280204e+00,4.206758142e-01,-1.137377620e+00,1.153120279e+00,3.917719051e-02,-2.794215202e+00,-2.784135818e+00,-2.276918411e+00,-2.279834509e+00,-1.512382030e+00,-2.743766546e+00,-3.557519436e+00,-2.446239233e+00,9.000000000e+00,7.000000000e+00,9.000000000e+00,0.000000000e+00,1.220054030e+00,2.122423172e+00,1.988779008e-01,1.000000000e+00,-1.558043599e+00,-3.116218805e+00,-1.109719276e+00,2.122423172e+00,-3.807520628e+00,-2.322572470e+00,3.998605251e+00,2.446239233e+00,1.000000000e+00,1.000000000e+00,0.000000000e+00,1.000000000e+00,-5.000000000e+00,3.000000000e+00,1.000000000e+00,1.000000000e+00,-1.316807508e+00,-1.173375726e+00,7.129569650e-01,-1.288609505e+00,2.000000000e+00,5.547643304e-01,9.912617207e-01
15,2,0,9.732380509e-01,3.158333302e-01,-1.599395871e+00,1.713460922e+00,1.452594250e-01,-2.759266376e+00,-2.754367113e+00,-2.318811178e+00,-2.315250635e+00,-1.661476851e+00,-2.892427444e+00,-3.415788174e+00,-2.194542170e+00,6.000000000e+00,1.100000000e+01,2.100000000e+01,0.000000000e+00,5.747233629e-01,2.004221439e+00,3.912417293e-01,1.000000000e+00,-1.915210366e+00,-3.831816196e+00,1.691323757e+00,1.945567727e+00,-9.398458600e-01,-2.572488785e+00,9.080857038e-01,2.194542170e+00,0.000000000e+00,0.000000000e+00,0.000000000e+00,0.000000000e+00,-1.000000000e+00,-1.000000000e+00,-1.000000000e+00,0.000000000e+00,-9.999956489e-01,4.342942646e-07,1.000000000e+00,-6.989678144e-01,0.000000000e+00,4.342942646e-07,9.971605539e-01
15,3,0,9.021615386e-01,3.079182804e-01,-1.658802748e+00,1.417640567e+00,-1.264270842e-01,-2.783591747e+00,-2.772037268e+00,-2.258189440e+00,-2.240523815e+00,-1.664004445e+00,-2.873407364e+00,-3.377063036e+00,-2.044837236e+00,7.000000000e+00,1.100000000e+01,2.000000000e+01,0.000000000e+00,6.127967238e-01,1.970568061e+00,1.166107059e-01,1.000000000e+00,-1.966700554e+00,-3.934559584e+00,3.988806307e-01,1.970411897e+00,-2.149575710e+00,-2.560826063e+00,2.148076057e+00,2.044837236e+00,0.000000000e+00,0.000000000e+00,0.000000000e+00,0.000000000e+00,-1.000000000e+00,-1.000000000e+00,-1.000000000e+00,0.000000000e+00,-9.999956489e-01,4.342942646e-07,1.000000000e+00,-6.989678144e-01,0.000000000e+00,4.342942646e-07,9.973645806e-01
15,4,1,1.308400393e+00,8.258460760e-01,-1.183660746e+00,1.670809627e+00,1.026080996e-01,-3.328073502e+00,-3.337005138e+00,-2.755924702e+00,-2.785513401e+00,-2.273536682e+00,-3.317402124e+00,-3.808748245e+00,-1.776005864e+00,6.000000000e+00,1.200000000e+01,2.100000000e+01,0.000000000e+00,5.190689564e-01,2.533156872e+00,3.485904038e-01,1.000000000e+00,-2.009469032e+00,-4.014900208e+00,2.092116475e-01,2.533152103e+00,-3.401317596e+00,-2.491932869e+00,2.835937262e+00,1.776005864e+00,3.000000000e+00,3.000000000e+00,0.000000000e+00,3.000000000e+00,-5.000000000e+00,3.000000000e+00,3.000000000e+00,1.000000000e+00,-5.903644562e+00,-1.768715262e+00,4.964661896e-01,-5.902175426e+00,1.000000000e+00,4.342942646e-07,3.251676261e-02
15,5,0,6.245447397e-01,2.794323564e-01,-1.745626569e+00,1.649329543e+00,1.869316697e-01,-2.878223658e+00,-2.855572701e+00,-2.357706070e+00,-2.339129210e+00,-2.012647867e+00,-2.652843475e+00,-3.222938061e+00,-1.432364702e+00,4.000000000e+00,1.000000000e+01,1.700000000e+01,0.000000000e+00,1.411332607e+00,2.718358755e+00,4.188806415e-01,1.000000000e+00,-2.025037050e+00,-4.048691750e+00,-5.140868425e-01,2.718358755e+00,-3.132155418e+00,-2.370093584e+00,3.558668613e+00,1.432364702e+00,0.000000000e+00,0.000000000e+00,0.000000000e+00,0.000000000e+00,-1.000000000e+00,-1.000000000e+00,-1.000000000e+00,0.000000000e+00,-9.999956489e-01,4.342942646e-07,1.000000000e+00,-6.989678144e-01,0.000000000e+00,4.342942646e-07,9.979625940e-01
15,6,0,6.893019676e-01,4.229469895e-01,-1.622386217e+00,1.426387310e+00,2.844755910e-02,-3.053062916e+00,-3.056351423e+00,-2.562699556e+00,-2.600008488e+00,-2.296417475e+00,-2.735900402e+00,-3.319002628e+00,-1.223431230e+00,4.000000000e+00,1.000000000e+01,1.500000000e+01,0.000000000e+00,-3.467148840e-01,2.123147249e+00,2.502961457e-01,1.000000000e+00,-2.045303106e+00,-4.086849689e+00,-3.532363474e-01,2.123144865e+00,-3.375333786e+00,-2.311617374e+00,2.779670238e+00,1.223431230e+00,0.000000000e+00,0.000000000e+00,0.000000000e+00,0.000000000e+00,-1.000000000e+00,-1.000000000e+00,-1.000000000e+00,0.000000000e+00,-9.999956489e-01,4.342942646e-07,1.000000000e+00,-6.989678144e-01,0.000000000e+00,4.342942646e-07,9.910191894e-01
15,7,0,4.424714148e-01,2.993674576e-01,-1.765351653e+00,1.574953675e+00,1.435900629e-01,-3.005652905e+00,-2.983451605e+00,-2.189823866e+00,-2.198552847e+00,-2.046738863e+00,-2.508455753e+00,-3.148585081e+00,8.570288420e-01,3.000000000e+00,9.000000000e+00,1.600000000e+01,0.000000000e+00,1.462864041e+00,2.778219461e+00,3.708337545e-01,1.000000000e+00,-2.064693928e+00,-4.125038147e+00,1.390714943e-01,2.778218508e+00,-2.358818293e+00,-2.207778215e+00,2.790931702e+00,8.570288420e-01,0.000000000e+00,0.000000000e+00,0.000000000e+00,0.000000000e+00,-1.000000000e+00,-1.000000000e+00,-1.000000000e+00,0.000000000e+00,-9.999956489e-01,4.342942646e-07,1.000000000e+00,-6.989678144e-01,0.000000000e+00,4.342942646e-07,9.975647926e-01
15,8,0,1.261129379e-01,-6.866288930e-02,-7.043538690e-01,3.218457401e-01,3.218457401e-01,-2.305958271e+00,-9.246736765e-01,-4.610745609e-01,3.459649384e-01,-2.662990093e-01,-7.609978914e-01,-2.500684500e+00,1.019210696e+00,0.000000000e+00,2.000000000e+00,3.000000000e+00,0.000000000e+00,2.650372744e+00,1.349021077e+00,-1.552751213e-01,1.000000000e+00,-6.356907487e-01,-1.270572305e+00,9.064530730e-01,1.318711877e+00,1.321081161e+00,-8.304657340e-01,-2.000051290e-01,1.019210696e+00,0.000000000e+00,0.000000000e+00,0.000000000e+00,0.000000000e+00,-1.000000000e+00,-1.000000000e+00,-1.000000000e+00,0.000000000e+00,-9.999956489e-01,4.342942646e-07,1.000000000e+00,-6.989678144e-01,0.000000000e+00,4.342942646e-07,9.997497201e-01
15,9,0,5.756429434e-01,2.783663869e-01,-1.749383450e+00,1.301751137e+00,-1.296121329e-01,-2.911811590e+00,-2.902211666e+00,-2.385142326e+00,-2.381322384e+00,-2.087918043e+00,-2.606013775e+00,-3.208739996e+00,1.306963921e+00,3.000000000e+00,9.000000000e+00,1.600000000e+01,0.000000000e+00,1.464225888e+00,2.820084333e+00,9.763140231e-02,1.000000000e+00,-2.027727842e+00,-4.053381920e+00,-1.914937980e-02,2.820083857e+00,-2.678735495e+00,-2.324959040e+00,3.132580280e+00,1.306963921e+00,0.000000000e+00,0.000000000e+00,0.000000000e+00,0.000000000e+00,-1.000000000e+00,-1.000000000e+00,-1.000000000e+00,0.000000000e+00,-9.999956489e-01,4.342942646e-07,1.000000000e+00,-6.989678144e-01,0.000000000e+00,4.342942646e-07,9.979814291e-01
15,10,0,5.808843374e-01,3.442276716e-01,-1.753830671e+00,1.486416221e+00,2.401847579e-02,-3.003503084e+00,-3.001376867e+00,-2.537566662e+00,-2.539615154e+00,-2.300972939e+00,-2.680963278e+00,-3.239842653e+00,1.140840769e+00,3.000000000e+00,9.000000000e+00,1.700000000e+01,0.000000000e+00,1.660401106e+00,3.131260633e+00,2.559674084e-01,1.000000000e+00,-2.098028421e+00,-4.191566944e+00,2.583159208e-01,3.131260157e+00,-2.625494003e+00,-2.334645748e+00,3.111567497e+00,1.140840769e+00,1.000000000e+00,0.000000000e+00,1.000000000e+00,3.000000000e+00,2.000000000e+00,5.000000000e+00,1.000000000e+00,1.000000000e+00,-5.059623718e+00,-2.364258051e+00,-5.287883282e-01,-5.057965279e+00,1.000000000e+00,1.096185088e+00,9.962478280e-01
15,11,0,7.483417392e-01,4.351251125e-01,-1.520210385e+00,1.351108074e+00,7.235478610e-02,-3.051354647e+00,-3.050676584e+00,-2.582241774e+00,-2.615917444e+00,-2.269110441e+00,-2.704535961e+00,-3.364054918e+00,1.349212408e+00,4.000000000e+00,8.000000000e+00,1.200000000e+01,0.000000000e+00,1.542240739e+00,3.040311575e+00,2.719269991e-01,1.000000000e+00,-1.955310583e+00,-3.908234119e+00,-5.272538662e-01,3.040311575e+00,-3.576834917e+00,-2.268485785e+00,3.913868904e+00,1.349212408e+00,0.000000000e+00,0.000000000e+00,0.000000000e+00,0.000000000e+00,-1.000000000e+00,-1.000000000e+00,-1.000000000e+00,0.000000000e+00,-9.999956489e-01,4.342942646e-07,1.000000000e+00,-6.989678144e-01,0.000000000e+00,4.342942646e-07,9.895746112e-01
15,12,0,8.776755929e-01,5.276366472e-01,-1.502274752e+00,1.681565523e+00,1.630518287e-01,-3.114853144e+00,-3.116565228e+00,-2.628494501e+00,-2.656808138e+00,-2.278557777e+00,-2.908393621e+00,-3.464191675e+00,1.445061564e+00,6.000000000e+00,1.000000000e+01,1.900000000e+01,0.000000000e+00,-1.555203557e+00,1.527139783e+00,4.028120935e-01,1.000000000e+00,-2.029878616e+00,-4.056025982e+00,1.096031785e+00,1.495060563e+00,-2.088556767e+00,-2.379859924e+00,7.773780227e-01,1.445061564e+00,1.000000000e+00,1.000000000e+00,0.000000000e+00,2.000000000e+00,-4.000000000e+00,1.300000000e+01,1.000000000e+00,1.000000000e+00,-5.489141941e+00,-1.973543644e+00,1.219611540e-01,-5.485961914e+00,1.000000000e+00,4.342942646e-07,9.630271792e-01
15,13,0,1.048362851e+00,5.373114347e-01,-1.474662066e+00,1.654876590e+00,8.667507023e-02,-3.047548532e+00,-3.041278839e+00,-2.516328096e+00,-2.501253366e+00,-2.005375385e+00,-3.061618090e+00,-3.557513952e+00,1.845232844e+00,5.000000000e+00,1.100000000e+01,2.100000000e+01,0.000000000e+00,-3.400320709e-01,1.835407376e+00,3.326573670e-01,1.000000000e+00,-2.011941671e+00,-4.021158218e+00,-4.704784155e-01,1.835402012e+00,-3.507781744e+00,-2.522892952e+00,2.801446915e+00,1.845232844e+00,1.000000000e+00,1.000000000e+00,0.000000000e+00,2.000000000e+00,-4.000000000e+00,2.000000000e+01,1.000000000e+00,1.000000000e+00,-5.003096104e+00,-2.182522535e+00,-3.354804218e-01,-5.000538826e+00,1.000000000e+00,1.686323434e-01,9.572241306e-01
15,14,0,7.587902546e-01,2.743908465e-01,-1.706006765e+00,1.798883080e+00,2.548153102e-01,-2.801837921e+00,-2.796477079e+00,-2.278656244e+00,-2.280642748e+00,-1.794312000e+00,-2.743446112e+00,-3.285673618e+00,1.780504107e+00,7.000000000e+00,1.200000000e+01,2.000000000e+01,1.000000000e+00,1.541628003e+00,2.565155506e+00,4.978532791e-01,9.523809552e-01,-1.980378032e+00,-3.961324930e+00,1.179039404e-01,2.565152884e+00,-2.437093735e+00,-2.464692354e+00,2.933572531e+00,1.780504107e+00,0.000000000e+00,0.000000000e+00,0.000000000e+00,0.000000000e+00,-1.000000000e+00,-1.000000000e+00,-1.000000000e+00,0.000000000e+00,-9.999956489e-01,4.342942646e-07,1.000000000e+00,-6.989678144e-01,0.000000000e+00,4.342942646e-07,9.980499744e-01
15,15,0,7.802068591e-01,2.986376286e-01,-1.707736611e+00,1.734745383e+00,2.162316591e-01,-2.831200600e+00,-2.828268528e+00,-2.299023151e+00,-2.313519478e+00,-1.817511678e+00,-2.790930748e+00,-3.312172651e+00,1.773603797e+00,5.000000000e+00,1.100000000e+01,1.900000000e+01,0.000000000e+00,1.089884281e+00,2.362493992e+00,4.559918940e-01,1.000000000e+00,-2.006352186e+00,-4.012891769e+00,2.502387166e-01,2.362481117e+00,-2.361907959e+00,-2.487832069e+00,2.608260870e+00,1.773603797e+00,0.000000000e+00,0.000000000e+00,0.000000000e+00,0.000000000e+00,-1.000000000e+00,-1.000000000e+00,-1.000000000e+00,0.000000000e+00,-9.999956489e-01,4.342942646e-07,1.000000000e+00,-6.989678144e-01,0.000000000e+00,4.342942646e-07,9.975810051e-01
16,0,1,7.601503134e-01,3.980541229e-01,-1.616348982e+00,1.656063914e+00,1.375502050e-01,-2.991819859e+00,-2.990664959e+00,-2.528809071e+00,-2.542665720e+00,-2.166795969e+00,-2.776210546e+00,-3.353361368e+00,-1.475986719e+00,2.000000000e+00,9.000000000e+00,1.900000000e+01,1.000000000e+00,3.572036624e-01,2.345483541e+00,3.773104548e-01,9.499999881e-01,-2.014375925e+00,-4.026103973e+00,3.927706182e-01,2.345456600e+00,-2.547947407e+00,-2.376413822e+00,2.328582525e+00,1.475986719e+00,4.000000000e+00,4.000000000e+00,0.000000000e+00,3.000000000e+00,-4.000000000e+00,2.900000000e+01,1.000000000e+00,1.000000000e+00,-4.980373859e+00,-1.917661309e+00,2.040095180e-01,-4.975652218e+00,1.000000000e+00,4.342942646e-07,9.932984710e-01
16,1,0,8.127384186e-01,4.414090514e-01,-1.692222834e+00,1.544905424e+00,1.469656229e-01,-3.028383255e+00,-3.033120632e+00,-2.494995594e+00,-2.519984245e+00,-2.123744249e+00,-2.948936224e+00,-3.399086475e+00,-1.499533176e+00,4.000000000e+00,1.000000000e+01,1.500000000e+01,1.000000000e+00,1.094906569e+00,2.671255112e+00,3.688142896e-01,9.375000000e-01,-2.133594275e+00,-4.262220383e+00,-4.825410545e-01,2.671255112e+00,-3.442873478e+00,-2.504843712e+00,3.549686909e+00,1.499533176e+00,0.000000000e+00,0.000000000e+00,0.000000000e+00,0.000000000e+00,-1.000000000e+00,-1.000000000e+00,-1.000000000e+00,0.000000000e+00,-9.999956489e-01,4.342942646e-07,1.000000000e+00,-6.989678144e-01,0.000000000e+00,4.342942646e-07,9.887229204e-01
16,2,1,9.268732667e-01,8.903001547e-01,-1.219480276e+00,1.217884898e+00,-1.438423991e-01,-3.527930737e+00,-3.597035170e+00,-2.851299763e+00,-3.013182878e+00,-2.814751387e+00,-3.036230087e+00,-3.564375162e+00,4.161803126e-01,4.000000000e+00,1.000000000e+01,1.400000000e+01,1.000000000e+00,1.457091451e+00,3.543646812e+00,7.175714523e-02,9.333333373e-01,-2.109731913e+00,-4.212474823e+00,1.896226525e+00,3.543536663e+00,-2.007659912e+00,-2.146300077e+00,1.845899820e+00,4.161803126e-01,0.000000000e+00,0.000000000e+00,0.000000000e+00,0.000000000e+00,-1.000000000e+00,-1.000000000e+00,-1.000000000e+00,0.000000000e+00,-9.999956489e-01,4.342942646e-07,1.000000000e+00,-6.989678144e-01,1.000000000e+00,4.342942646e-07,3.928062506e-03
16,3,1,1.178747892e+00,1.031603575e+00,-1.098986983e+00,1.194568634e+00,-2.678286731e-01,-3.610587835e+00,-3.682573795e+00,-2.899542570e+00,-3.145101309e+00,-2.752497196e+00,-3.308576345e+00,-3.757018566e+00,8.703539968e-01,4.000000000e+00,1.000000000e+01,1.700000000e+01,0.000000000e+00,1.424316764e+00,3.465036631e+00,-3.587990999e-02,1.000000000e+00,-2.130537510e+00,-4.253454208e+00,1.901318550e+00,3.464874744e+00,-2.275911331e+00,-2.277657986e+00,1.956513762e+00,8.703539968e-01,0.000000000e+00,0.000000000e+00,0.000000000e+00,0.000000000e+00,-1.000000000e+00,-1.000000000e+00,-1.000000000e+00,0.000000000e+00,-9.999956489e-01,4.342942646e-07,1.000000000e+00,-6.989678144e-01,1.000000000e+00,4.342942646e-07,1.003261968e-05
16,4,0,1.012457728e+00,3.819447458e-01,-1.589300632e+00,1.326902628e+00,-3.482478485e-02,-3.035817146e+00,-3.036646366e+00,-2.076956272e+00,-2.159063101e+00,-1.446482658e+00,-2.985218763e+00,-3.664790392e+00,2.130960464e+00,3.000000000e+00,9.000000000e+00,1.400000000e+01,1.000000000e+00,1.688229680e+00,2.291904926e+00,1.807748228e-01,9.333333373e-01,-1.971221447e+00,-3.940638304e+00,1.187401772e+00,2.290558815e+00,-1.353658795e+00,-2.601601601e+00,1.815783978e+00,2.130960464e+00,0.000000000e+00,0.000000000e+00,0.000000000e+00,0.000000000e+00,-1.000000000e+00,-1.000000000e+00,-1.000000000e+00,0.000000000e+00,-9.999956489e-01,4.342942646e-07,1.000000000e+00,-6.989678144e-01,0.000000000e+00,4.342942646e-07,9.944080114e-01
16,5,0,1.226886630e+00,5.488584042e-01,-1.358842611e+00,1.843434691e+00,2.993668914e-01,-2.958180666e+00,-2.949097633e+00,-2.509158134e+00,-2.460079432e+00,-1.831240535e+00,-3.135656595e+00,-3.634726524e+00,2.243165970e+00,7.000000000e+00,1.200000000e+01,2.000000000e+01,0.000000000e+00,1.339414001e+00,2.500977278e+00,5.424048305e-01,1.000000000e+00,-1.907675624e+00,-3.814234018e+00,-5.362375379e-01,2.500977039e+00,-3.543780327e+00,-2.585571766e+00,3.665720224e+00,2.243165970e+00,0.000000000e+00,0.000000000e+00,0.000000000e+00,0.000000000e+00,-1.000000000e+00,-1.000000000e+00,-1.000000000e+00,0.000000000e+00,-9.999956489e-01,4.342942646e-07,1.000000000e+00,-6.989678144e-01,1.000000000e+00,4.342942646e-07,9.489409924e-01
17,0,0,6.430751085e-01,3.641479313e-01,-1.688620448e+00,1.264911056e+00,-1.974863708e-01,-2.993778229e+00,-2.998465776e+00,-2.455237150e+00,-2.485092878e+00,-2.176368713e+00,-2.697686434e+00,-3.272319794e+00,1.257665992e+00,3.000000000e+00,9.000000000e+00,1.700000000e+01,0.000000000e+00,6.695829630e-01,2.511235237e+00,3.446242586e-02,1.000000000e+00,-2.052740574e+00,-4.102088928e+00,4.019809663e-01,2.511222124e+00,-2.447270870e+00,-2.331623554e+00,2.417980433e+00,1.257665992e+00,0.000000000e+00,0.000000000e+00,0.000000000e+00,0.000000000e+00,-1.000000000e+00,-1.000000000e+00,-1.000000000e+00,0.000000000e+00,-9.999956489e-01,4.342942646e-07,1.000000000e+00,-6.989678144e-01,1.000000000e+00,4.342942646e-07,9.953872561e-01
17,1,0,4.711003900e-01,1.002400666e-01,-1.873999000e+00,1.455217123e+00,9.348944575e-02,-2.686846495e+00,-2.665619373e+00,-2.206616163e+00,-2.156355381e+00,-1.835795760e+00,-2.451763153e+00,-3.057422400e+00,1.498340011e+00,5.000000000e+00,9.000000000e+00,1.400000000e+01,1.000000000e+00,-3.027806282e-01,1.684491277e+00,3.090891242e-01,9.333333373e-01,-1.974230528e+00,-3.951158762e+00,-5.122946575e-02,1.684417963e+00,-2.307799101e+00,-2.345035791e+00,2.056169987e+00,1.498340011e+00,0.000000000e+00,0.000000000e+00,0.000000000e+00,0.000000000e+00,-1.000000000e+00,-1.000000000e+00,-1.000000000e+00,0.000000000e+00,-9.999956489e-01,4.342942646e-07,1.000000000e+00,-6.989678144e-01,0.000000000e+00,4.342942646e-07,9.994364381e-01
17,2,1,1.331031919e+00,9.300017357e-01,-1.064655423e+00,1.681887507e+00,1.378197670e-01,-3.437694550e+00,-3.447599173e+00,-2.859176159e+00,-2.883197784e+00,-2.458335400e+00,-3.324915648e+00,-3.836922646e+00,1.574557424e+00,7.000000000e+00,1.100000000e+01,2.000000000e+01,0.000000000e+00,1.301191092e+00,3.109062672e+00,3.808577359e-01,1.000000000e+00,-1.994619370e+00,-3.985246420e+00,8.977622986e-01,3.109054565e+00,-2.915411472e+00,-2.395584345e+00,2.636319637e+00,1.574557424e+00,4.000000000e+00,4.000000000e+00,0.000000000e+00,3.000000000e+00,4.000000000e+00,2.000000000e+01,1.000000000e+00,1.000000000e+00,-5.590340137e+00,-2.871710300e+00,-1.755883694e+00,-5.589984417e+00,1.000000000e+00,4.342942646e-07,8.905100985e-04
17,3,0,8.544571400e-01,3.772981167e-01,-1.532888412e+00,1.608164191e+00,2.102243900e-01,-2.906326294e+00,-2.900588512e+00,-2.449951172e+00,-2.441535711e+00,-1.972873688e+00,-2.766374350e+00,-3.382785797e+00,1.762839675e+00,7.000000000e+00,9.000000000e+00,1.500000000e+01,1.000000000e+00,1.847466826e+00,2.896648169e+00,4.320730269e-01,9.375000000e-01,-1.910165787e+00,-3.819496632e+00,-1.114159301e-01,2.896647930e+00,-2.930000305e+00,-2.387254477e+00,3.476650238e+00,1.762839675e+00,1.000000000e+00,1.000000000e+00,0.000000000e+00,1.000000000e+00,5.000000000e+00,2.300000000e+01,1.000000000e+00,1.000000000e+00,-5.261981964e+00,-1.510039449e+00,7.738629580e-01,-5.251152039e+00,1.000000000e+00,-3.974662125e-01,9.946860075e-01
17,4,0,7.922926545e-01,2.855582535e-01,-1.769727945e+00,1.591423869e+00,1.600602120e-01,-2.792776108e+00,-2.780554533e+00,-1.966348529e+00,-1.964668155e+00,-1.459641576e+00,-2.853958130e+00,-3.298915148e+00,1.834778190e+00,4.000000000e+00,1.100000000e+01,1.600000000e+01,0.000000000e+00,1.852789521e+00,2.386070013e+00,3.873039186e-01,1.000000000e+00,-2.055262327e+00,-4.111635208e+00,4.040001631e-01,2.386046648e+00,-1.846235633e+00,-2.561887741e+00,2.487084866e+00,1.834778190e+00,0.000000000e+00,0.000000000e+00,0.000000000e+00,0.000000000e+00,-1.000000000e+00,-1.000000000e+00,-1.000000000e+00,0.000000000e+00,-9.999956489e-01,4.342942646e-07,1.000000000e+00,-6.989678144e-01,0.000000000e+00,4.342942646e-07,9.978497028e-01
18,0,0,5.380849242e-01,5.036196113e-01,-1.647377133e+00,1.533557892e+00,7.116013765e-02,-3.205275536e+00,-3.256096601e+00,-2.600116730e+00,-2.769521475e+00,-2.565664530e+00,-2.689131975e+00,-3.239683390e+00,-4.036848247e-01,4.000000000e+00,1.000000000e+01,1.700000000e+01,0.000000000e+00,8.879527450e-01,3.009800673e+00,3.031090498e-01,1.000000000e+00,-2.150954723e+00,-4.293651104e+00,-1.245865107e+00,3.009800673e+00,-4.505144596e+00,-2.185414791e+00,4.455147266e+00,4.036848247e-01,0.000000000e+00,0.000000000e+00,0.000000000e+00,0.000000000e+00,-1.000000000e+00,-1.000000000e+00,-1.000000000e+00,0.000000000e+00,-9.999956489e-01,4.342942646e-07,1.000000000e+00,-6.989678144e-01,0.000000000e+00,4.342942646e-07,9.739797711e-01
18,1,1,6.288384199e-01,6.233316064e-01,-1.544744015e+00,1.231142640e+00,-2.002206147e-01,-3.268293619e+00,-3.383652925e+00,-2.518961191e+00,-2.859730959e+00,-2.513456106e+00,-2.796688080e+00,-3.273790121e+00,-1.595842689e-01,4.000000000e+00,1.000000000e+01,1.600000000e+01,0.000000000e+00,1.385155320e+00,3.206177473e+00,2.702288516e-02,1.000000000e+00,-2.168026924e+00,-4.326894760e+00,7.406211495e-01,3.206174850e+00,-2.742515802e+00,-2.173532963e+00,2.811944246e+00,1.595842689e-01,1.000000000e+00,0.000000000e+00,1.000000000e+00,3.000000000e+00,0.000000000e+00,2.000000000e+00,2.000000000e+00,1.000000000e+00,-4.963509560e+00,-2.370900631e+00,-4.021181464e-01,-4.961834431e+00,1.000000000e+00,4.342942646e-07,8.317960501e-01
18,2,0,3.529669940e-01,3.511719704e-01,-1.796978235e+00,1.341211796e+00,-5.672774091e-02,-3.083436012e+00,-3.113410234e+00,-2.211249352e+00,-2.360203266e+00,-2.209454775e+00,-2.501029968e+00,-3.085228920e+00,-9.098266065e-02,3.000000000e+00,9.000000000e+00,1.500000000e+01,0.000000000e+00,1.234833717e+00,2.826941967e+00,1.651207954e-01,1.000000000e+00,-2.148116350e+00,-4.287868977e+00,1.371127740e-02,2.826941490e+00,-2.697546959e+00,-2.149911165e+00,2.963912010e+00,9.098266065e-02,0.000000000e+00,0.000000000e+00,0.000000000e+00,0.000000000e+00,-1.000000000e+00,-1.000000000e+00,-1.000000000e+00,0.000000000e+00,-9.999956489e-01,4.342942646e-07,1.000000000e+00,-6.989678144e-01,0.000000000e+00,4.342942646e-07,9.959719777e-01
18,3,0,4.352673292e-01,4.294479489e-01,-1.701148987e+00,1.247757435e+00,-1.501820832e-01,-3.137973785e+00,-3.184307337e+00,-2.255994081e+00,-2.429366112e+00,-2.250175714e+00,-2.565777540e+00,-3.143785000e+00,-1.640707999e-01,3.000000000e+00,9.000000000e+00,1.500000000e+01,0.000000000e+00,8.826234341e-01,2.691565752e+00,7.166638225e-02,1.000000000e+00,-2.130560160e+00,-4.253434181e+00,2.019702643e-01,2.691563606e+00,-2.656763315e+00,-2.136378765e+00,2.668750048e+00,1.640707999e-01,0.000000000e+00,0.000000000e+00,0.000000000e+00,0.000000000e+00,-1.000000000e+00,-1.000000000e+00,-1.000000000e+00,0.000000000e+00,-9.999956489e-01,4.342942646e-07,1.000000000e+00,-6.989678144e-01,0.000000000e+00,4.342942646e-07,9.902797341e-01
19,0,0,6.126997471e-01,2.473287284e-01,-1.812427998e+00,1.529577374e+00,1.106369961e-02,-2.846461773e+00,-2.823691607e+00,-2.068852425e+00,-2.060839891e+00,-1.703510165e+00,-2.676981688e+00,-3.211430550e+00,-1.484351397e+00,3.000000000e+00,1.000000000e+01,1.900000000e+01,0.000000000e+00,3.016200066e-01,1.854428530e+00,2.508239150e-01,1.000000000e+00,-2.059734821e+00,-4.118529797e+00,2.012368888e-01,1.854321361e+00,-2.106926203e+00,-2.425040245e+00,2.010411024e+00,1.484351397e+00,0.000000000e+00,0.000000000e+00,0.000000000e+00,0.000000000e+00,-1.000000000e+00,-1.000000000e+00,-1.000000000e+00,0.000000000e+00,-9.999956489e-01,4.342942646e-07,1.000000000e+00,-6.989678144e-01,0.000000000e+00,4.342942646e-07,9.984458089e-01
19,1,0,5.847448111e-01,2.808814943e-01,-1.738458991e+00,1.221882939e+00,-1.398443729e-01,-2.902992010e+00,-2.900244951e+00,-2.437591076e+00,-2.452686071e+00,-2.133787632e+00,-2.606763363e+00,-3.206503630e+00,-1.324483156e+00,3.000000000e+00,9.000000000e+00,1.400000000e+01,0.000000000e+00,1.120636225e+00,2.694165707e+00,7.575519383e-02,1.000000000e+00,-2.019318819e+00,-4.036805630e+00,5.559781939e-02,2.694164515e+00,-2.677886009e+00,-2.323136091e+00,2.957421303e+00,1.324483156e+00,0.000000000e+00,0.000000000e+00,0.000000000e+00,0.000000000e+00,-1.000000000e+00,-1.000000000e+00,-1.000000000e+00,0.000000000e+00,-9.999956489e-01,4.342942646e-07,1.000000000e+00,-6.989678144e-01,0.000000000e+00,4.342942646e-07,9.979366064e-01
19,2,0,5.219186544e-01,2.290985584e-01,-1.830561161e+00,1.549925208e+00,5.856373534e-02,-2.868126392e+00,-2.856390715e+00,-2.412371397e+00,-2.416401148e+00,-2.119606495e+00,-2.585350275e+00,-3.160638094e+00,-1.295059562e+00,4.000000000e+00,9.000000000e+00,1.800000000e+01,0.000000000e+00,2.024134159e+00,3.131730795e+00,2.946527600e-01,1.000000000e+00,-2.059639215e+00,-4.117557526e+00,1.669850349e-01,3.131730556e+00,-2.478497267e+00,-2.352411270e+00,3.261519432e+00,1.295059562e+00,0.000000000e+00,0.000000000e+00,0.000000000e+00,0.000000000e+00,-1.000000000e+00,-1.000000000e+00,-1.000000000e+00,0.000000000e+00,-9.999956489e-01,4.342942646e-07,1.000000000e+00,-6.989678144e-01,0.000000000e+00,4.342942646e-07,9.986556768e-01
19,3,0,5.735540986e-01,3.028238714e-01,-1.764210224e+00,1.258235455e+00,-2.041619569e-01,-2.951391935e+00,-2.947061539e+00,-2.491191387e+00,-2.497189283e+00,-2.220523834e+00,-2.643067598e+00,-3.221786499e+00,-1.235390306e+00,3.000000000e+00,9.000000000e+00,1.700000000e+01,0.000000000e+00,5.275074244e-01,2.484349489e+00,2.778682485e-02,1.000000000e+00,-2.067008734e+00,-4.130854130e+00,-1.017050505e+00,2.484349489e+00,-3.814362764e+00,-2.337695122e+00,3.776716948e+00,1.235390306e+00,0.000000000e+00,0.000000000e+00,0.000000000e+00,0.000000000e+00,-1.000000000e+00,-1.000000000e+00,-1.000000000e+00,0.000000000e+00,-9.999956489e-01,4.342942646e-07,1.000000000e+00,-6.989678144e-01,0.000000000e+00,4.342942646e-07,9.974862337e-01
19,4,1,7.427150607e-01,5.244901180e-01,-1.480709910e+00,1.671353817e+00,4.409050047e-01,-2.961879969e+00,-3.024045467e+00,-1.783139348e+00,-1.910057664e+00,-1.564924717e+00,-2.753440142e+00,-3.179845333e+00,-1.088157654e+00,1.000000000e+00,7.000000000e+00,1.100000000e+01,0.000000000e+00,9.242652059e-01,2.027074099e+00,6.299611926e-01,1.000000000e+00,-2.005169153e+00,-4.011699677e+00,-6.919706464e-01,2.027073145e+00,-3.125975132e+00,-2.223365545e+00,3.064024687e+00,1.088157654e+00,2.000000000e+00,1.000000000e+00,1.000000000e+00,3.000000000e+00,-2.000000000e+00,1.000000000e+00,1.000000000e+00,1.000000000e+00,-4.931785107e+00,-2.061692238e+00,-1.054907814e-01,-4.928353310e+00,1.000000000e+00,6.333534718e-01,9.647211432e-01
19,5,0,4.211442769e-01,2.716621757e-01,-1.824116945e+00,1.447978854e+00,-1.441879664e-02,-2.977018118e+00,-2.975123405e+00,-2.503075838e+00,-2.518923759e+00,-2.353633881e+00,-2.518647432e+00,-3.126331091e+00,-8.780063391e-01,3.000000000e+00,9.000000000e+00,1.700000000e+01,0.000000000e+00,-7.677016854e-01,1.969906569e+00,2.175300717e-01,1.000000000e+00,-2.095753908e+00,-4.186727047e+00,1.529544443e-01,1.969856143e+00,-2.637586355e+00,-2.245213747e+00,1.982136369e+00,8.780063391e-01,0.000000000e+00,0.000000000e+00,0.000000000e+00,0.000000000e+00,-1.000000000e+00,-1.000000000e+00,-1.000000000e+00,0.000000000e+00,-9.999956489e-01,4.342942646e-07,1.000000000e+00,-6.989678144e-01,0.000000000e+00,4.342942646e-07,9.980953336e-01
19,6,0,6.481111050e-01,5.072932243e-01,-1.598439932e+00,1.543397427e+00,5.203593522e-02,-3.197240829e+00,-3.217809200e+00,-2.679294109e+00,-2.776216507e+00,-2.538533688e+00,-2.754283428e+00,-3.337796926e+00,8.494302630e-01,4.000000000e+00,1.000000000e+01,1.800000000e+01,0.000000000e+00,1.235388637e+00,3.156378269e+00,2.881250083e-01,1.000000000e+00,-2.105695009e+00,-4.205148220e+00,-1.473237574e-01,3.156378269e+00,-3.429923296e+00,-2.246491432e+00,3.541130304e+00,8.494302630e-01,1.000000000e+00,0.000000000e+00,1.000000000e+00,3.000000000e+00,2.000000000e+00,8.000000000e+00,1.000000000e+00,1.000000000e+00,-4.864292145e+00,-1.978198171e+00,2.642020285e-01,-4.860080242e+00,1.000000000e+00,4.342942646e-07,9.725708961e-01
19,7,0,4.714491367e-01,3.502839506e-01,-1.794605970e+00,1.314057589e+00,-4.766987637e-02,-3.045989752e+00,-3.070600510e+00,-2.492920876e+00,-2.557693243e+00,-2.371788502e+00,-2.617659330e+00,-3.166999578e+00,7.821545005e-01,3.000000000e+00,9.000000000e+00,1.400000000e+01,0.000000000e+00,1.804351687e+00,3.274066687e+00,1.679297239e-01,1.000000000e+00,-2.144856215e+00,-4.282896042e+00,-3.046863973e-01,3.274066448e+00,-3.212112904e+00,-2.266001940e+00,3.764396906e+00,7.821545005e-01,0.000000000e+00,0.000000000e+00,0.000000000e+00,0.000000000e+00,-1.000000000e+00,-1.000000000e+00,-1.000000000e+00,0.000000000e+00,-9.999956489e-01,4.342942646e-07,1.000000000e+00,-6.989678144e-01,0.000000000e+00,4.342942646e-07,9.960086346e-01
20,0,1,8.746204376e-01,8.140556812e-01,-1.279240727e+00,1.213159204e+00,-2.182039320e-01,-3.520777225e+00,-3.528833866e+00,-2.665550947e+00,-2.742153883e+00,-2.605012178e+00,-2.967595339e+00,-3.581126451e+00,5.404765606e-01,3.000000000e+00,9.000000000e+00,1.600000000e+01,0.000000000e+00,1.154653788e+00,3.182515383e+00,9.039545432e-03,1.000000000e+00,-2.093250751e+00,-4.180058479e+00,7.330268621e-01,3.182512760e+00,-2.823133469e+00,-2.153807640e+00,2.586647987e+00,5.404765606e-01,4.000000000e+00,0.000000000e+00,4.000000000e+00,3.000000000e+00,1.000000000e+00,5.000000000e+00,1.000000000e+00,1.000000000e+00,-5.588021278e+00,-2.579296112e+00,-9.745932221e-01,-5.587321281e+00,1.000000000e+00,4.342942646e-07,4.590295255e-02
20,1,1,9.744401574e-01,6.484189630e-01,-1.415527701e+00,1.690673709e+00,1.721599847e-01,-3.221317291e+00,-3.234761000e+00,-2.615708113e+00,-2.663322687e+00,-2.289781570e+00,-3.038782597e+00,-3.546530724e+00,1.382801890e+00,5.000000000e+00,1.000000000e+01,1.900000000e+01,0.000000000e+00,1.176717043e+00,2.878258944e+00,4.119201899e-01,1.000000000e+00,-2.063907623e+00,-4.122972488e+00,1.020890355e+00,2.878217220e+00,-2.290966511e+00,-2.389872551e+00,2.230964422e+00,1.382801890e+00,4.000000000e+00,4.000000000e+00,0.000000000e+00,3.000000000e+00,4.000000000e+00,9.000000000e+00,1.000000000e+00,1.000000000e+00,-5.153151989e+00,-1.749605417e+00,6.442540884e-01,-5.146572590e+00,1.000000000e+00,4.342942646e-07,7.500340343e-01
20,2,0,7.235767841e-01,4.141939878e-01,-1.647405744e+00,1.300549030e+00,-9.739055485e-02,-3.035716295e+00,-3.037992239e+00,-2.560764074e+00,-2.594232321e+00,-2.251461744e+00,-2.786745787e+00,-3.344609737e+00,1.339096665e+00,3.000000000e+00,9.000000000e+00,1.500000000e+01,0.000000000e+00,6.606908441e-01,2.581887245e+00,1.244579777e-01,1.000000000e+00,-2.061568975e+00,-4.119300365e+00,1.710938960e-01,2.581883907e+00,-2.837204695e+00,-2.370899677e+00,2.753538847e+00,1.339096665e+00,0.000000000e+00,0.000000000e+00,0.000000000e+00,0.000000000e+00,-1.000000000e+00,-1.000000000e+00,-1.000000000e+00,0.000000000e+00,-9.999956489e-01,4.342942646e-07,1.000000000e+00,-6.989678144e-01,0.000000000e+00,4.342942646e-07,9.919126034e-01
20,3,0,8.918931484e-01,3.543682396e-01,-1.667127013e+00,1.664811015e+00,1.734495312e-01,-2.858940601e+00,-2.856684923e+00,-2.340179205e+00,-2.344991446e+00,-1.802721500e+00,-2.917281866e+00,-3.395698071e+00,1.909115553e+00,5.000000000e+00,1.200000000e+01,1.800000000e+01,0.000000000e+00,1.777067780e+00,2.691283464e+00,4.095386267e-01,1.000000000e+00,-2.021469831e+00,-4.042447567e+00,-7.569576800e-02,2.691282988e+00,-2.774893284e+00,-2.558882952e+00,3.309203386e+00,1.909115553e+00,0.000000000e+00,0.000000000e+00,0.000000000e+00,0.000000000e+00,-1.000000000e+00,-1.000000000e+00,-1.000000000e+00,0.000000000e+00,-9.999956489e-01,4.342942646e-07,1.000000000e+00,-6.989678144e-01,0.000000000e+00,4.342942646e-07,9.958367348e-01
20,4,0,1.006499052e+00,4.356902838e-01,-1.588006735e+00,1.618588567e+00,1.000748873e-01,-2.842484474e+00,-2.863106728e+00,-2.371618986e+00,-2.397838831e+00,-1.800884724e+00,-3.034370899e+00,-3.412471533e+00,1.988930821e+00,7.000000000e+00,1.100000000e+01,1.900000000e+01,0.000000000e+00,-2.468177795e+00,5.676615834e-01,3.398350775e-01,1.000000000e+00,-2.023667812e+00,-4.047187328e+00,-6.092424989e-01,5.666979551e-01,-3.441679239e+00,-2.594351768e+00,1.772535920e+00,1.988930821e+00,0.000000000e+00,0.000000000e+00,0.000000000e+00,0.000000000e+00,-1.000000000e+00,-1.000000000e+00,-1.000000000e+00,0.000000000e+00,-9.999956489e-01,4.342942646e-07,1.000000000e+00,-6.989678144e-01,1.000000000e+00,4.342942646e-07,9.895011783e-01
21,0,1,6.471733451e-01,5.665462017e-01,-1.592198253e+00,1.210462928e+00,-1.874765307e-01,-3.276228905e+00,-3.286482811e+00,-2.758668184e+00,-2.779536009e+00,-2.678083181e+00,-2.806036234e+00,-3.356688738e+00,-6.283630133e-01,4.000000000e+00,9.000000000e+00,1.500000000e+01,0.000000000e+00,8.605061769e-01,3.108597279e+00,3.437193856e-02,1.000000000e+00,-2.158698797e+00,-4.308965206e+00,1.519729972e+00,3.108453035e+00,-1.826584458e+00,-2.239313126e+00,1.690222263e+00,6.283630133e-01,2.000000000e+00,0.000000000e+00,2.000000000e+00,3.000000000e+00,-1.000000000e+00,0.000000000e+00,1.000000000e+00,1.000000000e+00,-5.597208977e+00,-1.767291427e+00,7.978592515e-01,-5.592746258e+00,1.000000000e+00,4.342942646e-07,9.326519370e-01
21,1,0,5.618200898e-01,4.648997486e-01,-1.607295275e+00,1.479466319e+00,4.810275882e-02,-3.186432123e+00,-3.191146851e+00,-2.696150541e+00,-2.741487503e+00,-2.599273443e+00,-2.634303093e+00,-3.283185720e+00,-6.931869984e-01,4.000000000e+00,1.000000000e+01,1.600000000e+01,0.000000000e+00,1.914544821e+00,3.556718349e+00,2.753463984e-01,1.000000000e+00,-2.072161198e+00,-4.138862133e+00,2.160203010e-01,3.556718349e+00,-2.990182161e+00,-2.169068813e+00,3.482833862e+00,6.931869984e-01,0.000000000e+00,0.000000000e+00,0.000000000e+00,0.000000000e+00,-1.000000000e+00,-1.000000000e+00,-1.000000000e+00,0.000000000e+00,-9.999956489e-01,4.342942646e-07,1.000000000e+00,-6.989678144e-01,0.000000000e+00,4.342942646e-07,9.847303033e-01
21,2,0,2.698975503e-01,2.363135517e-01,-1.885629892e+00,1.382088780e+00,-8.030881733e-02,-2.945385933e+00,-2.951735258e+00,-2.330564260e+00,-2.371077538e+00,-2.296987057e+00,-2.392480373e+00,-2.978939295e+00,-3.983561099e-01,4.000000000e+00,1.000000000e+01,1.700000000e+01,0.000000000e+00,9.779723287e-01,2.786078453e+00,1.516400129e-01,1.000000000e+00,-2.121919155e+00,-4.237104416e+00,1.029229760e+00,2.786011934e+00,-1.578246593e+00,-2.155498505e+00,1.830878973e+00,3.983561099e-01,0.000000000e+00,0.000000000e+00,0.000000000e+00,0.000000000e+00,-1.000000000e+00,-1.000000000e+00,-1.000000000e+00,0.000000000e+00,-9.999956489e-01,4.342942646e-07,1.000000000e+00,-6.989678144e-01,0.000000000e+00,4.342942646e-07,9.985773563e-01
21,3,1,8.680024147e-01,8.494866490e-01,-1.315869808e+00,1.500688553e+00,1.027487367e-01,-3.465723991e+00,-3.564540148e+00,-2.651302576e+00,-2.967483521e+00,-2.632795095e+00,-3.032930613e+00,-3.484184265e+00,-2.940864265e-01,4.000000000e+00,1.000000000e+01,1.500000000e+01,1.000000000e+00,8.669013977e-01,3.066523552e+00,3.245973289e-01,9.375000000e-01,-2.165301800e+00,-4.321559429e+00,1.430658102e+00,3.066407442e+00,-2.386609554e+00,-2.183814764e+00,1.970639467e+00,2.940864265e-01,3.000000000e+00,0.000000000e+00,3.000000000e+00,3.000000000e+00,-1.000000000e+00,0.000000000e+00,2.000000000e+00,1.000000000e+00,-4.632265568e+00,-2.495539188e+00,-6.578390002e-01,-4.630939960e+00,1.000000000e+00,4.342942646e-07,1.563959569e-02
21,4,0,4.588357806e-01,3.925927877e-01,-1.710825920e+00,1.406961441e+00,-2.440200932e-02,-3.114368916e+00,-3.132828951e+00,-2.623559952e+00,-2.671505690e+00,-2.557342529e+00,-2.562648058e+00,-3.180518866e+00,-5.664649606e-01,3.000000000e+00,9.000000000e+00,1.600000000e+01,0.000000000e+00,1.174628019e+00,3.144813776e+00,2.028415799e-01,1.000000000e+00,-2.103385925e+00,-4.200466633e+00,3.172298074e-01,3.144813299e+00,-2.746829987e+00,-2.169619799e+00,2.941695690e+00,5.664649606e-01,1.000000000e+00,0.000000000e+00,1.000000000e+00,3.000000000e+00,-1.000000000e+00,0.000000000e+00,1.000000000e+00,1.000000000e+00,-4.461151123e+00,-3.573543310e+00,-2.943314075e+00,-4.461039066e+00,1.000000000e+00,4.342942646e-07,9.937019348e-01
21,5,0,2.673875093e-01,2.662196159e-01,-1.615831971e+00,6.537948251e-01,-1.913026273e-01,-2.950097322e+00,-2.975012302e+00,-2.291087151e+00,-2.460594177e+00,-2.289919615e+00,-2.149404049e+00,-2.951264143e+00,-7.337103784e-02,4.000000000e+00,6.000000000e+00,6.000000000e+00,1.000000000e+00,1.296043634e+00,2.938026190e+00,-1.243559346e-01,8.571428657e-01,-1.882036090e+00,-3.761631250e+00,7.864751667e-02,2.938025951e+00,-2.648098707e+00,-1.883203864e+00,3.029989481e+00,7.337103784e-02,0.000000000e+00,0.000000000e+00,0.000000000e+00,0.000000000e+00,-1.000000000e+00,-1.000000000e+00,-1.000000000e+00,0.000000000e+00,-9.999956489e-01,4.342942646e-07,1.000000000e+00,-6.989678144e-01,0.000000000e+00,4.342942646e-07,9.981818199e-01
21,6,0,6.815912127e-01,6.793222427e-01,-1.461722970e+00,1.505736828e+00,7.437334955e-02,-3.285119772e+00,-3.433814764e+00,-2.483456135e+00,-2.883779526e+00,-2.481187820e+00,-2.822370052e+00,-3.287384510e+00,-1.023098826e-01,4.000000000e+00,1.000000000e+01,1.600000000e+01,0.000000000e+00,1.000157714e+00,2.981399298e+00,3.016170263e-01,1.000000000e+00,-2.140997648e+00,-4.273888111e+00,3.041322231e-01,2.981398106e+00,-3.258513689e+00,-2.143266439e+00,3.079893589e+00,1.023098826e-01,0.000000000e+00,0.000000000e+00,0.000000000e+00,0.000000000e+00,-1.000000000e+00,-1.000000000e+00,-1.000000000e+00,0.000000000e+00,-9.999956489e-01,4.342942646e-07,1.000000000e+00,-6.989678144e-01,0.000000000e+00,4.342942646e-07,6.088137031e-01
21,7,0,3.248917162e-01,3.173158765e-01,-1.778040409e+00,9.622074962e-01,7.965341210e-03,-1.838378072e+00,-2.535989046e+00,-1.441988647e-01,-1.021654606e+00,-1.366230696e-01,-2.394045353e+00,-1.845953345e+00,-1.873265952e-01,0.000000000e+00,4.000000000e+00,7.000000000e+00,0.000000000e+00,2.542379618e+00,2.133388758e+00,1.171097308e-01,1.000000000e+00,-2.095328331e+00,-4.158344746e+00,2.129283905e+00,1.269608617e+00,7.903090119e-01,-2.102903128e+00,2.536058985e-02,1.873265952e-01,0.000000000e+00,0.000000000e+00,0.000000000e+00,0.000000000e+00,-1.000000000e+00,-1.000000000e+00,-1.000000000e+00,0.000000000e+00,-9.999956489e-01,4.342942646e-07,1.000000000e+00,-6.989678144e-01,0.000000000e+00,4.342942646e-07,9.971202612e-01
22,0,0,1.199532747e+00,4.351049364e-01,-1.057562232e+00,9.913418889e-01,-5.005035177e-02,-3.269991875e+00,-3.028337479e+00,-2.666233063e+00,-2.479429245e+00,-1.901971817e+00,-2.692068100e+00,-4.030544758e+00,-2.445826530e+00,8.000000000e+00,6.000000000e+00,8.000000000e+00,0.000000000e+00,1.052754998e+00,2.428397655e+00,8.825217932e-02,1.000000000e+00,-1.492658615e+00,-2.985001564e+00,3.419488370e-01,2.428383112e+00,-2.572553873e+00,-2.257021427e+00,2.663928270e+00,2.445826530e+00,0.000000000e+00,0.000000000e+00,0.000000000e+00,0.000000000e+00,-1.000000000e+00,-1.000000000e+00,-1.000000000e+00,0.000000000e+00,-9.999956489e-01,4.342942646e-07,1.000000000e+00,-6.989678144e-01,0.000000000e+00,4.342942646e-07,9.895771742e-01
22,1,0,1.276449203e+00,5.511326194e-01,-1.273553610e+00,1.739815474e+00,2.213017642e-01,-2.944858074e+00,-2.937243700e+00,-2.428308010e+00,-2.412248135e+00,-1.703085780e+00,-3.101754665e+00,-3.668528080e+00,-2.354273081e+00,8.000000000e+00,1.200000000e+01,1.900000000e+01,0.000000000e+00,6.621372104e-01,2.034177065e+00,4.610619545e-01,1.000000000e+00,-1.824665189e+00,-3.648610830e+00,-7.070432305e-01,2.034176350e+00,-3.668509007e+00,-2.549856901e+00,3.449903011e+00,2.354273081e+00,1.000000000e+00,1.000000000e+00,0.000000000e+00,1.000000000e+00,-5.000000000e+00,2.200000000e+01,1.000000000e+00,1.000000000e+00,-4.458226204e+00,-1.452435970e+00,7.756909132e-01,-4.443593025e+00,1.000000000e+00,4.342942646e-07,9.471101761e-01
22,2,0,3.264963031e-01,2.065809816e-01,-1.869373679e+00,1.583643198e+00,2.614240348e-01,-2.928061724e+00,-2.900682926e+00,-2.106816292e+00,-2.115382910e+00,-1.986914277e+00,-2.404174566e+00,-3.047859907e+00,-7.777451277e-01,3.000000000e+00,8.000000000e+00,1.300000000e+01,0.000000000e+00,1.627585649e+00,2.800749302e+00,4.696998596e-01,1.000000000e+00,-2.075934887e+00,-4.147630692e+00,-6.984043866e-02,2.800748825e+00,-2.391754150e+00,-2.195833921e+00,2.999006510e+00,7.777451277e-01,0.000000000e+00,0.000000000e+00,0.000000000e+00,0.000000000e+00,-1.000000000e+00,-1.000000000e+00,-1.000000000e+00,0.000000000e+00,-9.999956489e-01,4.342942646e-07,1.000000000e+00,-6.989678144e-01,0.000000000e+00,4.342942646e-07,9.988671541e-01
22,3,0,3.791292310e-01,3.172558844e-01,-1.810376167e+00,1.196994543e+00,-2.009448856e-01,-3.073519468e+00,-3.038130760e+00,-2.510388613e+00,-2.420819044e+00,-2.448533773e+00,-2.507271290e+00,-3.135313988e+00,-5.465558767e-01,3.000000000e+00,9.000000000e+00,1.500000000e+01,0.000000000e+00,1.547247887e+00,3.222279787e+00,2.090360224e-02,1.000000000e+00,-2.127601862e+00,-4.248182297e+00,5.045882612e-02,3.222279549e+00,-2.687519073e+00,-2.189466238e+00,3.143996954e+00,5.465558767e-01,0.000000000e+00,0.000000000e+00,0.000000000e+00,0.000000000e+00,-1.000000000e+00,-1.000000000e+00,-1.000000000e+00,0.000000000e+00,-9.999956489e-01,4.342942646e-07,1.000000000e+00,-6.989678144e-01,0.000000000e+00,4.342942646e-07,9.971218705e-01
22,4,0,1.045888066e+00,3.739214838e-01,-1.567791820e+00,1.561774135e+00,1.770633459e-02,-2.793787003e+00,-2.802493334e+00,-2.296613932e+00,-2.355569839e+00,-1.624714851e+00,-2.991299868e+00,-3.464756012e+00,2.228886366e+00,8.000000000e+00,1.200000000e+01,2.000000000e+01,0.000000000e+00,1.134754539e+00,2.192111015e+00,2.607442439e-01,1.000000000e+00,-1.941691160e+00,-3.884227276e+00,-6.124736667e-01,2.192110300e+00,-3.341111422e+00,-2.613517523e+00,3.535117626e+00,2.228886366e+00,0.000000000e+00,0.000000000e+00,0.000000000e+00,0.000000000e+00,-1.000000000e+00,-1.000000000e+00,-1.000000000e+00,0.000000000e+00,-9.999956489e-01,4.342942646e-07,1.000000000e+00,-6.989678144e-01,0.000000000e+00,9.696210027e-01,9.948776960e-01
22,5,1,1.166737556e+00,4.167831540e-01,-1.471481562e+00,1.559709907e+00,1.564211585e-02,-2.802159786e+00,-2.803890467e+00,-2.360008955e+00,-2.356578827e+00,-1.610136271e+00,-3.057659388e+00,-3.550843000e+00,2.411978483e+00,9.000000000e+00,1.200000000e+01,2.000000000e+01,0.000000000e+00,1.078811646e+00,2.149563789e+00,2.586800158e-01,1.000000000e+00,-1.888243675e+00,-3.777088165e+00,-2.128549963e-01,2.149559736e+00,-2.985895634e+00,-2.638042927e+00,3.108777761e+00,2.411978483e+00,3.000000000e+00,3.000000000e+00,0.000000000e+00,2.000000000e+00,-5.000000000e+00,2.000000000e+01,3.000000000e+00,1.000000000e+00,-4.606243610e+00,-1.767247915e+00,2.569800317e-01,-4.599179268e+00,1.000000000e+00,4.342942646e-07,9.916598201e-01
23,0,0,1.061920643e+00,4.553955793e-01,-1.544896483e+00,1.591262341e+00,7.274861634e-02,-2.923779011e+00,-2.914686680e+00,-2.473140478e+00,-2.443377018e+00,-1.866712451e+00,-3.064745903e+00,-3.529197216e+00,-2.074052095e+00,7.000000000e+00,1.100000000e+01,1.900000000e+01,1.000000000e+00,1.390320659e+00,2.561904907e+00,3.125088215e-01,9.499999881e-01,-2.000263691e+00,-3.999279261e+00,-4.240095019e-01,2.561904669e+00,-3.321991205e+00,-2.606656790e+00,3.562348604e+00,2.074052095e+00,0.000000000e+00,0.000000000e+00,0.000000000e+00,0.000000000e+00,-1.000000000e+00,-1.000000000e+00,-1.000000000e+00,0.000000000e+00,-9.999956489e-01,4.342942646e-07,1.000000000e+00,-6.989678144e-01,0.000000000e+00,4.342942646e-07,9.865173101e-01
23,1,0,7.865021229e-01,2.932558954e-01,-1.700322509e+00,1.529390931e+00,1.087732520e-02,-2.824801207e+00,-2.814012527e+00,-2.371469259e+00,-2.367495060e+00,-1.878292084e+00,-2.784092188e+00,-3.317434788e+00,-1.802040219e+00,4.000000000e+00,1.100000000e+01,1.900000000e+01,0.000000000e+00,3.472663462e-01,2.056276560e+00,2.506374717e-01,1.000000000e+00,-1.993557334e+00,-3.987216949e+00,1.227508426e+00,2.051445484e+00,-1.433331847e+00,-2.486713171e+00,1.313202381e+00,1.802040219e+00,0.000000000e+00,0.000000000e+00,0.000000000e+00,0.000000000e+00,-1.000000000e+00,-1.000000000e+00,-1.000000000e+00,0.000000000e+00,-9.999956489e-01,4.342942646e-07,1.000000000e+00,-6.989678144e-01,1.000000000e+00,4.342942646e-07,9.976963401e-01
23,2,0,4.897549748e-01,2.669804692e-01,-1.718247294e+00,1.236482143e+00,-2.548788488e-01,-2.931158543e+00,-2.927865744e+00,-2.455979824e+00,-2.478510380e+00,-2.233255148e+00,-2.476656914e+00,-3.153684616e+00,1.101275444e+00,4.000000000e+00,9.000000000e+00,1.800000000e+01,0.000000000e+00,-4.907106876e+00,-2.357891947e-01,-1.878999546e-02,1.000000000e+00,-1.985208392e+00,-3.968226910e+00,-1.103819370e+00,-2.398135960e-01,-3.846386433e+00,-2.207954884e+00,1.107664824e+00,1.101275444e+00,0.000000000e+00,0.000000000e+00,0.000000000e+00,0.000000000e+00,-1.000000000e+00,-1.000000000e+00,-1.000000000e+00,0.000000000e+00,-9.999956489e-01,4.342942646e-07,1.000000000e+00,-6.989678144e-01,0.000000000e+00,4.342942646e-07,9.981700182e-01
23,3,1,1.190043926e+00,9.237954021e-01,-1.117682099e+00,1.574220777e+00,1.428572685e-01,-3.491819382e+00,-3.495843410e+00,-2.862797737e+00,-2.954663277e+00,-2.596694231e+00,-3.230985880e+00,-3.756929159e+00,1.223139167e+00,4.000000000e+00,1.000000000e+01,1.600000000e+01,0.000000000e+00,1.949186563e+00,3.571459293e+00,3.701009154e-01,1.000000000e+00,-2.041435480e+00,-4.077937126e+00,5.024256110e-01,3.571459293e+00,-3.375392437e+00,-2.307643414e+00,3.427099228e+00,1.223139167e+00,4.000000000e+00,4.000000000e+00,0.000000000e+00,3.000000000e+00,4.000000000e+00,3.000000000e+01,1.000000000e+00,1.000000000e+00,-5.410859108e+00,-2.728376150e+00,-1.375861645e+00,-5.410256863e+00,1.000000000e+00,4.342942646e-07,1.133523765e-03
23,4,0,6.797529459e-01,3.732569516e-01,-1.655390501e+00,9.941868186e-01,-2.362613827e-01,-2.636809111e+00,-2.745756865e+00,-1.070925713e+00,-1.451926589e+00,-7.644321322e-01,-2.719256639e+00,-2.943112612e+00,1.331461072e+00,0.000000000e+00,6.000000000e+00,1.100000000e+01,0.000000000e+00,1.077193856e+00,1.325067401e+00,-4.720541462e-02,1.000000000e+00,-2.028620720e+00,-4.063344479e+00,8.266847730e-01,1.302008152e+00,-9.985065460e-01,-2.335069180e+00,1.162825823e+00,1.331461072e+00,0.000000000e+00,0.000000000e+00,0.000000000e+00,0.000000000e+00,-1.000000000e+00,-1.000000000e+00,-1.000000000e+00,0.000000000e+00,-9.999956489e-01,4.342942646e-07,1.000000000e+00,-6.989678144e-01,1.000000000e+00,4.342942646e-07,9.949144125e-01
23,5,0,6.192722917e-01,2.765303850e-01,-1.735035777e+00,1.284772396e+00,-1.465908140e-01,-2.883102417e+00,-2.877228737e+00,-2.359240294e+00,-2.364029884e+00,-2.016552448e+00,-2.633808851e+00,-3.225445986e+00,1.426242471e+00,4.000000000e+00,1.000000000e+01,1.600000000e+01,0.000000000e+00,7.987481356e-01,2.415972948e+00,8.065271378e-02,1.000000000e+00,-2.011545181e+00,-4.021723270e+00,-1.259015948e-01,2.415971279e+00,-2.766309023e+00,-2.354233503e+00,2.889271975e+00,1.426242471e+00,0.000000000e+00,0.000000000e+00,0.000000000e+00,0.000000000e+00,-1.000000000e+00,-1.000000000e+00,-1.000000000e+00,0.000000000e+00,-9.999956489e-01,4.342942646e-07,1.000000000e+00,-6.989678144e-01,0.000000000e+00,4.342942646e-07,9.980134964e-01
23,6,0,6.857427359e-01,3.584839702e-01,-1.668923974e+00,1.316634178e+00,-1.457633227e-01,-2.971970797e+00,-2.966382980e+00,-2.443577051e+00,-2.442784071e+00,-2.116382360e+00,-2.715140581e+00,-3.298772097e+00,1.386033177e+00,5.000000000e+00,1.000000000e+01,1.700000000e+01,0.000000000e+00,-1.311187506e+00,1.460850477e+00,8.618547767e-02,1.000000000e+00,-2.027381897e+00,-4.052127361e+00,-6.606490016e-01,1.460838079e+00,-3.460782528e+00,-2.354588747e+00,2.447403669e+00,1.386033177e+00,0.000000000e+00,0.000000000e+00,0.000000000e+00,0.000000000e+00,-1.000000000e+00,-1.000000000e+00,-1.000000000e+00,0.000000000e+00,-9.999956489e-01,4.342942646e-07,1.000000000e+00,-6.989678144e-01,0.000000000e+00,3.161521256e-01,9.956543446e-01
23,7,1,8.697420955e-01,4.814526439e-01,-1.541036248e+00,1.756678462e+00,2.653169930e-01,-3.024873018e+00,-3.057461500e+00,-2.425930500e+00,-2.598495722e+00,-2.037709475e+00,-2.893649340e+00,-3.412498236e+00,1.542501807e+00,5.000000000e+00,1.000000000e+01,1.800000000e+01,0.000000000e+00,1.950241327e+00,3.012877941e+00,5.014061332e-01,1.000000000e+00,-2.022458076e+00,-4.041941643e+00,2.669217885e-01,3.012877464e+00,-2.812916517e+00,-2.410681486e+00,3.306773901e+00,1.542501807e+00,5.000000000e+00,5.000000000e+00,0.000000000e+00,3.000000000e+00,5.000000000e+00,5.000000000e+00,1.000000000e+00,1.000000000e+00,-4.407888412e+00,-1.998964190e+00,3.833036125e-02,-4.403667450e+00,1.000000000e+00,4.342942646e-07,9.809201956e-01
23,8,0,7.629504800e-01,3.553816080e-01,-1.723388076e+00,1.464830637e+00,-7.923695445e-02,-2.931674004e+00,-2.924700260e+00,-2.408458233e+00,-2.401355505e+00,-2.000957012e+00,-2.845093012e+00,-3.338665724e+00,1.590940118e+00,5.000000000e+00,1.100000000e+01,2.000000000e+01,0.000000000e+00,1.973994136e+00,2.987997770e+00,1.638008207e-01,1.000000000e+00,-2.078740597e+00,-4.154989243e+00,-6.381458044e-01,2.987997770e+00,-3.393916845e+00,-2.486228466e+00,4.026134014e+00,1.590940118e+00,0.000000000e+00,0.000000000e+00,0.000000000e+00,0.000000000e+00,-1.000000000e+00,-1.000000000e+00,-1.000000000e+00,0.000000000e+00,-9.999956489e-01,4.342942646e-07,1.000000000e+00,-6.989678144e-01,0.000000000e+00,4.342942646e-07,9.957927465e-01
23,9,0,7.197253108e-01,2.808618546e-01,-1.759779572e+00,1.495994091e+00,-4.807364196e-02,-2.835678816e+00,-2.829515457e+00,-2.377365112e+00,-2.374470234e+00,-1.938567519e+00,-2.764991760e+00,-3.274023056e+00,1.668759584e+00,5.000000000e+00,1.100000000e+01,2.000000000e+01,1.000000000e+00,1.797617078e+00,2.837413788e+00,1.949642152e-01,9.523809552e-01,-2.040618658e+00,-4.080921650e+00,-3.335653245e-01,2.837413549e+00,-2.988577604e+00,-2.479398727e+00,3.606725931e+00,1.668759584e+00,0.000000000e+00,0.000000000e+00,0.000000000e+00,0.000000000e+00,-1.000000000e+00,-1.000000000e+00,-1.000000000e+00,0.000000000e+00,-9.999956489e-01,4.342942646e-07,1.000000000e+00,-6.989678144e-01,0.000000000e+00,4.342942646e-07,9.979369640e-01
24,0,0,7.400731444e-01,2.969259918e-01,-1.498556614e+00,1.447743535e+00,1.255244017e-01,-2.840312243e+00,-2.818707228e+00,-2.279145479e+00,-2.270360708e+00,-1.836050987e+00,-2.536914587e+00,-3.282926321e+00,1.679341435e+00,7.000000000e+00,7.000000000e+00,1.300000000e+01,0.000000000e+00,-1.911108494e-01,1.740673184e+00,3.338002563e-01,1.000000000e+00,-1.795468807e+00,-3.590791225e+00,1.890483350e-01,1.740501881e+00,-2.378215551e+00,-2.238568068e+00,1.985762358e+00,1.679341435e+00,0.000000000e+00,0.000000000e+00,0.000000000e+00,0.000000000e+00,-1.000000000e+00,-1.000000000e+00,-1.000000000e+00,0.000000000e+00,-9.999956489e-01,4.342942646e-07,1.000000000e+00,-6.989678144e-01,0.000000000e+00,4.342942646e-07,9.976183772e-01
24,1,0,9.593254924e-01,4.827139974e-01,-1.504267097e+00,1.495352983e+00,-7.284839451e-02,-3.016452312e+00,-3.008793116e+00,-2.491564989e+00,-2.481873751e+00,-2.015043259e+00,-2.947643995e+00,-3.492164135e+00,1.761502266e+00,6.000000000e+00,1.200000000e+01,2.100000000e+01,0.000000000e+00,1.103835583e+00,2.567005873e+00,1.731338054e-01,1.000000000e+00,-1.986952662e+00,-3.971611261e+00,-7.839761376e-01,2.567005873e+00,-3.746269941e+00,-2.463479996e+00,3.817101479e+00,1.761502266e+00,0.000000000e+00,0.000000000e+00,0.000000000e+00,0.000000000e+00,-1.000000000e+00,-1.000000000e+00,-1.000000000e+00,0.000000000e+00,-9.999956489e-01,4.342942646e-07,1.000000000e+00,-6.989678144e-01,0.000000000e+00,4.342942646e-07,9.805876017e-01
24,2,1,1.064789176e+00,5.690327883e-01,-1.471629620e+00,1.692115188e+00,1.239137053e-01,-3.061969995e+00,-2.998688698e+00,-2.539113522e+00,-2.360378027e+00,-2.043459654e+00,-3.106463671e+00,-3.556659937e+00,1.808140993e+00,6.000000000e+00,1.200000000e+01,2.100000000e+01,0.000000000e+00,-1.324081421e+00,1.532577753e+00,3.698960245e-01,1.000000000e+00,-2.040627480e+00,-4.077680111e+00,1.440067410e+00,1.302680254e+00,-1.489429593e+00,-2.536282301e+00,1.795796305e-01,1.808140993e+00,3.000000000e+00,3.000000000e+00,0.000000000e+00,1.000000000e+00,5.000000000e+00,1.000000000e+00,1.000000000e+00,1.000000000e+00,-4.463261604e+00,-1.856832504e+00,3.556292355e-01,-4.457437992e+00,1.000000000e+00,4.342942646e-07,9.299438596e-01
24,3,0,8.259710073e-01,2.444889843e-01,-1.752160788e+00,1.403078318e+00,-1.154352278e-01,-2.731798887e+00,-2.725567818e+00,-2.289611578e+00,-2.280937910e+00,-1.708191633e+00,-2.829293728e+00,-3.312622547e+00,2.014420986e+00,6.000000000e+00,1.100000000e+01,1.900000000e+01,0.000000000e+00,1.044441342e+00,2.230434656e+00,1.243248582e-01,1.000000000e+00,-1.996631145e+00,-3.995965958e+00,-8.940499425e-01,2.230434656e+00,-3.418423176e+00,-2.577991962e+00,3.696645260e+00,2.014420986e+00,0.000000000e+00,0.000000000e+00,0.000000000e+00,0.000000000e+00,-1.000000000e+00,-1.000000000e+00,-1.000000000e+00,0.000000000e+00,-9.999956489e-01,4.342942646e-07,1.000000000e+00,-6.989678144e-01,0.000000000e+00,4.342942646e-07,9.984812140e-01
24,4,1,1.683990002e+00,1.005676985e+00,-8.468349576e-01,1.527643085e+00,-4.055820033e-02,-3.385040283e+00,-3.364772320e+00,-2.901828051e+00,-2.785677195e+00,-2.223788977e+00,-3.534979343e+00,-4.059400558e+00,2.243836403e+00,8.000000000e+00,1.200000000e+01,2.100000000e+01,0.000000000e+00,-3.854672611e-01,2.040782213e+00,2.054240257e-01,1.000000000e+00,-1.852483988e+00,-3.702799320e+00,1.376928091e+00,2.030323982e+00,-2.414578676e+00,-2.530680656e+00,1.215465665e+00,2.243836403e+00,4.000000000e+00,4.000000000e+00,0.000000000e+00,1.000000000e+00,5.000000000e+00,8.000000000e+00,1.000000000e+00,1.000000000e+00,-5.113537788e+00,-1.585306644e+00,5.121034980e-01,-5.103828430e+00,1.000000000e+00,4.342942646e-07,3.489440132e-05
25,0,1,1.177978039e+00,4.435565770e-01,-1.420203805e+00,1.833411455e+00,2.893435955e-01,-2.846420527e+00,-2.835464478e+00,-2.332270622e+00,-2.315480232e+00,-1.597925186e+00,-3.043509722e+00,-3.579494715e+00,-2.375611305e+00,8.000000000e+00,1.200000000e+01,2.000000000e+01,0.000000000e+00,1.341065526e+00,2.268524647e+00,5.323815346e-01,1.000000000e+00,-1.863739729e+00,-3.727458477e+00,4.555688202e-01,2.268473387e+00,-2.303470373e+00,-2.598021030e+00,2.530500650e+00,2.375611305e+00,4.000000000e+00,4.000000000e+00,0.000000000e+00,2.000000000e+00,5.000000000e+00,2.000000000e+01,3.000000000e+00,1.000000000e+00,-4.099915981e+00,-1.897309422e+00,-5.607176945e-02,-4.094517708e+00,1.000000000e+00,1.334926724e+00,9.884133935e-01
25,1,0,1.170505404e+00,4.437068999e-01,-1.268097878e+00,1.411469698e+00,2.975264490e-01,-3.029970407e+00,-3.069205046e+00,-2.373793125e+00,-2.481363773e+00,-1.647077799e+00,-2.882592201e+00,-3.754758358e+00,-2.357747078e+00,8.000000000e+00,7.000000000e+00,9.000000000e+00,0.000000000e+00,1.397081137e+00,2.345652103e+00,4.572272599e-01,1.000000000e+00,-1.711790204e+00,-3.423079014e+00,2.626031339e-01,2.345637321e+00,-2.662399530e+00,-2.438492060e+00,2.917361021e+00,2.357747078e+00,4.000000000e+00,4.000000000e+00,0.000000000e+00,2.000000000e+00,5.000000000e+00,2.000000000e+01,3.000000000e+00,1.000000000e+00,-1.441363811e+00,-1.909188628e+00,-3.840500414e-01,-1.436044097e+00,1.000000000e+00,1.325360179e+00,9.883913398e-01
25,2,0,6.595407724e-01,3.996891677e-01,-1.646133661e+00,1.300593138e+00,-9.734643251e-02,-3.020932674e+00,-3.018254519e+00,-2.534414291e+00,-2.567559004e+00,-2.274629831e+00,-2.706906557e+00,-3.280411243e+00,1.205562115e+00,3.000000000e+00,9.000000000e+00,1.500000000e+01,0.000000000e+00,4.074687064e-01,2.478453636e+00,1.245021001e-01,1.000000000e+00,-2.045793772e+00,-4.088077068e+00,3.217096925e-01,2.478442907e+00,-2.645506859e+00,-2.305605888e+00,2.449665070e+00,1.205562115e+00,0.000000000e+00,0.000000000e+00,0.000000000e+00,0.000000000e+00,-1.000000000e+00,-1.000000000e+00,-1.000000000e+00,0.000000000e+00,-9.999956489e-01,4.342942646e-07,1.000000000e+00,-6.989678144e-01,0.000000000e+00,4.342942646e-07,9.931716919e-01
25,3,0,7.573839426e-01,4.684976041e-01,-1.601720095e+00,1.429816484e+00,-6.154477224e-02,-3.095398426e+00,-3.100781202e+00,-2.613802433e+00,-2.650784254e+00,-2.325002670e+00,-2.828746319e+00,-3.383774042e+00,1.284515738e+00,5.000000000e+00,1.000000000e+01,1.800000000e+01,0.000000000e+00,1.677785516e+00,3.163987398e+00,1.745441854e-01,1.000000000e+00,-2.070183992e+00,-4.135910988e+00,-1.100146413e+00,3.163987398e+00,-4.212486267e+00,-2.359021902e+00,4.587581635e+00,1.284515738e+00,1.000000000e+00,1.000000000e+00,0.000000000e+00,2.000000000e+00,-4.000000000e+00,2.900000000e+01,4.000000000e+00,1.000000000e+00,-5.715031147e+00,-1.706368208e+00,7.449368238e-01,-5.710941792e+00,1.000000000e+00,4.342942646e-07,9.839831591e-01
25,4,0,1.091738343e+00,4.432635009e-01,-1.473766327e+00,1.630717039e+00,8.664928377e-02,-3.269652843e+00,-3.164259911e+00,-2.582874537e+00,-2.478541613e+00,-1.934528589e+00,-3.008755922e+00,-3.915348053e+00,2.173452139e+00,7.000000000e+00,1.100000000e+01,2.000000000e+01,0.000000000e+00,1.440256953e+00,2.654702187e+00,3.296871781e-01,1.000000000e+00,-1.917006612e+00,-3.831546783e+00,4.571835995e-01,2.654693604e+00,-2.464625835e+00,-2.565357685e+00,2.741570950e+00,2.173452139e+00,1.000000000e+00,1.000000000e+00,0.000000000e+00,2.000000000e+00,-5.000000000e+00,2.600000000e+01,3.000000000e+00,1.000000000e+00,-4.197165012e+00,-2.648322582e+00,-1.460980654e+00,-4.196205616e+00,1.000000000e+00,1.335140586e+00,9.884562492e-01
25,5,0,1.199490547e+00,4.995433390e-01,-1.415082574e+00,1.695098162e+00,2.037366629e-01,-3.098879099e+00,-3.202686310e+00,-2.368088722e+00,-2.553526640e+00,-1.668222547e+00,-3.114355564e+00,-3.796644449e+00,2.294728041e+00,8.000000000e+00,1.100000000e+01,1.800000000e+01,0.000000000e+00,1.520478725e+00,2.428496122e+00,4.398257434e-01,1.000000000e+00,-1.914601326e+00,-3.827140808e+00,3.356894255e-01,2.428481817e+00,-2.717309475e+00,-2.614405394e+00,2.978160381e+00,2.294728041e+00,0.000000000e+00,0.000000000e+00,0.000000000e+00,0.000000000e+00,-1.000000000e+00,-1.000000000e+00,-1.000000000e+00,0.000000000e+00,-9.999956489e-01,4.342942646e-07,1.000000000e+00,-6.989678144e-01,0.000000000e+00,4.342942646e-07,9.754477739e-01
26,0,1,1.340215564e+00,8.996570110e-01,-1.211420536e+00,1.258901000e+00,-2.324600220e-01,-3.439071178e+00,-3.451189041e+00,-2.857396364e+00,-2.914452553e+00,-2.417037249e+00,-3.450464249e+00,-3.877536774e+00,-1.672948480e+00,4.000000000e+00,1.100000000e+01,1.800000000e+01,0.000000000e+00,1.540107369e+00,3.187205076e+00,3.628867911e-03,1.000000000e+00,-2.111028671e+00,-4.215370655e+00,5.090165138e-01,3.187204123e+00,-3.304573298e+00,-2.551488400e+00,3.175736189e+00,1.672948480e+00,5.000000000e+00,5.000000000e+00,0.000000000e+00,2.000000000e+00,4.000000000e+00,3.100000000e+01,1.000000000e+00,1.000000000e+00,-5.504486561e+00,-1.930514336e+00,3.713187873e-01,-5.501032829e+00,1.000000000e+00,4.342942646e-07,2.803661162e-03
26,1,1,9.596838951e-01,7.695373893e-01,-1.310749054e+00,1.199216485e+00,-2.631807923e-01,-3.378982782e+00,-3.395239592e+00,-2.769378185e+00,-2.859944344e+00,-2.579322338e+00,-3.039710522e+00,-3.568558693e+00,-1.005307198e+00,4.000000000e+00,1.000000000e+01,1.700000000e+01,0.000000000e+00,1.545244098e+00,3.352109194e+00,-3.123203479e-02,1.000000000e+00,-2.080243111e+00,-4.154554367e+00,-2.448108643e-01,3.352109194e+00,-3.871366262e+00,-2.270360947e+00,3.877139807e+00,1.005307198e+00,1.000000000e+00,1.000000000e+00,0.000000000e+00,2.000000000e+00,3.000000000e+00,3.000000000e+01,1.000000000e+00,1.000000000e+00,-5.002698421e+00,-2.182109118e+00,-2.094504535e-01,-5.000138283e+00,1.000000000e+00,4.342942646e-07,1.462485194e-01
26,2,0,6.118642688e-01,4.808136523e-01,-1.618616819e+00,1.382966876e+00,-7.943073660e-02,-3.137185812e+00,-3.182184458e+00,-2.540260315e+00,-2.649980307e+00,-2.409249067e+00,-2.711909771e+00,-3.268026829e+00,-8.164548874e-01,4.000000000e+00,1.000000000e+01,1.700000000e+01,0.000000000e+00,1.503352642e+00,3.161133051e+00,1.525181234e-01,1.000000000e+00,-2.099393845e+00,-4.192893505e+00,1.571419239e+00,3.160989523e+00,-1.559553027e+00,-2.230425358e+00,1.830378890e+00,8.164548874e-01,1.000000000e+00,1.000000000e+00,0.000000000e+00,2.000000000e+00,3.000000000e+00,3.000000000e+01,1.000000000e+00,1.000000000e+00,-5.533339024e+00,-2.730400801e+00,-1.260747313e+00,-5.532807827e+00,1.000000000e+00,4.342942646e-07,9.810861945e-01
26,3,0,3.994488418e-01,2.767867446e-01,-1.851138473e+00,1.052355409e+00,-3.455837369e-01,-2.978028297e+00,-2.995956421e+00,-2.475694656e+00,-2.545095205e+00,-2.353064537e+00,-2.529132366e+00,-3.100555897e+00,-7.874134183e-01,3.000000000e+00,9.000000000e+00,1.500000000e+01,0.000000000e+00,8.340179324e-01,2.770171881e+00,-1.237353608e-01,1.000000000e+00,-2.127897739e+00,-4.249994278e+00,9.164755046e-02,2.770170927e+00,-2.730153561e+00,-2.250540733e+00,2.870485544e+00,7.874134183e-01,0.000000000e+00,0.000000000e+00,0.000000000e+00,0.000000000e+00,-1.000000000e+00,-1.000000000e+00,-1.000000000e+00,0.000000000e+00,-9.999956489e-01,4.342942646e-07,1.000000000e+00,-6.989678144e-01,0.000000000e+00,4.342942646e-07,9.980091453e-01
26,4,0,5.742979050e-01,4.777123928e-01,-1.608167052e+00,1.415141106e+00,-1.622232236e-02,-3.184117794e+00,-3.206009388e+00,-2.633573294e+00,-2.748164415e+00,-2.537024975e+00,-2.660485506e+00,-3.280538082e+00,-6.919010878e-01,4.000000000e+00,1.000000000e+01,1.600000000e+01,0.000000000e+00,9.467505813e-01,3.010550022e+00,2.110212743e-01,1.000000000e+00,-2.085844040e+00,-4.165873528e+00,-1.136080742e+00,3.010550022e+00,-4.352320194e+00,-2.182416439e+00,4.354553699e+00,6.919010878e-01,0.000000000e+00,0.000000000e+00,0.000000000e+00,0.000000000e+00,-1.000000000e+00,-1.000000000e+00,-1.000000000e+00,0.000000000e+00,-9.999956489e-01,4.342942646e-07,1.000000000e+00,-6.989678144e-01,0.000000000e+00,4.342942646e-07,9.818689227e-01
26,5,0,9.233652353e-01,3.031406999e-01,-1.143958330e+00,1.043650270e+00,8.940811455e-02,-2.772548437e+00,-2.698067427e+00,-2.250241518e+00,-2.196473598e+00,-1.630075336e+00,-2.370827675e+00,-3.391958237e+00,2.106576204e+00,7.000000000e+00,5.000000000e+00,7.000000000e+00,0.000000000e+00,9.947725534e-01,2.127483606e+00,1.985525042e-01,1.000000000e+00,-1.447092772e+00,-2.894328833e+00,-2.721763551e-01,2.127480030e+00,-2.771602631e+00,-2.067279100e+00,2.965977430e+00,2.106576204e+00,0.000000000e+00,0.000000000e+00,0.000000000e+00,0.000000000e+00,-1.000000000e+00,-1.000000000e+00,-1.000000000e+00,0.000000000e+00,-9.999956489e-01,4.342942646e-07,1.000000000e+00,-6.989678144e-01,0.000000000e+00,4.342942646e-07,9.974789023e-01
26,6,0,1.057571411e+00,3.921916187e-01,-1.528440237e+00,1.516070008e+00,-2.799771726e-02,-2.823831558e+00,-2.819048643e+00,-2.367589951e+00,-2.365872383e+00,-1.702289224e+00,-2.981043100e+00,-3.488162756e+00,2.213358402e+00,8.000000000e+00,1.200000000e+01,2.000000000e+01,0.000000000e+00,9.924921393e-01,2.198565006e+00,2.150401324e-01,1.000000000e+00,-1.920610070e+00,-3.841508389e+00,-1.819241047e-02,2.198556900e+00,-2.776098013e+00,-2.585858822e+00,2.880306482e+00,2.213358402e+00,1.000000000e+00,1.000000000e+00,0.000000000e+00,1.000000000e+00,5.000000000e+00,3.500000000e+01,1.000000000e+00,1.000000000e+00,-5.794120789e+00,-1.596301436e+00,6.709426641e-01,-5.789987087e+00,1.000000000e+00,4.342942646e-07,9.937304258e-01
27,0,0,7.953565717e-01,2.143943161e-01,-1.783824444e+00,1.240816116e+00,-2.776970863e-01,-2.692212820e+00,-2.686922073e+00,-2.233641624e+00,-2.222774029e+00,-1.652733922e+00,-2.801691294e+00,-3.272574902e+00,-2.013180733e+00,6.000000000e+00,1.100000000e+01,1.900000000e+01,0.000000000e+00,8.877413273e-01,2.096652508e+00,-3.793708980e-02,1.000000000e+00,-1.998201728e+00,-4.000485420e+00,1.703020930e-01,2.096621990e+00,-2.266858339e+00,-2.579042435e+00,2.496364117e+00,2.013180733e+00,0.000000000e+00,0.000000000e+00,0.000000000e+00,0.000000000e+00,-1.000000000e+00,-1.000000000e+00,-1.000000000e+00,0.000000000e+00,-9.999956489e-01,4.342942646e-07,1.000000000e+00,-6.989678144e-01,0.000000000e+00,4.342942646e-07,9.987989664e-01
27,1,1,1.173279762e+00,6.533840895e-01,-1.264793038e+00,1.963884234e+00,6.851307154e-01,-3.070874453e+00,-3.109930277e+00,-2.401408911e+00,-2.650791168e+00,-1.881589293e+00,-3.091938257e+00,-3.589590311e+00,-1.866617560e+00,4.000000000e+00,6.000000000e+00,1.200000000e+01,1.000000000e+00,2.098251581e+00,2.930765390e+00,8.847029805e-01,9.230769277e-01,-1.918148994e+00,-3.834404230e+00,8.847097158e-01,2.930747747e+00,-2.419545889e+00,-2.437961817e+00,2.815375805e+00,1.866617560e+00,0.000000000e+00,0.000000000e+00,0.000000000e+00,0.000000000e+00,-1.000000000e+00,-1.000000000e+00,-1.000000000e+00,0.000000000e+00,-9.999956489e-01,4.342942646e-07,1.000000000e+00,-6.989678144e-01,0.000000000e+00,4.342942646e-07,7.303593755e-01
27,2,0,9.043775797e-01,4.274951220e-01,-1.599818230e+00,1.941236496e+00,3.730349541e-01,-2.947921038e+00,-2.916672468e+00,-2.442909718e+00,-2.361386299e+00,-1.966107488e+00,-2.934584856e+00,-3.424034357e+00,-1.762164235e+00,7.000000000e+00,1.200000000e+01,2.100000000e+01,0.000000000e+00,1.686185479e+00,2.809242725e+00,6.190173030e-01,1.000000000e+00,-2.027284384e+00,-4.052977085e+00,3.686939776e-01,2.809239864e+00,-2.420172930e+00,-2.504074335e+00,2.835841656e+00,1.762164235e+00,0.000000000e+00,0.000000000e+00,0.000000000e+00,0.000000000e+00,-1.000000000e+00,-1.000000000e+00,-1.000000000e+00,0.000000000e+00,-9.999956489e-01,4.342942646e-07,1.000000000e+00,-6.989678144e-01,0.000000000e+00,4.342942646e-07,9.905091524e-01
27,3,0,7.736864686e-01,3.391087949e-01,-1.691341519e+00,1.254437089e+00,-2.079603076e-01,-3.031051159e+00,-3.047912836e+00,-2.229502678e+00,-2.303032637e+00,-1.794971228e+00,-2.805724621e+00,-3.464827299e+00,-1.658155918e+00,5.000000000e+00,9.000000000e+00,1.700000000e+01,0.000000000e+00,2.014756680e+00,2.802382231e+00,2.398844808e-02,1.000000000e+00,-2.030425072e+00,-4.057797909e+00,5.315648317e-01,2.802376032e+00,-2.110607624e+00,-2.464922667e+00,2.778906822e+00,1.658155918e+00,0.000000000e+00,0.000000000e+00,0.000000000e+00,0.000000000e+00,-1.000000000e+00,-1.000000000e+00,-1.000000000e+00,0.000000000e+00,-9.999956489e-01,4.342942646e-07,1.000000000e+00,-6.989678144e-01,1.000000000e+00,4.342942646e-07,9.964364767e-01
28,0,0,4.973019361e-01,4.340431988e-01,-1.666756511e+00,1.289223909e+00,-7.250349224e-02,-3.087815762e+00,-3.093942642e+00,-2.155339479e+00,-2.228510380e+00,-2.092089176e+00,-2.598673820e+00,-3.150990963e+00,5.529315472e-01,3.000000000e+00,9.000000000e+00,1.400000000e+01,0.000000000e+00,7.545725703e-01,2.469444513e+00,1.430960596e-01,1.000000000e+00,-2.100764990e+00,-4.195498466e+00,5.605258346e-01,2.469411373e+00,-2.102046251e+00,-2.164015293e+00,2.045306683e+00,5.529315472e-01,0.000000000e+00,0.000000000e+00,0.000000000e+00,0.000000000e+00,-1.000000000e+00,-1.000000000e+00,-1.000000000e+00,0.000000000e+00,-9.999956489e-01,4.342942646e-07,1.000000000e+00,-6.989678144e-01,0.000000000e+00,4.342942646e-07,9.897135496e-01
28,1,0,2.973288596e-01,1.671255380e-01,-1.941361427e+00,1.350068927e+00,-4.787069932e-02,-2.885547400e+00,-2.884966850e+00,-2.418660879e+00,-2.444189072e+00,-2.288486958e+00,-2.408475876e+00,-3.015634298e+00,8.135531545e-01,3.000000000e+00,9.000000000e+00,1.500000000e+01,1.000000000e+00,1.180130839e+00,2.878636837e+00,1.739778370e-01,9.375000000e-01,-2.108468771e+00,-4.212638378e+00,4.931000248e-02,2.878636360e+00,-2.561967134e+00,-2.238652706e+00,2.984957695e+00,8.135531545e-01,0.000000000e+00,0.000000000e+00,0.000000000e+00,0.000000000e+00,-1.000000000e+00,-1.000000000e+00,-1.000000000e+00,0.000000000e+00,-9.999956489e-01,4.342942646e-07,1.000000000e+00,-6.989678144e-01,0.000000000e+00,4.342942646e-07,9.991430044e-01
28,2,0,5.823745728e-01,3.958131671e-01,-1.623877406e+00,1.621706724e+00,1.903431267e-01,-3.064908981e+00,-3.068578005e+00,-2.511767149e+00,-2.535976171e+00,-2.325254917e+00,-2.602923632e+00,-3.251199722e+00,9.944671988e-01,4.000000000e+00,9.000000000e+00,1.600000000e+01,0.000000000e+00,1.337322354e+00,2.994008303e+00,4.175868034e-01,1.000000000e+00,-2.019663334e+00,-4.035691261e+00,7.380836457e-02,2.994008064e+00,-2.857817411e+00,-2.206200361e+00,3.130852699e+00,9.944671988e-01,1.000000000e+00,1.000000000e+00,0.000000000e+00,2.000000000e+00,-3.000000000e+00,1.300000000e+01,2.000000000e+00,1.000000000e+00,-4.641611576e+00,-2.112849236e+00,-1.930650771e-01,-4.638421059e+00,1.000000000e+00,3.879774809e-01,9.934676290e-01
28,3,0,3.925839365e-01,1.829308122e-01,-1.833745718e+00,1.471943378e+00,9.545595385e-03,-2.853409052e+00,-2.849441051e+00,-2.384168148e+00,-2.398136139e+00,-2.174555302e+00,-2.412026405e+00,-3.062870026e+00,1.063223720e+00,4.000000000e+00,1.000000000e+01,1.700000000e+01,0.000000000e+00,5.026192665e-01,2.425931215e+00,2.414945364e-01,1.000000000e+00,-2.016660929e+00,-4.031565189e+00,-5.267788097e-02,2.425928831e+00,-2.633666754e+00,-2.226286173e+00,2.702109098e+00,1.063223720e+00,0.000000000e+00,0.000000000e+00,0.000000000e+00,0.000000000e+00,-1.000000000e+00,-1.000000000e+00,-1.000000000e+00,0.000000000e+00,-9.999956489e-01,4.342942646e-07,1.000000000e+00,-6.989678144e-01,0.000000000e+00,4.342942646e-07,9.990445971e-01
28,4,1,1.114736557e+00,8.989592791e-01,-1.164680719e+00,1.377632141e+00,-5.373116955e-02,-3.489802122e+00,-3.547398567e+00,-2.861753702e+00,-3.023590803e+00,-2.646100044e+00,-3.177893162e+00,-3.704716921e+00,1.081067324e+00,4.000000000e+00,1.000000000e+01,1.600000000e+01,0.000000000e+00,-3.300100565e-01,2.481316328e+00,1.735123843e-01,1.000000000e+00,-2.063596010e+00,-4.121672153e+00,5.899632573e-01,2.481280565e+00,-3.332111597e+00,-2.279340982e+00,2.268956900e+00,1.081067324e+00,3.000000000e+00,2.000000000e+00,1.000000000e+00,3.000000000e+00,2.000000000e+00,5.000000000e+00,1.000000000e+00,1.000000000e+00,-5.223672867e+00,-2.642055988e+00,-1.159171820e+00,-5.222849846e+00,1.000000000e+00,4.342942646e-07,2.875819802e-03
28,5,0,5.669909120e-01,3.360737562e-01,-1.626895666e+00,8.871412873e-01,-1.542508304e-01,-2.657450914e+00,-2.660041332e+00,-1.088823080e+00,-1.353663206e+00,-8.579080105e-01,-2.543849230e+00,-2.888229847e+00,1.124564052e+00,0.000000000e+00,5.000000000e+00,8.000000000e+00,0.000000000e+00,2.717792392e-01,1.311625838e+00,-1.594832167e-02,1.000000000e+00,-1.962947845e+00,-3.936232090e+00,1.277832866e+00,8.909843564e-01,-4.119125307e-01,-2.193837166e+00,1.089130640e-01,1.124564052e+00,0.000000000e+00,0.000000000e+00,0.000000000e+00,0.000000000e+00,-1.000000000e+00,-1.000000000e+00,-1.000000000e+00,0.000000000e+00,-9.999956489e-01,4.342942646e-07,1.000000000e+00,-6.989678144e-01,0.000000000e+00,4.342942646e-07,9.965428710e-01
28,6,0,5.327621102e-01,2.531531453e-01,-1.857318163e+00,1.447397232e+00,1.251781136e-01,-2.898055315e+00,-2.873805285e+00,-2.325020075e+00,-2.261095762e+00,-2.045454741e+00,-2.647223473e+00,-3.177354097e+00,1.259511471e+00,3.000000000e+00,8.000000000e+00,1.300000000e+01,0.000000000e+00,1.840863943e+00,2.967078924e+00,3.334539533e-01,1.000000000e+00,-2.110446453e+00,-4.217924118e+00,1.927799106e+00,2.965259075e+00,-5.865269899e-01,-2.390004873e+00,1.253131151e+00,1.259511471e+00,0.000000000e+00,0.000000000e+00,0.000000000e+00,0.000000000e+00,-1.000000000e+00,-1.000000000e+00,-1.000000000e+00,0.000000000e+00,-9.999956489e-01,4.342942646e-07,1.000000000e+00,-6.989678144e-01,0.000000000e+00,4.342942646e-07,9.983699918e-01
28,7,0,1.116110682e+00,3.539108932e-01,-1.540341020e+00,1.603982091e+00,3.735333085e-01,-2.738791227e+00,-2.721510649e+00,-2.296173573e+00,-2.251018524e+00,-1.534044743e+00,-3.014249563e+00,-3.499854088e+00,2.440618277e+00,9.000000000e+00,8.000000000e+00,1.100000000e+01,0.000000000e+00,8.037173152e-01,1.935920715e+00,5.625894666e-01,1.000000000e+00,-1.894232631e+00,-3.790167570e+00,-5.179003477e-01,1.935918093e+00,-3.122332335e+00,-2.656269789e+00,3.170601130e+00,2.440618277e+00,1.000000000e+00,1.000000000e+00,0.000000000e+00,1.000000000e+00,5.000000000e+00,3.100000000e+01,1.000000000e+00,1.000000000e+00,-4.493824959e+00,-1.635475636e+00,5.378869176e-01,-4.484193325e+00,1.000000000e+00,4.342942646e-07,9.958564639e-01
28,8,0,1.104782581e+00,2.735541761e-01,-1.180223107e+00,5.970385075e-01,-4.443531036e-01,-2.608878613e+00,-2.597283602e+00,-2.167267323e+00,-2.168601990e+00,-1.336092949e+00,-2.559428692e+00,-3.439088345e+00,2.601638317e+00,8.000000000e+00,7.000000000e+00,8.000000000e+00,0.000000000e+00,-7.355896831e-01,9.686592817e-01,-3.060507178e-01,1.000000000e+00,-1.453771353e+00,-2.908235550e+00,-4.212417603e-01,9.682984948e-01,-2.863145828e+00,-2.284928560e+00,2.221936226e+00,2.601638317e+00,0.000000000e+00,0.000000000e+00,0.000000000e+00,0.000000000e+00,-1.000000000e+00,-1.000000000e+00,-1.000000000e+00,0.000000000e+00,-9.999956489e-01,4.342942646e-07,1.000000000e+00,-6.989678144e-01,0.000000000e+00,4.342942646e-07,9.980641007e-01
29,0,0,9.146498442e-01,3.574482799e-01,-1.608126760e+00,1.528064728e+00,-1.600291952e-02,-2.810661793e+00,-2.846185684e+00,-2.221407890e+00,-2.322657108e+00,-1.664258242e+00,-2.884015799e+00,-3.367131948e+00,-1.956362605e+00,7.000000000e+00,1.100000000e+01,2.000000000e+01,0.000000000e+00,1.564312458e+00,2.446437120e+00,2.270349413e-01,1.000000000e+00,-1.965552449e+00,-3.931565523e+00,-7.667275611e-03,2.446434498e+00,-2.687652349e+00,-2.522649527e+00,3.112479210e+00,1.956362605e+00,0.000000000e+00,0.000000000e+00,0.000000000e+00,0.000000000e+00,-1.000000000e+00,-1.000000000e+00,-1.000000000e+00,0.000000000e+00,-9.999956489e-01,4.342942646e-07,1.000000000e+00,-6.989678144e-01,0.000000000e+00,4.342942646e-07,9.957011342e-01
29,1,0,9.608953595e-01,3.769307137e-01,-1.603626013e+00,1.400973797e+00,-1.175397187e-01,-2.851089239e+00,-2.842100620e+00,-2.307815790e+00,-2.290829420e+00,-1.723916173e+00,-2.944686174e+00,-3.434180260e+00,-2.020343304e+00,7.000000000e+00,1.100000000e+01,1.900000000e+01,2.000000000e+00,-2.038028091e-01,1.622058153e+00,1.222203523e-01,9.047619104e-01,-1.980532527e+00,-3.960761309e+00,-3.717206120e-01,1.622035861e+00,-3.039091110e+00,-2.564379454e+00,2.560532808e+00,2.020343304e+00,1.000000000e+00,1.000000000e+00,0.000000000e+00,1.000000000e+00,-5.000000000e+00,1.300000000e+01,1.000000000e+00,1.000000000e+00,-5.148252010e+00,-1.642151237e+00,6.968353987e-01,-5.139827728e+00,1.000000000e+00,4.342942646e-07,9.947073460e-01
29,2,0,5.530293584e-01,3.310628533e-01,-1.682917595e+00,1.650702715e+00,2.193391025e-01,-2.991508245e+00,-2.996428490e+00,-2.522391558e+00,-2.556710005e+00,-2.300482988e+00,-2.568414211e+00,-3.213190556e+00,-1.098951340e+00,4.000000000e+00,1.000000000e+01,1.600000000e+01,0.000000000e+00,2.749952488e-02,2.314320087e+00,4.465827644e-01,1.000000000e+00,-2.013956547e+00,-4.024923325e+00,-3.304760158e-01,2.314318895e+00,-3.217688799e+00,-2.235893011e+00,2.900758028e+00,1.098951340e+00,0.000000000e+00,0.000000000e+00,0.000000000e+00,0.000000000e+00,-1.000000000e+00,-1.000000000e+00,-1.000000000e+00,0.000000000e+00,-9.999956489e-01,4.342942646e-07,1.000000000e+00,-6.989678144e-01,0.000000000e+00,4.342942646e-07,9.967100620e-01
29,3,1,7.749179006e-01,5.901821852e-01,-1.355167150e+00,1.489103675e+00,9.116382897e-02,-3.222933531e+00,-3.256917715e+00,-2.619438648e+00,-2.725689411e+00,-2.434765577e+00,-2.720403194e+00,-3.407284975e+00,-9.889220595e-01,4.000000000e+00,9.000000000e+00,1.500000000e+01,0.000000000e+00,3.354788423e-01,2.602635145e+00,3.130125105e-01,1.000000000e+00,-1.945320845e+00,-3.887706280e+00,5.396566987e-01,2.602618933e+00,-2.776186466e+00,-2.130036354e+00,2.353932381e+00,9.889220595e-01,2.000000000e+00,1.000000000e+00,1.000000000e+00,3.000000000e+00,-2.000000000e+00,2.000000000e+00,1.000000000e+00,1.000000000e+00,-5.359263420e+00,-2.355616808e+00,-8.245307207e-01,-5.357789040e+00,1.000000000e+00,4.342942646e-07,9.016624689e-01
29,4,1,1.130480528e+00,1.109154344e+00,-1.025309086e+00,1.352634192e+00,-1.097633839e-01,-3.568483114e+00,-3.723811626e+00,-2.779132605e+00,-3.159758568e+00,-2.757818937e+00,-3.264165401e+00,-3.589728594e+00,-3.159570694e-01,5.000000000e+00,1.000000000e+01,1.700000000e+01,0.000000000e+00,3.133208156e-01,2.914737701e+00,1.221854612e-01,1.000000000e+00,-2.134408951e+00,-4.260958195e+00,7.695512772e-01,2.914726496e+00,-3.498618126e+00,-2.155732155e+00,2.547386885e+00,3.159570694e-01,3.000000000e+00,0.000000000e+00,3.000000000e+00,3.000000000e+00,-1.000000000e+00,3.000000000e+00,2.000000000e+00,1.000000000e+00,-5.812271595e+00,-2.066279888e+00,1.437631398e-01,-5.810965538e+00,1.000000000e+00,4.342942646e-07,1.496655244e-07
29,5,0,1.077713609e+00,4.956575334e-01,-1.408931494e+00,1.453733444e+00,9.200579673e-02,-2.890948772e+00,-2.907816410e+00,-2.419068575e+00,-2.440559149e+00,-1.837096334e+00,-2.984102011e+00,-3.472053051e+00,2.015790462e+00,6.000000000e+00,8.000000000e+00,1.400000000e+01,1.000000000e+00,1.934550643e+00,2.804802179e+00,3.076055050e-01,9.333333373e-01,-1.904565096e+00,-3.808603048e+00,1.451604843e+00,2.804374933e+00,-1.484718323e+00,-2.486523151e+00,1.956318617e+00,2.015790462e+00,0.000000000e+00,0.000000000e+00,0.000000000e+00,0.000000000e+00,-1.000000000e+00,-1.000000000e+00,-1.000000000e+00,0.000000000e+00,-9.999956489e-01,4.342942646e-07,1.000000000e+00,-6.989678144e-01,1.000000000e+00,4.342942646e-07,9.767600894e-01
29,6,0,1.154049516e+00,4.822684228e-01,-1.361423492e+00,1.425914288e+00,-5.449128337e-03,-2.887379885e+00,-2.887588024e+00,-2.079692841e+00,-2.094044685e+00,-1.407952785e+00,-2.999042749e+00,-3.557924032e+00,2.228449106e+00,5.000000000e+00,1.000000000e+01,1.600000000e+01,2.000000000e+00,2.000951767e+00,2.408666611e+00,2.217944860e-01,8.888888955e-01,-1.843671441e+00,-3.687010765e+00,9.276169538e-01,2.408429623e+00,-1.648730636e+00,-2.515340805e+00,2.166941166e+00,2.228449106e+00,0.000000000e+00,0.000000000e+00,0.000000000e+00,0.000000000e+00,-1.000000000e+00,-1.000000000e+00,-1.000000000e+00,0.000000000e+00,-9.999956489e-01,4.342942646e-07,1.000000000e+00,-6.989678144e-01,0.000000000e+00,4.342942646e-07,9.807057381e-01
30,0,1,1.394106984e+00,8.302481771e-01,-1.102021694e+00,1.493294835e+00,-2.521873452e-02,-3.289386749e+00,-3.267489433e+00,-2.697784424e+00,-2.658468962e+00,-2.134083271e+00,-3.325621605e+00,-3.850999594e+00,-1.972306252e+00,7.000000000e+00,1.100000000e+01,1.900000000e+01,0.000000000e+00,8.028585315e-01,2.535744905e+00,2.145413905e-01,1.000000000e+00,-1.932238221e+00,-3.861541510e+00,1.006869078e+00,2.535554647e+00,-2.481914282e+00,-2.495998144e+00,2.053190708e+00,1.972306252e+00,4.000000000e+00,4.000000000e+00,0.000000000e+00,2.000000000e+00,5.000000000e+00,2.700000000e+01,3.000000000e+00,1.000000000e+00,-5.622817039e+00,-1.603623748e+00,6.791781783e-01,-5.616583347e+00,1.000000000e+00,4.342942646e-07,2.848758921e-02
30,1,0,7.748954892e-01,3.411281705e-01,-1.610279918e+00,1.925524116e+00,6.950752735e-01,-2.890851021e+00,-2.883569479e+00,-2.351244688e+00,-2.349133968e+00,-1.917538762e+00,-2.728492737e+00,-3.324039459e+00,-1.656149149e+00,5.000000000e+00,7.000000000e+00,1.100000000e+01,0.000000000e+00,1.399463773e+00,2.617481709e+00,8.841314912e-01,1.000000000e+00,-1.951386929e+00,-3.901777744e+00,1.102800369e+00,2.617278814e+00,-1.587541819e+00,-2.385087729e+00,1.946126938e+00,1.656149149e+00,0.000000000e+00,0.000000000e+00,0.000000000e+00,0.000000000e+00,-1.000000000e+00,-1.000000000e+00,-1.000000000e+00,0.000000000e+00,-9.999956489e-01,4.342942646e-07,1.000000000e+00,-6.989678144e-01,0.000000000e+00,4.342942646e-07,9.963635802e-01
30,2,1,8.258023858e-01,4.652678668e-01,-1.572969079e+00,1.354209423e+00,-1.643039137e-01,-3.048929214e+00,-3.044570446e+00,-2.515602589e+00,-2.513403177e+00,-2.155148268e+00,-2.865402222e+00,-3.408835411e+00,-1.471992850e+00,5.000000000e+00,1.100000000e+01,1.900000000e+01,0.000000000e+00,8.473455906e-01,2.579260588e+00,7.545613497e-02,1.000000000e+00,-2.038205624e+00,-4.073003292e+00,1.245456219e+00,2.578793287e+00,-1.733332992e+00,-2.398679018e+00,1.691663742e+00,1.471992850e+00,0.000000000e+00,0.000000000e+00,0.000000000e+00,0.000000000e+00,-1.000000000e+00,-1.000000000e+00,-1.000000000e+00,0.000000000e+00,-9.999956489e-01,4.342942646e-07,1.000000000e+00,-6.989678144e-01,1.000000000e+00,4.342942646e-07,9.846557379e-01
30,3,0,7.930951118e-01,3.191422820e-01,-1.662456989e+00,1.671519518e+00,1.033180133e-01,-2.852071285e+00,-2.847824812e+00,-2.306232452e+00,-2.309983969e+00,-1.832337618e+00,-2.777973175e+00,-3.325413465e+00,1.755005836e+00,6.000000000e+00,1.200000000e+01,2.100000000e+01,0.000000000e+00,9.722857475e-01,2.318512678e+00,3.493003249e-01,1.000000000e+00,-1.981577516e+00,-3.962753296e+00,-1.135689616e-01,2.318509817e+00,-2.742543936e+00,-2.455448151e+00,2.909669638e+00,1.755005836e+00,0.000000000e+00,0.000000000e+00,0.000000000e+00,0.000000000e+00,-1.000000000e+00,-1.000000000e+00,-1.000000000e+00,0.000000000e+00,-9.999956489e-01,4.342942646e-07,1.000000000e+00,-6.989678144e-01,0.000000000e+00,4.342942646e-07,9.970695376e-01
30,4,0,9.958192110e-01,4.040879905e-01,-1.541694283e+00,1.572161555e+00,2.809373289e-02,-2.874588966e+00,-2.838865995e+00,-2.412804127e+00,-2.278348207e+00,-1.821156263e+00,-2.944106817e+00,-3.465375662e+00,2.038854599e+00,7.000000000e+00,1.100000000e+01,2.000000000e+01,0.000000000e+00,-1.440851092e+00,1.144220591e+00,2.711316645e-01,1.000000000e+00,-1.945758939e+00,-3.891074181e+00,8.017453551e-01,1.093977094e+00,-1.880740166e+00,-2.537378788e+00,7.494644523e-01,2.038854599e+00,1.000000000e+00,1.000000000e+00,0.000000000e+00,1.000000000e+00,5.000000000e+00,1.200000000e+01,1.000000000e+00,1.000000000e+00,-5.004317284e+00,-2.760502100e+00,-1.631397605e+00,-5.003640652e+00,1.000000000e+00,4.342942646e-07,9.928162098e-01
30,5,0,1.139936090e+00,4.382046461e-01,-1.456034541e+00,1.655932784e+00,6.486847997e-02,-2.839584589e+00,-2.809033632e+00,-2.366555929e+00,-2.276727676e+00,-1.664905071e+00,-3.036900759e+00,-3.540107489e+00,2.298920631e+00,8.000000000e+00,1.200000000e+01,2.200000000e+01,0.000000000e+00,7.665318251e-01,2.048425198e+00,3.135102391e-01,1.000000000e+00,-1.894217253e+00,-3.789009094e+00,5.778219700e-01,2.048176289e+00,-2.137132883e+00,-2.595811605e+00,2.082217216e+00,2.298920631e+00,0.000000000e+00,0.000000000e+00,0.000000000e+00,0.000000000e+00,-1.000000000e+00,-1.000000000e+00,-1.000000000e+00,0.000000000e+00,-9.999956489e-01,4.342942646e-07,1.000000000e+00,-6.989678144e-01,1.000000000e+00,4.342942646e-07,9.891669750e-01
30,6,0,1.019024730e+00,2.961882651e-01,-1.626926303e+00,1.555053473e+00,1.236898899e-01,-2.993956804e+00,-3.044770002e+00,-2.217013359e+00,-2.374738693e+00,-1.494234681e+00,-2.942721844e+00,-3.714962959e+00,2.348458052e+00,5.000000000e+00,1.000000000e+01,1.600000000e+01,0.000000000e+00,-6.125448346e-01,1.659860373e+00,3.509335518e-01,1.000000000e+00,-1.923096180e+00,-3.844166517e+00,1.637416959e+00,1.155902743e+00,-1.033608079e+00,-2.645777225e+00,3.990769684e-01,2.348458052e+00,0.000000000e+00,0.000000000e+00,0.000000000e+00,0.000000000e+00,-1.000000000e+00,-1.000000000e+00,-1.000000000e+00,0.000000000e+00,-9.999956489e-01,4.342942646e-07,1.000000000e+00,-6.989678144e-01,0.000000000e+00,4.342942646e-07,9.976344109e-01
30,7,0,1.054541349e+00,3.569087982e-01,-1.528134227e+00,1.670992255e+00,1.027907804e-01,-2.766176224e+00,-2.764564991e+00,-2.251910686e+00,-2.246421099e+00,-1.554339886e+00,-2.942964792e+00,-3.462800026e+00,2.289288521e+00,7.000000000e+00,1.200000000e+01,2.100000000e+01,0.000000000e+00,1.916666925e-01,1.650403976e+00,3.487730920e-01,1.000000000e+00,-1.885024071e+00,-3.771289587e+00,1.576384008e-01,1.650179386e+00,-2.445647001e+00,-2.582524061e+00,2.184630156e+00,2.289288521e+00,0.000000000e+00,0.000000000e+00,0.000000000e+00,0.000000000e+00,-1.000000000e+00,-1.000000000e+00,-1.000000000e+00,0.000000000e+00,-9.999956489e-01,4.342942646e-07,1.000000000e+00,-6.989678144e-01,0.000000000e+00,4.342942646e-07,9.957252741e-01
30,8,0,8.800691366e-01,1.287512481e-01,-1.016816854e+00,1.100740433e+00,2.556425929e-01,-2.441856623e+00,-2.350100756e+00,-1.988494515e+00,-1.933483243e+00,-1.237211108e+00,-2.026244879e+00,-3.192617655e+00,2.415169001e+00,6.000000000e+00,4.000000000e+00,6.000000000e+00,0.000000000e+00,1.601220846e+00,2.037842274e+00,3.225893378e-01,1.000000000e+00,-1.145566225e+00,-2.291709185e+00,-6.149531901e-02,2.037828445e+00,-2.123709440e+00,-1.896856189e+00,2.795583010e+00,2.415169001e+00,0.000000000e+00,0.000000000e+00,0.000000000e+00,0.000000000e+00,-1.000000000e+00,-1.000000000e+00,-1.000000000e+00,0.000000000e+00,-9.999956489e-01,4.342942646e-07,1.000000000e+00,-6.989678144e-01,0.000000000e+00,4.342942646e-07,9.993315935e-01
31,0,0,1.039281368e+00,4.326704741e-01,-1.508018136e+00,1.855021834e+00,3.636603355e-01,-2.899315834e+00,-2.888219357e+00,-2.448763132e+00,-2.414925814e+00,-1.842243910e+00,-2.982167482e+00,-3.504880190e+00,-2.074256182e+00,6.000000000e+00,1.100000000e+01,1.800000000e+01,0.000000000e+00,-6.200095415e-01,1.532311082e+00,5.997494459e-01,1.000000000e+00,-1.940664649e+00,-3.880693197e+00,-3.052828312e-01,1.532265186e+00,-3.152375460e+00,-2.547160387e+00,2.410085440e+00,2.074256182e+00,0.000000000e+00,0.000000000e+00,0.000000000e+00,0.000000000e+00,-1.000000000e+00,-1.000000000e+00,-1.000000000e+00,0.000000000e+00,-9.999956489e-01,4.342942646e-07,1.000000000e+00,-6.989678144e-01,0.000000000e+00,4.342942646e-07,9.898866415e-01
31,1,0,7.081096172e-01,1.182125434e-01,-1.498667002e+00,1.079013348e+00,3.762101382e-02,-2.412537575e+00,-2.022753239e+00,-7.238439918e-01,-6.395661831e-01,-1.339483857e-01,-2.333566666e+00,-3.002110720e+00,-2.034485340e+00,0.000000000e+00,4.000000000e+00,8.000000000e+00,0.000000000e+00,1.197158933e+00,9.190208912e-01,1.759236008e-01,1.000000000e+00,-1.616874933e+00,-3.241685152e+00,8.216243982e-01,6.980342865e-01,6.384440511e-02,-2.206720352e+00,3.820288777e-01,2.034485340e+00,0.000000000e+00,0.000000000e+00,0.000000000e+00,0.000000000e+00,-1.000000000e+00,-1.000000000e+00,-1.000000000e+00,0.000000000e+00,-9.999956489e-01,4.342942646e-07,1.000000000e+00,-6.989678144e-01,0.000000000e+00,4.342942646e-07,9.993732572e-01
31,2,0,9.623962045e-01,6.123173833e-01,-1.362933755e+00,1.441716552e+00,-2.068110742e-02,-3.197677135e+00,-3.200407267e+00,-2.688896179e+00,-2.727711916e+00,-2.338934898e+00,-2.937876940e+00,-3.546908379e+00,-1.445164204e+00,5.000000000e+00,1.000000000e+01,1.700000000e+01,0.000000000e+00,9.355013967e-01,2.806780577e+00,2.112677693e-01,1.000000000e+00,-1.975219965e+00,-3.947254896e+00,-6.521908194e-02,2.806780100e+00,-3.404377460e+00,-2.325248003e+00,3.260644436e+00,1.445164204e+00,1.000000000e+00,1.000000000e+00,0.000000000e+00,2.000000000e+00,4.000000000e+00,3.400000000e+01,3.000000000e+00,1.000000000e+00,-5.206508160e+00,-2.088948011e+00,-2.345277518e-01,-5.203549385e+00,1.000000000e+00,4.342942646e-07,8.592174649e-01
31,3,0,6.504855752e-01,3.846149743e-01,-1.321302533e+00,7.781362534e-01,-6.696140021e-02,-3.031241417e+00,-2.997198105e+00,-2.561189413e+00,-2.566208601e+00,-2.295391321e+00,-2.356621504e+00,-3.296718121e+00,-1.222104192e+00,5.000000000e+00,5.000000000e+00,6.000000000e+00,0.000000000e+00,9.653605819e-01,2.778157234e+00,-1.467759193e-05,1.000000000e+00,-1.705904365e+00,-3.411040783e+00,-7.005099654e-01,2.778157234e+00,-3.649553061e+00,-1.971756458e+00,3.748758554e+00,1.222104192e+00,2.000000000e+00,2.000000000e+00,0.000000000e+00,3.000000000e+00,-4.000000000e+00,3.500000000e+01,1.000000000e+00,1.000000000e+00,-1.294069290e+00,-1.374789000e+00,6.996946931e-01,-1.276123047e+00,1.000000000e+00,4.342942646e-07,9.942402840e-01
31,4,1,7.169437408e-01,3.985495865e-01,-1.695326805e+00,1.209002137e+00,-2.223609835e-01,-3.006478071e+00,-3.012124538e+00,-2.528017044e+00,-2.555515528e+00,-2.209698915e+00,-2.813043594e+00,-3.324395895e+00,-1.362830043e+00,4.000000000e+00,1.000000000e+01,1.600000000e+01,1.000000000e+00,5.067827702e-01,2.463284016e+00,4.882501904e-03,9.411764741e-01,-2.093843937e+00,-4.183601379e+00,8.900471926e-01,2.463129044e+00,-2.064123631e+00,-2.412179947e+00,1.918964028e+00,1.362830043e+00,2.000000000e+00,2.000000000e+00,0.000000000e+00,3.000000000e+00,-4.000000000e+00,3.500000000e+01,1.000000000e+00,1.000000000e+00,-5.003689289e+00,-1.960196376e+00,2.768948674e-01,-4.999431133e+00,1.000000000e+00,4.342942646e-07,9.932603240e-01
31,5,0,6.318646669e-01,3.790236115e-01,-1.723945975e+00,1.324715495e+00,4.596219957e-02,-2.924512148e+00,-2.973040104e+00,-1.914512515e+00,-2.010912895e+00,-1.661687136e+00,-2.740355253e+00,-3.177064896e+00,-1.186169147e+00,1.000000000e+00,7.000000000e+00,1.200000000e+01,0.000000000e+00,1.626295298e-01,1.754173636e+00,2.455344200e-01,1.000000000e+00,-2.102937460e+00,-4.204708099e+00,1.152433991e+00,1.740137935e+00,-1.237539411e+00,-2.355735064e+00,9.369512200e-01,1.186169147e+00,0.000000000e+00,0.000000000e+00,0.000000000e+00,0.000000000e+00,-1.000000000e+00,-1.000000000e+00,-1.000000000e+00,0.000000000e+00,-9.999956489e-01,4.342942646e-07,1.000000000e+00,-6.989678144e-01,0.000000000e+00,4.342942646e-07,9.945847392e-01
32,0,0,7.517146468e-01,1.764300019e-01,-1.754998088e+00,2.004806757e+00,4.366049767e-01,-2.661736488e+00,-2.652001143e+00,-2.141169071e+00,-2.129037619e+00,-1.565928221e+00,-2.689971685e+00,-3.236471653e+00,-1.999626040e+00,7.000000000e+00,1.100000000e+01,2.100000000e+01,0.000000000e+00,8.351656199e-01,1.983544230e+00,6.825873256e-01,1.000000000e+00,-1.931415677e+00,-3.866715670e+00,-5.156219006e-02,1.983525753e+00,-2.356989622e+00,-2.506597996e+00,2.598174334e+00,1.999626040e+00,0.000000000e+00,0.000000000e+00,0.000000000e+00,0.000000000e+00,-1.000000000e+00,-1.000000000e+00,-1.000000000e+00,0.000000000e+00,-9.999956489e-01,4.342942646e-07,1.000000000e+00,-6.989678144e-01,0.000000000e+00,4.342942646e-07,9.990868568e-01
32,1,0,9.707497358e-01,4.662320912e-01,-1.513402224e+00,1.763344288e+00,1.722799838e-01,-2.892011642e+00,-2.976897478e+00,-2.239820719e+00,-2.455527544e+00,-1.735354662e+00,-2.952949762e+00,-3.395786285e+00,-1.829405308e+00,7.000000000e+00,1.200000000e+01,2.200000000e+01,0.000000000e+00,1.058375359e+00,2.264605522e+00,4.209218025e-01,1.000000000e+00,-1.979606986e+00,-3.958275080e+00,4.022992253e-01,2.264564514e+00,-2.519440889e+00,-2.484033585e+00,2.582489491e+00,1.829405308e+00,0.000000000e+00,0.000000000e+00,0.000000000e+00,0.000000000e+00,-1.000000000e+00,-1.000000000e+00,-1.000000000e+00,0.000000000e+00,-9.999956489e-01,4.342942646e-07,1.000000000e+00,-6.989678144e-01,1.000000000e+00,4.342942646e-07,9.844583273e-01
32,2,0,7.681149244e-01,2.859581709e-01,-1.714403987e+00,1.338117123e+00,-2.529467642e-01,-2.809183598e+00,-2.819067240e+00,-2.360143661e+00,-2.377956152e+00,-1.878053308e+00,-2.772878170e+00,-3.290771246e+00,-1.775036693e+00,7.000000000e+00,1.200000000e+01,2.200000000e+01,0.000000000e+00,2.068304300e+00,2.912239313e+00,-4.305162933e-03,1.000000000e+00,-2.000340939e+00,-4.001029968e+00,2.682426870e-01,2.912238121e+00,-2.395667315e+00,-2.482409477e+00,3.143913507e+00,1.775036693e+00,0.000000000e+00,0.000000000e+00,0.000000000e+00,0.000000000e+00,-1.000000000e+00,-1.000000000e+00,-1.000000000e+00,0.000000000e+00,-9.999956489e-01,4.342942646e-07,1.000000000e+00,-6.989678144e-01,0.000000000e+00,4.342942646e-07,9.978420734e-01
32,3,0,7.347440720e-01,2.976263762e-01,-1.761121869e+00,1.526393294e+00,3.503195569e-02,-2.856754541e+00,-2.854186296e+00,-2.406333685e+00,-2.413834810e+00,-1.969285965e+00,-2.798031807e+00,-3.293330431e+00,-1.664442182e+00,3.000000000e+00,1.000000000e+01,1.800000000e+01,1.000000000e+00,1.022047043e+00,2.480350256e+00,2.711209655e-01,9.473684430e-01,-2.058723450e+00,-4.116615772e+00,-3.191361427e-01,2.480349779e+00,-3.030244827e+00,-2.495754957e+00,3.243873119e+00,1.664442182e+00,0.000000000e+00,0.000000000e+00,0.000000000e+00,0.000000000e+00,-1.000000000e+00,-1.000000000e+00,-1.000000000e+00,0.000000000e+00,-9.999956489e-01,4.342942646e-07,1.000000000e+00,-6.989678144e-01,0.000000000e+00,4.342942646e-07,9.976032376e-01
32,4,1,7.113399506e-01,6.387094855e-01,-1.463291407e+00,1.458550096e+00,-3.281126916e-02,-3.333701134e+00,-3.369809866e+00,-2.777237654e+00,-2.885648727e+00,-2.704647303e+00,-2.813305378e+00,-3.406161308e+00,-5.945854187e-01,4.000000000e+00,1.000000000e+01,1.800000000e+01,0.000000000e+00,-4.406332076e-01,2.487516880e+00,2.032777369e-01,1.000000000e+00,-2.101958513e+00,-4.197365761e+00,1.677497745e+00,2.482244968e+00,-1.847163558e+00,-2.174579144e+00,9.858553410e-01,5.945854187e-01,3.000000000e+00,0.000000000e+00,3.000000000e+00,3.000000000e+00,-1.000000000e+00,4.000000000e+00,1.000000000e+00,1.000000000e+00,-4.427675247e+00,-2.283060312e+00,-3.577224910e-01,-4.425478458e+00,1.000000000e+00,4.342942646e-07,7.850917578e-01
32,5,0,5.638363361e-01,5.418776870e-01,-1.606698036e+00,1.327280998e+00,-1.040822715e-01,-3.222734213e+00,-3.306244373e+00,-2.570106030e+00,-2.828836679e+00,-2.548155546e+00,-2.712358713e+00,-3.244655132e+00,-3.206850886e-01,4.000000000e+00,1.000000000e+01,1.600000000e+01,0.000000000e+00,1.061449409e+00,3.079033852e+00,1.231612563e-01,1.000000000e+00,-2.148532152e+00,-4.288811684e+00,-1.563935280e-01,3.079033852e+00,-3.525940895e+00,-2.170487642e+00,3.515828609e+00,3.206850886e-01,0.000000000e+00,0.000000000e+00,0.000000000e+00,0.000000000e+00,-1.000000000e+00,-1.000000000e+00,-1.000000000e+00,0.000000000e+00,-9.999956489e-01,4.342942646e-07,1.000000000e+00,-6.989678144e-01,0.000000000e+00,4.342942646e-07,9.541400075e-01
32,6,0,1.822674125e-01,1.757528186e-01,-1.979735613e+00,1.464108706e+00,-2.725259028e-02,-2.885155678e+00,-2.953067303e+00,-2.255601883e+00,-2.422409534e+00,-2.249088526e+00,-2.337923765e+00,-2.891665220e+00,-1.736408174e-01,4.000000000e+00,1.000000000e+01,1.800000000e+01,0.000000000e+00,1.140403152e+00,2.819367886e+00,2.088363767e-01,1.000000000e+00,-2.155467510e+00,-4.302477360e+00,2.337093949e-01,2.819366455e+00,-2.364467382e+00,-2.161981106e+00,2.758949041e+00,1.736408174e-01,0.000000000e+00,0.000000000e+00,0.000000000e+00,0.000000000e+00,-1.000000000e+00,-1.000000000e+00,-1.000000000e+00,0.000000000e+00,-9.999956489e-01,4.342942646e-07,1.000000000e+00,-6.989678144e-01,0.000000000e+00,4.342942646e-07,9.990910292e-01
32,7,1,7.389013767e-01,7.334255576e-01,-1.395990968e+00,1.396939754e+00,-3.442361578e-02,-3.387268305e+00,-3.475731373e+00,-2.721469402e+00,-2.979646683e+00,-2.715996504e+00,-2.868023396e+00,-3.392730713e+00,-1.591329873e-01,4.000000000e+00,1.000000000e+01,1.600000000e+01,0.000000000e+00,-5.008795261e-01,2.469714403e+00,1.928199679e-01,1.000000000e+00,-2.129368782e+00,-4.251058578e+00,1.673129201e+00,2.464101553e+00,-2.040309906e+00,-2.134843826e+00,1.054802299e+00,1.591329873e-01,4.000000000e+00,0.000000000e+00,4.000000000e+00,3.000000000e+00,0.000000000e+00,5.000000000e+00,1.000000000e+00,1.000000000e+00,-4.992159843e+00,-2.343367338e+00,-4.241230786e-01,-4.990387440e+00,1.000000000e+00,9.824449420e-01,3.045579493e-01
32,8,0,1.426651180e-01,1.425305158e-01,-2.060359716e+00,1.454355240e+00,1.321361065e-01,-2.835484266e+00,-2.910666704e+00,-2.177936316e+00,-2.354876041e+00,-2.177801609e+00,-2.345515490e+00,-2.835618734e+00,2.489854954e-02,3.000000000e+00,9.000000000e+00,1.300000000e+01,1.000000000e+00,1.597013354e+00,2.976373911e+00,3.404119313e-01,9.285714030e-01,-2.202870607e+00,-4.394967079e+00,1.295465976e-01,2.976373434e+00,-2.367856979e+00,-2.203005075e+00,3.023861647e+00,2.489854954e-02,0.000000000e+00,0.000000000e+00,0.000000000e+00,0.000000000e+00,-1.000000000e+00,-1.000000000e+00,-1.000000000e+00,0.000000000e+00,-9.999956489e-01,4.342942646e-07,1.000000000e+00,-6.989678144e-01,0.000000000e+00,4.342942646e-07,9.992709756e-01
32,9,0,1.331817389e+00,6.873639226e-01,-9.532467127e-01,1.686023712e+00,5.720804930e-01,-3.133919001e+00,-3.111562729e+00,-2.678349972e+00,-2.675814390e+00,-2.034056902e+00,-2.972257376e+00,-3.776361227e+00,2.163947105e+00,7.000000000e+00,6.000000000e+00,9.000000000e+00,0.000000000e+00,1.082798481e+00,2.575503111e+00,7.317813635e-01,1.000000000e+00,-1.640595436e+00,-3.280632734e+00,-4.717220068e-01,2.575502872e+00,-3.832146645e+00,-2.284984350e+00,3.688532829e+00,2.163947105e+00,2.000000000e+00,2.000000000e+00,0.000000000e+00,1.000000000e+00,5.000000000e+00,2.800000000e+01,1.000000000e+00,1.000000000e+00,-3.294094324e+00,-1.936881065e+00,-6.025928855e-01,-3.289111137e+00,1.000000000e+00,4.342942646e-07,5.655464530e-01
32,10,0,1.350182533e+00,6.748312116e-01,-1.219355345e+00,1.631502151e+00,8.743438870e-02,-3.001275301e+00,-2.948094130e+00,-2.496803999e+00,-2.422091484e+00,-1.821560025e+00,-3.245154619e+00,-3.675002575e+00,2.236860991e+00,8.000000000e+00,1.100000000e+01,2.000000000e+01,2.000000000e+00,1.090288281e+00,2.366733313e+00,3.304722905e-01,9.090909362e-01,-1.894159555e+00,-3.787261248e+00,-6.051067710e-01,2.366733074e+00,-3.699963808e+00,-2.569383860e+00,3.571996450e+00,2.236860991e+00,2.000000000e+00,2.000000000e+00,0.000000000e+00,1.000000000e+00,5.000000000e+00,2.800000000e+01,1.000000000e+00,1.000000000e+00,-1.537402630e+00,-1.764173150e+00,2.750700414e-01,-1.529991865e+00,1.000000000e+00,4.342942646e-07,6.319645643e-01
32,11,0,9.614754319e-01,2.913281620e-01,-1.636759400e+00,1.462072611e+00,-8.199504763e-02,-2.716104031e+00,-2.710258484e+00,-2.177032948e+00,-2.163553476e+00,-1.506936669e+00,-2.894892693e+00,-3.385421276e+00,2.224598646e+00,8.000000000e+00,1.200000000e+01,2.000000000e+01,0.000000000e+00,1.351397753e+00,2.182650089e+00,1.610427648e-01,1.000000000e+00,-1.928069353e+00,-3.858716249e+00,-6.060285568e-01,2.182649612e+00,-3.060475588e+00,-2.598081589e+00,3.445090294e+00,2.224598646e+00,1.000000000e+00,1.000000000e+00,0.000000000e+00,2.000000000e+00,-5.000000000e+00,2.600000000e+01,3.000000000e+00,1.000000000e+00,-4.205825329e+00,-1.655742049e+00,5.640930533e-01,-4.196485996e+00,1.000000000e+00,4.342942646e-07,9.977359772e-01
32,12,0,1.120809197e+00,4.257765114e-01,-1.257302403e+00,1.148821473e+00,-1.299316138e-01,-2.647348881e+00,-2.555835247e+00,-1.147506952e+00,-1.311542511e+00,-4.524790347e-01,-2.805851936e+00,-3.341619730e+00,2.283176899e+00,0.000000000e+00,6.000000000e+00,1.200000000e+01,0.000000000e+00,1.203308344e+00,1.374367237e+00,6.964054704e-02,1.000000000e+00,-1.683065653e+00,-3.367394209e+00,1.322134733e+00,1.039367318e+00,-4.151919186e-01,-2.378015757e+00,5.763034225e-01,2.283176899e+00,0.000000000e+00,0.000000000e+00,0.000000000e+00,0.000000000e+00,-1.000000000e+00,-1.000000000e+00,-1.000000000e+00,0.000000000e+00,-9.999956489e-01,4.342942646e-07,1.000000000e+00,-6.989678144e-01,0.000000000e+00,4.342942646e-07,9.907057881e-01
32,13,1,1.016160131e+00,3.365684450e-01,-1.559457541e+00,1.392951012e+00,-1.511166096e-01,-2.766160965e+00,-2.757543325e+00,-2.324510098e+00,-2.310414553e+00,-1.644990683e+00,-2.915654182e+00,-3.444795370e+00,2.246847868e+00,8.000000000e+00,1.200000000e+01,2.000000000e+01,1.000000000e+00,1.223693967e+00,2.256981373e+00,9.192118049e-02,9.523809552e-01,-1.896007180e+00,-3.793187380e+00,6.462140083e-01,2.256850958e+00,-2.000814199e+00,-2.575469732e+00,2.276110411e+00,2.246847868e+00,2.000000000e+00,2.000000000e+00,0.000000000e+00,1.000000000e+00,5.000000000e+00,2.800000000e+01,1.000000000e+00,1.000000000e+00,-2.579400063e+00,-1.662971377e+00,4.851803780e-01,-2.570068359e+00,1.000000000e+00,7.007386088e-01,9.965258241e-01
32,14,0,9.709485173e-01,2.668763101e-01,-1.529005527e+00,2.514317989e+00,9.958040118e-01,-2.922575712e+00,-2.916733980e+00,-2.163502216e+00,-2.209549189e+00,-1.459480405e+00,-2.767482758e+00,-3.625175476e+00,2.304419756e+00,7.000000000e+00,1.100000000e+01,1.900000000e+01,1.000000000e+00,8.669710755e-01,1.893037796e+00,1.235564351e+00,9.499999881e-01,-1.795868993e+00,-3.590987921e+00,1.185003668e-01,1.892976403e+00,-2.357896566e+00,-2.499831438e+00,2.524549484e+00,2.304419756e+00,0.000000000e+00,0.000000000e+00,0.000000000e+00,0.000000000e+00,-1.000000000e+00,-1.000000000e+00,-1.000000000e+00,0.000000000e+00,-9.999956489e-01,4.342942646e-07,1.000000000e+00,-6.989678144e-01,0.000000000e+00,4.342942646e-07,9.981716871e-01
32,15,0,1.111393809e+00,3.237962425e-01,-7.451251149e-01,1.370096445e+00,4.158540964e-01,-2.634856701e+00,-2.535883188e+00,-2.191920996e+00,-2.147467852e+00,-1.404379845e+00,-2.180318832e+00,-3.421494007e+00,2.499941587e+00,7.000000000e+00,5.000000000e+00,7.000000000e+00,0.000000000e+00,3.000241816e-01,1.554492950e+00,5.249985456e-01,1.000000000e+00,-1.068918467e+00,-2.137854815e+00,-1.293718517e-01,1.554399848e+00,-2.600523949e+00,-1.856490016e+00,2.426827908e+00,2.499941587e+00,2.000000000e+00,2.000000000e+00,0.000000000e+00,1.000000000e+00,5.000000000e+00,2.800000000e+01,1.000000000e+00,1.000000000e+00,-1.217019916e+00,-1.300339222e+00,-4.182229042e-01,-1.195798516e+00,1.000000000e+00,-6.020132899e-01,9.969352484e-01
33,0,0,1.029836178e+00,4.089968503e-01,-1.539990664e+00,1.427048326e+00,-9.146519005e-02,-2.840918779e+00,-2.844373703e+00,-2.276237488e+00,-2.284202337e+00,-1.655460358e+00,-2.981662989e+00,-3.460802555e+00,-2.108034134e+00,6.000000000e+00,1.100000000e+01,1.900000000e+01,0.000000000e+00,-1.174400926e+00,1.071478009e+00,1.482948810e-01,1.000000000e+00,-1.948963881e+00,-3.897799730e+00,1.665360928e-01,1.068087578e+00,-2.526600599e+00,-2.569680691e+00,1.530300736e+00,2.108034134e+00,1.000000000e+00,1.000000000e+00,0.000000000e+00,1.000000000e+00,-5.000000000e+00,1.200000000e+01,1.000000000e+00,1.000000000e+00,-5.928668976e+00,-1.947234511e+00,1.332205907e-02,-5.927927017e+00,1.000000000e+00,4.342942646e-07,9.923931360e-01
33,1,0,8.598110676e-01,3.066201806e-01,-1.617332816e+00,1.664326191e+00,9.612464160e-02,-2.802373648e+00,-2.791497707e+00,-2.271394253e+00,-2.268278122e+00,-1.718261600e+00,-2.787042618e+00,-3.354856014e+00,-1.946747422e+00,7.000000000e+00,1.200000000e+01,2.100000000e+01,0.000000000e+00,1.241264701e+00,2.338916779e+00,3.421069682e-01,1.000000000e+00,-1.923934221e+00,-3.848394632e+00,-7.507272959e-01,2.338916779e+00,-3.324790001e+00,-2.477031469e+00,3.639267206e+00,1.946747422e+00,0.000000000e+00,0.000000000e+00,0.000000000e+00,0.000000000e+00,-1.000000000e+00,-1.000000000e+00,-1.000000000e+00,0.000000000e+00,-9.999956489e-01,4.342942646e-07,1.000000000e+00,-6.989678144e-01,0.000000000e+00,4.342942646e-07,9.973962307e-01
33,2,1,9.307889938e-01,8.954214454e-01,-1.236381531e+00,1.125419974e+00,-3.059429824e-01,-3.585149288e+00,-3.621288300e+00,-2.959161758e+00,-3.078321218e+00,-2.923825264e+00,-3.062128782e+00,-3.620375156e+00,-4.090750217e-01,3.000000000e+00,9.000000000e+00,1.600000000e+01,0.000000000e+00,7.452110052e-01,3.296822309e+00,-7.869955152e-02,1.000000000e+00,-2.131751776e+00,-4.255754471e+00,1.491870165e+00,3.296769142e+00,-2.482260942e+00,-2.167114258e+00,1.959533930e+00,4.090750217e-01,3.000000000e+00,0.000000000e+00,3.000000000e+00,3.000000000e+00,-1.000000000e+00,6.000000000e+00,2.000000000e+00,1.000000000e+00,-4.819646835e+00,-1.994870901e+00,2.650492191e-01,-4.815562248e+00,1.000000000e+00,4.342942646e-07,3.269125707e-03
33,3,0,5.774603486e-01,5.426634550e-01,-1.596250057e+00,1.129447222e+00,-3.019157648e-01,-3.222230196e+00,-3.255571604e+00,-2.554902792e+00,-2.738734007e+00,-2.520117998e+00,-2.716377258e+00,-3.256966829e+00,-4.056735933e-01,3.000000000e+00,9.000000000e+00,1.600000000e+01,0.000000000e+00,1.243252158e+00,3.141888142e+00,-7.467234880e-02,1.000000000e+00,-2.138870716e+00,-4.269912243e+00,-9.739975929e-01,3.141888142e+00,-4.247883320e+00,-2.173662663e+00,4.332363129e+00,4.056735933e-01,0.000000000e+00,0.000000000e+00,0.000000000e+00,0.000000000e+00,-1.000000000e+00,-1.000000000e+00,-1.000000000e+00,0.000000000e+00,-9.999956489e-01,4.342942646e-07,1.000000000e+00,-6.989678144e-01,0.000000000e+00,4.342942646e-07,9.535849690e-01
33,4,0,5.265239477e-01,5.103173852e-01,-1.686051488e+00,1.158850431e+00,-2.725126445e-01,-3.101217508e+00,-3.172704220e+00,-2.503782988e+00,-2.693725586e+00,-2.487581730e+00,-2.722927809e+00,-3.117403269e+00,-2.748942375e-01,6.000000000e+00,9.000000000e+00,1.600000000e+01,0.000000000e+00,2.122684002e+00,3.549057007e+00,-4.526919127e-02,1.000000000e+00,-2.196321726e+00,-4.382418633e+00,2.757478654e-01,3.549057007e+00,-2.928141832e+00,-2.212525606e+00,3.479420662e+00,2.748942375e-01,2.000000000e+00,0.000000000e+00,2.000000000e+00,3.000000000e+00,0.000000000e+00,3.000000000e+00,2.000000000e+00,1.000000000e+00,-4.737514973e+00,-2.443624258e+00,-4.915767312e-01,-4.736039639e+00,1.000000000e+00,4.342942646e-07,9.713461995e-01
33,5,1,9.202173948e-01,9.179213047e-01,-1.291603565e+00,1.514931202e+00,1.169913784e-01,-3.427214861e+00,-3.497853041e+00,-2.558664560e+00,-2.730784893e+00,-2.556369305e+00,-3.129173040e+00,-3.429504871e+00,-1.029194817e-01,5.000000000e+00,1.000000000e+01,1.500000000e+01,0.000000000e+00,7.537723184e-01,2.933437586e+00,3.388400376e-01,1.000000000e+00,-2.209463120e+00,-4.407822132e+00,1.099035025e+00,2.933391094e+00,-2.549750805e+00,-2.211758852e+00,2.008830309e+00,1.029194817e-01,4.000000000e+00,0.000000000e+00,4.000000000e+00,3.000000000e+00,0.000000000e+00,3.000000000e+00,1.000000000e+00,1.000000000e+00,-4.834220409e+00,-1.725333929e+00,9.521567225e-01,-4.826670647e+00,1.000000000e+00,4.342942646e-07,1.419767388e-03
33,6,0,7.715172768e-01,7.638504505e-01,-1.165328026e+00,8.308376670e-01,-3.996102512e-01,-3.367108107e+00,-3.496027708e+00,-2.647477388e+00,-2.992221832e+00,-2.639813900e+00,-2.700490236e+00,-3.374756813e+00,1.884551644e-01,4.000000000e+00,7.000000000e+00,1.100000000e+01,0.000000000e+00,1.381129861e+00,3.330568314e+00,-2.105543911e-01,1.000000000e+00,-1.929147720e+00,-3.855252504e+00,-4.453151524e-01,3.330568314e+00,-4.194958210e+00,-1.936814189e+00,4.127341270e+00,1.884551644e-01,0.000000000e+00,0.000000000e+00,0.000000000e+00,0.000000000e+00,-1.000000000e+00,-1.000000000e+00,-1.000000000e+00,0.000000000e+00,-9.999956489e-01,4.342942646e-07,1.000000000e+00,-6.989678144e-01,0.000000000e+00,4.342942646e-07,1.664101183e-01
34,0,0,1.109136701e+00,3.449643552e-01,-1.558248520e+00,1.584641457e+00,6.612775475e-02,-2.727186441e+00,-2.723095894e+00,-2.211117029e+00,-2.209739685e+00,-1.447002888e+00,-3.016690969e+00,-3.490245819e+00,-2.445229530e+00,9.000000000e+00,1.000000000e+01,1.900000000e+01,0.000000000e+00,4.977526963e-01,1.695891619e+00,3.058879375e-01,1.000000000e+00,-1.903193474e+00,-3.808431149e+00,-1.164582849e+00,1.695891142e+00,-3.717093229e+00,-2.667198896e+00,3.622247934e+00,2.445229530e+00,0.000000000e+00,0.000000000e+00,0.000000000e+00,0.000000000e+00,-1.000000000e+00,-1.000000000e+00,-1.000000000e+00,0.000000000e+00,-9.999956489e-01,4.342942646e-07,1.000000000e+00,-6.989678144e-01,1.000000000e+00,4.342942646e-07,9.962198138e-01
34,1,0,9.846593738e-01,3.016793728e-01,-1.590929031e+00,1.517609119e+00,-2.645858191e-02,-3.016112328e+00,-3.085674286e+00,-2.330059767e+00,-2.535803080e+00,-1.647153020e+00,-2.878056288e+00,-3.697374582e+00,-2.254824877e+00,8.000000000e+00,1.200000000e+01,2.000000000e+01,0.000000000e+00,1.928075671e+00,2.611214399e+00,2.165792584e-01,1.000000000e+00,-1.892591119e+00,-3.783702612e+00,2.596035600e-01,2.611210108e+00,-2.577863693e+00,-2.575441837e+00,3.240304708e+00,2.254824877e+00,0.000000000e+00,0.000000000e+00,0.000000000e+00,0.000000000e+00,-1.000000000e+00,-1.000000000e+00,-1.000000000e+00,0.000000000e+00,-9.999956489e-01,4.342942646e-07,1.000000000e+00,-6.989678144e-01,1.000000000e+00,4.342942646e-07,9.975125790e-01
34,2,0,9.968223572e-01,3.061675429e-01,-1.589592218e+00,1.773879170e+00,2.056777328e-01,-2.728538275e+00,-2.725429296e+00,-2.212279081e+00,-2.213697910e+00,-1.521680474e+00,-2.896788597e+00,-3.418286562e+00,-2.272882938e+00,7.000000000e+00,1.100000000e+01,2.100000000e+01,1.000000000e+00,4.330137372e-02,1.543601274e+00,4.516600370e-01,9.545454383e-01,-1.895742178e+00,-3.793378115e+00,8.836159855e-02,1.543334365e+00,-2.431457520e+00,-2.586263657e+00,2.146989107e+00,2.272882938e+00,1.000000000e+00,1.000000000e+00,0.000000000e+00,1.000000000e+00,-5.000000000e+00,6.000000000e+00,1.000000000e+00,1.000000000e+00,-4.152688026e+00,-1.476116061e+00,8.688094616e-01,-4.138615131e+00,2.000000000e+00,-6.493442655e-01,9.974071383e-01
34,3,0,8.582991362e-01,2.100689858e-01,-1.652509212e+00,1.195349574e+00,-3.509892151e-02,-2.546789169e+00,-2.516093493e+00,-1.055712223e+00,-1.283734679e+00,-4.074856341e-01,-2.727900743e+00,-3.194492579e+00,-2.172874212e+00,0.000000000e+00,6.000000000e+00,1.100000000e+01,0.000000000e+00,4.543551505e-01,1.510002017e+00,1.539571434e-01,1.000000000e+00,-1.862565875e+00,-3.730092287e+00,1.509985447e+00,-5.487414002e-01,1.617400534e-02,-2.510687113e+00,-1.182465672e+00,2.172874212e+00,0.000000000e+00,0.000000000e+00,0.000000000e+00,0.000000000e+00,-1.000000000e+00,-1.000000000e+00,-1.000000000e+00,0.000000000e+00,-9.999956489e-01,4.342942646e-07,1.000000000e+00,-6.989678144e-01,0.000000000e+00,4.342942646e-07,9.988372922e-01
34,4,1,1.005847216e+00,8.283888102e-01,-1.234218836e+00,1.013518810e+00,-3.086996973e-01,-3.370692730e+00,-3.380990505e+00,-2.630686998e+00,-2.700330973e+00,-2.453290939e+00,-3.068139791e+00,-3.547636747e+00,9.666419625e-01,3.000000000e+00,8.000000000e+00,1.300000000e+01,0.000000000e+00,1.462670684e+00,3.184799194e+00,-1.004240662e-01,1.000000000e+00,-2.062565088e+00,-4.119657516e+00,1.447898507e+00,3.184726238e+00,-2.080986977e+00,-2.239998102e+00,1.983954906e+00,9.666419625e-01,0.000000000e+00,0.000000000e+00,0.000000000e+00,0.000000000e+00,-1.000000000e+00,-1.000000000e+00,-1.000000000e+00,0.000000000e+00,-9.999956489e-01,4.342942646e-07,1.000000000e+00,-6.989678144e-01,1.000000000e+00,4.342942646e-07,3.013159148e-02
34,5,0,4.724716842e-01,1.728437841e-01,-1.845432758e+00,1.625173807e+00,5.697232485e-02,-2.801894665e+00,-2.796697855e+00,-2.338621378e+00,-2.347919703e+00,-2.039040565e+00,-2.495104790e+00,-3.101249456e+00,1.313228369e+00,3.000000000e+00,9.000000000e+00,2.100000000e+01,0.000000000e+00,9.526789784e-01,2.515439272e+00,3.029546142e-01,1.000000000e+00,-2.018261671e+00,-4.036328316e+00,4.413391054e-01,2.515424013e+00,-2.079468966e+00,-2.317844629e+00,2.382978201e+00,1.313228369e+00,0.000000000e+00,0.000000000e+00,0.000000000e+00,0.000000000e+00,-1.000000000e+00,-1.000000000e+00,-1.000000000e+00,0.000000000e+00,-9.999956489e-01,4.342942646e-07,1.000000000e+00,-6.989678144e-01,0.000000000e+00,4.342942646e-07,9.991090894e-01
34,6,1,8.876348734e-01,6.401524544e-01,-1.376636863e+00,1.697341084e+00,1.788274050e-01,-3.223310709e+00,-3.204830170e+00,-2.724987984e+00,-2.742037058e+00,-2.477605820e+00,-2.904596806e+00,-3.470235825e+00,1.171249986e+00,3.000000000e+00,9.000000000e+00,1.900000000e+01,0.000000000e+00,1.459406853e+00,3.207569599e+00,4.185876250e-01,1.000000000e+00,-2.016754389e+00,-4.029437542e+00,1.672324777e+00,3.207385063e+00,-1.710082293e+00,-2.264202118e+00,1.799595952e+00,1.171249986e+00,4.000000000e+00,3.000000000e+00,1.000000000e+00,3.000000000e+00,2.000000000e+00,3.000000000e+00,1.000000000e+00,1.000000000e+00,-4.545852184e+00,-1.900777936e+00,2.211277038e-01,-4.540618420e+00,1.000000000e+00,4.342942646e-07,7.801637053e-01
34,7,0,8.624365926e-01,5.040689111e-01,-1.558365226e+00,1.324077010e+00,-1.672841758e-01,-3.068052053e+00,-3.027158260e+00,-2.509714842e+00,-2.413177967e+00,-2.151426077e+00,-2.926504374e+00,-3.425768852e+00,1.466445684e+00,4.000000000e+00,1.100000000e+01,1.800000000e+01,0.000000000e+00,-7.088267803e-01,1.797075272e+00,6.880476326e-02,1.000000000e+00,-2.062399626e+00,-4.121106625e+00,-6.010542512e-01,1.797071815e+00,-3.516984463e+00,-2.420703173e+00,2.659482002e+00,1.466445684e+00,0.000000000e+00,0.000000000e+00,0.000000000e+00,0.000000000e+00,-1.000000000e+00,-1.000000000e+00,-1.000000000e+00,0.000000000e+00,-9.999956489e-01,4.342942646e-07,1.000000000e+00,-6.989678144e-01,0.000000000e+00,4.342942646e-07,9.738119245e-01
34,8,0,9.700282812e-01,3.989562988e-01,-1.548905134e+00,1.563474059e+00,7.211266458e-02,-2.885987043e+00,-2.879526138e+00,-2.438600063e+00,-2.429610014e+00,-1.867614985e+00,-2.920232058e+00,-3.456150055e+00,1.989560008e+00,5.000000000e+00,1.100000000e+01,1.800000000e+01,0.000000000e+00,1.833211064e+00,2.784253597e+00,3.082017004e-01,1.000000000e+00,-1.947838187e+00,-3.895018101e+00,1.566708386e-01,2.784252405e+00,-2.671808481e+00,-2.518805265e+00,3.189580441e+00,1.989560008e+00,2.000000000e+00,2.000000000e+00,0.000000000e+00,1.000000000e+00,5.000000000e+00,3.000000000e+01,1.000000000e+00,1.000000000e+00,-4.898994923e+00,-1.998561263e+00,-9.269760549e-02,-4.895001888e+00,1.000000000e+00,5.326423049e-01,9.932287931e-01
34,9,0,1.247238874e+00,6.594645977e-01,-1.283005357e+00,1.452233434e+00,-3.912791237e-02,-3.130945683e+00,-3.112406254e+00,-2.583699942e+00,-2.538650036e+00,-1.996049166e+00,-3.189980268e+00,-3.717037916e+00,2.029426098e+00,6.000000000e+00,1.100000000e+01,1.800000000e+01,0.000000000e+00,5.537868738e-01,2.272988081e+00,1.969610602e-01,1.000000000e+00,-1.942440271e+00,-3.882566214e+00,-1.845932901e-01,2.272985458e+00,-3.381811380e+00,-2.530105352e+00,3.000057936e+00,2.029426098e+00,2.000000000e+00,2.000000000e+00,0.000000000e+00,3.000000000e+00,5.000000000e+00,1.500000000e+01,4.000000000e+00,1.000000000e+00,-5.151124477e+00,-1.583672047e+00,7.405323982e-01,-5.141509056e+00,1.000000000e+00,4.342942646e-07,7.046420574e-01
34,10,0,9.400126934e-01,3.052146435e-01,-1.613335013e+00,1.941670895e+00,3.976030350e-01,-2.734771490e+00,-2.742788076e+00,-2.226059198e+00,-2.290757895e+00,-1.591316938e+00,-2.863045692e+00,-3.368789196e+00,2.141106606e+00,7.000000000e+00,1.100000000e+01,2.000000000e+01,0.000000000e+00,9.622600079e-01,2.072465897e+00,6.406410336e-01,1.000000000e+00,-1.918531179e+00,-3.838909864e+00,-4.497249722e-01,2.072463751e+00,-3.045300961e+00,-2.553210020e+00,3.221459866e+00,2.141106606e+00,0.000000000e+00,0.000000000e+00,0.000000000e+00,0.000000000e+00,-1.000000000e+00,-1.000000000e+00,-1.000000000e+00,0.000000000e+00,-9.999956489e-01,4.342942646e-07,1.000000000e+00,-6.989678144e-01,0.000000000e+00,4.342942646e-07,9.974300265e-01
34,11,0,1.287130117e+00,6.020883918e-01,-1.291703820e+00,1.445814848e+00,-9.825281054e-02,-3.005969524e+00,-3.017859697e+00,-2.473433256e+00,-2.490987539e+00,-1.788493752e+00,-3.181597948e+00,-3.689322710e+00,2.259677172e+00,8.000000000e+00,1.200000000e+01,2.000000000e+01,0.000000000e+00,7.367519140e-01,2.156935692e+00,1.447849870e-01,1.000000000e+00,-1.893766522e+00,-3.786265850e+00,2.935508192e-01,2.156894922e+00,-2.799386024e+00,-2.578677893e+00,2.565877438e+00,2.259677172e+00,0.000000000e+00,0.000000000e+00,0.000000000e+00,0.000000000e+00,-1.000000000e+00,-1.000000000e+00,-1.000000000e+00,0.000000000e+00,-9.999956489e-01,4.342942646e-07,1.000000000e+00,-6.989678144e-01,0.000000000e+00,4.342942646e-07,8.807423711e-01
35,0,1,1.293113589e+00,5.800797343e-01,-1.284489632e+00,1.587006330e+00,1.880493574e-02,-2.969187975e+00,-2.960950136e+00,-2.408965588e+00,-2.404072285e+00,-1.696021318e+00,-3.158316851e+00,-3.680540323e+00,-2.325460911e+00,8.000000000e+00,1.200000000e+01,2.100000000e+01,0.000000000e+00,-1.421275437e-01,1.628787279e+00,2.647871673e-01,1.000000000e+00,-1.864545703e+00,-3.728078365e+00,7.573639750e-01,1.624825716e+00,-2.226824999e+00,-2.577447176e+00,1.575581908e+00,2.325460911e+00,4.000000000e+00,4.000000000e+00,0.000000000e+00,2.000000000e+00,5.000000000e+00,2.700000000e+01,3.000000000e+00,1.000000000e+00,-5.697247028e+00,-1.576135993e+00,6.002112031e-01,-5.691499710e+00,1.000000000e+00,4.342942646e-07,9.164313078e-01
35,1,0,1.211689591e+00,5.105232000e-01,-1.392611146e+00,1.440167189e+00,-1.039004251e-01,-2.922852039e+00,-2.905443668e+00,-2.472084045e+00,-2.421568394e+00,-1.771020651e+00,-3.116287470e+00,-3.622557163e+00,-2.297593117e+00,8.000000000e+00,1.200000000e+01,2.000000000e+01,0.000000000e+00,-2.765631080e-01,1.632791162e+00,1.391373724e-01,1.000000000e+00,-1.903110147e+00,-3.805526495e+00,-3.105502427e-01,1.632762909e+00,-3.241998434e+00,-2.604136705e+00,2.593716383e+00,2.297593117e+00,3.000000000e+00,3.000000000e+00,0.000000000e+00,2.000000000e+00,5.000000000e+00,2.700000000e+01,3.000000000e+00,1.000000000e+00,-4.966103554e+00,-2.504678965e+00,-1.200618267e+00,-4.964872837e+00,1.000000000e+00,4.342942646e-07,9.712606072e-01
36,0,0,1.065379500e+00,3.330626190e-01,-1.530899286e+00,1.488385677e+00,-3.012788855e-02,-2.730157375e+00,-2.725143909e+00,-2.216125011e+00,-2.209662914e+00,-1.483866096e+00,-2.932873249e+00,-3.461449146e+00,-2.370680332e+00,9.000000000e+00,1.200000000e+01,1.900000000e+01,0.000000000e+00,3.567856252e-01,1.662323236e+00,2.096322328e-01,1.000000000e+00,-1.863944650e+00,-3.729506254e+00,-1.439824849e-01,1.662270188e+00,-2.686567545e+00,-2.596122026e+00,2.532009125e+00,2.370680332e+00,1.000000000e+00,1.000000000e+00,0.000000000e+00,1.000000000e+00,-5.000000000e+00,2.200000000e+01,1.000000000e+00,1.000000000e+00,-4.500520229e+00,-1.803250790e+00,1.351673752e-01,-4.493954659e+00,1.000000000e+00,9.604864568e-02,9.966446161e-01
36,1,0,1.319378376e+00,5.929803848e-01,-1.302966952e+00,1.688019276e+00,1.695056558e-01,-2.994096994e+00,-2.986644506e+00,-2.549449444e+00,-2.539405584e+00,-1.823176503e+00,-3.215949535e+00,-3.718645334e+00,-2.356808186e+00,9.000000000e+00,1.200000000e+01,1.900000000e+01,0.000000000e+00,8.142749071e-01,2.230344534e+00,4.092658758e-01,1.000000000e+00,-1.895921707e+00,-3.790552139e+00,-3.238790035e-01,2.230342865e+00,-3.455175638e+00,-2.622171879e+00,3.270256281e+00,2.356808186e+00,0.000000000e+00,0.000000000e+00,0.000000000e+00,0.000000000e+00,-1.000000000e+00,-1.000000000e+00,-1.000000000e+00,0.000000000e+00,-9.999956489e-01,4.342942646e-07,1.000000000e+00,-6.989678144e-01,0.000000000e+00,4.342942646e-07,8.971100450e-01
36,2,0,1.190865397e+00,4.581426978e-01,-1.429546475e+00,1.844409943e+00,3.003420234e-01,-2.856263638e+00,-2.853629827e+00,-2.409531355e+00,-2.411069155e+00,-1.676899433e+00,-3.080484629e+00,-3.587614536e+00,-2.371631145e+00,9.000000000e+00,1.200000000e+01,2.000000000e+01,0.000000000e+00,-1.432714820e+00,9.613000154e-01,5.433800220e-01,1.000000000e+00,-1.887667060e+00,-3.775246620e+00,-2.644086182e-01,9.605306983e-01,-3.133142710e+00,-2.620242119e+00,1.958995342e+00,2.371631145e+00,0.000000000e+00,0.000000000e+00,0.000000000e+00,0.000000000e+00,-1.000000000e+00,-1.000000000e+00,-1.000000000e+00,0.000000000e+00,-9.999956489e-01,4.342942646e-07,1.000000000e+00,-6.989678144e-01,0.000000000e+00,4.342942646e-07,9.860270023e-01
36,3,0,1.112249374e+00,4.010521472e-01,-1.346878290e+00,1.858513236e+00,4.967854917e-01,-3.176537752e+00,-3.016215563e+00,-2.273688793e+00,-2.214999437e+00,-1.562557101e+00,-2.860156775e+00,-3.885042191e+00,-2.321150303e+00,4.000000000e+00,8.000000000e+00,1.400000000e+01,2.000000000e+00,-2.938429415e-01,1.472841263e+00,7.123852372e-01,8.750000000e-01,-1.747915506e+00,-3.494802713e+00,1.166191220e+00,1.412213445e+00,-1.449919224e+00,-2.459012270e+00,8.985150456e-01,2.321150303e+00,0.000000000e+00,0.000000000e+00,0.000000000e+00,0.000000000e+00,-1.000000000e+00,-1.000000000e+00,-1.000000000e+00,0.000000000e+00,-9.999956489e-01,4.342942646e-07,1.000000000e+00,-6.989678144e-01,0.000000000e+00,4.342942646e-07,9.930638671e-01
36,4,0,1.222523689e+00,5.724077821e-01,-1.354536176e+00,1.585820079e+00,6.730638444e-02,-3.232043743e+00,-3.233207226e+00,-2.519302368e+00,-2.542499542e+00,-1.869297862e+00,-3.149257660e+00,-3.879597425e+00,-2.177329302e+00,7.000000000e+00,1.100000000e+01,1.900000000e+01,0.000000000e+00,8.671002388e-01,2.302974224e+00,3.070666194e-01,1.000000000e+00,-1.926916838e+00,-3.851206303e+00,6.309709549e-01,2.302875757e+00,-2.483955622e+00,-2.576905489e+00,2.345190525e+00,2.177329302e+00,2.000000000e+00,2.000000000e+00,0.000000000e+00,1.000000000e+00,-5.000000000e+00,3.300000000e+01,1.000000000e+00,1.000000000e+00,-5.723880291e+00,-2.427995920e+00,-9.990659356e-01,-5.723118305e+00,1.000000000e+00,4.342942646e-07,9.260806441e-01
36,5,0,1.012365580e+00,3.306287825e-01,-1.584725499e+00,1.617302299e+00,9.878853709e-02,-2.759666443e+00,-2.752416372e+00,-2.243246555e+00,-2.240850687e+00,-1.561569691e+00,-2.931667328e+00,-3.440454245e+00,-2.251898527e+00,7.000000000e+00,1.200000000e+01,1.900000000e+01,0.000000000e+00,1.525852680e+00,2.324511766e+00,3.385487497e-01,1.000000000e+00,-1.915334940e+00,-3.832083464e+00,-1.312103152e+00,2.324511766e+00,-3.880357265e+00,-2.596935987e+00,4.314415932e+00,2.251898527e+00,0.000000000e+00,0.000000000e+00,0.000000000e+00,0.000000000e+00,-1.000000000e+00,-1.000000000e+00,-1.000000000e+00,0.000000000e+00,-9.999956489e-01,4.342942646e-07,1.000000000e+00,-6.989678144e-01,1.000000000e+00,9.414346814e-01,9.967240691e-01
36,6,0,9.292043447e-01,3.801547587e-01,-1.584972143e+00,1.659779191e+00,1.412654072e-01,-2.873900652e+00,-2.871625185e+00,-2.430122137e+00,-2.421730757e+00,-1.881156206e+00,-2.897038460e+00,-3.422125816e+00,-1.936810851e+00,6.000000000e+00,1.000000000e+01,1.900000000e+01,1.000000000e+00,8.748336434e-01,2.318608999e+00,3.810256124e-01,9.499999881e-01,-1.965103388e+00,-3.929611206e+00,-9.023624659e-02,2.318605900e+00,-2.891898155e+00,-2.514051199e+00,2.949357510e+00,1.936810851e+00,0.000000000e+00,0.000000000e+00,0.000000000e+00,0.000000000e+00,-1.000000000e+00,-1.000000000e+00,-1.000000000e+00,0.000000000e+00,-9.999956489e-01,4.342942646e-07,1.000000000e+00,-6.989678144e-01,0.000000000e+00,4.342942646e-07,9.945171475e-01
36,7,0,7.447255850e-01,1.722595841e-01,-1.818473458e+00,1.627342939e+00,1.088292599e-01,-2.660882473e+00,-2.654909611e+00,-2.217778206e+00,-2.213387012e+00,-1.645364285e+00,-2.744620800e+00,-3.232804775e+00,-1.992891908e+00,6.000000000e+00,1.100000000e+01,1.900000000e+01,0.000000000e+00,8.579492569e-01,2.074368000e+00,3.485895097e-01,1.000000000e+00,-1.990719080e+00,-3.986665964e+00,-8.164467663e-02,2.074357510e+00,-2.467235088e+00,-2.563068867e+00,2.723991394e+00,1.992891908e+00,0.000000000e+00,0.000000000e+00,0.000000000e+00,0.000000000e+00,-1.000000000e+00,-1.000000000e+00,-1.000000000e+00,0.000000000e+00,-9.999956489e-01,4.342942646e-07,1.000000000e+00,-6.989678144e-01,0.000000000e+00,4.342942646e-07,9.991126657e-01
36,8,0,9.176549911e-01,3.308524787e-01,-1.636014819e+00,1.657274365e+00,1.132065132e-01,-2.808650494e+00,-2.803136587e+00,-2.355676889e+00,-2.355071545e+00,-1.768947244e+00,-2.888415575e+00,-3.394653797e+00,-2.027110100e+00,7.000000000e+00,1.100000000e+01,2.000000000e+01,0.000000000e+00,8.720685840e-01,2.205007792e+00,3.562444448e-01,1.000000000e+00,-1.966845751e+00,-3.934233665e+00,-5.627359152e-01,2.205007076e+00,-3.247990370e+00,-2.553533077e+00,3.353582382e+00,2.027110100e+00,0.000000000e+00,0.000000000e+00,0.000000000e+00,0.000000000e+00,-1.000000000e+00,-1.000000000e+00,-1.000000000e+00,0.000000000e+00,-9.999956489e-01,4.342942646e-07,1.000000000e+00,-6.989678144e-01,1.000000000e+00,8.996266723e-01,9.967169166e-01
36,9,0,7.616653442e-01,2.802059352e-01,-1.849614978e+00,1.394283414e+00,-3.656313289e-03,-2.762509108e+00,-2.817112923e+00,-2.209700346e+00,-2.371579885e+00,-1.728287816e+00,-2.901801586e+00,-3.243458748e+00,-1.773335934e+00,4.000000000e+00,1.000000000e+01,1.500000000e+01,0.000000000e+00,1.523006439e+00,2.489816666e+00,2.181922793e-01,1.000000000e+00,-2.129793167e+00,-4.262315750e+00,2.880022489e-02,2.489814043e+00,-2.622905493e+00,-2.611133575e+00,3.104289770e+00,1.773335934e+00,0.000000000e+00,0.000000000e+00,0.000000000e+00,0.000000000e+00,-1.000000000e+00,-1.000000000e+00,-1.000000000e+00,0.000000000e+00,-9.999956489e-01,4.342942646e-07,1.000000000e+00,-6.989678144e-01,0.000000000e+00,4.342942646e-07,9.979488254e-01
36,10,0,6.963292956e-01,2.674472332e-01,-1.766981602e+00,1.770095229e+00,1.790308803e-01,-2.827530384e+00,-2.820205688e+00,-2.299616337e+00,-2.296543598e+00,-1.870788336e+00,-2.735398531e+00,-3.255921125e+00,-1.644039154e+00,4.000000000e+00,1.200000000e+01,2.200000000e+01,0.000000000e+00,1.684724569e+00,2.713183641e+00,4.276727140e-01,1.000000000e+00,-2.034407139e+00,-4.068643093e+00,9.577096440e-03,2.713182688e+00,-2.554343939e+00,-2.463210106e+00,3.129330873e+00,1.644039154e+00,0.000000000e+00,0.000000000e+00,0.000000000e+00,0.000000000e+00,-1.000000000e+00,-1.000000000e+00,-1.000000000e+00,0.000000000e+00,-9.999956489e-01,4.342942646e-07,1.000000000e+00,-6.989678144e-01,0.000000000e+00,4.342942646e-07,9.981628060e-01
36,11,0,6.498167515e-01,3.129036427e-01,-1.710609913e+00,1.218026996e+00,-2.133361697e-01,-2.920616865e+00,-2.916629314e+00,-2.388241291e+00,-2.395294905e+00,-2.051385403e+00,-2.675897360e+00,-3.257106304e+00,-1.411150813e+00,3.000000000e+00,9.000000000e+00,1.600000000e+01,0.000000000e+00,1.843636632e+00,2.973252773e+00,1.390731987e-02,1.000000000e+00,-2.023489952e+00,-4.044979095e+00,-6.749313325e-04,2.973252535e+00,-2.708759308e+00,-2.360349417e+00,3.317788363e+00,1.411150813e+00,0.000000000e+00,0.000000000e+00,0.000000000e+00,0.000000000e+00,-1.000000000e+00,-1.000000000e+00,-1.000000000e+00,0.000000000e+00,-9.999956489e-01,4.342942646e-07,1.000000000e+00,-6.989678144e-01,0.000000000e+00,4.342942646e-07,9.972382784e-01
36,12,1,1.664623141e+00,1.049392819e+00,-8.965233564e-01,1.790388107e+00,2.718744278e-01,-3.486329556e+00,-3.445453644e+00,-2.963804483e+00,-2.836033344e+00,-2.348876953e+00,-3.608720303e+00,-4.097423553e+00,2.094726324e+00,7.000000000e+00,1.100000000e+01,1.900000000e+01,0.000000000e+00,-1.216881156e+00,1.747054577e+00,5.116347075e-01,1.000000000e+00,-1.945881248e+00,-3.888412714e+00,1.007040262e+00,1.739742875e+00,-2.878355503e+00,-2.560991764e+00,1.220030665e+00,2.094726324e+00,4.000000000e+00,4.000000000e+00,0.000000000e+00,3.000000000e+00,5.000000000e+00,2.000000000e+00,3.000000000e+00,1.000000000e+00,-4.944974899e+00,-2.895997286e+00,-1.899701357e+00,-4.944472313e+00,1.000000000e+00,4.342942646e-07,4.081614861e-06
37,0,0,1.106038690e+00,3.704647720e-01,-1.515410542e+00,1.713815331e+00,1.953016222e-01,-2.754681349e+00,-2.759015083e+00,-2.306722641e+00,-2.313727856e+00,-1.571220517e+00,-2.995463848e+00,-3.489160538e+00,-2.378310919e+00,8.000000000e+00,1.100000000e+01,1.900000000e+01,0.000000000e+00,6.722002029e-01,1.907350779e+00,4.350618422e-01,1.000000000e+00,-1.885855913e+00,-3.773160696e+00,-1.788224727e-01,1.907336235e+00,-2.862788439e+00,-2.621281624e+00,2.828604937e+00,2.378310919e+00,1.000000000e+00,1.000000000e+00,0.000000000e+00,1.000000000e+00,-5.000000000e+00,1.500000000e+01,1.000000000e+00,1.000000000e+00,-4.393898010e+00,-1.429028273e+00,9.466588497e-01,-4.378407001e+00,1.000000000e+00,1.283924818e+00,9.950653911e-01
37,1,0,1.025422692e+00,3.700661659e-01,-1.555603266e+00,1.693274736e+00,1.492069066e-01,-2.797583580e+00,-2.785687447e+00,-2.247493267e+00,-2.226348639e+00,-1.592196465e+00,-2.954260349e+00,-3.451981544e+00,-2.189706802e+00,8.000000000e+00,1.200000000e+01,2.000000000e+01,0.000000000e+00,1.136398435e+00,2.160417318e+00,3.922448456e-01,1.000000000e+00,-1.925648212e+00,-3.851814985e+00,-1.614386886e-01,2.160412312e+00,-2.757678270e+00,-2.580876112e+00,2.955954075e+00,2.189706802e+00,0.000000000e+00,0.000000000e+00,0.000000000e+00,0.000000000e+00,-1.000000000e+00,-1.000000000e+00,-1.000000000e+00,0.000000000e+00,-9.999956489e-01,4.342942646e-07,1.000000000e+00,-6.989678144e-01,1.000000000e+00,1.344628096e+00,9.950864911e-01
37,2,0,9.036372900e-01,8.571946621e-01,-1.128644824e+00,1.800526381e+00,4.387987256e-01,-3.529127359e+00,-3.554096222e+00,-2.893115997e+00,-2.988256931e+00,-2.846707821e+00,-2.889190197e+00,-3.575404167e+00,4.707525969e-01,4.000000000e+00,9.000000000e+00,1.400000000e+01,0.000000000e+00,7.920063138e-01,3.243016243e+00,6.543984413e-01,1.000000000e+00,-1.985803366e+00,-3.967684269e+00,3.570472300e-01,3.243015766e+00,-3.487490892e+00,-2.032241344e+00,3.027449846e+00,4.707525969e-01,0.000000000e+00,0.000000000e+00,0.000000000e+00,0.000000000e+00,-1.000000000e+00,-1.000000000e+00,-1.000000000e+00,0.000000000e+00,-9.999956489e-01,4.342942646e-07,1.000000000e+00,-6.989678144e-01,0.000000000e+00,4.342942646e-07,1.218333934e-02
37,3,0,5.772923231e-01,4.274289012e-01,-1.719834208e+00,1.176592827e+00,-2.213465422e-01,-3.059454679e+00,-3.065865040e+00,-2.493402004e+00,-2.534776688e+00,-2.343578100e+00,-2.725935459e+00,-3.209112883e+00,8.792501688e-01,3.000000000e+00,9.000000000e+00,1.500000000e+01,0.000000000e+00,1.336378455e+00,3.011863232e+00,5.018976517e-04,1.000000000e+00,-2.147224903e+00,-4.287654877e+00,8.412382007e-02,3.011862993e+00,-2.877902985e+00,-2.297063112e+00,3.118868589e+00,8.792501688e-01,2.000000000e+00,0.000000000e+00,2.000000000e+00,3.000000000e+00,1.000000000e+00,7.000000000e+00,1.000000000e+00,1.000000000e+00,-4.906901836e+00,-2.136485100e+00,1.516294293e-02,-4.903995991e+00,1.000000000e+00,4.342942646e-07,9.905168414e-01
37,4,0,4.380903542e-01,3.438574374e-01,-1.746399164e+00,1.044785142e+00,-3.531538844e-01,-3.081225157e+00,-3.056272745e+00,-2.298701525e+00,-2.304385185e+00,-2.204485416e+00,-2.529017210e+00,-3.175331354e+00,6.828165054e-01,3.000000000e+00,9.000000000e+00,1.500000000e+01,1.000000000e+00,2.047174454e+00,3.228142023e+00,-1.313055456e-01,9.375000000e-01,-2.090227365e+00,-4.174810410e+00,-6.311827302e-01,3.228142023e+00,-3.278688908e+00,-2.184447289e+00,3.958870173e+00,6.828165054e-01,0.000000000e+00,0.000000000e+00,0.000000000e+00,0.000000000e+00,-1.000000000e+00,-1.000000000e+00,-1.000000000e+00,0.000000000e+00,-9.999956489e-01,4.342942646e-07,1.000000000e+00,-6.989678144e-01,0.000000000e+00,4.342942646e-07,9.962618947e-01
37,5,1,8.232542872e-01,7.499856949e-01,-1.361794233e+00,1.188429117e+00,-2.739681005e-01,-3.422116041e+00,-3.452352762e+00,-2.786143541e+00,-2.985242844e+00,-2.712916136e+00,-2.934823751e+00,-3.495173693e+00,5.973362923e-01,4.000000000e+00,1.000000000e+01,1.700000000e+01,0.000000000e+00,1.947444797e+00,3.686875582e+00,-4.201933742e-02,1.000000000e+00,-2.111733675e+00,-4.216523647e+00,1.643071890e+00,3.686857939e+00,-2.092522860e+00,-2.184992075e+00,2.316298723e+00,5.973362923e-01,3.000000000e+00,0.000000000e+00,3.000000000e+00,3.000000000e+00,1.000000000e+00,7.000000000e+00,1.000000000e+00,1.000000000e+00,-5.029419899e+00,-1.961851001e+00,2.903669477e-01,-5.025206566e+00,1.000000000e+00,4.342942646e-07,2.233147025e-01
37,6,0,8.279555440e-01,4.889793694e-01,-1.533591986e+00,1.339203715e+00,-1.231937408e-01,-3.086034536e+00,-3.083031654e+00,-2.534976482e+00,-2.545023441e+00,-2.196080923e+00,-2.851514816e+00,-3.424385071e+00,1.416498423e+00,3.000000000e+00,9.000000000e+00,1.700000000e+01,0.000000000e+00,1.649562240e+00,3.020930529e+00,1.087550670e-01,1.000000000e+00,-2.022540331e+00,-4.041647434e+00,1.247563809e-01,3.020930290e+00,-2.909046888e+00,-2.361462593e+00,3.245086670e+00,1.416498423e+00,0.000000000e+00,0.000000000e+00,0.000000000e+00,0.000000000e+00,-1.000000000e+00,-1.000000000e+00,-1.000000000e+00,0.000000000e+00,-9.999956489e-01,4.342942646e-07,1.000000000e+00,-6.989678144e-01,1.000000000e+00,4.342942646e-07,9.788330197e-01
37,7,0,8.517848849e-01,4.762533903e-01,-1.521266103e+00,1.732719660e+00,1.886518747e-01,-3.050657272e+00,-3.050444126e+00,-2.560409307e+00,-2.575455666e+00,-2.184969187e+00,-2.850347757e+00,-3.425518513e+00,1.510212421e+00,5.000000000e+00,1.100000000e+01,2.000000000e+01,0.000000000e+00,-1.141827404e-01,2.127945900e+00,4.316898286e-01,1.000000000e+00,-1.997490644e+00,-3.992118359e+00,-3.778169751e-01,2.127943754e+00,-3.428523779e+00,-2.372962952e+00,2.895955324e+00,1.510212421e+00,4.000000000e+00,4.000000000e+00,0.000000000e+00,3.000000000e+00,4.000000000e+00,6.000000000e+00,1.000000000e+00,1.000000000e+00,-2.904768467e+00,-2.699474812e+00,-1.402570367e+00,-2.903903008e+00,1.000000000e+00,4.342942646e-07,9.822241664e-01
37,8,0,1.032703161e+00,5.302071571e-01,-1.430663466e+00,1.378381610e+00,-1.898195744e-01,-3.022576809e+00,-2.963396311e+00,-2.435765743e+00,-2.311204195e+00,-1.933350921e+00,-2.994330168e+00,-3.524076462e+00,1.824502826e+00,6.000000000e+00,1.200000000e+01,2.100000000e+01,0.000000000e+00,6.485456824e-01,2.257703066e+00,5.616255477e-02,1.000000000e+00,-1.960842490e+00,-3.919316292e+00,4.438934922e-01,2.257652044e+00,-2.397498369e+00,-2.463252068e+00,2.191631794e+00,1.824502826e+00,2.000000000e+00,2.000000000e+00,0.000000000e+00,3.000000000e+00,4.000000000e+00,7.000000000e+00,1.000000000e+00,1.000000000e+00,-4.712682724e+00,-1.860039949e+00,2.136930227e-01,-4.707035065e+00,1.000000000e+00,4.342942646e-07,9.615757465e-01
37,9,0,8.506621718e-01,1.791694611e-01,-1.727819085e+00,1.598222375e+00,3.002090007e-02,-2.609513760e+00,-2.608379602e+00,-2.163213968e+00,-2.165542841e+00,-1.491770864e+00,-2.765617847e+00,-3.280354500e+00,2.227769613e+00,8.000000000e+00,1.200000000e+01,2.100000000e+01,0.000000000e+00,2.406878322e-01,1.612128377e+00,2.760031521e-01,1.000000000e+00,-1.906976342e+00,-3.819346189e+00,-1.310703754e+00,1.612128139e+00,-3.653527737e+00,-2.578339815e+00,3.595364094e+00,2.227769613e+00,0.000000000e+00,0.000000000e+00,0.000000000e+00,0.000000000e+00,-1.000000000e+00,-1.000000000e+00,-1.000000000e+00,0.000000000e+00,-9.999956489e-01,4.342942646e-07,1.000000000e+00,-6.989678144e-01,0.000000000e+00,4.342942646e-07,9.990693927e-01
37,10,0,1.097363591e+00,4.548865855e-01,-1.500596166e+00,1.483495116e+00,-6.057260558e-02,-2.885980368e+00,-2.893408298e+00,-2.430921793e+00,-2.440659523e+00,-1.788534999e+00,-3.055092812e+00,-3.527326345e+00,2.159274101e+00,8.000000000e+00,1.200000000e+01,2.000000000e+01,0.000000000e+00,9.280537367e-01,2.252590179e+00,1.824652404e-01,1.000000000e+00,-1.955457211e+00,-3.910172939e+00,-3.466474414e-01,2.252588749e+00,-3.241556168e+00,-2.597801208e+00,3.251188517e+00,2.159274101e+00,0.000000000e+00,0.000000000e+00,0.000000000e+00,0.000000000e+00,-1.000000000e+00,-1.000000000e+00,-1.000000000e+00,0.000000000e+00,-9.999956489e-01,4.342942646e-07,1.000000000e+00,-6.989678144e-01,0.000000000e+00,4.342942646e-07,9.866059422e-01
37,11,0,1.126095653e+00,5.076872706e-01,-9.964860082e-01,5.357041359e-01,-3.093931377e-01,-3.149158001e+00,-3.088192463e+00,-2.440206051e+00,-2.518923283e+00,-1.821888447e+00,-2.630037546e+00,-3.765640020e+00,2.102267742e+00,6.000000000e+00,5.000000000e+00,6.000000000e+00,0.000000000e+00,1.982811093e+00,2.813323736e+00,-2.424465120e-01,1.000000000e+00,-1.504163623e+00,-3.007862568e+00,1.681634337e-01,2.813322783e+00,-2.858277321e+00,-2.122528553e+00,3.342211723e+00,2.102267742e+00,0.000000000e+00,0.000000000e+00,0.000000000e+00,0.000000000e+00,-1.000000000e+00,-1.000000000e+00,-1.000000000e+00,0.000000000e+00,-9.999956489e-01,4.342942646e-07,1.000000000e+00,-6.989678144e-01,1.000000000e+00,-3.918308616e-01,9.724147916e-01
37,12,0,1.138956904e+00,4.508356452e-01,-4.948196411e-01,4.379045963e-01,-4.071925282e-01,-2.800328970e+00,-2.618829250e+00,-2.287363052e+00,-2.222708702e+00,-1.599308491e+00,-2.084659100e+00,-3.487388611e+00,2.266923189e+00,6.000000000e+00,4.000000000e+00,6.000000000e+00,0.000000000e+00,1.632701397e+00,2.415680408e+00,-3.402458727e-01,1.000000000e+00,-9.456526637e-01,-1.891377568e+00,5.721627548e-02,2.415676117e+00,-2.616221189e+00,-1.633759141e+00,2.981852055e+00,2.266923189e+00,1.000000000e+00,1.000000000e+00,0.000000000e+00,1.000000000e+00,5.000000000e+00,1.700000000e+01,1.000000000e+00,1.000000000e+00,-3.453525782e+00,-6.886135340e-01,3.522334099e-01,-3.372811556e+00,2.000000000e+00,-3.322613239e+00,9.872875214e-01
37,13,0,1.225794911e+00,4.289830625e-01,-1.490962029e+00,1.658097744e+00,2.601579130e-01,-2.794169426e+00,-2.792760611e+00,-2.352063656e+00,-2.351606131e+00,-1.555333614e+00,-3.148949862e+00,-3.589560747e+00,2.521440268e+00,9.000000000e+00,1.000000000e+01,1.500000000e+01,0.000000000e+00,1.324297547e+00,2.217576265e+00,4.820065796e-01,1.000000000e+00,-1.919922113e+00,-3.840705872e+00,5.012556911e-01,2.217495918e+00,-2.279348373e+00,-2.716544151e+00,2.512563944e+00,2.521440268e+00,0.000000000e+00,0.000000000e+00,0.000000000e+00,0.000000000e+00,-1.000000000e+00,-1.000000000e+00,-1.000000000e+00,0.000000000e+00,-9.999956489e-01,4.342942646e-07,1.000000000e+00,-6.989678144e-01,1.000000000e+00,4.342942646e-07,9.903349280e-01
38,0,0,1.003052473e+00,2.953225374e-01,-1.627032757e+00,1.837003708e+00,3.746059239e-01,-2.684474468e+00,-2.705180883e+00,-2.206141710e+00,-2.258165121e+00,-1.498467565e+00,-2.931454659e+00,-3.391344070e+00,-2.313009977e+00,8.000000000e+00,1.000000000e+01,1.700000000e+01,0.000000000e+00,1.197833300e+00,2.097398281e+00,6.065549850e-01,1.000000000e+00,-1.922337055e+00,-3.848074913e+00,-8.339307308e-01,2.097397804e+00,-3.386441231e+00,-2.629918337e+00,3.690557480e+00,2.313009977e+00,0.000000000e+00,0.000000000e+00,0.000000000e+00,0.000000000e+00,-1.000000000e+00,-1.000000000e+00,-1.000000000e+00,0.000000000e+00,-9.999956489e-01,4.342942646e-07,1.000000000e+00,-6.989678144e-01,0.000000000e+00,4.342942646e-07,9.976529479e-01
38,1,0,1.004828930e+00,3.948358893e-01,-1.615670443e+00,1.611091375e+00,1.486935467e-01,-2.863698721e+00,-2.855042934e+00,-2.328012705e+00,-2.323684216e+00,-1.718089104e+00,-3.018939018e+00,-3.472717524e+00,-2.082291603e+00,6.000000000e+00,1.000000000e+01,1.700000000e+01,0.000000000e+00,-2.643636465e-01,1.588244557e+00,3.806425333e-01,1.000000000e+00,-2.010479689e+00,-4.020510674e+00,6.147537827e-01,1.585777164e+00,-2.103802681e+00,-2.620335817e+00,1.576665163e+00,2.082291603e+00,0.000000000e+00,0.000000000e+00,0.000000000e+00,0.000000000e+00,-1.000000000e+00,-1.000000000e+00,-1.000000000e+00,0.000000000e+00,-9.999956489e-01,4.342942646e-07,1.000000000e+00,-6.989678144e-01,1.000000000e+00,4.342942646e-07,9.935397506e-01
39,0,0,8.929429650e-01,2.334855497e-01,-1.625913382e+00,1.749807119e+00,2.584456801e-01,-2.674832582e+00,-2.672403336e+00,-2.231552839e+00,-2.232220650e+00,-1.572152972e+00,-2.757030964e+00,-3.333558559e+00,-2.199387074e+00,8.000000000e+00,1.100000000e+01,1.800000000e+01,0.000000000e+00,6.014545634e-02,1.602257609e+00,4.945347607e-01,1.000000000e+00,-1.859385490e+00,-3.721460342e+00,-4.553737640e-01,1.602240920e+00,-2.920793056e+00,-2.518731356e+00,2.717529774e+00,2.199387074e+00,0.000000000e+00,0.000000000e+00,0.000000000e+00,0.000000000e+00,-1.000000000e+00,-1.000000000e+00,-1.000000000e+00,0.000000000e+00,-9.999956489e-01,4.342942646e-07,1.000000000e+00,-6.989678144e-01,0.000000000e+00,4.342942646e-07,9.986087680e-01
39,1,0,9.468920231e-01,3.093160689e-01,-1.627793550e+00,1.600565314e+00,2.026254982e-01,-2.974431276e+00,-2.981057167e+00,-2.322748184e+00,-2.343782663e+00,-1.685242295e+00,-2.885353565e+00,-3.610641479e+00,-2.147680759e+00,6.000000000e+00,1.000000000e+01,1.500000000e+01,0.000000000e+00,1.708568335e+00,2.539547682e+00,4.244741499e-01,1.000000000e+00,-1.937090397e+00,-3.872671843e+00,-8.543133736e-01,2.539547682e+00,-3.506115675e+00,-2.574540854e+00,4.051794052e+00,2.147680759e+00,0.000000000e+00,0.000000000e+00,0.000000000e+00,0.000000000e+00,-1.000000000e+00,-1.000000000e+00,-1.000000000e+00,0.000000000e+00,-9.999956489e-01,4.342942646e-07,1.000000000e+00,-6.989678144e-01,0.000000000e+00,4.342942646e-07,9.973298311e-01
39,2,0,1.001673222e+00,4.461425245e-01,-1.537018061e+00,1.544075727e+00,-2.412559278e-02,-2.940214396e+00,-2.937877417e+00,-2.403461218e+00,-2.410586596e+00,-1.848009706e+00,-2.986866236e+00,-3.494764805e+00,-1.952357769e+00,6.000000000e+00,1.200000000e+01,2.100000000e+01,0.000000000e+00,1.380702972e+00,2.538395166e+00,2.218566388e-01,1.000000000e+00,-1.983133674e+00,-3.964766741e+00,1.465980113e-01,2.538391590e+00,-2.710020065e+00,-2.538556099e+00,2.954372168e+00,1.952357769e+00,3.000000000e+00,3.000000000e+00,0.000000000e+00,3.000000000e+00,-5.000000000e+00,7.000000000e+00,3.000000000e+00,1.000000000e+00,-5.334426403e+00,-2.169348240e+00,-3.665727079e-01,-5.332127094e+00,1.000000000e+00,4.342942646e-07,9.880273342e-01
39,3,0,9.079347253e-01,4.366722703e-01,-1.121535659e+00,1.415515065e+00,3.015717268e-01,-2.970596552e+00,-2.922672033e+00,-2.517990112e+00,-2.495888233e+00,-2.046822548e+00,-2.466305017e+00,-3.441064358e+00,-1.748426437e+00,7.000000000e+00,6.000000000e+00,9.000000000e+00,0.000000000e+00,9.408807755e-01,2.517311811e+00,4.612725079e-01,1.000000000e+00,-1.558197856e+00,-3.116143227e+00,-2.046258748e-01,2.517311096e+00,-3.136727571e+00,-2.029429674e+00,3.170873165e+00,1.748426437e+00,0.000000000e+00,0.000000000e+00,0.000000000e+00,0.000000000e+00,-1.000000000e+00,-1.000000000e+00,-1.000000000e+00,0.000000000e+00,-9.999956489e-01,4.342942646e-07,1.000000000e+00,-6.989678144e-01,1.000000000e+00,4.342942646e-07,9.893720746e-01
39,4,0,3.974016011e-01,3.602214158e-01,-1.774156690e+00,1.211218953e+00,-1.867205203e-01,-3.124024153e+00,-3.111423969e+00,-2.562386513e+00,-2.657224894e+00,-2.525219440e+00,-2.532006741e+00,-3.161152601e+00,-4.197173119e-01,3.000000000e+00,9.000000000e+00,1.500000000e+01,0.000000000e+00,-8.319863081e-01,2.109384775e+00,3.512794152e-02,1.000000000e+00,-2.134344816e+00,-4.261159897e+00,1.904641837e-01,2.109353304e+00,-2.826887846e+00,-2.171519756e+00,2.050819397e+00,4.197173119e-01,0.000000000e+00,0.000000000e+00,0.000000000e+00,0.000000000e+00,-1.000000000e+00,-1.000000000e+00,-1.000000000e+00,0.000000000e+00,-9.999956489e-01,4.342942646e-07,1.000000000e+00,-6.989678144e-01,0.000000000e+00,1.129930496e+00,9.955744743e-01
39,5,1,6.755456328e-01,6.519773602e-01,-1.461985111e+00,1.325343490e+00,-1.370539963e-01,-3.329003572e+00,-3.413377047e+00,-2.628646612e+00,-2.958144665e+00,-2.605088234e+00,-2.789334059e+00,-3.352520227e+00,-3.324354291e-01,4.000000000e+00,1.000000000e+01,1.700000000e+01,0.000000000e+00,1.585925341e+00,3.398316622e+00,9.489481896e-02,1.000000000e+00,-2.113918543e+00,-4.220750332e+00,1.756202936e+00,3.398203611e+00,-1.854282379e+00,-2.137483597e+00,1.995269895e+00,3.324354291e-01,3.000000000e+00,0.000000000e+00,3.000000000e+00,3.000000000e+00,-1.000000000e+00,1.000000000e+00,1.000000000e+00,1.000000000e+00,-5.239979267e+00,-2.012413263e+00,2.115153968e-01,-5.236506462e+00,1.000000000e+00,4.342942646e-07,7.360546589e-01
39,6,0,7.539700270e-01,3.577542007e-01,-1.665539265e+00,1.453025699e+00,-1.151756048e-01,-2.926273823e+00,-2.923928261e+00,-2.383597374e+00,-2.390384912e+00,-1.987444282e+00,-2.779901028e+00,-3.321943998e+00,1.562466025e+00,5.000000000e+00,1.100000000e+01,2.100000000e+01,0.000000000e+00,1.579578638e+00,2.777275801e+00,1.308065653e-01,1.000000000e+00,-2.023267746e+00,-4.044666290e+00,-5.218111277e-01,2.777275562e+00,-3.269249916e+00,-2.419415236e+00,3.701738596e+00,1.562466025e+00,0.000000000e+00,0.000000000e+00,0.000000000e+00,0.000000000e+00,-1.000000000e+00,-1.000000000e+00,-1.000000000e+00,0.000000000e+00,-9.999956489e-01,4.342942646e-07,1.000000000e+00,-6.989678144e-01,1.000000000e+00,1.261296153e+00,9.956874251e-01
39,7,0,7.418698668e-01,2.949727476e-01,-1.731945515e+00,1.717222691e+00,1.731548607e-01,-2.848169088e+00,-2.839670897e+00,-2.321875334e+00,-2.317032337e+00,-1.875036478e+00,-2.772926569e+00,-3.294516087e+00,1.688592672e+00,6.000000000e+00,1.100000000e+01,2.000000000e+01,0.000000000e+00,1.721889496e+00,2.736016512e+00,4.161927998e-01,1.000000000e+00,-2.026895523e+00,-4.053318024e+00,3.177472651e-01,2.736013412e+00,-2.294262409e+00,-2.473709583e+00,2.860276222e+00,1.688592672e+00,0.000000000e+00,0.000000000e+00,0.000000000e+00,0.000000000e+00,-1.000000000e+00,-1.000000000e+00,-1.000000000e+00,0.000000000e+00,-9.999956489e-01,4.342942646e-07,1.000000000e+00,-6.989678144e-01,0.000000000e+00,4.342942646e-07,9.976602793e-01
39,8,0,1.022748590e+00,3.636475801e-01,-1.524045944e+00,1.415424347e+00,-1.286432594e-01,-2.772850275e+00,-2.767125845e+00,-2.208413363e+00,-2.197208405e+00,-1.549366951e+00,-2.913334370e+00,-3.431035757e+00,2.198545933e+00,8.000000000e+00,1.200000000e+01,2.000000000e+01,0.000000000e+00,1.028975129e+00,2.063895702e+00,1.143945530e-01,1.000000000e+00,-1.887674212e+00,-3.776048422e+00,1.107801273e-01,2.063868761e+00,-2.450021982e+00,-2.546656132e+00,2.600929976e+00,2.198545933e+00,0.000000000e+00,0.000000000e+00,0.000000000e+00,0.000000000e+00,-1.000000000e+00,-1.000000000e+00,-1.000000000e+00,0.000000000e+00,-9.999956489e-01,4.342942646e-07,1.000000000e+00,-6.989678144e-01,0.000000000e+00,1.272842765e+00,9.954115748e-01
39,9,0,1.085609794e+00,3.438853025e-01,-1.591692090e+00,1.858546853e+00,3.671853244e-01,-2.742278099e+00,-2.738199234e+00,-2.300829887e+00,-2.300106287e+00,-1.559176207e+00,-3.025903702e+00,-3.482920408e+00,2.392715454e+00,8.000000000e+00,1.100000000e+01,1.800000000e+01,0.000000000e+00,1.374401331e+00,2.246396542e+00,6.032744646e-01,1.000000000e+00,-1.935556769e+00,-3.873094559e+00,-1.209608093e-01,2.246392488e+00,-2.764786482e+00,-2.677112103e+00,3.108240366e+00,2.392715454e+00,1.000000000e+00,1.000000000e+00,0.000000000e+00,1.000000000e+00,5.000000000e+00,1.600000000e+01,1.000000000e+00,1.000000000e+00,-4.200308323e+00,-1.489930034e+00,9.198767543e-01,-4.186691761e+00,1.000000000e+00,-4.313111603e-01,9.962608218e-01
39,10,0,1.003682852e+00,2.484584004e-01,-1.049372435e+00,1.029245973e+00,-1.214628760e-02,-2.423313856e+00,-2.003787279e+00,-8.833517432e-01,-8.088648319e-01,-1.281298250e-01,-2.300137281e+00,-3.177999020e+00,2.424307585e+00,0.000000000e+00,4.000000000e+00,8.000000000e+00,0.000000000e+00,-3.881861567e-01,6.147345304e-01,1.261562854e-01,1.000000000e+00,-1.297826886e+00,-2.594205856e+00,6.147327423e-01,-1.925739646e+00,-4.425919950e-01,-2.053011179e+00,-1.859740853e+00,2.424307585e+00,0.000000000e+00,0.000000000e+00,0.000000000e+00,0.000000000e+00,-1.000000000e+00,-1.000000000e+00,-1.000000000e+00,0.000000000e+00,-9.999956489e-01,4.342942646e-07,1.000000000e+00,-6.989678144e-01,1.000000000e+00,4.342942646e-07,9.984315038e-01
39,11,0,1.013920665e+00,2.385109812e-01,-1.528074741e+00,1.278945446e+00,4.849677905e-02,-2.606701374e+00,-2.606912613e+00,-2.166374207e+00,-2.165700912e+00,-1.391017318e+00,-2.784727097e+00,-3.381241083e+00,2.471486568e+00,9.000000000e+00,8.000000000e+00,1.100000000e+01,0.000000000e+00,-1.178466678e+00,8.069391847e-01,2.375529110e-01,1.000000000e+00,-1.766574621e+00,-3.536175966e+00,-1.980228350e-03,8.016400337e-01,-2.406145334e+00,-2.541858673e+00,1.578293324e+00,2.471486568e+00,0.000000000e+00,0.000000000e+00,0.000000000e+00,0.000000000e+00,-1.000000000e+00,-1.000000000e+00,-1.000000000e+00,0.000000000e+00,-9.999956489e-01,4.342942646e-07,1.000000000e+00,-6.989678144e-01,0.000000000e+00,4.342942646e-07,9.985522628e-01
40,0,0,4.602259398e-01,2.500569224e-01,-1.457957268e+00,9.493838549e-01,-4.858274478e-03,-2.469407320e+00,-2.142322540e+00,-7.345142365e-01,-6.193506122e-01,-5.243460536e-01,-2.203613281e+00,-2.679496765e+00,1.064732552e+00,0.000000000e+00,4.000000000e+00,7.000000000e+00,0.000000000e+00,1.515813112e+00,1.359917521e+00,1.042860672e-01,1.000000000e+00,-1.708004117e+00,-3.450256586e+00,1.324250698e+00,9.500833750e-01,4.548417032e-01,-1.918159366e+00,-2.791616321e-01,1.064732552e+00,0.000000000e+00,0.000000000e+00,0.000000000e+00,0.000000000e+00,-1.000000000e+00,-1.000000000e+00,-1.000000000e+00,0.000000000e+00,-9.999956489e-01,4.342942646e-07,1.000000000e+00,-6.989678144e-01,0.000000000e+00,4.342942646e-07,9.984108210e-01
40,1,0,4.663190246e-01,1.986590475e-01,-1.879777670e+00,1.439626336e+00,8.262803778e-03,-2.845707893e+00,-2.825520039e+00,-2.029977560e+00,-2.029885054e+00,-1.762338758e+00,-2.549140930e+00,-3.113108635e+00,1.227003455e+00,3.000000000e+00,9.000000000e+00,1.600000000e+01,0.000000000e+00,8.015732169e-01,2.163150787e+00,2.355064303e-01,1.000000000e+00,-2.078417540e+00,-4.155192375e+00,-1.054735661e+00,2.163150549e+00,-3.282497883e+00,-2.346033335e+00,3.484931231e+00,1.227003455e+00,0.000000000e+00,0.000000000e+00,0.000000000e+00,0.000000000e+00,-1.000000000e+00,-1.000000000e+00,-1.000000000e+00,0.000000000e+00,-9.999956489e-01,4.342942646e-07,1.000000000e+00,-6.989678144e-01,0.000000000e+00,4.342942646e-07,9.989309907e-01
40,2,0,7.325372696e-01,3.301622868e-01,-1.679510236e+00,1.723947167e+00,1.798793525e-01,-2.909240484e+00,-2.906729698e+00,-2.457535028e+00,-2.470562696e+00,-2.055235386e+00,-2.744902611e+00,-3.311078072e+00,1.577930808e+00,7.000000000e+00,1.100000000e+01,2.000000000e+01,0.000000000e+00,1.114419699e+00,2.612498522e+00,4.229173064e-01,1.000000000e+00,-2.009648800e+00,-4.017752171e+00,2.868984938e-01,2.612493515e+00,-2.513813019e+00,-2.411956072e+00,2.740935326e+00,1.577930808e+00,1.000000000e+00,1.000000000e+00,0.000000000e+00,2.000000000e+00,-4.000000000e+00,2.300000000e+01,2.000000000e+00,1.000000000e+00,-1.263369918e+00,-1.667594790e+00,6.656817794e-01,-1.254132748e+00,1.000000000e+00,4.342942646e-07,9.967390895e-01
40,3,0,7.812392712e-01,3.494969308e-01,-1.557505250e+00,1.051967621e+00,-6.197526678e-02,-2.699864388e+00,-2.632896185e+00,-1.110420465e+00,-1.355114102e+00,-6.786815524e-01,-2.695845842e+00,-3.131236792e+00,1.651132107e+00,0.000000000e+00,5.000000000e+00,9.000000000e+00,0.000000000e+00,7.947134972e-01,1.446633220e+00,9.772542119e-02,1.000000000e+00,-1.906982541e+00,-3.818968058e+00,1.413005352e+00,1.025009155e+00,-2.916145325e-01,-2.338665485e+00,2.884440422e-01,1.651132107e+00,0.000000000e+00,0.000000000e+00,0.000000000e+00,0.000000000e+00,-1.000000000e+00,-1.000000000e+00,-1.000000000e+00,0.000000000e+00,-9.999956489e-01,4.342942646e-07,1.000000000e+00,-6.989678144e-01,0.000000000e+00,4.342942646e-07,9.960408211e-01
40,4,0,9.899994731e-01,4.486606121e-01,-1.580448389e+00,1.560479403e+00,4.196576402e-02,-2.904088974e+00,-2.937417030e+00,-2.289021492e+00,-2.394575834e+00,-1.747742534e+00,-3.022201777e+00,-3.444565773e+00,1.918288231e+00,7.000000000e+00,1.100000000e+01,1.900000000e+01,0.000000000e+00,1.193405747e+00,2.344475746e+00,2.817259729e-01,1.000000000e+00,-2.029078960e+00,-4.056807041e+00,7.658614218e-02,2.344469309e+00,-2.766504288e+00,-2.570302725e+00,2.914710045e+00,1.918288231e+00,2.000000000e+00,2.000000000e+00,0.000000000e+00,1.000000000e+00,5.000000000e+00,1.400000000e+01,2.000000000e+00,1.000000000e+00,-4.583824635e+00,-1.921777725e+00,2.250847220e-01,-4.578853130e+00,1.000000000e+00,4.342942646e-07,9.876368046e-01
40,5,0,8.620992303e-01,3.384989798e-01,-1.617916822e+00,1.722534060e+00,1.314697862e-01,-2.848317862e+00,-2.812968969e+00,-2.380666018e+00,-2.263422966e+00,-1.857138753e+00,-2.821462393e+00,-3.371202469e+00,1.875561953e+00,7.000000000e+00,1.200000000e+01,2.200000000e+01,0.000000000e+00,1.192629457e+00,2.453485966e+00,3.801115453e-01,1.000000000e+00,-1.956394315e+00,-3.912519693e+00,-1.359080970e-01,2.453484535e+00,-2.737672567e+00,-2.479902744e+00,2.995616913e+00,1.875561953e+00,0.000000000e+00,0.000000000e+00,0.000000000e+00,0.000000000e+00,-1.000000000e+00,-1.000000000e+00,-1.000000000e+00,0.000000000e+00,-9.999956489e-01,4.342942646e-07,1.000000000e+00,-6.989678144e-01,0.000000000e+00,4.342942646e-07,9.964582324e-01
40,6,0,1.039676309e+00,3.849273622e-01,-1.525640368e+00,1.560201287e+00,1.613350213e-02,-3.111295223e+00,-3.041010141e+00,-2.303339958e+00,-2.262625694e+00,-1.648658752e+00,-2.950665474e+00,-3.764075756e+00,2.188272238e+00,8.000000000e+00,1.000000000e+01,2.000000000e+01,0.000000000e+00,1.035690665e+00,2.204855680e+00,2.591714263e-01,1.000000000e+00,-1.910546660e+00,-3.819086313e+00,1.822615743e+00,2.163871765e+00,-8.250137568e-01,-2.565171480e+00,9.552818537e-01,2.188272238e+00,0.000000000e+00,0.000000000e+00,0.000000000e+00,0.000000000e+00,-1.000000000e+00,-1.000000000e+00,-1.000000000e+00,0.000000000e+00,-9.999956489e-01,4.342942646e-07,1.000000000e+00,-6.989678144e-01,0.000000000e+00,4.342942646e-07,9.942202568e-01
40,7,0,8.770810366e-01,1.973834932e-01,-1.702117801e+00,1.635633588e+00,1.171198115e-01,-2.616595268e+00,-2.623229027e+00,-2.173652411e+00,-2.183303118e+00,-1.494005919e+00,-2.784052134e+00,-3.295614004e+00,2.247097254e+00,7.000000000e+00,1.200000000e+01,1.900000000e+01,0.000000000e+00,1.341159344e+00,2.164604664e+00,3.568800688e-01,1.000000000e+00,-1.899488449e+00,-3.803984165e+00,-1.260284334e-01,2.164598942e+00,-2.506641865e+00,-2.579055786e+00,2.979889154e+00,2.247097254e+00,0.000000000e+00,0.000000000e+00,0.000000000e+00,0.000000000e+00,-1.000000000e+00,-1.000000000e+00,-1.000000000e+00,0.000000000e+00,-9.999956489e-01,4.342942646e-07,1.000000000e+00,-6.989678144e-01,0.000000000e+00,4.342942646e-07,9.989408851e-01
40,8,1,1.139919877e+00,4.172500372e-01,-1.502165437e+00,1.956408739e+00,4.940108955e-01,-2.809510231e+00,-2.799283743e+00,-2.292580843e+00,-2.258148909e+00,-1.569979906e+00,-3.062046051e+00,-3.530982971e+00,2.348067284e+00,7.000000000e+00,1.000000000e+01,1.700000000e+01,1.000000000e+00,7.815732956e-01,1.961607695e+00,7.259598970e-01,9.444444180e-01,-1.919392943e+00,-3.839048147e+00,7.604082227e-01,1.960746288e+00,-1.915033460e+00,-2.641908646e+00,1.888556004e+00,2.348067284e+00,4.000000000e+00,4.000000000e+00,0.000000000e+00,1.000000000e+00,5.000000000e+00,3.600000000e+01,1.000000000e+00,1.000000000e+00,-3.881337881e+00,-1.794981360e+00,2.628794611e-01,-3.874482632e+00,1.000000000e+00,4.342942646e-07,9.916131496e-01
40,9,1,1.312236428e+00,5.627904534e-01,-1.292121649e+00,1.923403382e+00,4.048895240e-01,-2.936708927e+00,-2.911296606e+00,-2.382669210e+00,-2.342269182e+00,-1.633309245e+00,-3.168199778e+00,-3.684425354e+00,2.410788536e+00,9.000000000e+00,1.200000000e+01,1.900000000e+01,0.000000000e+00,8.028513193e-01,2.034982681e+00,6.446498036e-01,1.000000000e+00,-1.854889393e+00,-3.709294558e+00,5.548878312e-01,2.034744501e+00,-2.350170135e+00,-2.604191780e+00,2.188867092e+00,2.410788536e+00,3.000000000e+00,3.000000000e+00,0.000000000e+00,2.000000000e+00,-5.000000000e+00,8.000000000e+00,3.000000000e+00,1.000000000e+00,-3.865057707e+00,-1.473590136e+00,7.923247218e-01,-3.850806952e+00,1.000000000e+00,4.342942646e-07,9.365311861e-01
41,0,0,4.353844523e-01,1.724168211e-01,-1.241135716e+00,1.083081603e+00,1.288392991e-01,-1.830533862e+00,-1.892484188e+00,-1.618046016e-01,-3.321045339e-01,1.011628360e-01,-1.978983164e+00,-2.093477249e+00,-1.214138269e+00,0.000000000e+00,4.000000000e+00,7.000000000e+00,0.000000000e+00,2.139665842e+00,1.345301867e+00,2.379837185e-01,1.000000000e+00,-1.413548589e+00,-2.956806660e+00,1.334871769e+00,6.808755994e-01,8.303497434e-01,-1.676506877e+00,-2.207275182e-01,1.214138269e+00,0.000000000e+00,0.000000000e+00,0.000000000e+00,0.000000000e+00,-1.000000000e+00,-1.000000000e+00,-1.000000000e+00,0.000000000e+00,-9.999956489e-01,4.342942646e-07,1.000000000e+00,-6.989678144e-01,0.000000000e+00,4.342942646e-07,9.991117120e-01
41,1,0,5.835902691e-01,4.085569680e-01,-1.596383095e+00,1.329523325e+00,-6.841630489e-02,-3.086668968e+00,-3.094565153e+00,-2.592440128e+00,-2.634922266e+00,-2.417463303e+00,-2.589199305e+00,-3.261439323e+00,-9.591522813e-01,3.000000000e+00,8.000000000e+00,1.500000000e+01,0.000000000e+00,1.420898795e+00,3.128026247e+00,1.534322351e-01,1.000000000e+00,-2.004913330e+00,-4.006306171e+00,-1.073333398e-01,3.128026247e+00,-3.150385857e+00,-2.179924726e+00,3.452652931e+00,9.591522813e-01,1.000000000e+00,0.000000000e+00,1.000000000e+00,3.000000000e+00,-2.000000000e+00,0.000000000e+00,3.000000000e+00,1.000000000e+00,-5.446329594e+00,-3.606320143e+00,-3.205330372e+00,-5.446252346e+00,1.000000000e+00,4.342942646e-07,9.924322367e-01
41,2,1,8.832675815e-01,7.204990983e-01,-1.420439720e+00,1.200681806e+00,-1.610455066e-01,-3.347514153e+00,-3.407365084e+00,-2.721956491e+00,-2.890882015e+00,-2.559259653e+00,-3.024222374e+00,-3.509843349e+00,9.207376242e-01,4.000000000e+00,9.000000000e+00,1.400000000e+01,1.000000000e+00,-1.748608053e-01,2.472086906e+00,5.455404520e-02,9.333333373e-01,-2.140890121e+00,-4.274122715e+00,8.577601314e-01,2.471958399e+00,-2.753712177e+00,-2.303631306e+00,1.945954084e+00,9.207376242e-01,3.000000000e+00,1.000000000e+00,2.000000000e+00,3.000000000e+00,2.000000000e+00,8.000000000e+00,1.000000000e+00,1.000000000e+00,-4.809120178e+00,-2.169015169e+00,-6.212317944e-02,-4.806375980e+00,1.000000000e+00,4.342942646e-07,3.756118119e-01
41,3,0,7.051880360e-01,5.272650719e-01,-1.545529127e+00,1.006884336e+00,-3.910546899e-01,-3.096966267e+00,-3.150314331e+00,-2.578657866e+00,-2.678629875e+00,-2.400790215e+00,-2.778819084e+00,-3.274614334e+00,9.680727720e-01,5.000000000e+00,8.000000000e+00,1.500000000e+01,0.000000000e+00,1.489789486e+00,3.145794153e+00,-1.692063808e-01,1.000000000e+00,-2.072757959e+00,-4.140655994e+00,-6.264737248e-01,3.145794153e+00,-3.829633951e+00,-2.250654936e+00,4.049331188e+00,9.680727720e-01,0.000000000e+00,0.000000000e+00,0.000000000e+00,0.000000000e+00,-1.000000000e+00,-1.000000000e+00,-1.000000000e+00,0.000000000e+00,-9.999956489e-01,4.342942646e-07,1.000000000e+00,-6.989678144e-01,0.000000000e+00,4.342942646e-07,9.632318616e-01
41,4,0,7.771428227e-01,4.968429506e-01,-1.532785058e+00,1.245971203e+00,-2.164261490e-01,-3.111653328e+00,-3.122613668e+00,-2.549586058e+00,-2.578375340e+00,-2.269359589e+00,-2.807611227e+00,-3.391444206e+00,1.261380434e+00,3.000000000e+00,9.000000000e+00,1.700000000e+01,0.000000000e+00,7.618442774e-01,2.650362492e+00,1.552259177e-02,1.000000000e+00,-2.029596329e+00,-4.055428028e+00,-4.301626384e-01,2.650362253e+00,-3.504157782e+00,-2.309854031e+00,3.389183044e+00,1.261380434e+00,2.000000000e+00,1.000000000e+00,1.000000000e+00,3.000000000e+00,3.000000000e+00,2.600000000e+01,1.000000000e+00,1.000000000e+00,-5.287804127e+00,-2.271772146e+00,-4.797628522e-01,-5.285936356e+00,1.000000000e+00,4.342942646e-07,9.763684273e-01
41,5,0,9.189904928e-01,7.151838541e-01,-1.007579923e+00,1.160187960e+00,1.187955588e-01,-3.325189352e+00,-3.335266352e+00,-2.684936047e+00,-2.814040661e+00,-2.481208324e+00,-2.641659975e+00,-3.528446436e+00,1.046043634e+00,3.000000000e+00,5.000000000e+00,8.000000000e+00,0.000000000e+00,1.068380952e+00,3.015530586e+00,2.570981681e-01,1.000000000e+00,-1.722745180e+00,-3.444417953e+00,-1.583462954e-01,3.015530348e+00,-3.685742855e+00,-1.926538110e+00,3.506453514e+00,1.046043634e+00,3.000000000e+00,1.000000000e+00,2.000000000e+00,3.000000000e+00,2.000000000e+00,8.000000000e+00,1.000000000e+00,1.000000000e+00,-1.785763621e+00,-2.261813402e+00,-1.073478818e+00,-1.783393979e+00,1.000000000e+00,4.342942646e-07,4.060325921e-01
41,6,1,1.318558931e+00,9.703773856e-01,-1.043687820e+00,1.297307014e+00,-1.340562254e-01,-3.523665667e+00,-3.556983709e+00,-2.958733082e+00,-3.104154110e+00,-2.610769272e+00,-3.331851721e+00,-3.870068073e+00,1.440278530e+00,4.000000000e+00,1.000000000e+01,1.600000000e+01,0.000000000e+00,-1.470487863e-01,2.537434816e+00,9.318731725e-02,1.000000000e+00,-2.014025211e+00,-4.023685932e+00,4.491362274e-01,2.537420273e+00,-3.624115944e+00,-2.362151623e+00,2.581847668e+00,1.440278530e+00,4.000000000e+00,4.000000000e+00,0.000000000e+00,3.000000000e+00,4.000000000e+00,1.800000000e+01,1.000000000e+00,1.000000000e+00,-5.171103954e+00,-2.435981274e+00,-8.408688307e-01,-5.169750690e+00,1.000000000e+00,4.342942646e-07,1.696999825e-04
41,7,0,1.023540020e+00,2.956195772e-01,-1.672479630e+00,1.417633891e+00,-1.372950245e-02,-2.937151670e+00,-3.047284365e+00,-2.237156868e+00,-2.419766426e+00,-1.509297252e+00,-2.993786097e+00,-3.663442373e+00,2.360377312e+00,8.000000000e+00,1.000000000e+01,1.600000000e+01,0.000000000e+00,1.357896686e+00,2.188267708e+00,2.135141045e-01,1.000000000e+00,-1.968079209e+00,-3.935038328e+00,-2.253839187e-02,2.188259602e+00,-2.737801313e+00,-2.695824385e+00,3.121247530e+00,2.360377312e+00,0.000000000e+00,0.000000000e+00,0.000000000e+00,0.000000000e+00,-1.000000000e+00,-1.000000000e+00,-1.000000000e+00,0.000000000e+00,-9.999956489e-01,4.342942646e-07,1.000000000e+00,-6.989678144e-01,0.000000000e+00,4.342942646e-07,9.976465106e-01
41,8,0,1.107435465e+00,3.520267904e-01,-1.540606976e+00,1.565070271e+00,1.337066889e-01,-2.976609468e+00,-3.076745033e+00,-2.296262264e+00,-2.454705954e+00,-1.540924191e+00,-3.001103878e+00,-3.730090857e+00,2.424738407e+00,8.000000000e+00,9.000000000e+00,1.600000000e+01,0.000000000e+00,9.749846458e-01,2.028639555e+00,3.609503508e-01,1.000000000e+00,-1.892614603e+00,-3.784102678e+00,5.222302675e-01,2.028428555e+00,-2.284542561e+00,-2.647864342e+00,2.420051575e+00,2.424738407e+00,1.000000000e+00,1.000000000e+00,0.000000000e+00,1.000000000e+00,5.000000000e+00,1.900000000e+01,1.000000000e+00,1.000000000e+00,-1.298483133e+00,-1.862600088e+00,4.819735140e-02,-1.292565107e+00,1.000000000e+00,4.342942646e-07,9.959363937e-01
42,0,0,1.145213962e+00,3.996732533e-01,-1.466484427e+00,1.404900789e+00,-8.646050096e-02,-2.790373564e+00,-2.782584667e+00,-2.274895430e+00,-2.270737886e+00,-1.529421687e+00,-3.013918638e+00,-3.534692287e+00,-2.401649237e+00,8.000000000e+00,1.000000000e+01,1.800000000e+01,1.000000000e+00,2.398891449e-01,1.649396658e+00,1.496284604e-01,9.473684430e-01,-1.866138220e+00,-3.732968807e+00,-4.119805396e-01,1.649380326e+00,-3.081948996e+00,-2.611533403e+00,2.802535295e+00,2.401649237e+00,1.000000000e+00,1.000000000e+00,0.000000000e+00,1.000000000e+00,-5.000000000e+00,8.000000000e+00,2.000000000e+00,1.000000000e+00,-4.556164265e+00,-2.075846195e+00,-4.121305645e-01,-4.552663326e+00,1.000000000e+00,3.753432930e-01,9.931729436e-01
42,1,0,1.117804050e+00,4.096617997e-01,-1.448213458e+00,1.666631699e+00,1.225638613e-01,-2.829051256e+00,-2.818650007e+00,-2.387159824e+00,-2.371581554e+00,-1.679102659e+00,-2.977664471e+00,-3.535991907e+00,-2.313977957e+00,8.000000000e+00,1.200000000e+01,2.000000000e+01,0.000000000e+00,1.363894701e+00,2.361073971e+00,3.656017780e-01,1.000000000e+00,-1.857855916e+00,-3.715896368e+00,-4.407263175e-02,2.361070633e+00,-2.825128078e+00,-2.565869808e+00,3.097590923e+00,2.313977957e+00,0.000000000e+00,0.000000000e+00,0.000000000e+00,0.000000000e+00,-1.000000000e+00,-1.000000000e+00,-1.000000000e+00,0.000000000e+00,-9.999956489e-01,4.342942646e-07,1.000000000e+00,-6.989678144e-01,0.000000000e+00,3.114513122e-02,9.923336506e-01
42,2,0,1.047752142e+00,3.978745043e-01,-1.544256568e+00,1.523391008e+00,-2.067662589e-02,-2.827113867e+00,-2.835417986e+00,-2.382839680e+00,-2.385061979e+00,-1.733043313e+00,-2.992975712e+00,-3.475981951e+00,-2.176766872e+00,8.000000000e+00,1.200000000e+01,2.000000000e+01,0.000000000e+00,1.696224809e+00,2.581180096e+00,2.223612070e-01,1.000000000e+00,-1.942108154e+00,-3.884456158e+00,-9.401816130e-02,2.581179142e+00,-2.876733303e+00,-2.591854095e+00,3.327167511e+00,2.176766872e+00,2.000000000e+00,2.000000000e+00,0.000000000e+00,2.000000000e+00,5.000000000e+00,3.000000000e+00,3.000000000e+00,1.000000000e+00,-4.897790432e+00,-1.903226733e+00,8.869079500e-02,-4.892821312e+00,1.000000000e+00,3.753008246e-01,9.933121800e-01
42,3,0,1.012477636e+00,4.114596844e-01,-1.476984620e+00,1.234867692e+00,-4.388546944e-02,-2.887749434e+00,-2.876238585e+00,-2.441255093e+00,-2.429944515e+00,-1.840326786e+00,-2.902645350e+00,-3.487765551e+00,-2.060959101e+00,6.000000000e+00,8.000000000e+00,1.200000000e+01,0.000000000e+00,-2.099413633e+00,7.959651947e-01,1.556867063e-01,1.000000000e+00,-1.888423443e+00,-3.776369095e+00,3.649301128e-03,7.902393937e-01,-2.837573290e+00,-2.489341259e+00,1.376178980e+00,2.060959101e+00,2.000000000e+00,2.000000000e+00,0.000000000e+00,2.000000000e+00,5.000000000e+00,3.000000000e+00,3.000000000e+00,1.000000000e+00,-1.833740234e+00,-1.723898768e+00,3.128217757e-01,-1.825616241e+00,1.000000000e+00,3.754858375e-01,9.921697974e-01
42,4,0,8.992431760e-01,3.565493524e-01,-1.679780364e+00,1.522546411e+00,6.014861539e-02,-2.844137907e+00,-2.849431038e+00,-2.383909702e+00,-2.392912388e+00,-1.841290712e+00,-2.940018177e+00,-3.386077404e+00,-1.921545267e+00,6.000000000e+00,1.100000000e+01,1.700000000e+01,1.000000000e+00,1.565807700e+00,2.624224663e+00,2.920975387e-01,9.444444180e-01,-2.036303282e+00,-4.072343349e+00,-7.235847116e-01,2.624224663e+00,-3.471866608e+00,-2.578879595e+00,3.898942947e+00,1.921545267e+00,0.000000000e+00,0.000000000e+00,0.000000000e+00,0.000000000e+00,-1.000000000e+00,-1.000000000e+00,-1.000000000e+00,0.000000000e+00,-9.999956489e-01,4.342942646e-07,1.000000000e+00,-6.989678144e-01,1.000000000e+00,4.342942646e-07,9.957413673e-01
42,5,0,8.700589538e-01,4.363194406e-01,-1.603845119e+00,1.321566343e+00,-1.969469786e-01,-2.992312193e+00,-2.974588633e+00,-2.214484215e+00,-2.207773685e+00,-1.780789375e+00,-2.912188530e+00,-3.425320625e+00,-1.656080365e+00,4.000000000e+00,1.000000000e+01,1.900000000e+01,0.000000000e+00,3.915382624e-01,1.976631284e+00,4.281306267e-02,1.000000000e+00,-2.040134430e+00,-4.077444553e+00,1.757483929e-01,1.976577044e+00,-2.468287230e+00,-2.473792076e+00,2.227810383e+00,1.656080365e+00,0.000000000e+00,0.000000000e+00,0.000000000e+00,0.000000000e+00,-1.000000000e+00,-1.000000000e+00,-1.000000000e+00,0.000000000e+00,-9.999956489e-01,4.342942646e-07,1.000000000e+00,-6.989678144e-01,0.000000000e+00,4.342942646e-07,9.894186854e-01
42,6,0,7.184803486e-01,3.175684810e-01,-1.719238281e+00,1.624378204e+00,1.058644727e-01,-2.890443802e+00,-2.887123346e+00,-2.424337864e+00,-2.433015585e+00,-2.023495436e+00,-2.758669138e+00,-3.290843964e+00,-1.574260831e+00,4.000000000e+00,1.100000000e+01,1.900000000e+01,0.000000000e+00,-8.917326927e-01,1.577692151e+00,3.456246853e-01,1.000000000e+00,-2.036782265e+00,-4.072109699e+00,-4.162945747e-01,1.577669859e+00,-3.166359901e+00,-2.437622309e+00,2.403250694e+00,1.574260831e+00,0.000000000e+00,0.000000000e+00,0.000000000e+00,0.000000000e+00,-1.000000000e+00,-1.000000000e+00,-1.000000000e+00,0.000000000e+00,-9.999956489e-01,4.342942646e-07,1.000000000e+00,-6.989678144e-01,0.000000000e+00,4.342942646e-07,9.971132278e-01
42,7,0,9.697133899e-01,6.162343621e-01,-1.441887259e+00,1.509317040e+00,-3.475063667e-02,-3.186361551e+00,-3.200954437e+00,-2.636934757e+00,-2.685904980e+00,-2.283560514e+00,-3.028347969e+00,-3.539003134e+00,-1.453906059e+00,4.000000000e+00,1.100000000e+01,2.000000000e+01,0.000000000e+00,1.225176334e+00,2.896232367e+00,2.082871944e-01,1.000000000e+00,-2.058084011e+00,-4.111580372e+00,-4.373394251e-01,2.896232367e+00,-3.737312317e+00,-2.411500692e+00,3.735467672e+00,1.453906059e+00,1.000000000e+00,1.000000000e+00,0.000000000e+00,2.000000000e+00,4.000000000e+00,2.700000000e+01,4.000000000e+00,1.000000000e+00,-5.214603424e+00,-2.246695042e+00,-3.723406196e-01,-5.212551117e+00,1.000000000e+00,4.342942646e-07,8.499990106e-01
42,8,0,8.715774417e-01,5.416916609e-01,-1.455102086e+00,1.327068210e+00,4.831486940e-02,-2.953628778e+00,-3.038061619e+00,-1.801960349e+00,-1.967886567e+00,-1.472089171e+00,-2.869068861e+00,-3.283070803e+00,-1.392883182e+00,2.000000000e+00,6.000000000e+00,1.200000000e+01,0.000000000e+00,6.960267425e-01,1.821277976e+00,2.478871346e-01,1.000000000e+00,-1.996762872e+00,-3.990350246e+00,7.083765864e-01,1.819983006e+00,-1.801214337e+00,-2.326599598e+00,1.607423544e+00,1.392883182e+00,1.000000000e+00,1.000000000e+00,0.000000000e+00,2.000000000e+00,4.000000000e+00,2.600000000e+01,3.000000000e+00,1.000000000e+00,-5.348479748e+00,-1.898722887e+00,1.851998270e-01,-5.344240665e+00,1.000000000e+00,7.544296235e-02,9.542703629e-01
42,9,0,6.334486008e-01,3.596738279e-01,-1.702919245e+00,1.435312510e+00,3.737279028e-02,-2.985130787e+00,-2.996629715e+00,-2.425657511e+00,-2.463253021e+00,-2.151937008e+00,-2.698071241e+00,-3.258537054e+00,-1.243683457e+00,3.000000000e+00,9.000000000e+00,1.500000000e+01,0.000000000e+00,1.128650069e+00,2.716325521e+00,2.592214048e-01,1.000000000e+00,-2.062564850e+00,-4.121669292e+00,2.675306797e-01,2.716322660e+00,-2.555366278e+00,-2.336295605e+00,2.760104895e+00,1.243683457e+00,0.000000000e+00,0.000000000e+00,0.000000000e+00,0.000000000e+00,-1.000000000e+00,-1.000000000e+00,-1.000000000e+00,0.000000000e+00,-9.999956489e-01,4.342942646e-07,1.000000000e+00,-6.989678144e-01,0.000000000e+00,4.342942646e-07,9.955998659e-01
42,10,1,6.962620616e-01,5.426869392e-01,-1.565519094e+00,1.421509981e+00,-9.853433818e-03,-3.206861496e+00,-3.235566139e+00,-2.613655329e+00,-2.699005604e+00,-2.460133314e+00,-2.804921389e+00,-3.360140085e+00,-8.913039565e-01,4.000000000e+00,1.000000000e+01,1.600000000e+01,0.000000000e+00,-1.101548448e-01,2.405836582e+00,2.173901498e-01,1.000000000e+00,-2.108166218e+00,-4.210056305e+00,1.233293772e+00,2.404853344e+00,-2.008571625e+00,-2.261717796e+00,1.410511255e+00,8.913039565e-01,3.000000000e+00,1.000000000e+00,2.000000000e+00,3.000000000e+00,-2.000000000e+00,9.000000000e+00,1.000000000e+00,1.000000000e+00,-5.168303490e+00,-2.498056173e+00,-7.771773338e-01,-5.167129040e+00,1.000000000e+00,7.558923960e-02,9.535682797e-01
42,11,0,3.801501691e-01,2.667991817e-01,-1.860616565e+00,1.371340394e+00,-9.105713665e-02,-2.988182068e+00,-2.993107319e+00,-2.445955038e+00,-2.480967522e+00,-2.332632065e+00,-2.509122372e+00,-3.101407051e+00,-7.542963028e-01,4.000000000e+00,1.000000000e+01,1.700000000e+01,0.000000000e+00,1.146190643e+00,2.905820847e+00,1.408917010e-01,1.000000000e+00,-2.127388954e+00,-4.248789310e+00,-8.150468022e-02,2.905820608e+00,-2.829109907e+00,-2.240722418e+00,3.135540724e+00,7.542963028e-01,0.000000000e+00,0.000000000e+00,0.000000000e+00,0.000000000e+00,-1.000000000e+00,-1.000000000e+00,-1.000000000e+00,0.000000000e+00,-9.999956489e-01,4.342942646e-07,1.000000000e+00,-6.989678144e-01,0.000000000e+00,4.342942646e-07,9.981728792e-01
43,0,0,5.383311510e-01,3.291701972e-01,-1.733381748e+00,1.458635926e+00,2.727238089e-02,-2.899917126e+00,-3.003244877e+00,-2.228622198e+00,-2.556288481e+00,-2.019489288e+00,-2.603532553e+00,-3.108865023e+00,1.061782837e+00,4.000000000e+00,1.000000000e+01,1.600000000e+01,0.000000000e+00,1.098674893e+00,2.568872452e+00,2.545160353e-01,1.000000000e+00,-2.062525272e+00,-4.122159481e+00,-2.612347901e-01,2.568871975e+00,-3.146241903e+00,-2.271655083e+00,3.366732597e+00,1.061782837e+00,0.000000000e+00,0.000000000e+00,0.000000000e+00,0.000000000e+00,-1.000000000e+00,-1.000000000e+00,-1.000000000e+00,0.000000000e+00,-9.999956489e-01,4.342942646e-07,1.000000000e+00,-6.989678144e-01,1.000000000e+00,4.342942646e-07,9.967706203e-01
43,1,0,6.196632385e-01,3.824855089e-01,-1.757545948e+00,1.434728265e+00,1.125091612e-01,-3.028229475e+00,-3.045663118e+00,-2.468855858e+00,-2.519280434e+00,-2.231732130e+00,-2.761885643e+00,-3.265070677e+00,1.142313004e+00,3.000000000e+00,9.000000000e+00,1.300000000e+01,0.000000000e+00,1.702903986e+00,3.083258152e+00,3.207850158e-01,1.000000000e+00,-2.139996529e+00,-4.274285316e+00,1.094833761e-01,3.083257914e+00,-2.792156935e+00,-2.377130508e+00,3.261281252e+00,1.142313004e+00,0.000000000e+00,0.000000000e+00,0.000000000e+00,0.000000000e+00,-1.000000000e+00,-1.000000000e+00,-1.000000000e+00,0.000000000e+00,-9.999956489e-01,4.342942646e-07,1.000000000e+00,-6.989678144e-01,0.000000000e+00,4.342942646e-07,9.943745136e-01
43,2,0,8.656432033e-01,5.925693512e-01,-1.221974254e+00,1.260179877e-01,-3.511026204e-01,-3.149524689e+00,-3.091620445e+00,-2.487246752e+00,-2.428461075e+00,-2.214235306e+00,-2.680182457e+00,-3.422062635e+00,1.241776109e+00,3.000000000e+00,4.000000000e+00,4.000000000e+00,0.000000000e+00,1.314565063e+00,2.871588707e+00,-4.760410488e-01,1.000000000e+00,-1.814522386e+00,-3.627452374e+00,-3.352721035e-01,2.871588707e+00,-3.355434179e+00,-2.087571621e+00,3.420881033e+00,1.241776109e+00,1.000000000e+00,1.000000000e+00,0.000000000e+00,2.000000000e+00,-4.000000000e+00,2.000000000e+00,1.000000000e+00,1.000000000e+00,-1.639752865e+00,-1.740968347e+00,1.314887553e-01,-1.631939173e+00,1.000000000e+00,4.342942646e-07,8.977921605e-01
43,3,0,8.484903574e-01,5.846324563e-01,-1.484580755e+00,1.293966055e+00,-1.684313864e-01,-3.198107719e+00,-3.208784103e+00,-2.638593435e+00,-2.661163568e+00,-2.374821663e+00,-2.918218136e+00,-3.461393118e+00,1.216583490e+00,3.000000000e+00,9.000000000e+00,1.700000000e+01,0.000000000e+00,1.490838289e+00,3.120343685e+00,6.351738423e-02,1.000000000e+00,-2.069175482e+00,-4.133369446e+00,-5.988426805e-01,3.120343685e+00,-3.841811895e+00,-2.332990885e+00,4.004836559e+00,1.216583490e+00,1.000000000e+00,1.000000000e+00,0.000000000e+00,2.000000000e+00,-4.000000000e+00,2.000000000e+00,1.000000000e+00,1.000000000e+00,-5.502354145e+00,-3.547107220e+00,-2.958188772e+00,-5.502270699e+00,1.000000000e+00,4.342942646e-07,9.100850821e-01
43,4,1,1.116181731e+00,5.661015511e-01,-1.401854634e+00,1.586074710e+00,9.471323341e-02,-3.059672117e+00,-3.052936792e+00,-2.599507093e+00,-2.601567268e+00,-2.049551010e+00,-3.084944963e+00,-3.608484268e+00,1.939284325e+00,7.000000000e+00,1.100000000e+01,1.800000000e+01,0.000000000e+00,1.420890689e+00,2.760188580e+00,3.308023214e-01,1.000000000e+00,-1.967926741e+00,-3.933516026e+00,1.188451648e+00,2.760032415e+00,-1.979349375e+00,-2.517904043e+00,2.123711109e+00,1.939284325e+00,3.000000000e+00,3.000000000e+00,0.000000000e+00,2.000000000e+00,-5.000000000e+00,3.000000000e+00,4.000000000e+00,1.000000000e+00,-5.143400192e+00,-2.149684668e+00,-3.696882129e-01,-5.140759945e+00,1.000000000e+00,4.342942646e-07,9.331241846e-01
43,5,0,1.128871799e+00,5.098025203e-01,-1.408118010e+00,1.807158828e+00,2.886451483e-01,-3.153769255e+00,-3.221245766e+00,-2.367770672e+00,-2.529213428e+00,-1.748778105e+00,-3.046696186e+00,-3.770887852e+00,2.103835821e+00,7.000000000e+00,1.100000000e+01,1.900000000e+01,0.000000000e+00,1.632809401e+00,2.565221071e+00,5.284054279e-01,1.000000000e+00,-1.917895436e+00,-3.833271265e+00,4.768799841e-01,2.565206766e+00,-2.562124252e+00,-2.536851168e+00,2.868835688e+00,2.103835821e+00,0.000000000e+00,0.000000000e+00,0.000000000e+00,0.000000000e+00,-1.000000000e+00,-1.000000000e+00,-1.000000000e+00,0.000000000e+00,-9.999956489e-01,4.342942646e-07,1.000000000e+00,-6.989678144e-01,0.000000000e+00,4.342942646e-07,9.715590477e-01
44,0,0,9.784174562e-01,1.984554529e-01,-1.727343440e+00,1.806652069e+00,2.881383896e-01,-2.564360619e+00,-2.547459364e+00,-2.112565756e+00,-2.068403482e+00,-1.332650304e+00,-2.915745258e+00,-3.343523264e+00,-2.482117653e+00,9.000000000e+00,1.000000000e+01,1.900000000e+01,0.000000000e+00,-9.128012061e-01,8.800637722e-01,5.278986692e-01,1.000000000e+00,-1.925785184e+00,-3.860347509e+00,7.509605028e-03,8.761230111e-01,-2.259321451e+00,-2.705563545e+00,1.604358554e+00,2.482117653e+00,0.000000000e+00,0.000000000e+00,0.000000000e+00,0.000000000e+00,-1.000000000e+00,-1.000000000e+00,-1.000000000e+00,0.000000000e+00,-9.999956489e-01,4.342942646e-07,1.000000000e+00,-6.989678144e-01,0.000000000e+00,4.342942646e-07,9.989325404e-01
44,1,0,1.018376350e+00,2.680597305e-01,-1.609877110e+00,1.675104737e+00,1.565909684e-01,-2.656594276e+00,-2.648229361e+00,-2.210505724e+00,-2.188648939e+00,-1.460246801e+00,-2.901878595e+00,-3.406000853e+00,-2.412826300e+00,7.000000000e+00,1.000000000e+01,1.900000000e+01,1.000000000e+00,1.820091724e+00,2.370305300e+00,3.963511586e-01,9.499999881e-01,-1.877921462e+00,-3.759300947e+00,-1.060308456e+00,2.370305300e+00,-3.515662670e+00,-2.628086567e+00,4.158305645e+00,2.412826300e+00,0.000000000e+00,0.000000000e+00,0.000000000e+00,0.000000000e+00,-1.000000000e+00,-1.000000000e+00,-1.000000000e+00,0.000000000e+00,-9.999956489e-01,4.342942646e-07,1.000000000e+00,-6.989678144e-01,0.000000000e+00,4.342942646e-07,9.981531501e-01
44,2,0,7.937105298e-01,3.313408792e-01,-1.699418306e+00,1.522647858e+00,4.134283867e-03,-2.875700474e+00,-2.870760679e+00,-2.426498413e+00,-2.425521374e+00,-1.964204788e+00,-2.828102112e+00,-3.337450981e+00,-1.726641655e+00,4.000000000e+00,1.100000000e+01,1.900000000e+01,0.000000000e+00,1.342006087e+00,2.635247707e+00,2.438944429e-01,1.000000000e+00,-2.030734301e+00,-4.060444832e+00,-3.672405779e-01,2.635247469e+00,-3.123641729e+00,-2.493015528e+00,3.463612080e+00,1.726641655e+00,0.000000000e+00,0.000000000e+00,0.000000000e+00,0.000000000e+00,-1.000000000e+00,-1.000000000e+00,-1.000000000e+00,0.000000000e+00,-9.999956489e-01,4.342942646e-07,1.000000000e+00,-6.989678144e-01,0.000000000e+00,4.342942646e-07,9.967010617e-01
44,3,0,8.220232129e-01,4.024538994e-01,-1.628401995e+00,1.497340441e+00,9.940066189e-02,-2.969666004e+00,-2.966050386e+00,-2.515382290e+00,-2.528341293e+00,-2.095901012e+00,-2.855050325e+00,-3.388576508e+00,-1.620892167e+00,4.000000000e+00,1.000000000e+01,1.500000000e+01,1.000000000e+00,6.242305040e-01,2.408071995e+00,3.212492764e-01,9.375000000e-01,-2.030827761e+00,-4.059206486e+00,-1.213456243e-01,2.408070087e+00,-3.051798344e+00,-2.450321198e+00,2.961755276e+00,1.620892167e+00,0.000000000e+00,0.000000000e+00,0.000000000e+00,0.000000000e+00,-1.000000000e+00,-1.000000000e+00,-1.000000000e+00,0.000000000e+00,-9.999956489e-01,4.342942646e-07,1.000000000e+00,-6.989678144e-01,0.000000000e+00,4.342942646e-07,9.929507971e-01
44,4,0,5.284451842e-01,3.250261843e-01,-1.508574843e+00,1.201117635e+00,-2.933088131e-02,-2.937302589e+00,-2.900286674e+00,-2.313044786e+00,-2.291095495e+00,-2.109659195e+00,-2.363116980e+00,-3.140496969e+00,-1.044899464e+00,4.000000000e+00,6.000000000e+00,1.100000000e+01,0.000000000e+00,1.778003693e+00,2.998716831e+00,1.597251743e-01,1.000000000e+00,-1.833585143e+00,-3.666367769e+00,-3.526813090e-01,2.998716831e+00,-2.968484640e+00,-2.036986828e+00,3.532673120e+00,1.044899464e+00,0.000000000e+00,0.000000000e+00,0.000000000e+00,0.000000000e+00,-1.000000000e+00,-1.000000000e+00,-1.000000000e+00,0.000000000e+00,-9.999956489e-01,4.342942646e-07,1.000000000e+00,-6.989678144e-01,1.000000000e+00,1.018159747e+00,9.968985319e-01
44,5,0,8.129839897e-01,5.330056548e-01,-1.481205106e+00,1.258084536e+00,-2.043128759e-01,-3.156129837e+00,-3.167333841e+00,-2.665285826e+00,-2.730079651e+00,-2.385403156e+00,-2.827719927e+00,-3.435545444e+00,-1.260510802e+00,3.000000000e+00,9.000000000e+00,1.700000000e+01,0.000000000e+00,7.666805983e-01,2.768849611e+00,2.763591334e-02,1.000000000e+00,-2.014178991e+00,-4.024631023e+00,1.331690848e-01,2.768848419e+00,-3.129564047e+00,-2.294116735e+00,2.980312586e+00,1.260510802e+00,1.000000000e+00,1.000000000e+00,0.000000000e+00,3.000000000e+00,-4.000000000e+00,3.400000000e+01,1.000000000e+00,1.000000000e+00,-5.016725540e+00,-2.774430513e+00,-1.522374153e+00,-5.016072273e+00,1.000000000e+00,4.342942646e-07,9.599231482e-01
44,6,0,6.164337397e-01,4.026682973e-01,-1.651662469e+00,1.279231668e+00,-1.831657737e-01,-2.928024054e+00,-2.970108271e+00,-2.436311007e+00,-2.497940063e+00,-2.222591877e+00,-2.673041582e+00,-3.141555548e+00,-1.075222254e+00,5.000000000e+00,1.000000000e+01,1.700000000e+01,0.000000000e+00,-2.099761069e-01,2.117676258e+00,4.878301546e-02,1.000000000e+00,-2.054301023e+00,-4.105588913e+00,-6.812833548e-01,2.117675781e+00,-3.580374479e+00,-2.268035173e+00,3.073717833e+00,1.075222254e+00,0.000000000e+00,0.000000000e+00,0.000000000e+00,0.000000000e+00,-1.000000000e+00,-1.000000000e+00,-1.000000000e+00,0.000000000e+00,-9.999956489e-01,4.342942646e-07,1.000000000e+00,-6.989678144e-01,0.000000000e+00,4.342942646e-07,9.929332733e-01
44,7,0,2.395413071e-01,2.324259430e-01,-1.881507397e+00,1.251183748e+00,-2.112137228e-01,-2.942275763e+00,-2.946317434e+00,-2.306652308e+00,-2.337728977e+00,-2.299538374e+00,-2.353553295e+00,-2.949384928e+00,1.815127581e-01,4.000000000e+00,1.000000000e+01,1.700000000e+01,0.000000000e+00,-1.961201578e-01,2.201564789e+00,2.073507570e-02,1.000000000e+00,-2.113909721e+00,-4.220795155e+00,-3.225214481e-01,2.201562881e+00,-2.892432451e+00,-2.121024370e+00,2.562085152e+00,1.815127581e-01,0.000000000e+00,0.000000000e+00,0.000000000e+00,0.000000000e+00,-1.000000000e+00,-1.000000000e+00,-1.000000000e+00,0.000000000e+00,-9.999956489e-01,4.342942646e-07,1.000000000e+00,-6.989678144e-01,0.000000000e+00,4.342942646e-07,9.986202717e-01
44,8,0,3.862306178e-01,3.384332955e-01,-1.693166852e+00,1.317987084e+00,-7.995245606e-02,-3.062636137e+00,-3.088466644e+00,-2.501434803e+00,-2.574568987e+00,-2.453651905e+00,-2.418107510e+00,-3.110375166e+00,4.778153598e-01,4.000000000e+00,9.000000000e+00,1.500000000e+01,0.000000000e+00,1.347219706e+00,3.127385378e+00,1.418960541e-01,1.000000000e+00,-2.031574965e+00,-4.058613300e+00,2.491619587e-01,3.127384901e+00,-2.663803101e+00,-2.079366684e+00,2.999088049e+00,4.778153598e-01,0.000000000e+00,0.000000000e+00,0.000000000e+00,0.000000000e+00,-1.000000000e+00,-1.000000000e+00,-1.000000000e+00,0.000000000e+00,-9.999956489e-01,4.342942646e-07,1.000000000e+00,-6.989678144e-01,0.000000000e+00,4.342942646e-07,9.964604974e-01
44,9,1,8.190628886e-01,7.702237964e-01,-1.327034235e+00,1.321799397e+00,-1.405981332e-01,-3.442037582e+00,-3.482314110e+00,-2.769325018e+00,-2.928762436e+00,-2.720513105e+00,-2.916062117e+00,-3.490733624e+00,4.831860662e-01,4.000000000e+00,1.000000000e+01,1.700000000e+01,0.000000000e+00,-1.236137629e+00,2.119669914e+00,9.135068208e-02,1.000000000e+00,-2.097213030e+00,-4.187879086e+00,1.662947536e+00,2.091403484e+00,-2.036360264e+00,-2.146045685e+00,6.368377209e-01,4.831860662e-01,3.000000000e+00,0.000000000e+00,3.000000000e+00,3.000000000e+00,1.000000000e+00,1.000000000e+00,1.000000000e+00,1.000000000e+00,-5.015432835e+00,-1.719736814e+00,7.386109829e-01,-5.008073330e+00,1.000000000e+00,4.342942646e-07,1.439403892e-01
44,10,0,3.787435591e-01,3.098631799e-01,-1.461557031e+00,9.073909521e-01,-4.685112089e-02,-3.052609205e+00,-3.018659592e+00,-2.568820477e+00,-2.581851959e+00,-2.499963760e+00,-2.150273085e+00,-3.121405363e+00,5.782094598e-01,5.000000000e+00,5.000000000e+00,7.000000000e+00,0.000000000e+00,-2.035162151e-01,2.398342609e+00,6.229321286e-02,1.000000000e+00,-1.771406889e+00,-3.541509628e+00,-1.278259754e+00,2.398342609e+00,-4.163770199e+00,-1.840282798e+00,3.755390406e+00,5.782094598e-01,0.000000000e+00,0.000000000e+00,0.000000000e+00,0.000000000e+00,-1.000000000e+00,-1.000000000e+00,-1.000000000e+00,0.000000000e+00,-9.999956489e-01,4.342942646e-07,1.000000000e+00,-6.989678144e-01,0.000000000e+00,9.915530086e-01,9.973161817e-01
44,11,0,3.315205574e-01,2.411902249e-01,-1.863182068e+00,1.390020370e+00,-7.237720490e-02,-2.951109886e+00,-2.950831413e+00,-2.491547585e+00,-2.497874498e+00,-2.401242495e+00,-2.437311411e+00,-3.041350365e+00,6.675435901e-01,4.000000000e+00,1.000000000e+01,1.700000000e+01,0.000000000e+00,-2.185674459e-01,2.292068005e+00,1.595716327e-01,1.000000000e+00,-2.104348660e+00,-4.203321934e+00,-4.665608704e-01,2.292067528e+00,-3.205066442e+00,-2.194666386e+00,2.854888678e+00,6.675435901e-01,0.000000000e+00,0.000000000e+00,0.000000000e+00,0.000000000e+00,-1.000000000e+00,-1.000000000e+00,-1.000000000e+00,0.000000000e+00,-9.999956489e-01,4.342942646e-07,1.000000000e+00,-6.989678144e-01,0.000000000e+00,4.342942646e-07,9.985209107e-01
44,12,1,1.089901090e+00,9.419415593e-01,-1.170427442e+00,1.153380871e+00,-2.779822052e-01,-3.518792152e+00,-3.585035563e+00,-2.790534019e+00,-2.999941349e+00,-2.642651796e+00,-3.201740980e+00,-3.666169882e+00,8.730272055e-01,4.000000000e+00,1.000000000e+01,1.600000000e+01,0.000000000e+00,-1.050333858e+00,2.130677223e+00,-5.073875189e-02,1.000000000e+00,-2.112319231e+00,-4.217678070e+00,1.559355140e+00,2.114450455e+00,-2.382857323e+00,-2.260255814e+00,9.126162529e-01,8.730272055e-01,3.000000000e+00,0.000000000e+00,3.000000000e+00,3.000000000e+00,2.000000000e+00,4.000000000e+00,1.000000000e+00,1.000000000e+00,-5.328480721e+00,-1.662696242e+00,8.806364536e-01,-5.321113110e+00,1.000000000e+00,4.342942646e-07,5.542621948e-04
44,13,0,9.519194961e-01,3.728050590e-01,-1.589066505e+00,1.711072564e+00,2.197110504e-01,-2.848058224e+00,-2.842230797e+00,-2.390826225e+00,-2.372928143e+00,-1.811790347e+00,-2.917016506e+00,-3.426318169e+00,2.008770704e+00,7.000000000e+00,1.100000000e+01,1.800000000e+01,1.000000000e+00,-2.304397583e+00,6.998073459e-01,4.558001161e-01,9.473684430e-01,-1.961848497e+00,-3.923685789e+00,3.309383392e-01,6.559395790e-01,-2.414784431e+00,-2.540851831e+00,8.861656785e-01,2.008770704e+00,0.000000000e+00,0.000000000e+00,0.000000000e+00,0.000000000e+00,-1.000000000e+00,-1.000000000e+00,-1.000000000e+00,0.000000000e+00,-9.999956489e-01,4.342942646e-07,1.000000000e+00,-6.989678144e-01,0.000000000e+00,4.342942646e-07,9.949392080e-01
44,14,0,1.121680379e+00,4.588197768e-01,-1.487935305e+00,1.560233593e+00,-7.967814803e-03,-2.888235807e+00,-2.892381430e+00,-2.438814402e+00,-2.447366238e+00,-1.776046991e+00,-3.070761919e+00,-3.549888849e+00,2.207416534e+00,8.000000000e+00,1.200000000e+01,2.100000000e+01,0.000000000e+00,4.698323905e-01,2.011072874e+00,2.380144000e-01,1.000000000e+00,-1.946729898e+00,-3.892953634e+00,3.141480088e-01,2.010985374e+00,-2.591989994e+00,-2.609452248e+00,2.368193388e+00,2.207416534e+00,1.000000000e+00,1.000000000e+00,0.000000000e+00,2.000000000e+00,-5.000000000e+00,1.400000000e+01,3.000000000e+00,1.000000000e+00,-4.649640560e+00,-1.680521607e+00,5.507680178e-01,-4.641067505e+00,1.000000000e+00,4.342942646e-07,9.859030247e-01
45,0,1,9.305108190e-01,8.103444576e-01,-1.327960610e+00,1.259412646e+00,-1.719505340e-01,-3.449105501e+00,-3.470620394e+00,-2.793262959e+00,-2.849315405e+00,-2.673161745e+00,-3.068561316e+00,-3.568882704e+00,-7.786321640e-01,4.000000000e+00,1.000000000e+01,1.600000000e+01,0.000000000e+00,7.183774710e-01,3.032962799e+00,5.529297888e-02,1.000000000e+00,-2.138254642e+00,-4.268734455e+00,1.796944380e+00,3.032229185e+00,-1.862990618e+00,-2.258401871e+00,1.411535740e+00,7.786321640e-01,0.000000000e+00,0.000000000e+00,0.000000000e+00,0.000000000e+00,-1.000000000e+00,-1.000000000e+00,-1.000000000e+00,0.000000000e+00,-9.999956489e-01,4.342942646e-07,1.000000000e+00,-6.989678144e-01,1.000000000e+00,4.342942646e-07,5.101237446e-02
45,1,1,8.916714191e-01,8.144312501e-01,-1.319108367e+00,1.316074967e+00,-8.186456561e-02,-3.458650589e+00,-3.513562441e+00,-2.814085245e+00,-2.973184347e+00,-2.736891270e+00,-3.024928570e+00,-3.535647869e+00,-6.142353415e-01,4.000000000e+00,1.000000000e+01,1.500000000e+01,1.000000000e+00,7.347311378e-01,3.105138063e+00,1.399839669e-01,9.375000000e-01,-2.133489609e+00,-4.259303093e+00,1.930081010e+00,3.104166269e+00,-1.857911587e+00,-2.210718393e+00,1.410544991e+00,6.142353415e-01,0.000000000e+00,0.000000000e+00,0.000000000e+00,0.000000000e+00,-1.000000000e+00,-1.000000000e+00,-1.000000000e+00,0.000000000e+00,-9.999956489e-01,4.342942646e-07,1.000000000e+00,-6.989678144e-01,0.000000000e+00,4.342942646e-07,4.541157931e-02
45,2,0,6.619090438e-01,5.804812312e-01,-1.530256033e+00,1.374199629e+00,-1.443138719e-01,-3.177063942e+00,-3.204869986e+00,-2.656283855e+00,-2.728684425e+00,-2.574889660e+00,-2.772913694e+00,-3.258357286e+00,-6.316666007e-01,6.000000000e+00,1.000000000e+01,1.900000000e+01,0.000000000e+00,1.511083603e+00,3.330594540e+00,9.544621408e-02,1.000000000e+00,-2.110695839e+00,-4.214833260e+00,-8.924120665e-01,3.330594540e+00,-4.194956303e+00,-2.192112207e+00,4.375062466e+00,6.316666007e-01,0.000000000e+00,0.000000000e+00,0.000000000e+00,0.000000000e+00,-1.000000000e+00,-1.000000000e+00,-1.000000000e+00,0.000000000e+00,-9.999956489e-01,4.342942646e-07,1.000000000e+00,-6.989678144e-01,0.000000000e+00,4.342942646e-07,9.158911109e-01
45,3,0,5.704219341e-01,5.276134610e-01,-1.262121797e+00,-5.939587355e-01,-5.939587355e-01,-2.486299515e+00,-2.580094814e+00,-8.439913988e-01,-1.210486054e+00,-8.011831641e-01,-2.358569145e+00,-2.529094219e+00,-4.513338506e-01,0.000000000e+00,3.000000000e+00,3.000000000e+00,0.000000000e+00,7.953002453e-01,1.607823253e+00,-1.071076632e+00,1.000000000e+00,-1.789716244e+00,-3.576349020e+00,1.607765913e+00,-1.813681573e-01,-1.303399801e-01,-1.832521915e+00,-1.379817367e+00,4.513338506e-01,0.000000000e+00,0.000000000e+00,0.000000000e+00,0.000000000e+00,-1.000000000e+00,-1.000000000e+00,-1.000000000e+00,0.000000000e+00,-9.999956489e-01,4.342942646e-07,1.000000000e+00,-6.989678144e-01,0.000000000e+00,4.342942646e-07,9.630399942e-01
46,0,0,1.079985380e+00,3.511416614e-01,-1.503608823e+00,1.666476369e+00,1.224085242e-01,-2.749849319e+00,-2.747559786e+00,-2.236290932e+00,-2.232778788e+00,-1.507508039e+00,-2.937664986e+00,-3.477630854e+00,-2.362541199e+00,8.000000000e+00,1.200000000e+01,2.000000000e+01,0.000000000e+00,1.484438658e+00,2.249797106e+00,3.654464185e-01,1.000000000e+00,-1.854732871e+00,-3.710583925e+00,4.621650577e-01,2.249739408e+00,-2.121772051e+00,-2.583441496e+00,2.512879610e+00,2.362541199e+00,1.000000000e+00,1.000000000e+00,0.000000000e+00,1.000000000e+00,-5.000000000e+00,3.000000000e+00,1.000000000e+00,1.000000000e+00,-5.099017620e+00,-1.532279968e+00,6.708192825e-01,-5.088010311e+00,1.000000000e+00,1.126288414e+00,9.959732890e-01
46,1,0,1.201225877e+00,4.848703444e-01,-1.408319592e+00,1.538698912e+00,-2.950240113e-02,-2.882321119e+00,-2.887106657e+00,-2.364692688e+00,-2.373112440e+00,-1.648418188e+00,-3.096184015e+00,-3.597286224e+00,-2.333255768e+00,8.000000000e+00,1.200000000e+01,2.100000000e+01,0.000000000e+00,-1.885771602e-01,1.555317760e+00,2.164798379e-01,1.000000000e+00,-1.893166900e+00,-3.786039591e+00,4.281336963e-01,1.554105520e+00,-2.429834843e+00,-2.609379768e+00,1.850710988e+00,2.333255768e+00,0.000000000e+00,0.000000000e+00,0.000000000e+00,0.000000000e+00,-1.000000000e+00,-1.000000000e+00,-1.000000000e+00,0.000000000e+00,-9.999956489e-01,4.342942646e-07,1.000000000e+00,-6.989678144e-01,0.000000000e+00,4.342942646e-07,9.800032377e-01
46,2,1,1.343683243e+00,6.558540463e-01,-1.186431170e+00,1.873010278e+00,2.819458842e-01,-3.064526558e+00,-3.060017824e+00,-2.540515184e+00,-2.541741371e+00,-1.852805972e+00,-3.186057329e+00,-3.750408649e+00,-2.266235590e+00,8.000000000e+00,1.200000000e+01,2.200000000e+01,0.000000000e+00,2.007128477e+00,2.856452465e+00,5.305877328e-01,1.000000000e+00,-1.842261553e+00,-3.683233738e+00,1.052700162e+00,2.856398821e+00,-2.144985914e+00,-2.529973745e+00,2.492741108e+00,2.266235590e+00,4.000000000e+00,4.000000000e+00,0.000000000e+00,1.000000000e+00,-5.000000000e+00,3.300000000e+01,1.000000000e+00,1.000000000e+00,-4.759399891e+00,-1.392107964e+00,9.362921119e-01,-4.743114471e+00,1.000000000e+00,4.342942646e-07,7.201274633e-01
46,3,0,8.594822288e-01,2.286518514e-01,-1.692387104e+00,1.813901901e+00,2.953881919e-01,-2.685657263e+00,-2.680404902e+00,-2.245184898e+00,-2.238591909e+00,-1.614412904e+00,-2.786396503e+00,-3.315798998e+00,-2.131712198e+00,7.000000000e+00,1.100000000e+01,1.900000000e+01,0.000000000e+00,1.001379251e+00,2.115120649e+00,5.351485014e-01,1.000000000e+00,-1.921023846e+00,-3.845188856e+00,-7.981462479e-01,2.115120411e+00,-3.264667988e+00,-2.551735878e+00,3.537033081e+00,2.131712198e+00,0.000000000e+00,0.000000000e+00,0.000000000e+00,0.000000000e+00,-1.000000000e+00,-1.000000000e+00,-1.000000000e+00,0.000000000e+00,-9.999956489e-01,4.342942646e-07,1.000000000e+00,-6.989678144e-01,0.000000000e+00,4.342942646e-07,9.986604452e-01
46,4,0,7.831547260e-01,2.467637062e-01,-1.777276874e+00,1.480156660e+00,-1.120466273e-02,-2.745260477e+00,-2.736589670e+00,-2.192690849e+00,-2.182427645e+00,-1.656347513e+00,-2.814170837e+00,-3.281063080e+00,-1.906387210e+00,7.000000000e+00,1.100000000e+01,1.800000000e+01,0.000000000e+00,1.818349481e+00,2.565548658e+00,2.248843312e-01,1.000000000e+00,-2.024020672e+00,-4.050460339e+00,3.264141977e-01,2.565541267e+00,-2.102787971e+00,-2.560299635e+00,2.765222311e+00,1.906387210e+00,0.000000000e+00,0.000000000e+00,0.000000000e+00,0.000000000e+00,-1.000000000e+00,-1.000000000e+00,-1.000000000e+00,0.000000000e+00,-9.999956489e-01,4.342942646e-07,1.000000000e+00,-6.989678144e-01,0.000000000e+00,4.342942646e-07,9.984529018e-01
46,5,0,7.613319755e-01,2.425785214e-01,-1.725509405e+00,1.697627783e+00,1.065634638e-01,-2.761374712e+00,-2.754195929e+00,-2.318020105e+00,-2.308946371e+00,-1.799329400e+00,-2.734363794e+00,-3.279551506e+00,-1.863858342e+00,7.000000000e+00,1.200000000e+01,2.200000000e+01,0.000000000e+00,2.728233337e-01,1.935815096e+00,3.552052379e-01,1.000000000e+00,-1.968070507e+00,-3.937600374e+00,1.238985211e-01,1.935763478e+00,-2.427598476e+00,-2.486731052e+00,2.321476698e+00,1.863858342e+00,0.000000000e+00,0.000000000e+00,0.000000000e+00,0.000000000e+00,-1.000000000e+00,-1.000000000e+00,-1.000000000e+00,0.000000000e+00,-9.999956489e-01,4.342942646e-07,1.000000000e+00,-6.989678144e-01,0.000000000e+00,4.342942646e-07,9.985044003e-01
46,6,0,1.061849713e+00,6.716356277e-01,-1.346301436e+00,1.541248918e+00,-2.818739042e-03,-3.188559532e+00,-3.133309126e+00,-2.550809383e+00,-2.455490828e+00,-2.160686970e+00,-3.079967737e+00,-3.577798605e+00,-1.547355890e+00,5.000000000e+00,1.100000000e+01,2.000000000e+01,0.000000000e+00,6.538502574e-01,2.487675667e+00,2.402191013e-01,1.000000000e+00,-2.017901421e+00,-4.031888008e+00,-1.699846983e-01,2.487674713e+00,-3.296375513e+00,-2.408049583e+00,2.952341795e+00,1.547355890e+00,0.000000000e+00,0.000000000e+00,0.000000000e+00,0.000000000e+00,-1.000000000e+00,-1.000000000e+00,-1.000000000e+00,0.000000000e+00,-9.999956489e-01,4.342942646e-07,1.000000000e+00,-6.989678144e-01,0.000000000e+00,4.342942646e-07,6.479411721e-01
46,7,1,1.066741109e+00,7.541792393e-01,-1.288986921e+00,1.934499383e+00,4.159855843e-01,-3.345404148e+00,-3.377228975e+00,-2.784173250e+00,-2.849400520e+00,-2.471746922e+00,-3.109703541e+00,-3.656953335e+00,-1.347486734e+00,5.000000000e+00,1.000000000e+01,1.900000000e+01,0.000000000e+00,1.974902034e+00,3.459333181e+00,6.557458639e-01,1.000000000e+00,-2.043126583e+00,-4.081426144e+00,1.238683939e+00,3.459325314e+00,-2.365102053e+00,-2.355638027e+00,2.598455429e+00,1.347486734e+00,0.000000000e+00,0.000000000e+00,0.000000000e+00,0.000000000e+00,-1.000000000e+00,-1.000000000e+00,-1.000000000e+00,0.000000000e+00,-9.999956489e-01,4.342942646e-07,1.000000000e+00,-6.989678144e-01,1.000000000e+00,4.342942646e-07,2.049604803e-01
46,8,0,5.092185736e-01,2.431394607e-01,-1.805122972e+00,1.627948403e+00,1.094347313e-01,-3.042648315e+00,-2.996874809e+00,-2.272257090e+00,-2.254131079e+00,-2.006215096e+00,-2.558858395e+00,-3.308322668e+00,1.222675443e+00,3.000000000e+00,9.000000000e+00,1.900000000e+01,0.000000000e+00,2.067809343e+00,3.040163994e+00,3.491949737e-01,1.000000000e+00,-2.048241615e+00,-4.092678070e+00,1.448244601e-01,3.040163755e+00,-2.352426291e+00,-2.314279795e+00,3.143233538e+00,1.222675443e+00,0.000000000e+00,0.000000000e+00,0.000000000e+00,0.000000000e+00,-1.000000000e+00,-1.000000000e+00,-1.000000000e+00,0.000000000e+00,-9.999956489e-01,4.342942646e-07,1.000000000e+00,-6.989678144e-01,0.000000000e+00,4.342942646e-07,9.984976053e-01
46,9,0,6.268421412e-01,3.541063070e-01,-1.700087428e+00,1.177636862e+00,-2.847603858e-01,-2.969168186e+00,-2.964673758e+00,-2.503497124e+00,-2.524671793e+00,-2.230825901e+00,-2.683268547e+00,-3.241550684e+00,1.240855932e+00,3.000000000e+00,9.000000000e+00,1.700000000e+01,0.000000000e+00,6.306045055e-01,2.546202183e+00,-5.281165987e-02,1.000000000e+00,-2.054166317e+00,-4.105281830e+00,-3.263086379e-01,2.546201944e+00,-3.204536915e+00,-2.326859236e+00,3.166120768e+00,1.240855932e+00,1.000000000e+00,1.000000000e+00,0.000000000e+00,2.000000000e+00,-4.000000000e+00,1.500000000e+01,2.000000000e+00,1.000000000e+00,-4.530200005e+00,-2.352613449e+00,-6.008374691e-01,-4.528341293e+00,1.000000000e+00,1.008200645e+00,9.958480597e-01
46,10,0,9.228183627e-01,3.942803144e-01,-1.623097539e+00,1.400832295e+00,-1.176812723e-01,-2.888801098e+00,-2.899593592e+00,-2.443588972e+00,-2.449997663e+00,-1.915135741e+00,-2.943540335e+00,-3.416540623e+00,1.887471914e+00,5.000000000e+00,1.200000000e+01,1.900000000e+01,0.000000000e+00,-4.011374414e-01,1.714639664e+00,1.220788062e-01,1.000000000e+00,-2.017350912e+00,-4.033779621e+00,-1.476093829e-01,1.714598656e+00,-2.991584063e+00,-2.545781374e+00,2.396985292e+00,1.887471914e+00,0.000000000e+00,0.000000000e+00,0.000000000e+00,0.000000000e+00,-1.000000000e+00,-1.000000000e+00,-1.000000000e+00,0.000000000e+00,-9.999956489e-01,4.342942646e-07,1.000000000e+00,-6.989678144e-01,0.000000000e+00,4.342942646e-07,9.935804605e-01
46,11,0,7.654014230e-01,2.026596218e-01,-1.825955153e+00,1.585259795e+00,4.119196162e-02,-2.694770813e+00,-2.694045782e+00,-2.253325462e+00,-2.250063658e+00,-1.690639853e+00,-2.803334475e+00,-3.256942749e+00,1.969632983e+00,7.000000000e+00,1.100000000e+01,2.000000000e+01,0.000000000e+00,1.221864104e+00,2.301593781e+00,2.842298746e-01,1.000000000e+00,-2.028597355e+00,-4.061817169e+00,-4.400516450e-01,2.301593065e+00,-2.892513990e+00,-2.591216087e+00,3.300913095e+00,1.969632983e+00,0.000000000e+00,0.000000000e+00,0.000000000e+00,0.000000000e+00,-1.000000000e+00,-1.000000000e+00,-1.000000000e+00,0.000000000e+00,-9.999956489e-01,4.342942646e-07,1.000000000e+00,-6.989678144e-01,0.000000000e+00,4.342942646e-07,9.988993406e-01
46,12,0,9.989304543e-01,3.242971301e-01,-1.588439584e+00,1.716917038e+00,1.487156004e-01,-2.744477987e+00,-2.745564461e+00,-2.292485476e+00,-2.295918465e+00,-1.617919087e+00,-2.915922403e+00,-3.418213606e+00,2.235169888e+00,8.000000000e+00,1.200000000e+01,2.100000000e+01,0.000000000e+00,6.544533372e-01,1.945237160e+00,3.946979046e-01,1.000000000e+00,-1.912717819e+00,-3.827176332e+00,2.198371738e-01,1.945160270e+00,-2.400355101e+00,-2.587219000e+00,2.403338909e+00,2.235169888e+00,1.000000000e+00,1.000000000e+00,0.000000000e+00,1.000000000e+00,5.000000000e+00,2.800000000e+01,1.000000000e+00,1.000000000e+00,-1.373114586e+00,-1.669227123e+00,5.058164597e-01,-1.363911867e+00,3.000000000e+00,4.342942646e-07,9.969203472e-01
46,13,0,1.121300459e+00,4.264484942e-01,-1.255972743e+00,1.174026966e+00,-1.047261730e-01,-2.648233891e+00,-2.556169033e+00,-1.148264289e+00,-1.312358022e+00,-4.534170330e-01,-2.805668354e+00,-3.342323065e+00,2.282752514e+00,0.000000000e+00,6.000000000e+00,1.200000000e+01,0.000000000e+00,1.182783484e+00,1.372571349e+00,9.484596550e-02,1.000000000e+00,-1.682407856e+00,-3.366064310e+00,1.322525978e+00,1.029333472e+00,-4.162881374e-01,-2.377177477e+00,5.657559037e-01,2.282752514e+00,0.000000000e+00,0.000000000e+00,0.000000000e+00,0.000000000e+00,-1.000000000e+00,-1.000000000e+00,-1.000000000e+00,0.000000000e+00,-9.999956489e-01,4.342942646e-07,1.000000000e+00,-6.989678144e-01,0.000000000e+00,4.342942646e-07,9.906294942e-01
46,14,0,1.043697953e+00,3.396400511e-01,-1.570946693e+00,1.699668050e+00,1.811543852e-01,-2.988078594e+00,-3.008365154e+00,-2.227607727e+00,-2.281759262e+00,-1.523608327e+00,-2.954972982e+00,-3.690424919e+00,2.304386139e+00,7.000000000e+00,1.100000000e+01,1.900000000e+01,0.000000000e+00,8.670567870e-01,1.957303405e+00,4.209146202e-01,1.000000000e+00,-1.910567284e+00,-3.819394588e+00,3.869724572e-01,1.957146287e+00,-2.234435320e+00,-2.614481926e+00,2.328359604e+00,2.304386139e+00,2.000000000e+00,2.000000000e+00,0.000000000e+00,1.000000000e+00,5.000000000e+00,2.800000000e+01,1.000000000e+00,1.000000000e+00,-4.268767357e+00,-1.830180407e+00,1.737229526e-01,-4.262511253e+00,2.000000000e+00,-2.479823112e+00,9.964175224e-01
46,15,1,1.016018510e+00,3.365528584e-01,-1.557926893e+00,1.442711711e+00,-1.254895777e-01,-2.765831470e+00,-2.757285118e+00,-2.324193478e+00,-2.310182095e+00,-1.644799948e+00,-2.913949013e+00,-3.444340944e+00,2.246551514e+00,8.000000000e+00,1.200000000e+01,2.100000000e+01,0.000000000e+00,1.225014210e+00,2.257450104e+00,1.204925999e-01,1.000000000e+00,-1.894461036e+00,-3.790095329e+00,6.459147334e-01,2.257320166e+00,-2.000865221e+00,-2.573798180e+00,2.276837111e+00,2.246551514e+00,1.000000000e+00,1.000000000e+00,0.000000000e+00,1.000000000e+00,5.000000000e+00,2.800000000e+01,1.000000000e+00,1.000000000e+00,-5.100912571e+00,-2.180908442e+00,-5.786638260e-01,-5.098418236e+00,2.000000000e+00,-2.574493885e+00,9.965263009e-01
46,16,0,1.113935947e+00,3.265157044e-01,-7.355446219e-01,1.330897570e+00,3.766551614e-01,-2.644193649e+00,-2.535988808e+00,-2.201166630e+00,-2.148946762e+00,-1.413804054e+00,-2.176064253e+00,-3.430633307e+00,2.499527931e+00,7.000000000e+00,5.000000000e+00,7.000000000e+00,0.000000000e+00,2.927411497e-01,1.560284853e+00,4.857996404e-01,1.000000000e+00,-1.062057495e+00,-2.124198198e+00,-1.025510877e-01,1.560182214e+00,-2.577910423e+00,-1.849452138e+00,2.397849083e+00,2.499527931e+00,2.000000000e+00,2.000000000e+00,0.000000000e+00,1.000000000e+00,5.000000000e+00,2.800000000e+01,1.000000000e+00,1.000000000e+00,-1.218527555e+00,-1.355435729e+00,-5.475790501e-01,-1.199780822e+00,2.000000000e+00,-1.091283917e+00,9.968532920e-01
47,0,0,8.834001422e-01,4.430956244e-01,-1.674525976e+00,1.454213500e+00,-3.714782372e-02,-3.000298977e+00,-2.997504234e+00,-2.543152332e+00,-2.540355921e+00,-2.102944613e+00,-3.003831148e+00,-3.439840794e+00,-1.672320962e+00,4.000000000e+00,1.100000000e+01,1.800000000e+01,1.000000000e+00,1.479331970e+00,2.842665434e+00,1.989411712e-01,9.473684430e-01,-2.117585182e+00,-4.231054783e+00,-1.222252965e+00,2.842665434e+00,-4.198941231e+00,-2.557789803e+00,4.499924660e+00,1.672320962e+00,0.000000000e+00,0.000000000e+00,0.000000000e+00,0.000000000e+00,-1.000000000e+00,-1.000000000e+00,-1.000000000e+00,0.000000000e+00,-9.999956489e-01,4.342942646e-07,1.000000000e+00,-6.989678144e-01,0.000000000e+00,4.342942646e-07,9.884806871e-01
47,1,0,9.852555394e-01,5.338839293e-01,-1.513671160e+00,1.803126216e+00,1.903426200e-01,-3.079025507e+00,-3.079513073e+00,-2.615690947e+00,-2.629366636e+00,-2.164435148e+00,-3.034016132e+00,-3.529446125e+00,-1.699615598e+00,6.000000000e+00,1.200000000e+01,2.300000000e+01,0.000000000e+00,-1.320560455e+00,1.504319668e+00,4.413985610e-01,1.000000000e+00,-2.047520638e+00,-4.091405869e+00,-1.246934459e-01,1.504199743e+00,-3.287287235e+00,-2.498803854e+00,2.093700409e+00,1.699615598e+00,1.000000000e+00,1.000000000e+00,0.000000000e+00,1.000000000e+00,-5.000000000e+00,3.500000000e+01,1.000000000e+00,1.000000000e+00,-5.682362080e+00,-1.885978580e+00,3.118942678e-01,-5.679442406e+00,1.000000000e+00,4.342942646e-07,9.593883753e-01
47,2,1,1.048883796e+00,5.481310487e-01,-1.562504292e+00,1.475925088e+00,-4.258853942e-02,-3.065942764e+00,-3.063515902e+00,-2.599306345e+00,-2.607321024e+00,-2.098671913e+00,-3.161319256e+00,-3.565600872e+00,1.820273519e+00,7.000000000e+00,1.100000000e+01,1.900000000e+01,0.000000000e+00,1.467648029e+00,2.832611561e+00,1.971715689e-01,1.000000000e+00,-2.110595226e+00,-4.216507435e+00,1.080374122e+00,2.832543612e+00,-2.075202465e+00,-2.611226320e+00,2.260926008e+00,1.820273519e+00,4.000000000e+00,4.000000000e+00,0.000000000e+00,3.000000000e+00,5.000000000e+00,1.700000000e+01,4.000000000e+00,1.000000000e+00,-5.133831501e+00,-3.330494165e+00,-2.441832066e+00,-5.133656502e+00,1.000000000e+00,4.342942646e-07,9.495117664e-01
47,3,0,9.133424163e-01,3.887831271e-01,-1.627398968e+00,1.678787112e+00,1.105856076e-01,-3.053233147e+00,-3.067835331e+00,-2.215748310e+00,-2.286378384e+00,-1.691238642e+00,-2.930770159e+00,-3.576642275e+00,1.877876163e+00,6.000000000e+00,1.100000000e+01,2.100000000e+01,0.000000000e+00,1.286559224e+00,2.335327148e+00,3.565679193e-01,1.000000000e+00,-2.016155243e+00,-4.029326916e+00,1.129129410e+00,2.334485292e+00,-1.546100616e+00,-2.540608883e+00,1.800551772e+00,1.877876163e+00,0.000000000e+00,0.000000000e+00,0.000000000e+00,0.000000000e+00,-1.000000000e+00,-1.000000000e+00,-1.000000000e+00,0.000000000e+00,-9.999956489e-01,4.342942646e-07,1.000000000e+00,-6.989678144e-01,0.000000000e+00,4.342942646e-07,9.939661622e-01
47,4,0,1.017768741e+00,4.645328820e-01,-1.464043140e+00,1.733988523e+00,1.657869816e-01,-2.965038300e+00,-2.953989983e+00,-2.518132448e+00,-2.497760773e+00,-1.964999557e+00,-2.947666168e+00,-3.517243624e+00,1.946855307e+00,7.000000000e+00,1.200000000e+01,2.100000000e+01,0.000000000e+00,1.474811196e+00,2.702446222e+00,4.117693305e-01,1.000000000e+00,-1.928551555e+00,-3.855744362e+00,1.096002087e-01,2.702444792e+00,-2.852520943e+00,-2.481692791e+00,3.125597000e+00,1.946855307e+00,0.000000000e+00,0.000000000e+00,0.000000000e+00,0.000000000e+00,-1.000000000e+00,-1.000000000e+00,-1.000000000e+00,0.000000000e+00,-9.999956489e-01,4.342942646e-07,1.000000000e+00,-6.989678144e-01,0.000000000e+00,4.342942646e-07,9.848041534e-01
47,5,0,9.856140614e-01,3.723788559e-01,-1.525614381e+00,1.729047775e+00,2.105340660e-01,-3.037996292e+00,-3.026732445e+00,-2.207423687e+00,-2.263423204e+00,-1.594241261e+00,-2.884184837e+00,-3.649762630e+00,2.089990854e+00,6.000000000e+00,1.000000000e+01,1.900000000e+01,0.000000000e+00,-2.237379551e+00,5.176802874e-01,4.502943158e-01,1.000000000e+00,-1.897973180e+00,-3.794198751e+00,1.511597782e-01,4.732832909e-01,-2.484589338e+00,-2.511101961e+00,9.913119078e-01,2.089990854e+00,0.000000000e+00,0.000000000e+00,0.000000000e+00,0.000000000e+00,-1.000000000e+00,-1.000000000e+00,-1.000000000e+00,0.000000000e+00,-9.999956489e-01,4.342942646e-07,1.000000000e+00,-6.989678144e-01,0.000000000e+00,4.342942646e-07,9.949624538e-01
47,6,0,1.084021330e+00,4.312201738e-01,-1.504690051e+00,1.753526211e+00,2.094584703e-01,-2.871757984e+00,-2.866118670e+00,-2.419707775e+00,-2.418456316e+00,-1.766995192e+00,-3.022258043e+00,-3.523430586e+00,2.183672667e+00,8.000000000e+00,1.200000000e+01,2.000000000e+01,0.000000000e+00,-1.343949080e+00,1.095045686e+00,4.524964094e-01,1.000000000e+00,-1.935886502e+00,-3.871376276e+00,-1.245893955e+00,1.095041156e+00,-4.090312004e+00,-2.588556767e+00,2.990491390e+00,2.183672667e+00,1.000000000e+00,1.000000000e+00,0.000000000e+00,1.000000000e+00,5.000000000e+00,1.400000000e+01,1.000000000e+00,1.000000000e+00,-4.494742393e+00,-1.732646585e+00,4.227332175e-01,-4.487024784e+00,1.000000000e+00,4.342942646e-07,9.900658131e-01
47,7,0,1.265310168e+00,4.693618119e-01,-1.392551899e+00,1.449018836e+00,1.702653617e-01,-2.838619709e+00,-2.832140207e+00,-2.393406391e+00,-2.389334440e+00,-1.597548246e+00,-3.129038811e+00,-3.632997990e+00,2.519425869e+00,9.000000000e+00,9.000000000e+00,1.200000000e+01,0.000000000e+00,1.330154300e+00,2.262645960e+00,3.698376417e-01,1.000000000e+00,-1.861892581e+00,-3.723931551e+00,-1.335717440e-01,2.262642622e+00,-2.991948366e+00,-2.657675028e+00,3.187945366e+00,2.519425869e+00,0.000000000e+00,0.000000000e+00,0.000000000e+00,0.000000000e+00,-1.000000000e+00,-1.000000000e+00,-1.000000000e+00,0.000000000e+00,-9.999956489e-01,4.342942646e-07,1.000000000e+00,-6.989678144e-01,1.000000000e+00,4.342942646e-07,9.837974906e-01
48,0,0,1.065076590e+00,3.623424470e-01,-1.576171517e+00,1.545723915e+00,1.656128792e-03,-2.776416540e+00,-2.774646044e+00,-2.259998083e+00,-2.259524822e+00,-1.557327032e+00,-3.007680178e+00,-3.478102684e+00,-2.301276445e+00,6.000000000e+00,1.000000000e+01,2.000000000e+01,0.000000000e+00,4.254743755e-01,1.770090222e+00,2.446940243e-01,1.000000000e+00,-1.938492537e+00,-3.878282070e+00,-3.778194785e-01,1.770079255e+00,-2.999332905e+00,-2.641074181e+00,2.849972486e+00,2.301276445e+00,0.000000000e+00,0.000000000e+00,0.000000000e+00,0.000000000e+00,-1.000000000e+00,-1.000000000e+00,-1.000000000e+00,0.000000000e+00,-9.999956489e-01,4.342942646e-07,1.000000000e+00,-6.989678144e-01,0.000000000e+00,4.342942646e-07,9.954745173e-01
48,1,0,9.967970848e-01,3.061439991e-01,-1.589620471e+00,1.773352623e+00,2.051511407e-01,-2.728483677e+00,-2.725199461e+00,-2.212098598e+00,-2.213061571e+00,-1.521501541e+00,-2.896767616e+00,-3.418230534e+00,-2.272878885e+00,7.000000000e+00,1.100000000e+01,2.100000000e+01,1.000000000e+00,4.322803393e-02,1.543396235e+00,4.511334896e-01,9.545454383e-01,-1.895746827e+00,-3.793386936e+00,9.688466042e-02,1.543118238e+00,-2.422276974e+00,-2.586266756e+00,2.137793779e+00,2.272878885e+00,1.000000000e+00,1.000000000e+00,0.000000000e+00,1.000000000e+00,-5.000000000e+00,6.000000000e+00,1.000000000e+00,1.000000000e+00,-4.151524544e+00,-1.475435734e+00,8.702268600e-01,-4.137429714e+00,1.000000000e+00,4.342942646e-07,9.974077344e-01
48,2,0,8.411948085e-01,1.939370185e-01,-1.223213553e+00,1.029785752e+00,7.554350048e-02,-2.625874758e+00,-2.574260950e+00,-2.135869741e+00,-2.146690369e+00,-1.488657594e+00,-2.259032249e+00,-3.272502184e+00,-2.170576334e+00,7.000000000e+00,5.000000000e+00,7.000000000e+00,0.000000000e+00,1.094149113e+00,2.035753012e+00,1.846879125e-01,1.000000000e+00,-1.417146325e+00,-2.834776878e+00,-1.855918765e-01,2.035745144e+00,-2.526134491e+00,-2.064365387e+00,2.879324436e+00,2.170576334e+00,0.000000000e+00,0.000000000e+00,0.000000000e+00,0.000000000e+00,-1.000000000e+00,-1.000000000e+00,-1.000000000e+00,0.000000000e+00,-9.999956489e-01,4.342942646e-07,1.000000000e+00,-6.989678144e-01,0.000000000e+00,4.342942646e-07,9.989669323e-01
48,3,0,9.986668229e-01,3.866573274e-01,-1.574994922e+00,1.676396251e+00,2.139984220e-01,-3.032400370e+00,-3.015088320e+00,-2.175466299e+00,-2.178301811e+00,-1.563505769e+00,-2.961949587e+00,-3.642964840e+00,-2.087080479e+00,5.000000000e+00,9.000000000e+00,1.700000000e+01,1.000000000e+00,8.498584032e-01,1.988452196e+00,4.459474087e-01,9.444444180e-01,-1.961628795e+00,-3.921707392e+00,-5.984068513e-01,1.988450766e+00,-3.162800789e+00,-2.573515177e+00,3.201445103e+00,2.087080479e+00,1.000000000e+00,1.000000000e+00,0.000000000e+00,1.000000000e+00,-5.000000000e+00,1.800000000e+01,2.000000000e+00,1.000000000e+00,-4.940333843e+00,-1.875738621e+00,1.834343970e-01,-4.935088158e+00,1.000000000e+00,4.342942646e-07,9.941078424e-01
48,4,0,6.103436947e-01,2.879900038e-01,-1.718592525e+00,1.661903501e+00,1.433897763e-01,-2.886837482e+00,-2.843338490e+00,-2.312712669e+00,-2.222311497e+00,-1.990405560e+00,-2.619715214e+00,-3.208822966e+00,1.373211384e+00,6.000000000e+00,1.000000000e+01,1.900000000e+01,0.000000000e+00,1.400703073e+00,2.690800190e+00,3.831500113e-01,1.000000000e+00,-2.006561041e+00,-4.011673450e+00,2.843951061e-02,2.690798998e+00,-2.481802702e+00,-2.328866243e+00,2.894228220e+00,1.373211384e+00,0.000000000e+00,0.000000000e+00,0.000000000e+00,0.000000000e+00,-1.000000000e+00,-1.000000000e+00,-1.000000000e+00,0.000000000e+00,-9.999956489e-01,4.342942646e-07,1.000000000e+00,-6.989678144e-01,0.000000000e+00,4.342942646e-07,9.978026748e-01
48,5,0,5.883533955e-01,1.807306409e-01,-1.836492777e+00,1.467691779e+00,5.294104572e-03,-2.707109213e+00,-2.750718594e+00,-2.142952681e+00,-2.308976173e+00,-1.735366464e+00,-2.613184214e+00,-3.114387989e+00,1.591075182e+00,5.000000000e+00,1.000000000e+01,1.700000000e+01,1.000000000e+00,-1.458605170e+00,1.009891033e+00,2.372430116e-01,9.444444180e-01,-2.017207861e+00,-4.037501812e+00,1.461058408e-01,1.005786419e+00,-2.343593597e+00,-2.424760342e+00,1.433292150e+00,1.591075182e+00,0.000000000e+00,0.000000000e+00,0.000000000e+00,0.000000000e+00,-1.000000000e+00,-1.000000000e+00,-1.000000000e+00,0.000000000e+00,-9.999956489e-01,4.342942646e-07,1.000000000e+00,-6.989678144e-01,0.000000000e+00,4.342942646e-07,9.990591407e-01
48,6,0,9.699984193e-01,3.988771439e-01,-1.549023747e+00,1.556304693e+00,6.494324654e-02,-2.886852503e+00,-2.879527569e+00,-2.442049265e+00,-2.429609537e+00,-1.871015787e+00,-2.920231581e+00,-3.457062483e+00,1.989677668e+00,5.000000000e+00,1.100000000e+01,1.800000000e+01,0.000000000e+00,1.833316088e+00,2.787707090e+00,3.010322750e-01,1.000000000e+00,-1.947877645e+00,-3.895086527e+00,1.501102895e-01,2.787705898e+00,-2.678286076e+00,-2.518893957e+00,3.196191549e+00,1.989677668e+00,2.000000000e+00,2.000000000e+00,0.000000000e+00,1.000000000e+00,5.000000000e+00,3.000000000e+01,1.000000000e+00,1.000000000e+00,-4.922930717e+00,-1.990823030e+00,-7.698240876e-02,-4.918885708e+00,1.000000000e+00,1.220557094e+00,9.932349324e-01
48,7,0,1.254902601e+00,6.671519876e-01,-1.279955029e+00,1.404410601e+00,-5.798703432e-02,-3.138847113e+00,-3.120420694e+00,-2.591091633e+00,-2.545317173e+00,-2.003466845e+00,-3.202237368e+00,-3.724884987e+00,2.029369354e+00,6.000000000e+00,1.100000000e+01,1.700000000e+01,1.000000000e+00,5.529078841e-01,2.279968739e+00,1.739618033e-01,9.444444180e-01,-1.947076917e+00,-3.891744614e+00,-5.875665694e-02,2.279964209e+00,-3.270568132e+00,-2.534716845e+00,2.880505562e+00,2.029369354e+00,2.000000000e+00,2.000000000e+00,0.000000000e+00,3.000000000e+00,5.000000000e+00,1.500000000e+01,3.000000000e+00,1.000000000e+00,-5.223863602e+00,-2.061058283e+00,-2.204066515e-01,-5.220734119e+00,1.000000000e+00,4.342942646e-07,6.696150899e-01
48,8,1,1.093304157e+00,5.042870045e-01,-1.494930506e+00,1.537052631e+00,1.853896677e-02,-2.978461742e+00,-2.976157188e+00,-2.527158976e+00,-2.533244610e+00,-1.938250422e+00,-3.094232798e+00,-3.566289425e+00,2.032388449e+00,7.000000000e+00,1.100000000e+01,1.900000000e+01,0.000000000e+00,1.116249323e+00,2.498925447e+00,2.582991421e-01,1.000000000e+00,-1.999187589e+00,-3.996371031e+00,1.543864846e+00,2.496238232e+00,-1.493801594e+00,-2.588079929e+00,1.547474265e+00,2.032388449e+00,0.000000000e+00,0.000000000e+00,0.000000000e+00,0.000000000e+00,-1.000000000e+00,-1.000000000e+00,-1.000000000e+00,0.000000000e+00,-9.999956489e-01,4.342942646e-07,1.000000000e+00,-6.989678144e-01,1.000000000e+00,4.342942646e-07,9.737300277e-01
48,9,0,9.440301061e-01,3.092232049e-01,-1.611036897e+00,1.872522712e+00,3.284547925e-01,-2.738720894e+00,-2.747001648e+00,-2.229291916e+00,-2.294914007e+00,-1.594541192e+00,-2.868721485e+00,-3.372740269e+00,2.141127348e+00,7.000000000e+00,1.100000000e+01,2.000000000e+01,0.000000000e+00,9.624332786e-01,2.075775862e+00,5.714927912e-01,1.000000000e+00,-1.920241356e+00,-3.842259407e+00,-6.209679842e-01,2.075774908e+00,-3.224463463e+00,-2.554928780e+00,3.396828175e+00,2.141127348e+00,0.000000000e+00,0.000000000e+00,0.000000000e+00,0.000000000e+00,-1.000000000e+00,-1.000000000e+00,-1.000000000e+00,0.000000000e+00,-9.999956489e-01,4.342942646e-07,1.000000000e+00,-6.989678144e-01,0.000000000e+00,4.342942646e-07,9.973322153e-01
48,10,0,1.135417938e+00,5.121130943e-01,-1.383811593e+00,1.356576204e+00,-1.619372219e-01,-2.965976477e+00,-2.951227188e+00,-2.510085821e+00,-2.466582775e+00,-1.886887908e+00,-3.032488346e+00,-3.587997913e+00,2.113879919e+00,7.000000000e+00,1.100000000e+01,1.900000000e+01,0.000000000e+00,-9.997614622e-01,1.387213945e+00,7.782284170e-02,1.000000000e+00,-1.895900726e+00,-3.790782928e+00,-1.437579393e-01,1.387025476e+00,-3.122005939e+00,-2.519096375e+00,2.110395432e+00,2.113879919e+00,4.000000000e+00,4.000000000e+00,0.000000000e+00,3.000000000e+00,5.000000000e+00,1.000000000e+00,3.000000000e+00,1.000000000e+00,-2.220889091e+00,-1.736360908e+00,3.351866007e-01,-2.212993622e+00,1.000000000e+00,4.342942646e-07,9.705898166e-01
49,0,0,1.211673021e+00,5.105112791e-01,-1.392602921e+00,1.429895282e+00,-1.141723767e-01,-2.922806263e+00,-2.905410767e+00,-2.472039461e+00,-2.421537876e+00,-1.770980835e+00,-3.116250992e+00,-3.622506857e+00,-2.297581911e+00,8.000000000e+00,1.200000000e+01,2.000000000e+01,0.000000000e+00,-2.767729759e-01,1.632647038e+00,1.288654208e-01,1.000000000e+00,-1.903090000e+00,-3.805486917e+00,-3.058657348e-01,1.632618189e+00,-3.237279654e+00,-2.604111910e+00,2.588898897e+00,2.297581911e+00,3.000000000e+00,3.000000000e+00,0.000000000e+00,2.000000000e+00,5.000000000e+00,2.700000000e+01,3.000000000e+00,1.000000000e+00,-1.134949327e+00,-1.435095787e+00,9.047120810e-01,-1.119288445e+00,1.000000000e+00,4.342942646e-07,9.712655544e-01
49,1,1,1.111750960e+00,4.981249869e-01,-1.423754454e+00,1.612309575e+00,9.379587322e-02,-2.962367296e+00,-2.951757193e+00,-2.430617332e+00,-2.420489311e+00,-1.817079902e+00,-3.034904480e+00,-3.574757099e+00,-2.090918303e+00,7.000000000e+00,1.100000000e+01,1.900000000e+01,0.000000000e+00,-1.493072271e+00,1.070656061e+00,3.335560560e-01,1.000000000e+00,-1.921854377e+00,-3.842482805e+00,-6.054773331e-01,1.070559621e+00,-3.522758007e+00,-2.535367727e+00,2.279073000e+00,2.090918303e+00,3.000000000e+00,3.000000000e+00,0.000000000e+00,2.000000000e+00,5.000000000e+00,2.700000000e+01,3.000000000e+00,1.000000000e+00,-5.075555801e+00,-2.120901585e+00,-4.046850204e-01,-5.072669029e+00,1.000000000e+00,4.342942646e-07,9.759363532e-01
49,2,0,9.499637485e-01,3.331473470e-01,-1.230215907e+00,7.601667643e-01,-3.537757397e-01,-2.547461271e+00,-2.262846708e+00,-9.360997677e-01,-9.840617776e-01,-3.192860782e-01,-2.510029078e+00,-3.163797379e+00,-2.098490715e+00,0.000000000e+00,5.000000000e+00,9.000000000e+00,0.000000000e+00,1.227869272e+00,1.392908096e+00,-1.940751821e-01,1.000000000e+00,-1.563354492e+00,-3.122999430e+00,1.375463367e+00,8.366979361e-01,5.825055763e-02,-2.180121422e+00,1.260136366e-01,2.098490715e+00,0.000000000e+00,0.000000000e+00,0.000000000e+00,0.000000000e+00,-1.000000000e+00,-1.000000000e+00,-1.000000000e+00,0.000000000e+00,-9.999956489e-01,4.342942646e-07,1.000000000e+00,-6.989678144e-01,1.000000000e+00,3.337984979e-01,9.966417551e-01
49,3,0,6.950021982e-01,1.769121140e-01,-1.808573008e+00,1.752943277e+00,1.401596516e-01,-2.698064566e+00,-2.691916227e+00,-2.249960661e+00,-2.249704599e+00,-1.731924176e+00,-2.687816143e+00,-3.215657234e+00,-1.862255454e+00,7.000000000e+00,1.200000000e+01,2.300000000e+01,0.000000000e+00,1.505672336e+00,2.484784126e+00,3.912155330e-01,1.000000000e+00,-1.985470891e+00,-3.974424601e+00,-3.765304089e-01,2.484783649e+00,-2.802948952e+00,-2.503464699e+00,3.378965616e+00,1.862255454e+00,0.000000000e+00,0.000000000e+00,0.000000000e+00,0.000000000e+00,-1.000000000e+00,-1.000000000e+00,-1.000000000e+00,0.000000000e+00,-9.999956489e-01,4.342942646e-07,1.000000000e+00,-6.989678144e-01,0.000000000e+00,4.342942646e-07,9.990837574e-01
49,4,0,1.215515852e+00,7.481764555e-01,-1.288788915e+00,1.569198012e+00,5.068438873e-02,-3.273531675e+00,-3.282263279e+00,-2.698526621e+00,-2.819632292e+00,-2.231330395e+00,-3.252347469e+00,-3.739297867e+00,-1.738822937e+00,5.000000000e+00,1.100000000e+01,1.900000000e+01,1.000000000e+00,7.771944404e-01,2.620003462e+00,2.904445827e-01,9.499999881e-01,-2.036926508e+00,-4.069456577e+00,1.128819138e-01,2.620001316e+00,-3.453976870e+00,-2.504174471e+00,3.095413685e+00,1.738822937e+00,3.000000000e+00,3.000000000e+00,0.000000000e+00,1.000000000e+00,-5.000000000e+00,9.000000000e+00,2.000000000e+00,1.000000000e+00,-5.150784016e+00,-2.001203537e+00,8.015763760e-02,-5.147082329e+00,1.000000000e+00,4.342942646e-07,2.315286696e-01
49,5,0,7.363147736e-01,2.643909156e-01,-1.757931232e+00,1.561163902e+00,4.265024886e-02,-2.805654287e+00,-2.802629709e+00,-2.358493805e+00,-2.363139391e+00,-1.886635303e+00,-2.763679266e+00,-3.277033329e+00,-1.750044465e+00,5.000000000e+00,1.100000000e+01,1.900000000e+01,0.000000000e+00,1.833827615e+00,2.803583145e+00,2.824104428e-01,1.000000000e+00,-2.022301197e+00,-4.045118332e+00,8.095733076e-02,2.803582430e+00,-2.546520233e+00,-2.494135380e+00,3.199113131e+00,1.750044465e+00,0.000000000e+00,0.000000000e+00,0.000000000e+00,0.000000000e+00,-1.000000000e+00,-1.000000000e+00,-1.000000000e+00,0.000000000e+00,-9.999956489e-01,4.342942646e-07,1.000000000e+00,-6.989678144e-01,0.000000000e+00,4.342942646e-07,9.982098341e-01
49,6,0,7.777957320e-01,2.929598987e-01,-1.752277970e+00,1.752161980e+00,2.080941945e-01,-2.828124762e+00,-2.822537422e+00,-2.296332121e+00,-2.291361809e+00,-1.811553836e+00,-2.828083038e+00,-3.312360764e+00,-1.781567931e+00,6.000000000e+00,1.200000000e+01,2.000000000e+01,0.000000000e+00,-8.631283045e-01,1.381451130e+00,4.511321187e-01,1.000000000e+00,-2.045214176e+00,-4.090460300e+00,3.159848452e-01,1.379838824e+00,-2.268341303e+00,-2.529951096e+00,1.543677807e+00,1.781567931e+00,0.000000000e+00,0.000000000e+00,0.000000000e+00,0.000000000e+00,-1.000000000e+00,-1.000000000e+00,-1.000000000e+00,0.000000000e+00,-9.999956489e-01,4.342942646e-07,1.000000000e+00,-6.989678144e-01,0.000000000e+00,4.342942646e-07,9.977025390e-01
49,7,0,8.393260837e-01,3.445070684e-01,-1.620487928e+00,1.591932178e+00,4.786434770e-02,-2.872080803e+00,-2.866572857e+00,-2.343692541e+00,-2.347542763e+00,-1.848938346e+00,-2.807044506e+00,-3.366213083e+00,-1.805863500e+00,7.000000000e+00,1.200000000e+01,2.000000000e+01,1.000000000e+00,-1.609629035e+00,1.046607018e+00,2.909022570e-01,9.523809552e-01,-1.964972973e+00,-3.929303885e+00,9.561133385e-02,1.043868661e+00,-2.596363783e+00,-2.459707022e+00,1.446850538e+00,1.805863500e+00,1.000000000e+00,1.000000000e+00,0.000000000e+00,2.000000000e+00,5.000000000e+00,1.900000000e+01,3.000000000e+00,1.000000000e+00,-4.586569786e+00,-1.756476521e+00,4.323746860e-01,-4.579316139e+00,1.000000000e+00,4.342942646e-07,9.962371588e-01
49,8,0,6.027845740e-01,3.601666689e-01,-1.679671884e+00,1.332968712e+00,-9.839458019e-02,-2.993605614e+00,-2.994954586e+00,-2.409144640e+00,-2.436109543e+00,-2.166574478e+00,-2.644334078e+00,-3.235903502e+00,-1.157631636e+00,3.000000000e+00,9.000000000e+00,1.600000000e+01,0.000000000e+00,-3.130828440e-01,2.010097742e+00,1.288489550e-01,1.000000000e+00,-2.039811611e+00,-4.076391220e+00,-5.004128218e-01,2.010095596e+00,-3.295949459e+00,-2.282393932e+00,2.779724598e+00,1.157631636e+00,1.000000000e+00,1.000000000e+00,0.000000000e+00,1.000000000e+00,-4.000000000e+00,4.000000000e+00,1.000000000e+00,1.000000000e+00,-4.788971424e+00,-2.046929359e+00,-6.406484637e-03,-4.785328865e+00,1.000000000e+00,1.076576114e-01,9.955769777e-01
49,9,0,6.903527379e-01,4.468844533e-01,-1.662806034e+00,1.069207072e+00,-1.612412781e-01,-3.096568584e+00,-3.102339029e+00,-2.612359047e+00,-2.652366877e+00,-2.368967295e+00,-2.801361084e+00,-3.339629173e+00,-1.160017371e+00,4.000000000e+00,7.000000000e+00,1.100000000e+01,0.000000000e+00,7.778429985e-01,2.757991314e+00,2.781474777e-02,1.000000000e+00,-2.109654665e+00,-4.213829517e+00,1.474619508e-01,2.757989883e+00,-2.951596022e+00,-2.353080750e+00,2.893882513e+00,1.160017371e+00,0.000000000e+00,0.000000000e+00,0.000000000e+00,0.000000000e+00,-1.000000000e+00,-1.000000000e+00,-1.000000000e+00,0.000000000e+00,-9.999956489e-01,4.342942646e-07,1.000000000e+00,-6.989678144e-01,0.000000000e+00,4.342942646e-07,9.879137874e-01
50,0,0,8.401686549e-01,1.671497375e-01,-1.738942623e+00,1.561660767e+00,-6.540637463e-03,-2.600476265e+00,-2.595680714e+00,-2.158855915e+00,-2.154116631e+00,-1.485886097e+00,-2.754688025e+00,-3.272853851e+00,-2.231366158e+00,8.000000000e+00,1.200000000e+01,2.100000000e+01,0.000000000e+00,1.073449135e+00,2.022646189e+00,2.394416034e-01,1.000000000e+00,-1.906080961e+00,-3.818016768e+00,3.713202477e-02,2.022623062e+00,-2.284112692e+00,-2.578970432e+00,2.653713226e+00,2.231366158e+00,0.000000000e+00,0.000000000e+00,0.000000000e+00,0.000000000e+00,-1.000000000e+00,-1.000000000e+00,-1.000000000e+00,0.000000000e+00,-9.999956489e-01,4.342942646e-07,1.000000000e+00,-6.989678144e-01,0.000000000e+00,4.342942646e-07,9.991428852e-01
50,1,0,9.732237458e-01,3.654826283e-01,-1.619538188e+00,1.807453394e+00,2.889397144e-01,-2.830854893e+00,-2.825165033e+00,-2.373403311e+00,-2.371330976e+00,-1.765739322e+00,-2.962060928e+00,-3.437698841e+00,-2.076941729e+00,6.000000000e+00,1.100000000e+01,1.900000000e+01,0.000000000e+00,8.794810772e-01,2.205515862e+00,5.286999345e-01,1.000000000e+00,-1.984996796e+00,-3.970200062e+00,6.248729303e-02,2.205504656e+00,-2.674223185e+00,-2.592609882e+00,2.748597383e+00,2.076941729e+00,0.000000000e+00,0.000000000e+00,0.000000000e+00,0.000000000e+00,-1.000000000e+00,-1.000000000e+00,-1.000000000e+00,0.000000000e+00,-9.999956489e-01,4.342942646e-07,1.000000000e+00,-6.989678144e-01,1.000000000e+00,4.342942646e-07,9.953213334e-01
50,2,1,9.666363001e-01,8.309767246e-01,-1.293689847e+00,1.396322846e+00,-6.607481092e-02,-3.459622860e+00,-3.496405125e+00,-2.805662632e+00,-2.917601347e+00,-2.670077562e+00,-3.090994596e+00,-3.594823837e+00,-8.321214914e-01,4.000000000e+00,1.000000000e+01,1.700000000e+01,1.000000000e+00,5.257979035e-01,2.933242798e+00,1.658740342e-01,9.444444180e-01,-2.124617338e+00,-4.241921902e+00,1.248648047e+00,2.933150053e+00,-2.500152111e+00,-2.260255575e+00,1.932161689e+00,8.321214914e-01,3.000000000e+00,0.000000000e+00,3.000000000e+00,3.000000000e+00,-2.000000000e+00,9.000000000e+00,1.000000000e+00,1.000000000e+00,-5.218276501e+00,-2.271534681e+00,-2.892210186e-01,-5.216341496e+00,1.000000000e+00,4.342942646e-07,2.786560170e-02
50,3,0,3.335202634e-01,2.565664053e-01,-1.869046211e+00,1.289596677e+00,-1.417665631e-01,-3.000458241e+00,-2.999316216e+00,-2.523625374e+00,-2.549672365e+00,-2.446695089e+00,-2.460197687e+00,-3.077327728e+00,-6.130295396e-01,4.000000000e+00,1.000000000e+01,1.600000000e+01,0.000000000e+00,5.034278035e-01,2.698532343e+00,8.547694981e-02,1.000000000e+00,-2.125586748e+00,-4.244750023e+00,4.043254852e-01,2.698526859e+00,-2.401957750e+00,-2.202529430e+00,2.397150755e+00,6.130295396e-01,0.000000000e+00,0.000000000e+00,0.000000000e+00,0.000000000e+00,-1.000000000e+00,-1.000000000e+00,-1.000000000e+00,0.000000000e+00,-9.999956489e-01,4.342942646e-07,1.000000000e+00,-6.989678144e-01,0.000000000e+00,4.342942646e-07,9.983232617e-01
50,4,0,2.727913857e-01,2.007664740e-01,-1.873370767e+00,1.469498158e+00,-4.901541770e-02,-2.955713749e+00,-2.932206631e+00,-2.497630835e+00,-2.495033503e+00,-2.425626755e+00,-2.347901106e+00,-3.027667761e+00,-5.919659734e-01,3.000000000e+00,9.000000000e+00,1.900000000e+01,0.000000000e+00,5.036184788e-01,2.677551746e+00,1.907446980e-01,1.000000000e+00,-2.074118137e+00,-4.143293381e+00,-1.181675643e-01,2.677551270e+00,-2.813820601e+00,-2.146133661e+00,2.864967823e+00,5.919659734e-01,0.000000000e+00,0.000000000e+00,0.000000000e+00,0.000000000e+00,-1.000000000e+00,-1.000000000e+00,-1.000000000e+00,0.000000000e+00,-9.999956489e-01,4.342942646e-07,1.000000000e+00,-6.989678144e-01,0.000000000e+00,4.342942646e-07,9.989144802e-01
50,5,0,3.134313226e-01,2.795091569e-01,-1.829528093e+00,1.282322884e+00,-1.156167015e-01,-3.043632746e+00,-3.042290211e+00,-2.489889622e+00,-2.511442184e+00,-2.455977440e+00,-2.422801971e+00,-3.077515841e+00,-4.004082680e-01,3.000000000e+00,9.000000000e+00,1.500000000e+01,1.000000000e+00,1.802990317e+00,3.357596874e+00,1.062317789e-01,9.375000000e-01,-2.109010696e+00,-4.211427689e+00,3.326473758e-02,3.357596874e+00,-2.757579088e+00,-2.142928362e+00,3.379683495e+00,4.004082680e-01,0.000000000e+00,0.000000000e+00,0.000000000e+00,0.000000000e+00,-1.000000000e+00,-1.000000000e+00,-1.000000000e+00,0.000000000e+00,-9.999956489e-01,4.342942646e-07,1.000000000e+00,-6.989678144e-01,0.000000000e+00,4.342942646e-07,9.979612827e-01
50,6,1,5.274750590e-01,5.103415251e-01,-1.620021582e+00,1.376703024e+00,-8.569449931e-02,-3.210848570e+00,-3.250294447e+00,-2.545087576e+00,-2.816452026e+00,-2.527960062e+00,-2.657770157e+00,-3.227953672e+00,-2.827466130e-01,4.000000000e+00,1.000000000e+01,1.700000000e+01,0.000000000e+00,5.041312575e-01,2.780475140e+00,1.462543309e-01,1.000000000e+00,-2.130322695e+00,-4.253026962e+00,1.419602633e+00,2.780062675e+00,-1.907440424e+00,-2.147453785e+00,1.649079680e+00,2.827466130e-01,1.000000000e+00,0.000000000e+00,1.000000000e+00,3.000000000e+00,-1.000000000e+00,8.000000000e+00,1.000000000e+00,1.000000000e+00,-4.901188374e+00,-2.450356722e+00,-6.371105909e-01,-4.899774075e+00,1.000000000e+00,4.342942646e-07,9.713361859e-01
50,7,0,8.245952129e-01,3.668422103e-01,-1.690492272e+00,1.619178057e+00,2.811372653e-02,-2.908167362e+00,-2.900876045e+00,-2.446538210e+00,-2.437662363e+00,-1.988864303e+00,-2.885491371e+00,-3.365263700e+00,1.715308547e+00,5.000000000e+00,1.200000000e+01,2.200000000e+01,0.000000000e+00,8.935112953e-01,2.435664654e+00,2.767554820e-01,1.000000000e+00,-2.057306290e+00,-4.112916470e+00,3.470400115e-03,2.435661793e+00,-2.800878763e+00,-2.514966726e+00,2.880948544e+00,1.715308547e+00,0.000000000e+00,0.000000000e+00,0.000000000e+00,0.000000000e+00,-1.000000000e+00,-1.000000000e+00,-1.000000000e+00,0.000000000e+00,-9.999956489e-01,4.342942646e-07,1.000000000e+00,-6.989678144e-01,0.000000000e+00,4.342942646e-07,9.952530861e-01
50,8,0,7.464760542e-01,2.867681384e-01,-1.745940328e+00,1.447665930e+00,-1.433982402e-01,-2.841220379e+00,-2.835712194e+00,-2.395671129e+00,-2.398308039e+00,-1.936033726e+00,-2.783589125e+00,-3.300361633e+00,1.720109582e+00,6.000000000e+00,1.200000000e+01,2.200000000e+01,0.000000000e+00,-2.793281153e-02,1.922117233e+00,1.052434370e-01,1.000000000e+00,-2.032685757e+00,-4.065035820e+00,-1.646705568e-01,1.922102690e+00,-2.849548578e+00,-2.492305517e+00,2.548960686e+00,1.720109582e+00,0.000000000e+00,0.000000000e+00,0.000000000e+00,0.000000000e+00,-1.000000000e+00,-1.000000000e+00,-1.000000000e+00,0.000000000e+00,-9.999956489e-01,4.342942646e-07,1.000000000e+00,-6.989678144e-01,0.000000000e+00,4.342942646e-07,9.978263974e-01
50,9,0,8.549251556e-01,3.574407995e-01,-1.715463161e+00,1.807737827e+00,2.395363301e-01,-2.878855944e+00,-2.879325390e+00,-2.350373983e+00,-2.358971357e+00,-1.852955580e+00,-2.932286263e+00,-3.375636578e+00,1.812339067e+00,5.000000000e+00,1.200000000e+01,2.100000000e+01,0.000000000e+00,1.573502541e+00,2.639737844e+00,4.855186343e-01,1.000000000e+00,-2.072875023e+00,-4.144558430e+00,-4.212689102e-01,2.639737844e+00,-3.137185097e+00,-2.570249319e+00,3.566829920e+00,1.812339067e+00,0.000000000e+00,0.000000000e+00,0.000000000e+00,0.000000000e+00,-1.000000000e+00,-1.000000000e+00,-1.000000000e+00,0.000000000e+00,-9.999956489e-01,4.342942646e-07,1.000000000e+00,-6.989678144e-01,1.000000000e+00,4.342942646e-07,9.957014918e-01
50,10,0,8.706176281e-01,3.817729652e-01,-1.616055965e+00,1.594964623e+00,2.332369685e-01,-3.064806700e+00,-3.051809788e+00,-2.128910542e+00,-2.166894674e+00,-1.640105009e+00,-2.869296312e+00,-3.552603006e+00,1.791331887e+00,4.000000000e+00,9.000000000e+00,1.400000000e+01,0.000000000e+00,-8.833650351e-01,1.199317813e+00,4.488366842e-01,1.000000000e+00,-1.997803569e+00,-3.992556572e+00,2.233626135e-02,1.198354483e+00,-2.526249409e+00,-2.486558437e+00,1.702792287e+00,1.791331887e+00,0.000000000e+00,0.000000000e+00,0.000000000e+00,0.000000000e+00,-1.000000000e+00,-1.000000000e+00,-1.000000000e+00,0.000000000e+00,-9.999956489e-01,4.342942646e-07,1.000000000e+00,-6.989678144e-01,0.000000000e+00,4.342942646e-07,9.944186211e-01
50,11,0,8.377150893e-01,3.106233180e-01,-1.767672539e+00,1.405195594e+00,-1.388720274e-01,-2.821177006e+00,-2.819798946e+00,-2.372076988e+00,-2.377098799e+00,-1.845056772e+00,-2.922228336e+00,-3.347589016e+00,1.883985043e+00,6.000000000e+00,1.200000000e+01,2.000000000e+01,0.000000000e+00,-4.811370671e-01,1.604609013e+00,1.041657627e-01,1.000000000e+00,-2.078269243e+00,-4.156919479e+00,-6.489602476e-02,1.604509473e+00,-2.752476215e+00,-2.605237961e+00,2.201400995e+00,1.883985043e+00,0.000000000e+00,0.000000000e+00,0.000000000e+00,0.000000000e+00,-1.000000000e+00,-1.000000000e+00,-1.000000000e+00,0.000000000e+00,-9.999956489e-01,4.342942646e-07,1.000000000e+00,-6.989678144e-01,0.000000000e+00,4.342942646e-07,9.972969890e-01
50,12,0,9.445626140e-01,3.669351935e-01,-1.607576370e+00,1.734434247e+00,1.662327945e-01,-2.852403641e+00,-2.846525908e+00,-2.336482048e+00,-2.338097095e+00,-1.758923769e+00,-2.922284603e+00,-3.429172277e+00,2.005220652e+00,7.000000000e+00,1.100000000e+01,2.100000000e+01,0.000000000e+00,-3.888638318e-02,1.739522219e+00,4.122151136e-01,1.000000000e+00,-1.974488139e+00,-3.948737383e+00,-2.977474630e-01,1.739503980e+00,-3.002438068e+00,-2.552001715e+00,2.616307497e+00,2.005220652e+00,0.000000000e+00,0.000000000e+00,0.000000000e+00,0.000000000e+00,-1.000000000e+00,-1.000000000e+00,-1.000000000e+00,0.000000000e+00,-9.999956489e-01,4.342942646e-07,1.000000000e+00,-6.989678144e-01,1.000000000e+00,4.342942646e-07,9.952484965e-01
51,0,1,9.174724221e-01,4.847453833e-01,-1.545520544e+00,1.641339183e+00,7.313770801e-02,-3.043714523e+00,-3.037944317e+00,-2.584407330e+00,-2.575846195e+00,-2.151785612e+00,-2.949138403e+00,-3.475621939e+00,1.653572321e+00,7.000000000e+00,1.200000000e+01,2.100000000e+01,0.000000000e+00,7.654870749e-01,2.534635782e+00,3.191199899e-01,1.000000000e+00,-2.030234575e+00,-4.057349205e+00,7.265945077e-01,2.534583092e+00,-2.334067106e+00,-2.462882042e+00,2.232120991e+00,1.653572321e+00,4.000000000e+00,4.000000000e+00,0.000000000e+00,3.000000000e+00,5.000000000e+00,1.500000000e+01,4.000000000e+00,1.000000000e+00,-5.887004852e+00,-1.881706119e+00,3.085635304e-01,-5.885700226e+00,1.000000000e+00,4.342942646e-07,9.800375700e-01
51,1,0,8.606457114e-01,4.197813272e-01,-1.600221992e+00,1.727178454e+00,1.589770019e-01,-2.960796833e+00,-2.945973635e+00,-2.438337564e+00,-2.437220573e+00,-1.997549176e+00,-2.882832050e+00,-3.400963545e+00,1.673704267e+00,6.000000000e+00,1.200000000e+01,2.100000000e+01,0.000000000e+00,5.921064019e-01,2.293648481e+00,4.049593508e-01,1.000000000e+00,-2.019975185e+00,-4.037775040e+00,-1.051653475e-01,2.293644905e+00,-2.961888790e+00,-2.460759401e+00,2.838406563e+00,1.673704267e+00,0.000000000e+00,0.000000000e+00,0.000000000e+00,0.000000000e+00,-1.000000000e+00,-1.000000000e+00,-1.000000000e+00,0.000000000e+00,-9.999956489e-01,4.342942646e-07,1.000000000e+00,-6.989678144e-01,0.000000000e+00,4.342942646e-07,9.913552403e-01
51,2,0,1.166896582e+00,4.433893561e-01,-1.436117411e+00,1.390012503e+00,-1.285010129e-01,-2.835223675e+00,-2.827450514e+00,-2.377371788e+00,-2.347499847e+00,-1.653948188e+00,-3.048323393e+00,-3.557457685e+00,2.350030899e+00,9.000000000e+00,1.200000000e+01,1.900000000e+01,0.000000000e+00,-1.922452807e+00,6.927883625e-01,1.112590432e-01,1.000000000e+00,-1.879485369e+00,-3.758930683e+00,-1.059991360e+00,6.927205324e-01,-3.847911358e+00,-2.602851629e+00,2.445236683e+00,2.350030899e+00,0.000000000e+00,0.000000000e+00,0.000000000e+00,0.000000000e+00,-1.000000000e+00,-1.000000000e+00,-1.000000000e+00,0.000000000e+00,-9.999956489e-01,4.342942646e-07,1.000000000e+00,-6.989678144e-01,0.000000000e+00,4.342942646e-07,9.884378314e-01
51,3,0,1.282665968e+00,5.438338518e-01,-1.093011856e+00,9.994992018e-01,-1.765914559e-01,-2.637729883e+00,-2.640935898e+00,-1.087699294e+00,-1.437004089e+00,-3.488714099e-01,-2.915202141e+00,-3.375718117e+00,2.385942221e+00,0.000000000e+00,5.000000000e+00,1.000000000e+01,0.000000000e+00,-4.519939721e-01,1.688293368e-01,-5.004309933e-04,1.000000000e+00,-1.636832118e+00,-3.268936872e+00,-1.895047724e-01,1.225314960e-01,-2.170290947e+00,-2.375580072e+00,1.400161862e+00,2.385942221e+00,1.000000000e+00,1.000000000e+00,0.000000000e+00,2.000000000e+00,-5.000000000e+00,2.000000000e+00,3.000000000e+00,1.000000000e+00,-5.716604233e+00,-2.027552366e+00,-7.733032107e-01,-5.714655399e+00,1.000000000e+00,4.342942646e-07,9.527444243e-01
52,0,0,1.245836139e+00,5.284489393e-01,-5.778375268e-01,1.125621557e+00,2.805236578e-01,-3.086028337e+00,-2.824375868e+00,-2.365831852e+00,-2.362728834e+00,-1.648525953e+00,-2.351623774e+00,-3.801188707e+00,-2.335676193e+00,6.000000000e+00,4.000000000e+00,6.000000000e+00,0.000000000e+00,1.584379554e+00,2.440737486e+00,3.474704027e-01,1.000000000e+00,-1.106282473e+00,-2.212102652e+00,-3.406828269e-02,2.440735102e+00,-2.924980879e+00,-1.823646307e+00,3.188978910e+00,2.335676193e+00,0.000000000e+00,0.000000000e+00,0.000000000e+00,0.000000000e+00,-1.000000000e+00,-1.000000000e+00,-1.000000000e+00,0.000000000e+00,-9.999956489e-01,4.342942646e-07,1.000000000e+00,-6.989678144e-01,1.000000000e+00,4.342942646e-07,9.625751972e-01
52,1,0,1.056026697e+00,3.508883715e-01,-1.554022193e+00,1.510017872e+00,-8.495704271e-03,-2.756927013e+00,-2.747074366e+00,-2.300032139e+00,-2.273491144e+00,-1.594963312e+00,-2.964845419e+00,-3.461056471e+00,-2.306923628e+00,8.000000000e+00,1.100000000e+01,1.900000000e+01,0.000000000e+00,-9.983449429e-02,1.545073032e+00,2.312644422e-01,1.000000000e+00,-1.904891014e+00,-3.811323643e+00,-6.098508239e-01,1.545062423e+00,-3.233569145e+00,-2.609887362e+00,2.833175182e+00,2.306923628e+00,1.000000000e+00,1.000000000e+00,0.000000000e+00,2.000000000e+00,5.000000000e+00,8.000000000e+00,4.000000000e+00,1.000000000e+00,-4.289724827e+00,-2.526237488e+00,-1.240319014e+00,-4.288459301e+00,1.000000000e+00,4.342942646e-07,9.959838390e-01
52,2,0,2.746167183e-01,2.634205222e-01,-1.890613198e+00,1.504804850e+00,7.344129682e-02,-2.988142967e+00,-3.043641567e+00,-2.399814129e+00,-2.590445995e+00,-2.388620853e+00,-2.428799868e+00,-2.999328136e+00,2.280460298e-01,4.000000000e+00,1.000000000e+01,1.600000000e+01,0.000000000e+00,4.590585232e-01,2.618256569e+00,3.006849289e-01,1.000000000e+00,-2.154005527e+00,-4.299622059e+00,-7.829171419e-02,2.618255854e+00,-2.931956291e+00,-2.165199995e+00,2.898233891e+00,2.280460298e-01,0.000000000e+00,0.000000000e+00,0.000000000e+00,0.000000000e+00,-1.000000000e+00,-1.000000000e+00,-1.000000000e+00,0.000000000e+00,-9.999956489e-01,4.342942646e-07,1.000000000e+00,-6.989678144e-01,0.000000000e+00,4.342942646e-07,9.982243180e-01
52,3,1,7.094797492e-01,6.657212377e-01,-1.461935282e+00,1.176622391e+00,-1.851048619e-01,-3.340791941e+00,-3.394858122e+00,-2.709382057e+00,-2.915171623e+00,-2.665644884e+00,-2.836993694e+00,-3.384449482e+00,4.564796686e-01,4.000000000e+00,9.000000000e+00,1.400000000e+01,0.000000000e+00,1.176078558e+00,3.253887177e+00,3.049465269e-02,1.000000000e+00,-2.127610922e+00,-4.247730255e+00,7.946444154e-01,3.253884554e+00,-2.786339998e+00,-2.171363115e+00,2.708865643e+00,4.564796686e-01,3.000000000e+00,0.000000000e+00,3.000000000e+00,3.000000000e+00,1.000000000e+00,1.000000000e+00,1.000000000e+00,1.000000000e+00,-5.543623447e+00,-2.085266113e+00,7.759281993e-02,-5.541308880e+00,1.000000000e+00,4.342942646e-07,6.763421297e-01
52,4,0,5.801738501e-01,5.505939722e-01,-1.589843273e+00,1.167757273e+00,-2.301820517e-01,-3.292965412e+00,-3.306433916e+00,-2.798632622e+00,-2.838528395e+00,-2.769070625e+00,-2.720533371e+00,-3.322485209e+00,3.732840717e-01,4.000000000e+00,1.000000000e+01,1.500000000e+01,1.000000000e+00,-8.305302858e-01,2.354059458e+00,-8.333602920e-03,9.375000000e-01,-2.140393972e+00,-4.272825241e+00,-7.998939157e-01,2.354059458e+00,-4.182653904e+00,-2.169969797e+00,3.221571684e+00,3.732840717e-01,0.000000000e+00,0.000000000e+00,0.000000000e+00,0.000000000e+00,-1.000000000e+00,-1.000000000e+00,-1.000000000e+00,0.000000000e+00,-9.999956489e-01,4.342942646e-07,1.000000000e+00,-6.989678144e-01,0.000000000e+00,4.342942646e-07,9.475501180e-01
52,5,0,4.944372475e-01,4.361897111e-01,-1.679916143e+00,1.051742792e+00,-1.243479028e-01,-2.609673023e+00,-2.788890600e+00,-1.049861193e+00,-1.422119379e+00,-9.916142225e-01,-2.603506565e+00,-2.667895079e+00,5.295698643e-01,0.000000000e+00,6.000000000e+00,1.000000000e+01,0.000000000e+00,8.747199178e-01,1.522018433e+00,5.174310505e-02,1.000000000e+00,-2.116069794e+00,-4.218133926e+00,1.325288653e+00,1.409587622e+00,-5.330302715e-01,-2.174309254e+00,5.148109198e-01,5.295698643e-01,0.000000000e+00,0.000000000e+00,0.000000000e+00,0.000000000e+00,-1.000000000e+00,-1.000000000e+00,-1.000000000e+00,0.000000000e+00,-9.999956489e-01,4.342942646e-07,1.000000000e+00,-6.989678144e-01,0.000000000e+00,4.342942646e-07,9.894357920e-01
52,6,0,7.748668790e-01,3.773171008e-01,-1.649195433e+00,1.687947154e+00,1.438794285e-01,-2.876427650e+00,-2.949967146e+00,-2.263980389e+00,-2.493599892e+00,-1.866478324e+00,-2.804750919e+00,-3.273488283e+00,1.565819025e+00,4.000000000e+00,1.100000000e+01,2.000000000e+01,0.000000000e+00,1.593666673e+00,2.663345098e+00,3.869173527e-01,1.000000000e+00,-2.026485682e+00,-4.051772594e+00,1.015269235e-01,2.663343430e+00,-2.769269943e+00,-2.423966408e+00,3.188934803e+00,1.565819025e+00,0.000000000e+00,0.000000000e+00,0.000000000e+00,0.000000000e+00,-1.000000000e+00,-1.000000000e+00,-1.000000000e+00,0.000000000e+00,-9.999956489e-01,4.342942646e-07,1.000000000e+00,-6.989678144e-01,0.000000000e+00,4.342942646e-07,9.946849346e-01
52,7,0,9.495299459e-01,4.225192368e-01,-1.536419392e+00,2.008718014e+00,4.405162036e-01,-2.938670397e+00,-2.928177357e+00,-2.491383076e+00,-2.476989985e+00,-1.964466929e+00,-2.910285234e+00,-3.464790106e+00,1.883789539e+00,7.000000000e+00,1.100000000e+01,2.100000000e+01,2.000000000e+00,8.269576430e-01,2.377986670e+00,6.864985824e-01,9.130434990e-01,-1.958913922e+00,-3.916464090e+00,-2.685896754e-01,2.377985477e+00,-3.167590380e+00,-2.485831261e+00,3.158947706e+00,1.883789539e+00,0.000000000e+00,0.000000000e+00,0.000000000e+00,0.000000000e+00,-1.000000000e+00,-1.000000000e+00,-1.000000000e+00,0.000000000e+00,-9.999956489e-01,4.342942646e-07,1.000000000e+00,-6.989678144e-01,0.000000000e+00,4.342942646e-07,9.910654426e-01
52,8,0,1.021550775e+00,4.095020294e-01,-1.520027399e+00,1.673303246e+00,1.819417179e-01,-2.846753359e+00,-2.835894346e+00,-2.271871090e+00,-2.256622076e+00,-1.659883618e+00,-2.954022408e+00,-3.457859278e+00,2.087173462e+00,6.000000000e+00,1.100000000e+01,1.800000000e+01,0.000000000e+00,4.519571066e-01,1.885883689e+00,4.180307686e-01,1.000000000e+00,-1.929506660e+00,-3.859253883e+00,-6.448556781e-01,1.885881782e+00,-3.310172081e+00,-2.541441202e+00,3.127190590e+00,2.087173462e+00,1.000000000e+00,1.000000000e+00,0.000000000e+00,1.000000000e+00,5.000000000e+00,8.000000000e+00,1.000000000e+00,1.000000000e+00,-5.613076687e+00,-2.713913441e+00,-1.570849180e+00,-5.612582207e+00,1.000000000e+00,5.508683324e-01,9.923479557e-01
52,9,0,9.344627261e-01,2.812942266e-01,-1.646888375e+00,1.736132503e+00,1.679309905e-01,-2.724276781e+00,-2.720323324e+00,-2.282964945e+00,-2.275126457e+00,-1.629861116e+00,-2.867695570e+00,-3.376640797e+00,2.184540272e+00,8.000000000e+00,1.200000000e+01,2.100000000e+01,1.000000000e+00,4.496193230e-01,1.854694486e+00,4.139133096e-01,9.545454383e-01,-1.928164840e+00,-3.858607531e+00,-4.391595125e-01,1.854688883e+00,-2.995233297e+00,-2.581204653e+00,2.938953400e+00,2.184540272e+00,0.000000000e+00,0.000000000e+00,0.000000000e+00,0.000000000e+00,-1.000000000e+00,-1.000000000e+00,-1.000000000e+00,0.000000000e+00,-9.999956489e-01,4.342942646e-07,1.000000000e+00,-6.989678144e-01,0.000000000e+00,4.342942646e-07,9.979290962e-01
53,0,0,1.026062608e+00,4.268066585e-01,-1.522986293e+00,1.700919032e+00,1.824053377e-01,-2.878122091e+00,-2.893970966e+00,-2.355396748e+00,-2.376563787e+00,-1.756214142e+00,-2.978224039e+00,-3.476403475e+00,-2.056767702e+00,7.000000000e+00,1.100000000e+01,1.900000000e+01,0.000000000e+00,1.288062811e+00,2.400279999e+00,4.221655726e-01,1.000000000e+00,-1.949768662e+00,-3.898926973e+00,2.368173897e-01,2.400269747e+00,-2.566496372e+00,-2.548909426e+00,2.783820868e+00,2.056767702e+00,0.000000000e+00,0.000000000e+00,0.000000000e+00,0.000000000e+00,-1.000000000e+00,-1.000000000e+00,-1.000000000e+00,0.000000000e+00,-9.999956489e-01,4.342942646e-07,1.000000000e+00,-6.989678144e-01,0.000000000e+00,4.342942646e-07,9.905885458e-01
53,1,1,1.028530478e+00,4.993568063e-01,-1.576258063e+00,1.426170826e+00,-9.234274924e-02,-2.999998093e+00,-2.998344898e+00,-2.533952475e+00,-2.539904833e+00,-2.004883289e+00,-3.106437206e+00,-3.528138399e+00,-1.889004230e+00,6.000000000e+00,1.100000000e+01,1.900000000e+01,0.000000000e+00,9.180818796e-01,2.464043617e+00,1.474173516e-01,1.000000000e+00,-2.075579405e+00,-4.147944450e+00,7.538402677e-01,2.463961124e+00,-2.285488129e+00,-2.604629993e+00,2.245222807e+00,1.889004230e+00,4.000000000e+00,4.000000000e+00,0.000000000e+00,3.000000000e+00,-5.000000000e+00,8.000000000e+00,3.000000000e+00,1.000000000e+00,-5.353034973e+00,-2.027683258e+00,1.039904803e-01,-5.349890709e+00,2.000000000e+00,4.342942646e-07,9.755126834e-01
53,2,0,9.947412610e-01,7.039934993e-01,-1.352347136e+00,1.343810678e+00,-5.412888527e-02,-3.284849644e+00,-3.327357531e+00,-2.703159332e+00,-2.808678389e+00,-2.412518501e+00,-3.051130295e+00,-3.574800491e+00,-1.289509177e+00,3.000000000e+00,9.000000000e+00,1.500000000e+01,0.000000000e+00,1.334334493e+00,3.079798222e+00,1.677196473e-01,1.000000000e+00,-2.056300879e+00,-4.107627869e+00,-1.625115156e+00,3.079798222e+00,-5.082159996e+00,-2.347001553e+00,5.089616776e+00,1.289509177e+00,2.000000000e+00,2.000000000e+00,0.000000000e+00,3.000000000e+00,-4.000000000e+00,1.600000000e+01,2.000000000e+00,1.000000000e+00,-5.268761635e+00,-2.271522284e+00,-4.351401925e-01,-5.266873360e+00,1.000000000e+00,4.342942646e-07,4.709478617e-01
53,3,0,1.041535616e+00,7.637746930e-01,-1.297252297e+00,1.097673774e+00,-3.336891532e-01,-3.358177900e+00,-3.362654209e+00,-2.768258810e+00,-2.767901897e+00,-2.490618467e+00,-3.102428675e+00,-3.635052443e+00,-1.254506588e+00,4.000000000e+00,1.000000000e+01,1.600000000e+01,0.000000000e+00,1.334062338e+00,3.157783985e+00,-1.064457446e-01,1.000000000e+00,-2.060985565e+00,-4.116758823e+00,-4.882311225e-01,3.157783985e+00,-4.015637875e+00,-2.338701725e+00,3.922637224e+00,1.254506588e+00,0.000000000e+00,0.000000000e+00,0.000000000e+00,0.000000000e+00,-1.000000000e+00,-1.000000000e+00,-1.000000000e+00,0.000000000e+00,-9.999956489e-01,4.342942646e-07,1.000000000e+00,-6.989678144e-01,0.000000000e+00,4.342942646e-07,1.666911691e-01
54,0,1,8.772650957e-01,6.857482195e-01,-1.372726798e+00,1.206509829e+00,-1.552174538e-01,-3.291000605e+00,-3.341052771e+00,-2.659417868e+00,-2.781225443e+00,-2.467971563e+00,-2.935801029e+00,-3.482047319e+00,-1.009433508e+00,4.000000000e+00,9.000000000e+00,1.400000000e+01,0.000000000e+00,-1.911740452e-01,2.375039816e+00,6.038208678e-02,1.000000000e+00,-2.058435440e+00,-4.111742020e+00,1.465291262e+00,2.371724129e+00,-2.001901388e+00,-2.249924898e+00,1.219812870e+00,1.009433508e+00,4.000000000e+00,2.000000000e+00,2.000000000e+00,3.000000000e+00,-2.000000000e+00,1.000000000e+00,1.000000000e+00,1.000000000e+00,-5.772725105e+00,-2.107457399e+00,-1.048102230e-01,-5.771345615e+00,1.000000000e+00,4.342942646e-07,5.744076371e-01
54,1,0,3.580934703e-01,2.444976121e-01,-1.691201329e+00,2.050056458e+00,8.196074963e-01,-2.960461140e+00,-2.956848145e+00,-2.468355894e+00,-2.516454220e+00,-2.354789495e+00,-2.294512033e+00,-3.073938370e+00,-7.551801205e-01,4.000000000e+00,8.000000000e+00,1.100000000e+01,1.000000000e+00,8.078878522e-01,2.758832216e+00,1.008663774e+00,9.166666865e-01,-1.935682774e+00,-3.869000435e+00,1.436179429e-01,2.758831024e+00,-2.617296696e+00,-2.049267530e+00,2.776819944e+00,7.551801205e-01,0.000000000e+00,0.000000000e+00,0.000000000e+00,0.000000000e+00,-1.000000000e+00,-1.000000000e+00,-1.000000000e+00,0.000000000e+00,-9.999956489e-01,4.342942646e-07,1.000000000e+00,-6.989678144e-01,0.000000000e+00,4.342942646e-07,9.984810948e-01
54,2,0,3.119459450e-01,2.368725240e-01,-1.886998057e+00,1.663067460e+00,1.717059165e-01,-2.965635061e+00,-2.979793310e+00,-2.408385992e+00,-2.465080500e+00,-2.333330393e+00,-2.437039852e+00,-3.040632725e+00,-6.050623655e-01,4.000000000e+00,1.000000000e+01,1.800000000e+01,0.000000000e+00,1.588307381e+00,3.127577543e+00,4.077950418e-01,1.000000000e+00,-2.123846054e+00,-4.241477013e+00,-4.390777946e-01,3.127577543e+00,-3.140557766e+00,-2.198908806e+00,3.698091507e+00,6.050623655e-01,0.000000000e+00,0.000000000e+00,0.000000000e+00,0.000000000e+00,-1.000000000e+00,-1.000000000e+00,-1.000000000e+00,0.000000000e+00,-9.999956489e-01,4.342942646e-07,1.000000000e+00,-6.989678144e-01,0.000000000e+00,4.342942646e-07,9.985709190e-01
54,3,0,6.368836761e-01,5.667425394e-01,-1.552554250e+00,1.251904130e+00,-1.794590652e-01,-3.259870291e+00,-3.306931734e+00,-2.648966551e+00,-2.778244734e+00,-2.578854322e+00,-2.756257296e+00,-3.329873085e+00,-5.837560296e-01,4.000000000e+00,1.000000000e+01,1.600000000e+01,0.000000000e+00,1.437923908e+00,3.297981024e+00,4.778444767e-02,1.000000000e+00,-2.119255066e+00,-4.231469631e+00,-1.268708706e+00,3.297981024e+00,-4.596467495e+00,-2.189386129e+00,4.761369228e+00,5.837560296e-01,0.000000000e+00,0.000000000e+00,0.000000000e+00,0.000000000e+00,-1.000000000e+00,-1.000000000e+00,-1.000000000e+00,0.000000000e+00,-9.999956489e-01,4.342942646e-07,1.000000000e+00,-6.989678144e-01,0.000000000e+00,4.342942646e-07,9.324421883e-01
54,4,1,9.382875562e-01,8.667857647e-01,-1.267261028e+00,1.610345721e+00,1.189842746e-01,-3.518515348e+00,-3.562560081e+00,-2.840046644e+00,-2.972767353e+00,-2.768590450e+00,-3.071925879e+00,-3.589760780e+00,-5.896948576e-01,4.000000000e+00,1.000000000e+01,1.800000000e+01,0.000000000e+00,-2.434000075e-01,2.647728205e+00,3.550733030e-01,1.000000000e+00,-2.133995771e+00,-4.260226250e+00,1.469386935e+00,2.646770954e+00,-2.370472431e+00,-2.205487013e+00,1.381700397e+00,5.896948576e-01,3.000000000e+00,0.000000000e+00,3.000000000e+00,3.000000000e+00,-1.000000000e+00,4.000000000e+00,1.000000000e+00,1.000000000e+00,-4.524119377e+00,-1.825121641e+00,6.049126387e-01,-4.517885685e+00,1.000000000e+00,4.342942646e-07,8.863777854e-03
54,5,0,3.307574391e-01,3.307509124e-01,-1.832170725e+00,1.208711386e+00,-2.226517797e-01,-3.010555267e+00,-3.090766191e+00,-2.346945524e+00,-2.639812708e+00,-2.346939087e+00,-2.493572950e+00,-3.010561705e+00,5.469393451e-03,3.000000000e+00,9.000000000e+00,1.600000000e+01,0.000000000e+00,6.410871744e-01,2.667578936e+00,4.591678735e-03,1.000000000e+00,-2.162887812e+00,-4.316800594e+00,-7.014362216e-01,2.667578936e+00,-3.670154572e+00,-2.162894487e+00,3.661031961e+00,5.469393451e-03,0.000000000e+00,0.000000000e+00,0.000000000e+00,0.000000000e+00,-1.000000000e+00,-1.000000000e+00,-1.000000000e+00,0.000000000e+00,-9.999956489e-01,4.342942646e-07,1.000000000e+00,-6.989678144e-01,0.000000000e+00,4.342942646e-07,9.967201352e-01
54,6,0,3.286239505e-01,3.178869784e-01,-1.786002636e+00,1.393348932e+00,-9.801233560e-02,-3.018907547e+00,-3.086601019e+00,-2.366581202e+00,-2.561484337e+00,-2.355846643e+00,-2.432574987e+00,-3.029633045e+00,-2.232810855e-01,4.000000000e+00,1.000000000e+01,1.800000000e+01,0.000000000e+00,9.154011011e-01,2.813645840e+00,1.380765736e-01,1.000000000e+00,-2.103860855e+00,-4.201030254e+00,-4.102424681e-01,2.813645601e+00,-3.288927555e+00,-2.114596605e+00,3.429179907e+00,2.232810855e-01,2.000000000e+00,0.000000000e+00,2.000000000e+00,3.000000000e+00,-1.000000000e+00,4.000000000e+00,1.000000000e+00,1.000000000e+00,-5.228714466e+00,-2.092808723e+00,1.512144413e-02,-5.225811005e+00,1.000000000e+00,9.900451899e-01,9.971044660e-01
54,7,0,4.714914858e-01,3.685399890e-01,-1.740805745e+00,1.293925643e+00,-1.684717536e-01,-3.078281403e+00,-3.099886179e+00,-2.522056103e+00,-2.591828346e+00,-2.419135094e+00,-2.581680536e+00,-3.181093693e+00,7.160550356e-01,3.000000000e+00,9.000000000e+00,1.700000000e+01,0.000000000e+00,-7.008298635e-01,2.068872213e+00,6.347703934e-02,1.000000000e+00,-2.109313726e+00,-4.212581158e+00,3.256515861e-01,2.068801403e+00,-2.634699106e+00,-2.212250471e+00,1.915818453e+00,7.160550356e-01,1.000000000e+00,0.000000000e+00,1.000000000e+00,3.000000000e+00,2.000000000e+00,1.000000000e+01,1.000000000e+00,1.000000000e+00,-4.463093281e+00,-2.501141787e+00,-7.810745835e-01,-4.461765766e+00,1.000000000e+00,4.342942646e-07,9.951661825e-01
54,8,0,5.402315855e-01,3.745664358e-01,-1.674489737e+00,1.261965156e+00,-6.025372073e-02,-3.014555931e+00,-3.007445574e+00,-2.403090000e+00,-2.411523581e+00,-2.237459660e+00,-2.590608597e+00,-3.180012703e+00,9.298943877e-01,3.000000000e+00,8.000000000e+00,1.300000000e+01,0.000000000e+00,1.697868824e+00,3.086469173e+00,1.480219960e-01,1.000000000e+00,-2.049027920e+00,-4.094194412e+00,-2.703329027e-01,3.086469173e+00,-3.056041241e+00,-2.214670658e+00,3.530694723e+00,9.298943877e-01,0.000000000e+00,0.000000000e+00,0.000000000e+00,0.000000000e+00,-1.000000000e+00,-1.000000000e+00,-1.000000000e+00,0.000000000e+00,-9.999956489e-01,4.342942646e-07,1.000000000e+00,-6.989678144e-01,0.000000000e+00,4.342942646e-07,9.948417544e-01
55,0,0,9.303483367e-01,2.441719323e-01,-1.670532823e+00,1.733488679e+00,1.652871668e-01,-2.665360451e+00,-2.665390968e+00,-2.150845051e+00,-2.152920485e+00,-1.464717150e+00,-2.851410389e+00,-3.350763083e+00,-2.262347460e+00,8.000000000e+00,1.200000000e+01,2.100000000e+01,0.000000000e+00,9.767834544e-01,1.953132987e+00,4.112694860e-01,1.000000000e+00,-1.914689183e+00,-3.833128214e+00,-1.739803404e-01,1.953120828e+00,-2.570972919e+00,-2.600728273e+00,2.815262079e+00,2.262347460e+00,0.000000000e+00,0.000000000e+00,0.000000000e+00,0.000000000e+00,-1.000000000e+00,-1.000000000e+00,-1.000000000e+00,0.000000000e+00,-9.999956489e-01,4.342942646e-07,1.000000000e+00,-6.989678144e-01,0.000000000e+00,4.342942646e-07,9.984850287e-01
55,1,0,7.727248669e-01,1.608249247e-01,-1.683894515e+00,1.986171603e+00,5.548077822e-01,-2.621191978e+00,-2.592170954e+00,-2.100492716e+00,-2.029572487e+00,-1.488633990e+00,-2.623315334e+00,-3.232531309e+00,-2.086820364e+00,6.000000000e+00,9.000000000e+00,1.600000000e+01,1.000000000e+00,-7.308188826e-02,1.453509092e+00,7.820515037e-01,9.411764741e-01,-1.844709873e+00,-3.693364382e+00,3.767346740e-01,1.451979041e+00,-1.813680768e+00,-2.456516027e+00,1.616196513e+00,2.086820364e+00,0.000000000e+00,0.000000000e+00,0.000000000e+00,0.000000000e+00,-1.000000000e+00,-1.000000000e+00,-1.000000000e+00,0.000000000e+00,-9.999956489e-01,4.342942646e-07,1.000000000e+00,-6.989678144e-01,0.000000000e+00,4.342942646e-07,9.991785884e-01
55,2,0,9.500685930e-01,6.241179705e-01,-1.300627470e+00,1.469022512e+00,2.929312885e-01,-3.207511187e+00,-3.229904175e+00,-2.636597872e+00,-2.707121372e+00,-2.310746670e+00,-2.874921322e+00,-3.532679319e+00,-1.382617712e+00,4.000000000e+00,7.000000000e+00,1.000000000e+01,0.000000000e+00,1.397041678e+00,3.009371281e+00,4.690224826e-01,1.000000000e+00,-1.924717426e+00,-3.846869230e+00,9.675931931e-01,3.009353399e+00,-2.363767147e+00,-2.250627518e+00,2.438243628e+00,1.382617712e+00,0.000000000e+00,0.000000000e+00,0.000000000e+00,0.000000000e+00,-1.000000000e+00,-1.000000000e+00,-1.000000000e+00,0.000000000e+00,-9.999956489e-01,4.342942646e-07,1.000000000e+00,-6.989678144e-01,0.000000000e+00,4.342942646e-07,8.296550512e-01
55,3,0,7.743536234e-01,4.829272032e-01,-1.551358104e+00,1.611114979e+00,1.197535321e-01,-3.084994555e+00,-3.103906393e+00,-2.526338339e+00,-2.579827785e+00,-2.234983206e+00,-2.809643269e+00,-3.375916243e+00,-1.291327953e+00,5.000000000e+00,1.000000000e+01,1.800000000e+01,0.000000000e+00,1.401675105e+00,2.935895443e+00,3.558425903e-01,1.000000000e+00,-2.034253836e+00,-4.064799786e+00,-3.469039798e-01,2.935895443e+00,-3.408710480e+00,-2.325635195e+00,3.627368450e+00,1.291327953e+00,1.000000000e+00,1.000000000e+00,0.000000000e+00,2.000000000e+00,4.000000000e+00,8.000000000e+00,1.000000000e+00,1.000000000e+00,-4.818916798e+00,-2.141118526e+00,-2.074574083e-01,-4.815995693e+00,1.000000000e+00,8.116527200e-01,9.805306196e-01
55,4,1,8.855485320e-01,6.423929334e-01,-1.380428195e+00,1.086061120e+00,-2.756659389e-01,-3.240456820e+00,-3.233947515e+00,-2.732069016e+00,-2.782776594e+00,-2.489013910e+00,-2.908457756e+00,-3.483045816e+00,1.159140348e+00,3.000000000e+00,8.000000000e+00,1.400000000e+01,0.000000000e+00,1.248764515e+00,3.113530636e+00,-6.006646901e-02,1.000000000e+00,-2.022785664e+00,-4.041290283e+00,3.755517900e-01,3.113529921e+00,-3.049394608e+00,-2.265907049e+00,3.031759739e+00,1.159140348e+00,2.000000000e+00,1.000000000e+00,1.000000000e+00,3.000000000e+00,2.000000000e+00,1.000000000e+00,1.000000000e+00,1.000000000e+00,-5.500391960e+00,-2.486266613e+00,-9.299625754e-01,-5.499424458e+00,1.000000000e+00,4.342942646e-07,7.723186016e-01
55,5,0,7.256258130e-01,4.797380865e-01,-1.534644246e+00,1.301552534e+00,-2.666485012e-01,-3.080782413e+00,-3.101165295e+00,-2.479186296e+00,-2.633069992e+00,-2.233355284e+00,-2.740875721e+00,-3.326272011e+00,1.166793466e+00,3.000000000e+00,9.000000000e+00,2.100000000e+01,0.000000000e+00,-5.530079007e-01,1.956940413e+00,-2.066641860e-02,1.000000000e+00,-2.014352083e+00,-4.025259018e+00,-7.745686173e-02,1.956921816e+00,-3.189779043e+00,-2.260205746e+00,2.433983326e+00,1.166793466e+00,2.000000000e+00,2.000000000e+00,0.000000000e+00,3.000000000e+00,4.000000000e+00,4.000000000e+00,2.000000000e+00,1.000000000e+00,-5.973278522e+00,-2.363581896e+00,-6.948007345e-01,-5.973166466e+00,1.000000000e+00,8.104236722e-01,9.813620448e-01
55,6,0,6.316132545e-01,4.100936055e-01,-1.587743640e+00,1.252111673e+00,-7.010717690e-02,-2.968670130e+00,-3.073456287e+00,-2.292205095e+00,-2.624348640e+00,-2.070719481e+00,-2.630849600e+00,-3.189920902e+00,1.097664833e+00,3.000000000e+00,8.000000000e+00,1.300000000e+01,0.000000000e+00,9.330871105e-01,2.537317991e+00,1.381685734e-01,1.000000000e+00,-1.997810721e+00,-3.992981672e+00,1.835443825e-01,2.537313700e+00,-2.850772858e+00,-2.219301701e+00,2.907410860e+00,1.097664833e+00,0.000000000e+00,0.000000000e+00,0.000000000e+00,0.000000000e+00,-1.000000000e+00,-1.000000000e+00,-1.000000000e+00,0.000000000e+00,-9.999956489e-01,4.342942646e-07,1.000000000e+00,-6.989678144e-01,0.000000000e+00,4.342942646e-07,9.922946692e-01
55,7,0,9.873020053e-01,5.334701538e-01,-1.479037642e+00,1.523794293e+00,3.243283927e-02,-3.070337534e+00,-3.059922457e+00,-2.593392134e+00,-2.579936028e+00,-2.139670610e+00,-3.000887871e+00,-3.523229122e+00,1.705669641e+00,6.000000000e+00,1.100000000e+01,1.800000000e+01,0.000000000e+00,5.092388391e-02,2.165193796e+00,2.685218751e-01,1.000000000e+00,-2.012476206e+00,-4.021949768e+00,-3.843143582e-01,2.165192127e+00,-3.496522188e+00,-2.466225624e+00,2.989478350e+00,1.705669641e+00,4.000000000e+00,4.000000000e+00,0.000000000e+00,2.000000000e+00,-4.000000000e+00,1.200000000e+01,4.000000000e+00,1.000000000e+00,-5.402719021e+00,-1.617829323e+00,8.105425835e-01,-5.394965172e+00,1.000000000e+00,4.342942646e-07,9.596412182e-01
55,8,0,1.144781828e+00,5.567526817e-01,-1.410532355e+00,1.554960251e+00,3.644658625e-02,-3.180261850e+00,-3.213669538e+00,-2.463042736e+00,-2.505335093e+00,-1.875106931e+00,-3.112215042e+00,-3.766405821e+00,2.030033588e+00,7.000000000e+00,1.100000000e+01,1.900000000e+01,0.000000000e+00,1.583310962e+00,2.666796207e+00,2.762067914e-01,1.000000000e+00,-1.967255831e+00,-3.931566238e+00,7.837346941e-02,2.666794777e+00,-2.983435392e+00,-2.555169106e+00,3.218640327e+00,2.030033588e+00,0.000000000e+00,0.000000000e+00,0.000000000e+00,0.000000000e+00,-1.000000000e+00,-1.000000000e+00,-1.000000000e+00,0.000000000e+00,-9.999956489e-01,4.342942646e-07,1.000000000e+00,-6.989678144e-01,1.000000000e+00,4.342942646e-07,9.422711134e-01
55,9,0,8.092015386e-01,1.642172784e-01,-1.732566953e+00,1.244532466e+00,-3.422078863e-02,-2.841601610e+00,-2.662818193e+00,-1.743375421e+00,-1.689301372e+00,-1.098409653e+00,-2.709282398e+00,-3.485557079e+00,2.165202379e+00,1.000000000e+00,7.000000000e+00,1.200000000e+01,0.000000000e+00,-3.460809886e-01,1.501043797e+00,1.653513759e-01,1.000000000e+00,-1.896773219e+00,-3.794397593e+00,1.499929309e+00,3.556632698e-01,-3.536094129e-01,-2.541640759e+00,-5.533576608e-01,2.165202379e+00,0.000000000e+00,0.000000000e+00,0.000000000e+00,0.000000000e+00,-1.000000000e+00,-1.000000000e+00,-1.000000000e+00,0.000000000e+00,-9.999956489e-01,4.342942646e-07,1.000000000e+00,-6.989678144e-01,0.000000000e+00,4.342942646e-07,9.991596937e-01
55,10,0,9.638760090e-01,2.999612093e-01,-1.604670525e+00,1.778662682e+00,2.345949113e-01,-2.725511312e+00,-2.721091509e+00,-2.270973206e+00,-2.253973484e+00,-1.607121706e+00,-2.873168468e+00,-3.388593435e+00,2.209903240e+00,8.000000000e+00,1.200000000e+01,2.000000000e+01,0.000000000e+00,-1.162451953e-01,1.549709558e+00,4.776328802e-01,1.000000000e+00,-1.904613972e+00,-3.811443329e+00,3.127155602e-01,1.548979282e+00,-2.241221428e+00,-2.568403006e+00,1.883137941e+00,2.209903240e+00,0.000000000e+00,0.000000000e+00,0.000000000e+00,0.000000000e+00,-1.000000000e+00,-1.000000000e+00,-1.000000000e+00,0.000000000e+00,-9.999956489e-01,4.342942646e-07,1.000000000e+00,-6.989678144e-01,0.000000000e+00,4.342942646e-07,9.975515008e-01
56,0,0,1.031258106e+00,3.062365055e-01,-1.636156917e+00,1.782237172e+00,3.508736193e-01,-2.703205585e+00,-2.706332445e+00,-2.255603552e+00,-2.261341572e+00,-1.530645132e+00,-2.979658604e+00,-3.427283525e+00,-2.353581667e+00,7.000000000e+00,1.100000000e+01,1.600000000e+01,0.000000000e+00,-2.415769845e-01,1.410049915e+00,5.781173706e-01,1.000000000e+00,-1.942374110e+00,-3.887859583e+00,-1.245030388e-01,1.409864664e+00,-2.691946983e+00,-2.667231798e+00,2.265023708e+00,2.353581667e+00,0.000000000e+00,0.000000000e+00,0.000000000e+00,0.000000000e+00,-1.000000000e+00,-1.000000000e+00,-1.000000000e+00,0.000000000e+00,-9.999956489e-01,4.342942646e-07,1.000000000e+00,-6.989678144e-01,1.000000000e+00,4.342942646e-07,9.974054694e-01
56,1,0,9.974738359e-01,3.364261687e-01,-1.611286283e+00,1.744711518e+00,2.261977345e-01,-2.754944324e+00,-2.774225712e+00,-2.268958330e+00,-2.336716175e+00,-1.607973576e+00,-2.949912548e+00,-3.415108204e+00,-2.203139305e+00,8.000000000e+00,1.200000000e+01,1.900000000e+01,0.000000000e+00,1.032715917e+00,2.124362469e+00,4.659579694e-01,1.000000000e+00,-1.947691560e+00,-3.897115469e+00,2.398080565e-02,2.124348640e+00,-2.649062395e+00,-2.608601332e+00,2.829098225e+00,2.203139305e+00,1.000000000e+00,1.000000000e+00,0.000000000e+00,1.000000000e+00,-5.000000000e+00,3.600000000e+01,1.000000000e+00,1.000000000e+00,-4.832988262e+00,-2.092689037e+00,-2.829808593e-01,-4.829731464e+00,1.000000000e+00,4.342942646e-07,9.965307117e-01
56,2,0,9.534249902e-01,3.328110576e-01,-1.623864174e+00,1.958797336e+00,3.905957043e-01,-2.791962624e+00,-2.789428949e+00,-2.348645210e+00,-2.350379705e+00,-1.728104711e+00,-2.914158106e+00,-3.411723614e+00,-2.107499599e+00,8.000000000e+00,1.200000000e+01,2.100000000e+01,0.000000000e+00,1.685862064e+00,2.571061134e+00,6.365780830e-01,1.000000000e+00,-1.956654072e+00,-3.914203882e+00,8.213668317e-02,2.571058989e+00,-2.600978136e+00,-2.577143192e+00,3.111191273e+00,2.107499599e+00,1.000000000e+00,1.000000000e+00,0.000000000e+00,1.000000000e+00,-5.000000000e+00,3.600000000e+01,1.000000000e+00,1.000000000e+00,-1.911636472e+00,-1.787791967e+00,3.520236313e-01,-1.904615164e+00,1.000000000e+00,4.342942646e-07,9.966529012e-01
56,3,0,9.393700957e-01,3.720225990e-01,-1.617015719e+00,1.310551882e+00,-1.808092296e-01,-2.861696005e+00,-2.857265472e+00,-2.341096878e+00,-2.343804836e+00,-1.773818493e+00,-2.931691885e+00,-3.428193808e+00,-1.980654120e+00,6.000000000e+00,1.100000000e+01,1.800000000e+01,0.000000000e+00,1.034866095e+00,2.291305542e+00,5.527966842e-02,1.000000000e+00,-1.989013791e+00,-3.977604866e+00,3.644908667e-01,2.291275263e+00,-2.351334810e+00,-2.556247234e+00,2.496799469e+00,1.980654120e+00,0.000000000e+00,0.000000000e+00,0.000000000e+00,0.000000000e+00,-1.000000000e+00,-1.000000000e+00,-1.000000000e+00,0.000000000e+00,-9.999956489e-01,4.342942646e-07,1.000000000e+00,-6.989678144e-01,0.000000000e+00,4.342942646e-07,9.949818254e-01
56,4,1,6.745897532e-01,4.937458932e-01,-1.572103858e+00,1.656368017e+00,2.946403325e-01,-3.169569731e+00,-3.184490442e+00,-2.662009239e+00,-2.745033741e+00,-2.481233358e+00,-2.740967512e+00,-3.350082397e+00,9.770424366e-01,4.000000000e+00,9.000000000e+00,1.400000000e+01,0.000000000e+00,1.287266135e+00,3.124997854e+00,5.102400780e-01,1.000000000e+00,-2.065815449e+00,-4.126630783e+00,-5.912681818e-01,3.124997854e+00,-3.827362776e+00,-2.246633053e+00,3.979236841e+00,9.770424366e-01,0.000000000e+00,0.000000000e+00,0.000000000e+00,0.000000000e+00,-1.000000000e+00,-1.000000000e+00,-1.000000000e+00,0.000000000e+00,-9.999956489e-01,4.342942646e-07,1.000000000e+00,-6.989678144e-01,0.000000000e+00,4.342942646e-07,9.773762226e-01
56,5,0,7.158792019e-01,4.529610276e-01,-1.580432177e+00,1.579391360e+00,6.087768823e-02,-3.086715937e+00,-3.057560444e+00,-2.441475153e+00,-2.399545670e+00,-2.178611517e+00,-2.750421762e+00,-3.349193335e+00,1.214002252e+00,3.000000000e+00,9.000000000e+00,1.900000000e+01,0.000000000e+00,1.774831861e-01,2.267419815e+00,3.006379008e-01,1.000000000e+00,-2.033362627e+00,-4.063145161e+00,-2.451342493e-01,2.267417908e+00,-3.097206831e+00,-2.296241999e+00,2.733338594e+00,1.214002252e+00,1.000000000e+00,1.000000000e+00,0.000000000e+00,1.000000000e+00,4.000000000e+00,2.400000000e+01,3.000000000e+00,1.000000000e+00,-5.685678959e+00,-1.627073884e+00,8.333787322e-01,-5.680431843e+00,1.000000000e+00,4.342942646e-07,9.869351387e-01
56,6,1,9.479029179e-01,3.887610734e-01,-1.586523890e+00,1.822445154e+00,2.783773243e-01,-2.875706911e+00,-2.870950460e+00,-2.418423176e+00,-2.419248343e+00,-1.859363437e+00,-2.926028013e+00,-3.433993816e+00,1.961011648e+00,7.000000000e+00,1.200000000e+01,2.000000000e+01,0.000000000e+00,1.286892891e+00,2.502842426e+00,5.214152932e-01,1.000000000e+00,-1.975260615e+00,-3.949905872e+00,-1.468261927e-01,2.502841234e+00,-2.954558849e+00,-2.534294844e+00,3.209475517e+00,1.961011648e+00,0.000000000e+00,0.000000000e+00,0.000000000e+00,0.000000000e+00,-1.000000000e+00,-1.000000000e+00,-1.000000000e+00,0.000000000e+00,-9.999956489e-01,4.342942646e-07,1.000000000e+00,-6.989678144e-01,1.000000000e+00,4.342942646e-07,9.939676523e-01
56,7,0,1.068922758e+00,3.830314279e-01,-1.541174173e+00,1.686614990e+00,1.425472647e-01,-2.766946554e+00,-2.780889988e+00,-2.194521904e+00,-2.211234331e+00,-1.508684278e+00,-2.996980429e+00,-3.451860905e+00,2.261676550e+00,8.000000000e+00,1.200000000e+01,2.000000000e+01,0.000000000e+00,6.870546937e-02,1.543396711e+00,3.855852187e-01,1.000000000e+00,-1.924183965e+00,-3.849627018e+00,1.529998332e-01,1.543036699e+00,-2.441216707e+00,-2.609935045e+00,2.092594147e+00,2.261676550e+00,0.000000000e+00,0.000000000e+00,0.000000000e+00,0.000000000e+00,-1.000000000e+00,-1.000000000e+00,-1.000000000e+00,0.000000000e+00,-9.999956489e-01,4.342942646e-07,1.000000000e+00,-6.989678144e-01,0.000000000e+00,4.342942646e-07,9.943404198e-01
57,0,0,1.037179112e+00,3.114864230e-01,-1.554634809e+00,1.567751884e+00,4.923818260e-02,-2.716519833e+00,-2.710967302e+00,-2.272617102e+00,-2.268322468e+00,-1.546990395e+00,-2.907160282e+00,-3.441237450e+00,-2.355154753e+00,9.000000000e+00,1.200000000e+01,1.900000000e+01,0.000000000e+00,-5.759683251e-01,1.259671330e+00,2.889983952e-01,1.000000000e+00,-1.866104603e+00,-3.734107733e+00,5.617678631e-03,1.258996248e+00,-2.574109077e+00,-2.591659546e+00,1.974696755e+00,2.355154753e+00,1.000000000e+00,1.000000000e+00,0.000000000e+00,2.000000000e+00,5.000000000e+00,3.100000000e+01,4.000000000e+00,1.000000000e+00,-4.738891602e+00,-1.667567134e+00,4.159756303e-01,-4.730154991e+00,1.000000000e+00,4.342942646e-07,9.972749352e-01
57,1,0,9.750071764e-01,2.699410617e-01,-1.564716101e+00,1.604313016e+00,1.729494184e-01,-2.670042276e+00,-2.678355217e+00,-2.190339565e+00,-2.236425638e+00,-1.485327363e+00,-2.813902378e+00,-3.374282598e+00,-2.306754112e+00,7.000000000e+00,1.000000000e+01,1.600000000e+01,0.000000000e+00,5.105958581e-01,1.740672112e+00,4.001930952e-01,1.000000000e+00,-1.834643006e+00,-3.671806335e+00,-1.569413543e-01,1.740637302e+00,-2.663183212e+00,-2.539588690e+00,2.648631573e+00,2.306754112e+00,0.000000000e+00,0.000000000e+00,0.000000000e+00,0.000000000e+00,-1.000000000e+00,-1.000000000e+00,-1.000000000e+00,0.000000000e+00,-9.999956489e-01,4.342942646e-07,1.000000000e+00,-6.989678144e-01,0.000000000e+00,4.342942646e-07,9.981232285e-01
57,2,1,1.178814411e+00,8.150425553e-01,-1.318834901e+00,1.153658032e+00,-2.442813218e-01,-3.356130362e+00,-3.380259275e+00,-2.780956745e+00,-2.854940176e+00,-2.417333841e+00,-3.312446356e+00,-3.718611479e+00,-1.480268121e+00,4.000000000e+00,1.000000000e+01,1.500000000e+01,1.000000000e+00,1.256907582e+00,3.045901775e+00,-2.243286185e-02,9.375000000e-01,-2.133827448e+00,-4.260427952e+00,3.180215657e-01,3.045901060e+00,-3.351296186e+00,-2.497521639e+00,3.165534019e+00,1.480268121e+00,4.000000000e+00,4.000000000e+00,0.000000000e+00,3.000000000e+00,-4.000000000e+00,5.000000000e+00,1.000000000e+00,1.000000000e+00,-5.471732140e+00,-2.331890345e+00,-3.921395242e-01,-5.470311642e+00,1.000000000e+00,4.342942646e-07,4.462159425e-02
58,0,0,1.031759262e+00,3.859276772e-01,-1.513901353e+00,1.571452260e+00,2.738443762e-02,-2.683334827e+00,-2.781774998e+00,-2.190067768e+00,-2.319863558e+00,-1.544288039e+00,-2.936898232e+00,-3.328449965e+00,-2.167205334e+00,8.000000000e+00,1.200000000e+01,2.000000000e+01,0.000000000e+00,-7.521706633e-03,1.540546775e+00,2.704223692e-01,1.000000000e+00,-1.899808526e+00,-3.802592278e+00,-7.883098125e-01,1.540542006e+00,-3.492841244e+00,-2.545522213e+00,3.103948832e+00,2.167205334e+00,0.000000000e+00,0.000000000e+00,0.000000000e+00,0.000000000e+00,-1.000000000e+00,-1.000000000e+00,-1.000000000e+00,0.000000000e+00,-9.999956489e-01,4.342942646e-07,1.000000000e+00,-6.989678144e-01,0.000000000e+00,1.423713565e+00,9.941555262e-01
58,1,0,1.101852775e+00,4.389669597e-01,-1.497522593e+00,1.384428859e+00,-1.596386731e-01,-2.868762970e+00,-2.849116325e+00,-2.346899033e+00,-2.305634022e+00,-1.684088588e+00,-3.040615797e+00,-3.530494213e+00,-2.207475662e+00,8.000000000e+00,1.200000000e+01,2.000000000e+01,0.000000000e+00,8.149502277e-01,2.091593981e+00,8.339910954e-02,1.000000000e+00,-1.936465621e+00,-3.872493267e+00,-8.136148751e-02,2.091584206e+00,-2.825759649e+00,-2.599216223e+00,2.794452429e+00,2.207475662e+00,0.000000000e+00,0.000000000e+00,0.000000000e+00,0.000000000e+00,-1.000000000e+00,-1.000000000e+00,-1.000000000e+00,0.000000000e+00,-9.999956489e-01,4.342942646e-07,1.000000000e+00,-6.989678144e-01,0.000000000e+00,4.342942646e-07,9.890633225e-01
58,2,0,9.791310430e-01,3.485212624e-01,-1.468068957e+00,1.582700968e+00,2.209732831e-01,-2.786118269e+00,-2.769787073e+00,-2.270434856e+00,-2.230456352e+00,-1.639886737e+00,-2.797994137e+00,-3.415860891e+00,-2.131189823e+00,8.000000000e+00,9.000000000e+00,1.400000000e+01,0.000000000e+00,1.172399282e+00,2.226122856e+00,4.365729988e-01,1.000000000e+00,-1.816574097e+00,-3.633865356e+00,1.925154775e-01,2.226104259e+00,-2.386430025e+00,-2.447091103e+00,2.624165773e+00,2.131189823e+00,0.000000000e+00,0.000000000e+00,0.000000000e+00,0.000000000e+00,-1.000000000e+00,-1.000000000e+00,-1.000000000e+00,0.000000000e+00,-9.999956489e-01,4.342942646e-07,1.000000000e+00,-6.989678144e-01,0.000000000e+00,1.215695739e+00,9.960802197e-01
58,3,0,9.748559594e-01,3.481583595e-01,-1.575778246e+00,1.510993719e+00,-3.307393938e-02,-2.804796696e+00,-2.799396038e+00,-2.353147745e+00,-2.351313591e+00,-1.726524830e+00,-2.901962042e+00,-3.430599689e+00,-2.121921778e+00,7.000000000e+00,1.100000000e+01,2.000000000e+01,0.000000000e+00,9.289807081e-01,2.191108227e+00,2.099639028e-01,1.000000000e+00,-1.923916221e+00,-3.848331928e+00,4.569747448e-01,2.191034317e+00,-2.242518663e+00,-2.550496101e+00,2.358888388e+00,2.121921778e+00,1.000000000e+00,1.000000000e+00,0.000000000e+00,1.000000000e+00,-5.000000000e+00,1.900000000e+01,1.000000000e+00,1.000000000e+00,-5.861892223e+00,-2.035051584e+00,-2.142424136e-01,-5.860802174e+00,1.000000000e+00,9.957859516e-01,9.960946441e-01
58,4,0,8.597573638e-01,2.499311268e-01,-1.581431150e+00,1.598920822e+00,4.849774837e-01,-2.722967625e+00,-2.708852768e+00,-2.209320545e+00,-2.197402000e+00,-1.599547148e+00,-2.694306135e+00,-3.332089663e+00,-2.081895590e+00,7.000000000e+00,6.000000000e+00,9.000000000e+00,0.000000000e+00,3.194441646e-02,1.615579963e+00,6.446782947e-01,1.000000000e+00,-1.831349015e+00,-3.664133549e+00,-2.192011476e-01,1.615533471e+00,-2.666401386e+00,-2.441085100e+00,2.432527781e+00,2.081895590e+00,0.000000000e+00,0.000000000e+00,0.000000000e+00,0.000000000e+00,-1.000000000e+00,-1.000000000e+00,-1.000000000e+00,0.000000000e+00,-9.999956489e-01,4.342942646e-07,1.000000000e+00,-6.989678144e-01,0.000000000e+00,4.342942646e-07,9.984124899e-01
58,5,0,8.312166333e-01,3.037995994e-01,-1.766324639e+00,1.396829486e+00,-1.472380906e-01,-2.814750910e+00,-2.810689211e+00,-2.297281981e+00,-2.292149544e+00,-1.769925356e+00,-2.907500744e+00,-3.341497183e+00,-1.884769201e+00,7.000000000e+00,1.100000000e+01,2.000000000e+01,0.000000000e+00,1.236394882e+00,2.388148546e+00,9.579968452e-02,1.000000000e+00,-2.070098400e+00,-4.140737534e+00,-7.817473412e-01,2.388148308e+00,-3.376748800e+00,-2.597394705e+00,3.691667318e+00,1.884769201e+00,0.000000000e+00,0.000000000e+00,0.000000000e+00,0.000000000e+00,-1.000000000e+00,-1.000000000e+00,-1.000000000e+00,0.000000000e+00,-9.999956489e-01,4.342942646e-07,1.000000000e+00,-6.989678144e-01,0.000000000e+00,4.342942646e-07,9.974634647e-01
58,6,0,4.583706558e-01,2.776014209e-01,-1.643354774e+00,8.921349645e-01,-2.218077183e-01,-2.547663689e+00,-2.569028378e+00,-9.922240376e-01,-1.292193413e+00,-8.114561439e-01,-2.377962589e+00,-2.728353977e+00,9.768140912e-01,0.000000000e+00,5.000000000e+00,9.000000000e+00,0.000000000e+00,1.824693441e+00,1.916156650e+00,-6.210707501e-02,1.000000000e+00,-1.920938849e+00,-3.837671995e+00,1.825832605e+00,1.682082415e+00,2.560298145e-01,-2.101689577e+00,3.369928598e-01,9.768140912e-01,0.000000000e+00,0.000000000e+00,0.000000000e+00,0.000000000e+00,-1.000000000e+00,-1.000000000e+00,-1.000000000e+00,0.000000000e+00,-9.999956489e-01,4.342942646e-07,1.000000000e+00,-6.989678144e-01,0.000000000e+00,4.342942646e-07,9.979948997e-01
58,7,1,8.945558071e-01,7.051578164e-01,-1.290553212e+00,1.510287762e+00,1.485601813e-01,-3.341885090e+00,-3.357822895e+00,-2.783505678e+00,-2.837937117e+00,-2.594200850e+00,-2.890189886e+00,-3.530761719e+00,1.003049254e+00,4.000000000e+00,9.000000000e+00,1.400000000e+01,0.000000000e+00,-1.783294380e-01,2.507524729e+00,3.641598821e-01,1.000000000e+00,-1.995676517e+00,-3.987451077e+00,1.606009722e+00,2.504080057e+00,-1.937346697e+00,-2.185050964e+00,1.141927481e+00,1.003049254e+00,0.000000000e+00,0.000000000e+00,0.000000000e+00,0.000000000e+00,-1.000000000e+00,-1.000000000e+00,-1.000000000e+00,0.000000000e+00,-9.999956489e-01,4.342942646e-07,1.000000000e+00,-6.989678144e-01,1.000000000e+00,4.342942646e-07,4.641873538e-01
58,8,0,6.807855368e-01,4.436827004e-01,-1.514740467e+00,1.309018016e+00,-2.094953656e-01,-3.087492228e+00,-3.034762621e+00,-2.305547714e+00,-2.285052299e+00,-2.068481922e+00,-2.639849901e+00,-3.324209452e+00,1.142101407e+00,3.000000000e+00,9.000000000e+00,1.900000000e+01,0.000000000e+00,1.645210743e+00,2.891139746e+00,3.026467375e-02,1.000000000e+00,-1.958397865e+00,-3.914113045e+00,4.279779792e-01,2.891137123e+00,-2.300754070e+00,-2.195472002e+00,2.679731131e+00,1.142101407e+00,3.000000000e+00,3.000000000e+00,0.000000000e+00,3.000000000e+00,4.000000000e+00,2.800000000e+01,2.000000000e+00,1.000000000e+00,-4.956939697e+00,-1.907254457e+00,1.131154895e-01,-4.952077389e+00,1.000000000e+00,4.342942646e-07,9.883948565e-01
58,9,0,4.926557243e-01,2.904379368e-01,-1.726623535e+00,1.275402904e+00,-1.869945675e-01,-2.968141317e+00,-2.961434126e+00,-2.431058168e+00,-2.436314344e+00,-2.228883982e+00,-2.511228323e+00,-3.170119762e+00,1.041349292e+00,4.000000000e+00,9.000000000e+00,1.700000000e+01,0.000000000e+00,7.587311268e-01,2.608322859e+00,4.495422542e-02,1.000000000e+00,-2.017039299e+00,-4.031107426e+00,-1.009903431e+00,2.608322859e+00,-3.734416008e+00,-2.219230413e+00,3.824494600e+00,1.041349292e+00,0.000000000e+00,0.000000000e+00,0.000000000e+00,0.000000000e+00,-1.000000000e+00,-1.000000000e+00,-1.000000000e+00,0.000000000e+00,-9.999956489e-01,4.342942646e-07,1.000000000e+00,-6.989678144e-01,0.000000000e+00,4.342942646e-07,9.977540374e-01
58,10,0,6.287514567e-01,4.091218710e-01,-1.605757833e+00,1.383914113e+00,-4.744924977e-02,-3.074939489e+00,-3.066094398e+00,-2.533642054e+00,-2.531968117e+00,-2.314071417e+00,-2.644498110e+00,-3.294229507e+00,1.092215776e+00,4.000000000e+00,1.000000000e+01,1.600000000e+01,0.000000000e+00,-4.623549879e-01,2.082994938e+00,1.797943264e-01,1.000000000e+00,-2.014852285e+00,-4.026197910e+00,5.810366198e-02,2.082975626e+00,-2.882802725e+00,-2.234452248e+00,2.242698193e+00,1.092215776e+00,0.000000000e+00,0.000000000e+00,0.000000000e+00,0.000000000e+00,-1.000000000e+00,-1.000000000e+00,-1.000000000e+00,0.000000000e+00,-9.999956489e-01,4.342942646e-07,1.000000000e+00,-6.989678144e-01,0.000000000e+00,4.342942646e-07,9.923819900e-01
58,11,1,8.700838089e-01,5.375636220e-01,-1.518603802e+00,1.136793971e+00,-3.545668721e-01,-3.024104834e+00,-3.068236828e+00,-2.540052176e+00,-2.600383520e+00,-2.207612753e+00,-2.927848339e+00,-3.356097221e+00,1.399740934e+00,5.000000000e+00,9.000000000e+00,1.800000000e+01,0.000000000e+00,-2.225611955e-01,2.109278202e+00,-1.184780896e-01,1.000000000e+00,-2.056132078e+00,-4.108699799e+00,1.528231263e+00,2.093787909e+00,-1.609871030e+00,-2.388595581e+00,9.584253430e-01,1.399740934e+00,4.000000000e+00,4.000000000e+00,0.000000000e+00,3.000000000e+00,4.000000000e+00,2.800000000e+01,2.000000000e+00,1.000000000e+00,-4.794058800e+00,-1.627368927e+00,8.783183694e-01,-4.784558773e+00,1.000000000e+00,4.342942646e-07,9.570599198e-01
58,12,0,7.819365859e-01,4.431808889e-01,-1.566235542e+00,1.454224467e+00,2.781332731e-01,-3.044221401e+00,-3.048696280e+00,-2.573634624e+00,-2.604699135e+00,-2.234967232e+00,-2.792536736e+00,-3.382409334e+00,1.415927291e+00,3.000000000e+00,6.000000000e+00,1.000000000e+01,0.000000000e+00,1.644113660e+00,3.057098866e+00,4.542244673e-01,1.000000000e+00,-2.009387970e+00,-4.015774727e+00,-1.339046634e-03,3.057098627e+00,-3.048907995e+00,-2.348091125e+00,3.428094864e+00,1.415927291e+00,0.000000000e+00,0.000000000e+00,0.000000000e+00,0.000000000e+00,-1.000000000e+00,-1.000000000e+00,-1.000000000e+00,0.000000000e+00,-9.999956489e-01,4.342942646e-07,1.000000000e+00,-6.989678144e-01,0.000000000e+00,4.342942646e-07,9.884682298e-01
58,13,0,9.624275565e-01,2.841993570e-01,-1.585958958e+00,1.769488215e+00,2.254203558e-01,-2.712170601e+00,-2.678072929e+00,-2.188865662e+00,-2.109283209e+00,-1.510690212e+00,-2.837045431e+00,-3.389556646e+00,2.243637323e+00,8.000000000e+00,1.200000000e+01,2.000000000e+01,1.000000000e+00,9.726881981e-01,1.997070789e+00,4.684583247e-01,9.523809552e-01,-1.870142579e+00,-3.742683172e+00,1.717840880e-02,1.997046947e+00,-2.376256943e+00,-2.548249722e+00,2.578449965e+00,2.243637323e+00,0.000000000e+00,0.000000000e+00,0.000000000e+00,0.000000000e+00,-1.000000000e+00,-1.000000000e+00,-1.000000000e+00,0.000000000e+00,-9.999956489e-01,4.342942646e-07,1.000000000e+00,-6.989678144e-01,0.000000000e+00,4.342942646e-07,9.978754520e-01
58,14,0,1.049162149e+00,3.476845324e-01,-1.405352712e+00,8.726877570e-01,-2.412549257e-01,-2.638464451e+00,-2.554884195e+00,-1.093072176e+00,-1.307023168e+00,-3.915985823e-01,-2.813492775e+00,-3.339181900e+00,2.298324347e+00,0.000000000e+00,5.000000000e+00,9.000000000e+00,0.000000000e+00,1.515544653e+00,1.176104903e+00,-8.155427128e-02,1.000000000e+00,-1.753023386e+00,-3.516233444e+00,7.112506032e-01,1.148945332e+00,-9.434618354e-01,-2.454402208e+00,1.353125334e+00,2.298324347e+00,0.000000000e+00,0.000000000e+00,0.000000000e+00,0.000000000e+00,-1.000000000e+00,-1.000000000e+00,-1.000000000e+00,0.000000000e+00,-9.999956489e-01,4.342942646e-07,1.000000000e+00,-6.989678144e-01,0.000000000e+00,1.294551492e+00,9.961135387e-01
59,0,1,7.777014375e-01,7.596349716e-01,-1.394074321e+00,1.232495070e+00,-1.654443890e-01,-3.443947315e+00,-3.513936758e+00,-2.609838486e+00,-3.070155144e+00,-2.591779232e+00,-2.931078672e+00,-3.461962461e+00,-2.904469073e-01,3.000000000e+00,9.000000000e+00,1.500000000e+01,0.000000000e+00,-7.122638226e-01,2.235925674e+00,5.640409514e-02,1.000000000e+00,-2.153658152e+00,-4.298740864e+00,6.128017306e-01,2.235802412e+00,-3.216783047e+00,-2.171722174e+00,2.101593018e+00,2.904469073e-01,2.000000000e+00,0.000000000e+00,2.000000000e+00,3.000000000e+00,-1.000000000e+00,3.000000000e+00,3.000000000e+00,1.000000000e+00,-4.556741238e+00,-4.113722324e+00,-3.927607059e+00,-4.556709290e+00,1.000000000e+00,4.342942646e-07,1.825558394e-01
59,1,0,3.800747991e-01,3.761403561e-01,-1.768874526e+00,1.221952677e+00,-1.397746652e-01,-3.063109875e+00,-3.153421640e+00,-2.419910431e+00,-2.694499969e+00,-2.415977001e+00,-2.525026560e+00,-3.067039728e+00,-1.348094791e-01,4.000000000e+00,1.000000000e+01,1.400000000e+01,1.000000000e+00,2.433109134e-01,2.537745714e+00,7.582489401e-02,9.333333373e-01,-2.144979715e+00,-4.281748772e+00,-9.458148479e-01,2.537745714e+00,-4.012184143e+00,-2.148913622e+00,3.760294914e+00,1.348094791e-01,0.000000000e+00,0.000000000e+00,0.000000000e+00,0.000000000e+00,-1.000000000e+00,-1.000000000e+00,-1.000000000e+00,0.000000000e+00,-9.999956489e-01,4.342942646e-07,1.000000000e+00,-6.989678144e-01,0.000000000e+00,4.342942646e-07,9.947526455e-01
59,2,0,4.510627985e-01,4.507180750e-01,-1.697428226e+00,1.328025222e+00,-1.033380702e-01,-3.114542484e+00,-3.155073881e+00,-2.459722519e+00,-2.556726217e+00,-2.459378004e+00,-2.599061489e+00,-3.114886761e+00,3.984617814e-02,4.000000000e+00,1.000000000e+01,1.600000000e+01,0.000000000e+00,6.102979779e-01,2.764652014e+00,1.239054501e-01,1.000000000e+00,-2.148106813e+00,-4.287830830e+00,-7.494815588e-01,2.764652014e+00,-3.754609585e+00,-2.148451567e+00,3.610637188e+00,3.984617814e-02,0.000000000e+00,0.000000000e+00,0.000000000e+00,0.000000000e+00,-1.000000000e+00,-1.000000000e+00,-1.000000000e+00,0.000000000e+00,-9.999956489e-01,4.342942646e-07,1.000000000e+00,-6.989678144e-01,0.000000000e+00,4.342942646e-07,9.873067141e-01
59,3,0,5.246692300e-01,4.530736804e-01,-1.666804552e+00,1.108580112e+00,-3.227828145e-01,-3.172096252e+00,-3.184561729e+00,-2.579913616e+00,-2.636897564e+00,-2.508343220e+00,-2.644843817e+00,-3.243576288e+00,5.901026726e-01,4.000000000e+00,1.000000000e+01,1.600000000e+01,0.000000000e+00,-2.757195234e-01,2.370623350e+00,-9.553940594e-02,1.000000000e+00,-2.119841099e+00,-4.232778072e+00,-4.116180539e-01,2.370622635e+00,-3.500401735e+00,-2.191426516e+00,2.910359144e+00,5.901026726e-01,0.000000000e+00,0.000000000e+00,0.000000000e+00,0.000000000e+00,-1.000000000e+00,-1.000000000e+00,-1.000000000e+00,0.000000000e+00,-9.999956489e-01,4.342942646e-07,1.000000000e+00,-6.989678144e-01,0.000000000e+00,4.342942646e-07,9.869160652e-01
59,4,0,2.938129902e-01,1.503392011e-01,-1.934360623e+00,1.190802217e+00,-2.715950310e-01,-2.843737602e+00,-2.835206270e+00,-2.317298174e+00,-2.320044756e+00,-2.173849821e+00,-2.381661177e+00,-2.987092972e+00,8.582541347e-01,4.000000000e+00,1.000000000e+01,1.700000000e+01,0.000000000e+00,1.938118458e+00,3.142973900e+00,-3.964628279e-02,1.000000000e+00,-2.084684134e+00,-4.166274071e+00,-5.899008512e-01,3.142973900e+00,-3.059878349e+00,-2.228137255e+00,3.878744602e+00,8.582541347e-01,0.000000000e+00,0.000000000e+00,0.000000000e+00,0.000000000e+00,-1.000000000e+00,-1.000000000e+00,-1.000000000e+00,0.000000000e+00,-9.999956489e-01,4.342942646e-07,1.000000000e+00,-6.989678144e-01,0.000000000e+00,4.342942646e-07,9.992333651e-01
59,5,1,6.630782485e-01,5.236493945e-01,-1.599395990e+00,1.331212759e+00,-1.001506001e-01,-3.201391459e+00,-3.227154732e+00,-2.645831347e+00,-2.741719723e+00,-2.506455421e+00,-2.786580563e+00,-3.340559006e+00,8.447921276e-01,4.000000000e+00,1.000000000e+01,1.600000000e+01,0.000000000e+00,-6.340445280e-01,2.189599037e+00,1.270929575e-01,1.000000000e+00,-2.123004913e+00,-4.239231110e+00,3.292358220e-01,2.189557552e+00,-2.935998201e+00,-2.262412071e+00,2.095574379e+00,8.447921276e-01,1.000000000e+00,0.000000000e+00,1.000000000e+00,3.000000000e+00,2.000000000e+00,6.000000000e+00,1.000000000e+00,1.000000000e+00,-5.072355270e+00,-2.092738152e+00,5.355454609e-02,-5.069272995e+00,1.000000000e+00,4.342942646e-07,9.651588798e-01
59,6,0,3.591329455e-01,1.773771793e-01,-1.891462326e+00,1.681630015e+00,2.836901844e-01,-2.815843582e+00,-2.814440966e+00,-2.210188150e+00,-2.219913244e+00,-2.028456450e+00,-2.432096958e+00,-2.997451782e+00,9.798333645e-01,4.000000000e+00,9.000000000e+00,1.500000000e+01,0.000000000e+00,-3.817857206e-01,1.837610006e+00,5.055388808e-01,1.000000000e+00,-2.068822384e+00,-4.135974407e+00,-7.906944752e-01,1.837608814e+00,-3.187390089e+00,-2.250551701e+00,2.819343328e+00,9.798333645e-01,0.000000000e+00,0.000000000e+00,0.000000000e+00,0.000000000e+00,-1.000000000e+00,-1.000000000e+00,-1.000000000e+00,0.000000000e+00,-9.999956489e-01,4.342942646e-07,1.000000000e+00,-6.989678144e-01,0.000000000e+00,4.342942646e-07,9.990807772e-01
59,7,0,9.474605322e-01,4.242014289e-01,-1.415397644e+00,1.128525615e+00,-2.332014889e-01,-2.663048983e+00,-2.660314798e+00,-1.078130960e+00,-1.379828930e+00,-5.548754334e-01,-2.794312716e+00,-3.185841322e+00,1.874738455e+00,0.000000000e+00,7.000000000e+00,1.400000000e+01,0.000000000e+00,3.553211093e-01,7.747675180e-01,-1.760198176e-02,1.000000000e+00,-1.839580059e+00,-3.684627056e+00,4.033454061e-01,7.314671874e-01,-1.400684476e+00,-2.362769365e+00,1.153080106e+00,1.874738455e+00,0.000000000e+00,0.000000000e+00,0.000000000e+00,0.000000000e+00,-1.000000000e+00,-1.000000000e+00,-1.000000000e+00,0.000000000e+00,-9.999956489e-01,4.342942646e-07,1.000000000e+00,-6.989678144e-01,0.000000000e+00,4.342942646e-07,9.908819199e-01
59,8,0,9.685357213e-01,3.752231896e-01,-1.595351100e+00,1.758606434e+00,2.672449648e-01,-2.847143412e+00,-2.836202145e+00,-2.386337757e+00,-2.363906860e+00,-1.793103695e+00,-2.942240953e+00,-3.439564705e+00,2.042620897e+00,7.000000000e+00,1.000000000e+01,1.800000000e+01,0.000000000e+00,3.114738464e-01,1.948867798e+00,5.033340454e-01,1.000000000e+00,-1.970550776e+00,-3.940870047e+00,-1.062375903e+00,1.948867559e+00,-3.798869610e+00,-2.563744783e+00,3.580967188e+00,2.042620897e+00,1.000000000e+00,1.000000000e+00,0.000000000e+00,1.000000000e+00,5.000000000e+00,9.000000000e+00,1.000000000e+00,1.000000000e+00,-5.053359985e+00,-2.993530989e+00,-2.045806646e+00,-5.052969456e+00,1.000000000e+00,4.342942646e-07,9.948047996e-01
60,0,0,7.374578118e-01,6.088830829e-01,-1.476318717e+00,1.434910297e+00,3.546765773e-03,-3.277843952e+00,-3.322080612e+00,-2.721952200e+00,-2.879008532e+00,-2.593436241e+00,-2.822800636e+00,-3.406135082e+00,8.079560399e-01,4.000000000e+00,1.000000000e+01,1.600000000e+01,1.000000000e+00,7.773092389e-01,2.982271433e+00,2.307904214e-01,9.411764741e-01,-2.085161924e+00,-4.164457798e+00,8.845546246e-01,2.982257605e+00,-2.603491306e+00,-2.213718414e+00,2.383390665e+00,8.079560399e-01,0.000000000e+00,0.000000000e+00,0.000000000e+00,0.000000000e+00,-1.000000000e+00,-1.000000000e+00,-1.000000000e+00,0.000000000e+00,-9.999956489e-01,4.342942646e-07,1.000000000e+00,-6.989678144e-01,0.000000000e+00,4.342942646e-07,8.668424487e-01
60,1,1,9.583456516e-01,7.331733704e-01,-1.360458374e+00,1.648784876e+00,1.574234217e-01,-3.333041430e+00,-3.372714043e+00,-2.746940851e+00,-2.861479044e+00,-2.521866798e+00,-3.051906824e+00,-3.557578802e+00,1.108157873e+00,4.000000000e+00,1.000000000e+01,1.800000000e+01,0.000000000e+00,-2.210968882e-01,2.411462545e+00,3.935124874e-01,1.000000000e+00,-2.093587637e+00,-4.181052685e+00,-7.250058651e-01,2.411462307e+00,-4.310996532e+00,-2.318723440e+00,3.474580050e+00,1.108157873e+00,3.000000000e+00,2.000000000e+00,1.000000000e+00,3.000000000e+00,2.000000000e+00,1.000000000e+01,1.000000000e+00,1.000000000e+00,-4.622115612e+00,-3.194287539e+00,-2.203136921e+00,-4.621850014e+00,1.000000000e+00,4.342942646e-07,3.058906794e-01
60,2,0,8.301378489e-01,3.121900856e-01,-1.792970181e+00,1.569092035e+00,7.773056626e-02,-2.806803942e+00,-2.801862240e+00,-2.236737728e+00,-2.230580807e+00,-1.718841791e+00,-2.942901850e+00,-3.324113369e+00,1.861911535e+00,6.000000000e+00,1.100000000e+01,1.800000000e+01,0.000000000e+00,1.133762240e+00,2.285745859e+00,3.138196170e-01,1.000000000e+00,-2.105131865e+00,-4.211211205e+00,-1.919211626e+00,2.285745859e+00,-4.449685574e+00,-2.622952700e+00,4.710693359e+00,1.861911535e+00,0.000000000e+00,0.000000000e+00,0.000000000e+00,0.000000000e+00,-1.000000000e+00,-1.000000000e+00,-1.000000000e+00,0.000000000e+00,-9.999956489e-01,4.342942646e-07,1.000000000e+00,-6.989678144e-01,0.000000000e+00,4.342942646e-07,9.972568154e-01
60,3,0,1.020322800e+00,4.434546828e-01,-1.325142264e+00,1.404621720e+00,8.240269870e-02,-2.750519037e+00,-2.605614662e+00,-1.152489543e+00,-1.325675964e+00,-5.756258965e-01,-2.794878721e+00,-3.326709509e+00,2.003407478e+00,0.000000000e+00,6.000000000e+00,1.300000000e+01,0.000000000e+00,1.694481254e+00,1.431101799e+00,2.906785309e-01,1.000000000e+00,-1.768580437e+00,-3.541917801e+00,7.233903408e-01,1.422594190e+00,-1.045744538e+00,-2.345378160e+00,1.449259639e+00,2.003407478e+00,0.000000000e+00,0.000000000e+00,0.000000000e+00,0.000000000e+00,-1.000000000e+00,-1.000000000e+00,-1.000000000e+00,0.000000000e+00,-9.999956489e-01,4.342942646e-07,1.000000000e+00,-6.989678144e-01,0.000000000e+00,4.342942646e-07,9.884282947e-01
61,0,0,8.708566427e-01,3.539907336e-01,-1.738715887e+00,1.652582288e+00,1.340685636e-01,-2.871446371e+00,-2.857093096e+00,-2.094454050e+00,-2.083973408e+00,-1.577625632e+00,-2.968718529e+00,-3.387573957e+00,-1.859296918e+00,6.000000000e+00,1.000000000e+01,1.900000000e+01,0.000000000e+00,1.576507211e+00,2.367039442e+00,3.738287985e-01,1.000000000e+00,-2.092676640e+00,-4.184306622e+00,1.249450564e+00,2.365772247e+00,-1.188559294e+00,-2.609419584e+00,1.622702718e+00,1.859296918e+00,0.000000000e+00,0.000000000e+00,0.000000000e+00,0.000000000e+00,-1.000000000e+00,-1.000000000e+00,-1.000000000e+00,0.000000000e+00,-9.999956489e-01,4.342942646e-07,1.000000000e+00,-6.989678144e-01,1.000000000e+00,4.342942646e-07,9.958530664e-01
61,1,0,7.818905115e-01,3.029616177e-01,-1.746024728e+00,1.539851308e+00,7.745360583e-02,-2.834834814e+00,-2.832357645e+00,-2.381734133e+00,-2.385587454e+00,-1.902874827e+00,-2.835834026e+00,-3.313166618e+00,-1.767161012e+00,4.000000000e+00,1.100000000e+01,1.700000000e+01,1.000000000e+00,8.858535886e-01,2.345836878e+00,3.094025850e-01,9.444444180e-01,-2.048961878e+00,-4.097777843e+00,-5.098623037e-01,2.345836401e+00,-3.197832584e+00,-2.527792931e+00,3.338142157e+00,1.767161012e+00,0.000000000e+00,0.000000000e+00,0.000000000e+00,0.000000000e+00,-1.000000000e+00,-1.000000000e+00,-1.000000000e+00,0.000000000e+00,-9.999956489e-01,4.342942646e-07,1.000000000e+00,-6.989678144e-01,0.000000000e+00,4.342942646e-07,9.974830747e-01
61,2,0,1.644429266e-01,4.164084792e-02,-2.096464396e+00,1.485410452e+00,2.301274799e-02,-2.750484705e+00,-2.748741627e+00,-2.188817024e+00,-2.201738596e+00,-2.066031456e+00,-2.308161020e+00,-2.873207092e+00,-7.879039049e-01,3.000000000e+00,9.000000000e+00,1.700000000e+01,0.000000000e+00,1.646199226e+00,2.889181614e+00,2.549616694e-01,1.000000000e+00,-2.138099432e+00,-4.273731232e+00,-4.146511853e-02,2.889181376e+00,-2.284830093e+00,-2.260881901e+00,3.066296577e+00,7.879039049e-01,0.000000000e+00,0.000000000e+00,0.000000000e+00,0.000000000e+00,-1.000000000e+00,-1.000000000e+00,-1.000000000e+00,0.000000000e+00,-9.999956489e-01,4.342942646e-07,1.000000000e+00,-6.989678144e-01,0.000000000e+00,4.342942646e-07,9.995899796e-01
61,3,0,3.439810574e-01,1.878106445e-01,-1.932526588e+00,1.244269490e+00,-3.448375314e-02,-2.770815849e+00,-2.797743797e+00,-1.610820174e+00,-1.715171099e+00,-1.454654932e+00,-2.469110966e+00,-2.926875591e+00,-8.996725678e-01,1.000000000e+00,7.000000000e+00,1.200000000e+01,0.000000000e+00,1.824233174e+00,2.367048502e+00,1.650884002e-01,1.000000000e+00,-2.120316744e+00,-4.238052845e+00,9.877167940e-01,2.366669655e+00,-9.152836204e-01,-2.276462555e+00,1.639477015e+00,8.996725678e-01,0.000000000e+00,0.000000000e+00,0.000000000e+00,0.000000000e+00,-1.000000000e+00,-1.000000000e+00,-1.000000000e+00,0.000000000e+00,-9.999956489e-01,4.342942646e-07,1.000000000e+00,-6.989678144e-01,0.000000000e+00,4.342942646e-07,9.990110397e-01
61,4,1,8.155872822e-01,7.681803703e-01,-1.365869999e+00,1.599811435e+00,1.084499508e-01,-3.482683182e+00,-3.487720728e+00,-2.877959013e+00,-2.899652243e+00,-2.830585957e+00,-2.949357510e+00,-3.529937983e+00,-4.757891893e-01,4.000000000e+00,1.000000000e+01,1.800000000e+01,0.000000000e+00,1.553072691e+00,3.607417822e+00,3.445390165e-01,1.000000000e+00,-2.134001493e+00,-4.260237217e+00,1.324538112e+00,3.607412100e+00,-2.343543291e+00,-2.181401491e+00,2.351974487e+00,4.757891893e-01,0.000000000e+00,0.000000000e+00,0.000000000e+00,0.000000000e+00,-1.000000000e+00,-1.000000000e+00,-1.000000000e+00,0.000000000e+00,-9.999956489e-01,4.342942646e-07,1.000000000e+00,-6.989678144e-01,1.000000000e+00,4.342942646e-07,1.508909017e-01
61,5,0,7.140073776e-01,5.359521508e-01,-1.501877308e+00,1.299432039e+00,-9.850751609e-02,-3.196798801e+00,-3.221265078e+00,-2.618068457e+00,-2.707761288e+00,-2.440073967e+00,-2.752189398e+00,-3.374507904e+00,9.684798717e-01,3.000000000e+00,8.000000000e+00,1.500000000e+01,0.000000000e+00,1.319132209e+00,3.099759817e+00,1.233409941e-01,1.000000000e+00,-2.037795782e+00,-4.071125031e+00,-4.349920750e-01,3.099759817e+00,-3.676859617e+00,-2.215826988e+00,3.801939249e+00,9.684798717e-01,1.000000000e+00,0.000000000e+00,1.000000000e+00,3.000000000e+00,2.000000000e+00,7.000000000e+00,1.000000000e+00,1.000000000e+00,-5.607783318e+00,-2.070577145e+00,-7.292111963e-02,-5.605593681e+00,1.000000000e+00,9.669610262e-01,9.580973387e-01
61,6,0,6.487689614e-01,4.595173001e-01,-1.557671905e+00,1.400464296e+00,-3.089912049e-02,-3.133683681e+00,-3.137055635e+00,-2.637865067e+00,-2.670498848e+00,-2.448679924e+00,-2.666493177e+00,-3.322612762e+00,1.002607465e+00,4.000000000e+00,1.000000000e+01,1.600000000e+01,1.000000000e+00,6.199129820e-01,2.758758545e+00,1.963444650e-01,9.411764741e-01,-2.017159700e+00,-4.030447483e+00,-3.581480682e-01,2.758758307e+00,-3.487033367e+00,-2.206386805e+00,3.338343859e+00,1.002607465e+00,0.000000000e+00,0.000000000e+00,0.000000000e+00,0.000000000e+00,-1.000000000e+00,-1.000000000e+00,-1.000000000e+00,0.000000000e+00,-9.999956489e-01,4.342942646e-07,1.000000000e+00,-6.989678144e-01,0.000000000e+00,4.342942646e-07,9.857738018e-01
61,7,0,1.128746510e+00,4.574716091e-01,-1.439192891e+00,1.604542494e+00,6.047474965e-02,-2.892071724e+00,-2.881975174e+00,-2.374056101e+00,-2.363504887e+00,-1.702861786e+00,-3.027053595e+00,-3.562098026e+00,2.227256060e+00,8.000000000e+00,1.200000000e+01,2.000000000e+01,0.000000000e+00,1.037458628e-01,1.754756570e+00,3.035126626e-01,1.000000000e+00,-1.896641850e+00,-3.792742729e+00,-1.295990705e+00,1.754756451e+00,-4.111426353e+00,-2.567790508e+00,3.709498405e+00,2.227256060e+00,2.000000000e+00,2.000000000e+00,0.000000000e+00,3.000000000e+00,5.000000000e+00,1.800000000e+01,3.000000000e+00,1.000000000e+00,-5.116124630e+00,-2.082054138e+00,-3.780198991e-01,-5.113010406e+00,1.000000000e+00,4.342942646e-07,9.861485958e-01
61,8,0,1.106204510e+00,3.842854202e-01,-9.080561996e-01,1.239184380e+00,1.252412796e-01,-2.507504225e+00,-2.086478949e+00,-9.493440390e-01,-8.154607415e-01,-2.274280041e-01,-2.405043125e+00,-3.228827000e+00,2.346306562e+00,0.000000000e+00,4.000000000e+00,9.000000000e+00,0.000000000e+00,6.845359206e-01,1.126845002e+00,2.849420309e-01,1.000000000e+00,-1.292336464e+00,-2.591124535e+00,1.124461055e+00,1.459265202e-01,-7.528728992e-02,-2.014219284e+00,-3.904990554e-01,2.346306562e+00,0.000000000e+00,0.000000000e+00,0.000000000e+00,0.000000000e+00,-1.000000000e+00,-1.000000000e+00,-1.000000000e+00,0.000000000e+00,-9.999956489e-01,4.342942646e-07,1.000000000e+00,-6.989678144e-01,1.000000000e+00,1.269414067e+00,9.942612648e-01
61,9,0,1.249638438e+00,5.302913785e-01,-1.358825445e+00,1.648025990e+00,1.295122802e-01,-2.925382614e+00,-2.906693220e+00,-2.460974932e+00,-2.420050621e+00,-1.741729259e+00,-3.140323162e+00,-3.643181562e+00,2.340273857e+00,8.000000000e+00,1.200000000e+01,1.900000000e+01,0.000000000e+00,7.193196416e-01,2.101426363e+00,3.692725003e-01,1.000000000e+00,-1.889092922e+00,-3.777800322e+00,3.769468516e-03,2.101412535e+00,-2.946303129e+00,-2.608297348e+00,2.775941610e+00,2.340273857e+00,2.000000000e+00,2.000000000e+00,0.000000000e+00,3.000000000e+00,5.000000000e+00,1.800000000e+01,4.000000000e+00,1.000000000e+00,-4.568693161e+00,-1.647862315e+00,5.022535324e-01,-4.559385300e+00,1.000000000e+00,9.669216871e-01,9.615271688e-01
62,0,1,1.294457793e+00,1.120566130e+00,-9.786843657e-01,1.412214398e+00,-5.018320680e-02,-3.802719355e+00,-3.918959856e+00,-2.970687628e+00,-3.171720028e+00,-2.796929836e+00,-3.392648935e+00,-3.975255251e+00,9.556145668e-01,4.000000000e+00,1.000000000e+01,1.700000000e+01,0.000000000e+00,1.912532687e+00,3.753468275e+00,1.817656606e-01,1.000000000e+00,-2.099200249e+00,-4.191713810e+00,-1.832419308e-03,3.753468275e+00,-4.286286354e+00,-2.273064852e+00,4.129816532e+00,9.556145668e-01,3.000000000e+00,1.000000000e+00,2.000000000e+00,3.000000000e+00,2.000000000e+00,4.000000000e+00,1.000000000e+00,1.000000000e+00,-4.901131630e+00,-3.031155825e+00,-1.865511656e+00,-4.900760174e+00,1.000000000e+00,4.342942646e-07,7.547058800e-08
62,1,0,7.556031346e-01,4.834417999e-01,-1.579419971e+00,1.215485930e+00,-1.462414563e-01,-3.091267109e+00,-3.086188078e+00,-2.553605080e+00,-2.577971458e+00,-2.281516314e+00,-2.819525957e+00,-3.362961531e+00,1.239291191e+00,3.000000000e+00,9.000000000e+00,1.400000000e+01,1.000000000e+00,4.335669875e-01,2.498386145e+00,6.935811043e-02,9.333333373e-01,-2.062827826e+00,-4.121307373e+00,1.571738720e-01,2.498381615e+00,-2.904055834e+00,-2.334945440e+00,2.637629986e+00,1.239291191e+00,0.000000000e+00,0.000000000e+00,0.000000000e+00,0.000000000e+00,-1.000000000e+00,-1.000000000e+00,-1.000000000e+00,0.000000000e+00,-9.999956489e-01,4.342942646e-07,1.000000000e+00,-6.989678144e-01,0.000000000e+00,4.342942646e-07,9.803925157e-01
62,2,0,7.575210929e-01,4.004374444e-01,-1.627766848e+00,1.468444109e+00,-9.975723177e-02,-2.980117321e+00,-2.994098425e+00,-2.453449011e+00,-2.535706520e+00,-2.096434593e+00,-2.787662268e+00,-3.336672068e+00,1.463155389e+00,5.000000000e+00,1.100000000e+01,2.100000000e+01,0.000000000e+00,-1.107055426e+00,1.542994618e+00,1.462249458e-01,1.000000000e+00,-2.028176308e+00,-4.053688049e+00,-3.136359751e-01,1.542952657e+00,-3.249158382e+00,-2.385200977e+00,2.295649529e+00,1.463155389e+00,0.000000000e+00,0.000000000e+00,0.000000000e+00,0.000000000e+00,-1.000000000e+00,-1.000000000e+00,-1.000000000e+00,0.000000000e+00,-9.999956489e-01,4.342942646e-07,1.000000000e+00,-6.989678144e-01,0.000000000e+00,4.342942646e-07,9.931127429e-01
62,3,0,7.187424302e-01,3.260689080e-01,-1.684623480e+00,1.524111629e+00,-4.408968240e-02,-2.847053766e+00,-2.819576263e+00,-2.374686480e+00,-2.364725113e+00,-1.982074142e+00,-2.732766628e+00,-3.239278793e+00,1.553552866e+00,6.000000000e+00,1.100000000e+01,2.100000000e+01,0.000000000e+00,1.116510272e+00,2.540375471e+00,2.018925399e-01,1.000000000e+00,-2.010668993e+00,-4.020396709e+00,2.388967723e-01,2.540369987e+00,-2.451874733e+00,-2.403277159e+00,2.684125185e+00,1.553552866e+00,0.000000000e+00,0.000000000e+00,0.000000000e+00,0.000000000e+00,-1.000000000e+00,-1.000000000e+00,-1.000000000e+00,0.000000000e+00,-9.999956489e-01,4.342942646e-07,1.000000000e+00,-6.989678144e-01,1.000000000e+00,4.342942646e-07,9.968668818e-01
62,4,0,6.345217824e-01,2.097307593e-01,-1.820372343e+00,1.317226648e+00,-2.268407494e-01,-2.773545265e+00,-2.769639969e+00,-2.322116137e+00,-2.327066422e+00,-1.897381663e+00,-2.670588255e+00,-3.197908878e+00,1.633880973e+00,6.000000000e+00,1.200000000e+01,2.000000000e+01,0.000000000e+00,1.088636756e+00,2.441734791e+00,1.619694754e-02,1.000000000e+00,-2.030085087e+00,-4.061370850e+00,-3.569960296e-01,2.441734314e+00,-2.893546104e+00,-2.454798937e+00,3.228264093e+00,1.633880973e+00,0.000000000e+00,0.000000000e+00,0.000000000e+00,0.000000000e+00,-1.000000000e+00,-1.000000000e+00,-1.000000000e+00,0.000000000e+00,-9.999956489e-01,4.342942646e-07,1.000000000e+00,-6.989678144e-01,0.000000000e+00,4.342942646e-07,9.988402724e-01
62,5,0,8.751547933e-01,4.475499988e-01,-1.688183784e+00,1.570129037e+00,1.077312157e-01,-3.014140368e+00,-3.003546238e+00,-2.548007250e+00,-2.540781021e+00,-2.120498657e+00,-3.013673544e+00,-3.440993309e+00,1.640869260e+00,3.000000000e+00,1.000000000e+01,1.700000000e+01,0.000000000e+00,1.091334343e+00,2.666224241e+00,3.396801651e-01,1.000000000e+00,-2.135695696e+00,-4.266622543e+00,6.835830212e-02,2.666222811e+00,-2.919762850e+00,-2.563200951e+00,3.018112183e+00,1.640869260e+00,0.000000000e+00,0.000000000e+00,0.000000000e+00,0.000000000e+00,-1.000000000e+00,-1.000000000e+00,-1.000000000e+00,0.000000000e+00,-9.999956489e-01,4.342942646e-07,1.000000000e+00,-6.989678144e-01,0.000000000e+00,4.342942646e-07,9.878107905e-01
62,6,0,8.197672963e-01,3.989737630e-01,-1.657641768e+00,1.731160641e+00,1.400962621e-01,-2.961414337e+00,-2.962768555e+00,-2.507959604e+00,-2.524856806e+00,-2.087252855e+00,-2.878959179e+00,-3.381558657e+00,1.623939753e+00,6.000000000e+00,1.100000000e+01,2.200000000e+01,0.000000000e+00,1.856707573e+00,3.015659809e+00,3.887380660e-01,1.000000000e+00,-2.056585789e+00,-4.110517979e+00,-3.173853755e-01,3.015659809e+00,-3.240605593e+00,-2.477298498e+00,3.770440102e+00,1.623939753e+00,2.000000000e+00,2.000000000e+00,0.000000000e+00,3.000000000e+00,4.000000000e+00,5.000000000e+00,3.000000000e+00,1.000000000e+00,-4.291023731e+00,-2.000289202e+00,1.213278472e-01,-4.286789894e+00,1.000000000e+00,4.342942646e-07,9.932275414e-01
62,7,0,9.066332579e-01,4.222882986e-01,-1.634657383e+00,1.483611703e+00,-7.749618031e-03,-2.943905592e+00,-2.942700863e+00,-2.480015278e+00,-2.486257315e+00,-1.995758533e+00,-2.966385365e+00,-3.427468777e+00,1.780371547e+00,4.000000000e+00,1.100000000e+01,1.800000000e+01,0.000000000e+00,9.947293997e-01,2.493166208e+00,2.283394039e-01,1.000000000e+00,-2.056914806e+00,-4.111468315e+00,-6.705785990e-01,2.493166208e+00,-3.577613831e+00,-2.541158199e+00,3.653712749e+00,1.780371547e+00,1.000000000e+00,1.000000000e+00,0.000000000e+00,3.000000000e+00,4.000000000e+00,5.000000000e+00,4.000000000e+00,1.000000000e+00,-4.285957336e+00,-1.792456865e+00,5.430816412e-01,-4.279143333e+00,1.000000000e+00,4.342942646e-07,9.910904169e-01
62,8,0,1.001104355e+00,4.853254557e-01,-1.532048941e+00,1.582947254e+00,-8.117041551e-03,-2.990729809e+00,-2.990315437e+00,-2.525810480e+00,-2.533890009e+00,-2.010132790e+00,-3.020313263e+00,-3.505540848e+00,1.856669188e+00,7.000000000e+00,1.200000000e+01,2.200000000e+01,0.000000000e+00,1.800923467e+00,2.910639524e+00,2.405246943e-01,1.000000000e+00,-2.017343998e+00,-4.032349110e+00,1.455477625e-01,2.910638809e+00,-2.873491764e+00,-2.533019781e+00,3.288846493e+00,1.856669188e+00,1.000000000e+00,1.000000000e+00,0.000000000e+00,2.000000000e+00,-4.000000000e+00,2.300000000e+01,4.000000000e+00,1.000000000e+00,-4.875963211e+00,-1.663665652e+00,7.264558673e-01,-4.867336750e+00,1.000000000e+00,4.342942646e-07,9.798772931e-01
62,9,0,9.270856977e-01,4.050652087e-01,-1.530532956e+00,1.825094342e+00,2.810264826e-01,-2.919647217e+00,-2.904303551e+00,-2.466684818e+00,-2.436389208e+00,-1.944753289e+00,-2.864526033e+00,-3.440828800e+00,1.871748686e+00,7.000000000e+00,1.200000000e+01,2.000000000e+01,1.000000000e+00,6.746097803e-01,2.282097101e+00,5.240644813e-01,9.523809552e-01,-1.935575366e+00,-3.870138645e+00,-4.388245344e-01,2.282096386e+00,-3.279571056e+00,-2.457508802e+00,3.212312460e+00,1.871748686e+00,0.000000000e+00,0.000000000e+00,0.000000000e+00,0.000000000e+00,-1.000000000e+00,-1.000000000e+00,-1.000000000e+00,0.000000000e+00,-9.999956489e-01,4.342942646e-07,1.000000000e+00,-6.989678144e-01,0.000000000e+00,4.342942646e-07,9.927343130e-01
62,10,0,8.745027184e-01,3.298933208e-01,-1.550689816e+00,1.260406733e+00,-6.181216240e-02,-2.773452997e+00,-2.800456524e+00,-2.159190178e+00,-2.280567646e+00,-1.614625335e+00,-2.758162260e+00,-3.317417622e+00,1.926148295e+00,7.000000000e+00,8.000000000e+00,1.300000000e+01,0.000000000e+00,1.324324369e+00,2.276834965e+00,1.464635730e-01,1.000000000e+00,-1.880565166e+00,-3.761989117e+00,3.535361886e-01,2.276803970e+00,-2.256929159e+00,-2.425092220e+00,2.589238405e+00,1.926148295e+00,0.000000000e+00,0.000000000e+00,0.000000000e+00,0.000000000e+00,-1.000000000e+00,-1.000000000e+00,-1.000000000e+00,0.000000000e+00,-9.999956489e-01,4.342942646e-07,1.000000000e+00,-6.989678144e-01,1.000000000e+00,4.342942646e-07,9.967477322e-01
62,11,0,9.353671670e-01,3.393950164e-01,-1.303496480e+00,1.187306404e+00,1.121543534e-02,-2.545480967e+00,-2.337495804e+00,-9.374498725e-01,-1.038508177e+00,-3.414803147e-01,-2.576629162e+00,-3.141004562e+00,2.048953056e+00,0.000000000e+00,5.000000000e+00,1.000000000e+01,0.000000000e+00,1.710242629e+00,1.468713999e+00,1.873065531e-01,1.000000000e+00,-1.642880917e+00,-3.283491135e+00,1.404626489e+00,1.172467470e+00,2.671906352e-02,-2.238797188e+00,4.648726583e-01,2.048953056e+00,0.000000000e+00,0.000000000e+00,0.000000000e+00,0.000000000e+00,-1.000000000e+00,-1.000000000e+00,-1.000000000e+00,0.000000000e+00,-9.999956489e-01,4.342942646e-07,1.000000000e+00,-6.989678144e-01,0.000000000e+00,4.342942646e-07,9.964262843e-01
62,12,0,1.211449742e+00,4.704779387e-01,-1.361203551e+00,1.654703856e+00,1.633422822e-01,-2.863659143e+00,-2.843469143e+00,-2.412001133e+00,-2.363487482e+00,-1.671120882e+00,-3.044331074e+00,-3.603203058e+00,2.390952826e+00,7.000000000e+00,1.000000000e+01,1.800000000e+01,1.000000000e+00,1.307526350e+00,2.324904680e+00,3.994313776e-01,9.473684430e-01,-1.831661701e+00,-3.663049936e+00,-7.877904177e-01,2.324904442e+00,-3.620044231e+00,-2.572500706e+00,3.804528952e+00,2.390952826e+00,1.000000000e+00,1.000000000e+00,0.000000000e+00,1.000000000e+00,5.000000000e+00,2.000000000e+00,1.000000000e+00,1.000000000e+00,-5.285760880e+00,-2.238534212e+00,-8.188334703e-01,-5.283742428e+00,1.000000000e+00,4.342942646e-07,9.835538864e-01
62,13,0,1.174174309e+00,3.587860465e-01,-1.080827355e+00,9.651324749e-01,-7.625973970e-02,-2.983503580e+00,-2.920116663e+00,-2.374527454e+00,-2.436589003e+00,-1.559226036e+00,-2.613902569e+00,-3.796582937e+00,2.564746380e+00,8.000000000e+00,6.000000000e+00,8.000000000e+00,0.000000000e+00,1.102046967e+00,2.110290051e+00,6.204280630e-02,1.000000000e+00,-1.439606547e+00,-2.879196405e+00,1.415554732e-01,2.110265017e+00,-2.653742552e+00,-2.254928827e+00,2.846089840e+00,2.564746380e+00,0.000000000e+00,0.000000000e+00,0.000000000e+00,0.000000000e+00,-1.000000000e+00,-1.000000000e+00,-1.000000000e+00,0.000000000e+00,-9.999956489e-01,4.342942646e-07,1.000000000e+00,-6.989678144e-01,0.000000000e+00,1.243691966e-01,9.956406355e-01
63,0,0,9.829396605e-01,2.922855616e-01,-1.611980438e+00,1.574229240e+00,3.016142361e-02,-2.711201191e+00,-2.699943542e+00,-2.255498171e+00,-2.231826782e+00,-1.564906120e+00,-2.891858339e+00,-3.400984287e+00,-2.272881031e+00,7.000000000e+00,1.200000000e+01,2.000000000e+01,0.000000000e+00,5.075439811e-01,1.818807483e+00,2.731993198e-01,1.000000000e+00,-1.904248595e+00,-3.810723305e+00,1.883227825e-01,1.818688393e+00,-2.335769653e+00,-2.594766855e+00,2.297296762e+00,2.272881031e+00,0.000000000e+00,0.000000000e+00,0.000000000e+00,0.000000000e+00,-1.000000000e+00,-1.000000000e+00,-1.000000000e+00,0.000000000e+00,-9.999956489e-01,4.342942646e-07,1.000000000e+00,-6.989678144e-01,0.000000000e+00,4.342942646e-07,9.977164268e-01
63,1,0,9.591706395e-01,2.802441418e-01,-1.612599254e+00,1.575239897e+00,3.117214702e-02,-2.687819242e+00,-2.681421280e+00,-2.133380413e+00,-2.121121645e+00,-1.454500318e+00,-2.857305050e+00,-3.365947723e+00,-2.245281696e+00,8.000000000e+00,1.200000000e+01,2.000000000e+01,0.000000000e+00,-1.495668292e+00,7.096929550e-01,2.742100358e-01,1.000000000e+00,-1.892827034e+00,-3.788630486e+00,-2.097842991e-01,7.065236568e-01,-2.611030340e+00,-2.571625710e+00,1.582881808e+00,2.245281696e+00,0.000000000e+00,0.000000000e+00,0.000000000e+00,0.000000000e+00,-1.000000000e+00,-1.000000000e+00,-1.000000000e+00,0.000000000e+00,-9.999956489e-01,4.342942646e-07,1.000000000e+00,-6.989678144e-01,0.000000000e+00,4.342942646e-07,9.979481101e-01
63,2,0,1.125668883e+00,4.534661770e-01,-1.442329168e+00,1.793224692e+00,2.021603584e-01,-2.881465673e+00,-2.859857082e+00,-2.359827518e+00,-2.316662312e+00,-1.687702775e+00,-3.023110151e+00,-3.552446604e+00,-2.229442596e+00,8.000000000e+00,1.200000000e+01,2.200000000e+01,0.000000000e+00,2.295969278e-01,1.802626491e+00,4.508021772e-01,1.000000000e+00,-1.895772934e+00,-3.791014194e+00,1.554168165e-01,1.802516222e+00,-2.614622831e+00,-2.567849159e+00,2.276065111e+00,2.229442596e+00,0.000000000e+00,0.000000000e+00,0.000000000e+00,0.000000000e+00,-1.000000000e+00,-1.000000000e+00,-1.000000000e+00,0.000000000e+00,-9.999956489e-01,4.342942646e-07,1.000000000e+00,-6.989678144e-01,0.000000000e+00,4.342942646e-07,9.868496656e-01
63,3,0,9.870395660e-01,3.155966699e-01,-1.615128398e+00,1.593692899e+00,7.517919689e-02,-2.968919754e+00,-2.998744011e+00,-2.309799433e+00,-2.344264507e+00,-1.638426065e+00,-2.919264078e+00,-3.638872147e+00,-2.227652073e+00,7.000000000e+00,1.100000000e+01,1.900000000e+01,0.000000000e+00,1.373704672e+00,2.325298548e+00,3.149393797e-01,1.000000000e+00,-1.930705667e+00,-3.860169172e+00,-2.736677825e-01,2.325297117e+00,-2.933253050e+00,-2.602011919e+00,3.304701090e+00,2.227652073e+00,2.000000000e+00,2.000000000e+00,0.000000000e+00,1.000000000e+00,-5.000000000e+00,3.000000000e+00,2.000000000e+00,1.000000000e+00,-4.146992207e+00,-1.913816452e+00,4.443829507e-02,-4.141801834e+00,1.000000000e+00,4.342942646e-07,9.971669316e-01
63,4,0,9.352319837e-01,3.706046641e-01,-1.626947403e+00,1.839859247e+00,3.213454783e-01,-2.849840641e+00,-2.856394529e+00,-2.326645136e+00,-2.338994265e+00,-1.762084723e+00,-2.936344624e+00,-3.413648367e+00,-1.974146008e+00,7.000000000e+00,1.100000000e+01,1.900000000e+01,0.000000000e+00,1.090642333e+00,2.307432175e+00,5.611057878e-01,1.000000000e+00,-1.997527122e+00,-3.994745970e+00,-3.272625506e-01,2.307430983e+00,-3.036484480e+00,-2.562039137e+00,3.211472034e+00,1.974146008e+00,0.000000000e+00,0.000000000e+00,0.000000000e+00,0.000000000e+00,-1.000000000e+00,-1.000000000e+00,-1.000000000e+00,0.000000000e+00,-9.999956489e-01,4.342942646e-07,1.000000000e+00,-6.989678144e-01,0.000000000e+00,4.342942646e-07,9.950579405e-01
63,5,0,1.100076795e+00,5.672926903e-01,-1.373214722e+00,1.706817985e+00,9.403446317e-02,-3.068371773e+00,-3.059984207e+00,-2.536254883e+00,-2.527350187e+00,-2.003576517e+00,-3.041198730e+00,-3.599932432e+00,-1.897703052e+00,7.000000000e+00,1.300000000e+01,2.300000000e+01,0.000000000e+00,-1.611234188e+00,1.201716185e+00,3.450903594e-01,1.000000000e+00,-1.940479755e+00,-3.878819227e+00,3.372462392e-01,1.197624564e+00,-2.757294416e+00,-2.473172665e+00,1.384187579e+00,1.897703052e+00,1.000000000e+00,1.000000000e+00,0.000000000e+00,2.000000000e+00,5.000000000e+00,3.200000000e+01,4.000000000e+00,1.000000000e+00,-4.995263577e+00,-1.731513739e+00,4.019917548e-01,-4.988062382e+00,1.000000000e+00,4.342942646e-07,9.318509698e-01
63,6,0,1.006546855e+00,7.845289111e-01,-1.279923320e+00,1.492509007e+00,1.307813227e-01,-3.366000891e+00,-3.405870199e+00,-2.720022678e+00,-2.832028151e+00,-2.498095989e+00,-3.070856571e+00,-3.587346077e+00,-1.099099398e+00,4.000000000e+00,9.000000000e+00,1.400000000e+01,0.000000000e+00,1.083694696e+00,3.040080070e+00,3.463810384e-01,1.000000000e+00,-2.064410210e+00,-4.123471737e+00,-1.359408617e+00,3.040080070e+00,-4.936982632e+00,-2.286394596e+00,4.726887703e+00,1.099099398e+00,0.000000000e+00,0.000000000e+00,0.000000000e+00,0.000000000e+00,-1.000000000e+00,-1.000000000e+00,-1.000000000e+00,0.000000000e+00,-9.999956489e-01,4.342942646e-07,1.000000000e+00,-6.989678144e-01,1.000000000e+00,4.342942646e-07,1.017874554e-01
63,7,0,9.154257178e-01,8.161425591e-01,-1.316268563e+00,1.271584630e+00,-1.263548434e-01,-3.464752436e+00,-3.518608809e+00,-2.809008121e+00,-3.021350861e+00,-2.709782124e+00,-3.047535181e+00,-3.563710451e+00,-7.022108436e-01,4.000000000e+00,1.000000000e+01,1.500000000e+01,0.000000000e+00,2.643107176e-01,2.842210531e+00,9.549366683e-02,1.000000000e+00,-2.132361412e+00,-4.257092476e+00,1.083930254e+00,2.842144489e+00,-2.753773212e+00,-2.231629372e+00,2.069978952e+00,7.022108436e-01,0.000000000e+00,0.000000000e+00,0.000000000e+00,0.000000000e+00,-1.000000000e+00,-1.000000000e+00,-1.000000000e+00,0.000000000e+00,-9.999956489e-01,4.342942646e-07,1.000000000e+00,-6.989678144e-01,0.000000000e+00,4.342942646e-07,4.323033616e-02
63,8,1,9.492779970e-01,6.416419744e-01,-1.361372232e+00,1.550692201e+00,-4.037200660e-02,-3.175275326e+00,-3.144324303e+00,-2.497664928e+00,-2.459501505e+00,-2.190098524e+00,-2.953046560e+00,-3.482241631e+00,1.334478140e+00,3.000000000e+00,1.000000000e+01,2.200000000e+01,0.000000000e+00,1.436770201e+00,2.908550978e+00,2.082697004e-01,1.000000000e+00,-2.002980471e+00,-4.002789497e+00,6.193862855e-02,2.908550739e+00,-3.038855076e+00,-2.310571432e+00,3.115964890e+00,1.334478140e+00,4.000000000e+00,4.000000000e+00,0.000000000e+00,3.000000000e+00,4.000000000e+00,8.000000000e+00,1.000000000e+00,1.000000000e+00,-4.598271847e+00,-2.253797054e+00,-4.968459606e-01,-4.595953465e+00,1.000000000e+00,4.342942646e-07,7.749744654e-01
63,9,0,5.128495097e-01,3.234941661e-01,-1.749249220e+00,1.199769258e+00,-1.981701404e-01,-3.002206087e+00,-3.007407188e+00,-2.525580406e+00,-2.556917667e+00,-2.336276531e+00,-2.587234497e+00,-3.191323042e+00,1.002920628e+00,3.000000000e+00,9.000000000e+00,1.500000000e+01,0.000000000e+00,1.437660336e+00,3.055200815e+00,2.367832884e-02,1.000000000e+00,-2.072716236e+00,-4.141266346e+00,-2.079817355e-01,3.055200815e+00,-3.088018656e+00,-2.262043715e+00,3.483633995e+00,1.002920628e+00,0.000000000e+00,0.000000000e+00,0.000000000e+00,0.000000000e+00,-1.000000000e+00,-1.000000000e+00,-1.000000000e+00,0.000000000e+00,-9.999956489e-01,4.342942646e-07,1.000000000e+00,-6.989678144e-01,1.000000000e+00,4.342942646e-07,9.969442487e-01
63,10,0,5.298889279e-01,3.141116500e-01,-1.207970262e+00,-3.077561259e-01,-7.848756313e-01,-2.976975441e+00,-2.893772602e+00,-2.421362877e+00,-2.419605255e+00,-2.205630541e+00,-2.052077770e+00,-3.192487717e+00,1.081067443e+00,4.000000000e+00,4.000000000e+00,4.000000000e+00,0.000000000e+00,-1.492605329e+00,1.459416389e+00,-9.098135233e-01,1.000000000e+00,-1.522074223e+00,-3.043845892e+00,-4.044372737e-01,1.459375739e+00,-3.137672424e+00,-1.737842202e+00,2.077543736e+00,1.081067443e+00,1.000000000e+00,0.000000000e+00,1.000000000e+00,3.000000000e+00,2.000000000e+00,8.000000000e+00,1.000000000e+00,1.000000000e+00,-1.295484781e+00,-1.238395095e+00,6.190455556e-01,-1.271099687e+00,1.000000000e+00,1.172729969e+00,9.972065091e-01
64,0,0,1.155777812e+00,4.359451830e-01,-1.432226419e+00,1.349843740e+00,2.359005213e-01,-3.045432568e+00,-3.100250244e+00,-2.413101673e+00,-2.532796860e+00,-1.693359852e+00,-3.024256945e+00,-3.763222694e+00,-2.341413021e+00,8.000000000e+00,7.000000000e+00,9.000000000e+00,0.000000000e+00,1.623902798e+00,2.505332708e+00,3.956013024e-01,1.000000000e+00,-1.868150949e+00,-3.734757185e+00,-6.186738610e-01,2.505332708e+00,-3.585888624e+00,-2.587847710e+00,3.962956667e+00,2.341413021e+00,0.000000000e+00,0.000000000e+00,0.000000000e+00,0.000000000e+00,-1.000000000e+00,-1.000000000e+00,-1.000000000e+00,0.000000000e+00,-9.999956489e-01,4.342942646e-07,1.000000000e+00,-6.989678144e-01,0.000000000e+00,4.342942646e-07,9.894679189e-01
64,1,0,1.305335402e+00,5.753323436e-01,-1.289884090e+00,1.612820148e+00,6.875240058e-02,-2.972243071e+00,-2.973246098e+00,-2.528522491e+00,-2.530860424e+00,-1.798638582e+00,-3.171215057e+00,-3.700469255e+00,-2.365258217e+00,9.000000000e+00,1.200000000e+01,2.000000000e+01,0.000000000e+00,-6.912615299e-01,1.453074813e+00,3.117903173e-01,1.000000000e+00,-1.865192890e+00,-3.729413748e+00,-4.033157229e-01,1.453032732e+00,-3.508254766e+00,-2.595056772e+00,2.588318110e+00,2.365258217e+00,0.000000000e+00,0.000000000e+00,0.000000000e+00,0.000000000e+00,-1.000000000e+00,-1.000000000e+00,-1.000000000e+00,0.000000000e+00,-9.999956489e-01,4.342942646e-07,1.000000000e+00,-6.989678144e-01,1.000000000e+00,4.342942646e-07,9.225493073e-01
64,2,0,1.022507071e+00,4.089181721e-01,-1.544954658e+00,1.608439922e+00,1.460420787e-01,-2.864872932e+00,-2.868741512e+00,-2.422329187e+00,-2.431906223e+00,-1.808826923e+00,-2.979068279e+00,-3.477473974e+00,-2.090830326e+00,5.000000000e+00,1.100000000e+01,1.700000000e+01,0.000000000e+00,6.251764894e-01,2.121449471e+00,3.779910505e-01,1.000000000e+00,-1.953848958e+00,-3.907340288e+00,-1.370530128e-01,2.121442795e+00,-2.977582693e+00,-2.567316532e+00,2.881504059e+00,2.090830326e+00,0.000000000e+00,0.000000000e+00,0.000000000e+00,0.000000000e+00,-1.000000000e+00,-1.000000000e+00,-1.000000000e+00,0.000000000e+00,-9.999956489e-01,4.342942646e-07,1.000000000e+00,-6.989678144e-01,0.000000000e+00,4.342942646e-07,9.924001694e-01
64,3,0,6.912509203e-01,2.535491586e-01,-1.776090264e+00,1.511419058e+00,2.005769871e-02,-2.813266277e+00,-2.809354544e+00,-2.362796545e+00,-2.368030071e+00,-1.925158143e+00,-2.725826740e+00,-3.250477076e+00,-1.665886879e+00,4.000000000e+00,1.100000000e+01,1.800000000e+01,0.000000000e+00,-1.515925407e+00,1.167229891e+00,2.561467290e-01,1.000000000e+00,-2.029618740e+00,-4.059463501e+00,-1.130411625e+00,1.167224288e+00,-3.749650717e+00,-2.467239618e+00,2.739211559e+00,1.665886879e+00,0.000000000e+00,0.000000000e+00,0.000000000e+00,0.000000000e+00,-1.000000000e+00,-1.000000000e+00,-1.000000000e+00,0.000000000e+00,-9.999956489e-01,4.342942646e-07,1.000000000e+00,-6.989678144e-01,0.000000000e+00,4.342942646e-07,9.983646274e-01
64,4,0,1.034640312e+00,6.983376145e-01,-1.309330583e+00,1.605179191e+00,6.111140549e-02,-3.285812616e+00,-3.280773163e+00,-2.701951742e+00,-2.711174488e+00,-2.365767002e+00,-3.042272806e+00,-3.621135712e+00,-1.409566998e+00,5.000000000e+00,1.000000000e+01,2.000000000e+01,0.000000000e+00,2.112196445e+00,3.421966076e+00,3.041493297e-01,1.000000000e+00,-2.007632971e+00,-4.011307716e+00,-2.313363254e-01,3.421966076e+00,-3.639176369e+00,-2.343883991e+00,3.998452902e+00,1.409566998e+00,0.000000000e+00,0.000000000e+00,0.000000000e+00,0.000000000e+00,-1.000000000e+00,-1.000000000e+00,-1.000000000e+00,0.000000000e+00,-9.999956489e-01,4.342942646e-07,1.000000000e+00,-6.989678144e-01,0.000000000e+00,4.342942646e-07,5.036382079e-01
64,5,0,1.084263086e+00,7.877977490e-01,-1.267130971e+00,1.239841819e+00,-1.580976844e-01,-3.399798870e+00,-3.393520594e+00,-2.804336071e+00,-2.832883358e+00,-2.508007765e+00,-3.138907433e+00,-3.695197821e+00,-1.304800153e+00,4.000000000e+00,9.000000000e+00,1.500000000e+01,1.000000000e+00,2.111700535e+00,3.563998222e+00,6.375080347e-02,9.375000000e-01,-2.054887533e+00,-4.104618073e+00,7.474227548e-01,3.563997746e+00,-2.873229504e+00,-2.351304531e+00,3.141553640e+00,1.304800153e+00,1.000000000e+00,0.000000000e+00,1.000000000e+00,3.000000000e+00,-2.000000000e+00,8.000000000e+00,1.000000000e+00,1.000000000e+00,-5.316179276e+00,-2.456972837e+00,-8.012812734e-01,-5.314979076e+00,1.000000000e+00,6.743659973e-01,9.367881715e-02
64,6,0,6.347870827e-01,4.438682199e-01,-1.676313400e+00,1.663277388e+00,3.015497029e-01,-3.102530003e+00,-3.121190310e+00,-2.544131517e+00,-2.590837955e+00,-2.353266716e+00,-2.756123781e+00,-3.293145418e+00,-1.007633924e+00,3.000000000e+00,9.000000000e+00,1.400000000e+01,0.000000000e+00,1.957236290e+00,3.331982851e+00,5.171493888e-01,1.000000000e+00,-2.120144844e+00,-4.234274387e+00,-1.036021560e-01,3.331982851e+00,-3.137881279e+00,-2.311032057e+00,3.673013210e+00,1.007633924e+00,0.000000000e+00,0.000000000e+00,0.000000000e+00,0.000000000e+00,-1.000000000e+00,-1.000000000e+00,-1.000000000e+00,0.000000000e+00,-9.999956489e-01,4.342942646e-07,1.000000000e+00,-6.989678144e-01,0.000000000e+00,4.342942646e-07,9.883676171e-01
64,7,0,5.643284321e-01,4.314967990e-01,-1.642651200e+00,1.169987559e+00,-3.213733435e-01,-3.128646374e+00,-3.147984982e+00,-2.616801023e+00,-2.712193489e+00,-2.484016657e+00,-2.639064074e+00,-3.261269093e+00,-8.225320578e-01,3.000000000e+00,9.000000000e+00,1.800000000e+01,0.000000000e+00,1.623428226e+00,3.295863390e+00,-8.528451622e-02,1.000000000e+00,-2.074115515e+00,-4.143013000e+00,1.415685266e-01,3.295863152e+00,-3.001909494e+00,-2.206928730e+00,3.382401705e+00,8.225320578e-01,0.000000000e+00,0.000000000e+00,0.000000000e+00,0.000000000e+00,-1.000000000e+00,-1.000000000e+00,-1.000000000e+00,0.000000000e+00,-9.999956489e-01,4.342942646e-07,1.000000000e+00,-6.989678144e-01,0.000000000e+00,4.342942646e-07,9.900319576e-01
64,8,0,6.652826667e-01,5.130198598e-01,-1.563798547e+00,1.207539082e+00,-2.548581958e-01,-3.169915676e+00,-3.197175980e+00,-2.556181669e+00,-2.643666506e+00,-2.403965235e+00,-2.742577791e+00,-3.321908951e+00,-8.870536685e-01,4.000000000e+00,1.000000000e+01,1.700000000e+01,0.000000000e+00,1.773119688e+00,3.290635347e+00,-2.290943265e-02,1.000000000e+00,-2.076782465e+00,-4.148217201e+00,4.787280262e-01,3.290634871e+00,-2.677942514e+00,-2.229023457e+00,3.051625967e+00,8.870536685e-01,0.000000000e+00,0.000000000e+00,0.000000000e+00,0.000000000e+00,-1.000000000e+00,-1.000000000e+00,-1.000000000e+00,0.000000000e+00,-9.999956489e-01,4.342942646e-07,1.000000000e+00,-6.989678144e-01,0.000000000e+00,4.342942646e-07,9.701992869e-01
64,9,0,6.599807739e-01,4.688611329e-01,-1.540499091e+00,1.303526878e+00,-1.278363764e-01,-3.133163691e+00,-3.135699749e+00,-2.641128778e+00,-2.660061121e+00,-2.450076818e+00,-2.669850588e+00,-3.323957205e+00,-1.008238316e+00,3.000000000e+00,8.000000000e+00,1.600000000e+01,0.000000000e+00,3.954626620e-01,2.647932291e+00,9.940718114e-02,1.000000000e+00,-2.009330988e+00,-4.014930248e+00,2.159532011e-01,2.647929192e+00,-2.912812471e+00,-2.200426102e+00,2.641916037e+00,1.008238316e+00,1.000000000e+00,1.000000000e+00,0.000000000e+00,2.000000000e+00,3.000000000e+00,1.000000000e+00,1.000000000e+00,1.000000000e+00,-4.860417366e+00,-2.691114187e+00,-1.365661144e+00,-4.859598160e+00,2.000000000e+00,-1.244228721e+00,9.839053750e-01
64,10,0,5.400851965e-01,3.876774311e-01,-1.701916099e+00,1.276545525e+00,-1.548177004e-01,-3.074038506e+00,-3.088664532e+00,-2.514744282e+00,-2.570649624e+00,-2.362378597e+00,-2.630662680e+00,-3.226229668e+00,-8.875238895e-01,4.000000000e+00,9.000000000e+00,1.600000000e+01,0.000000000e+00,1.504237771e+00,3.114597321e+00,7.242582738e-02,1.000000000e+00,-2.089561939e+00,-4.173849106e+00,-3.622438610e-01,3.114597321e+00,-3.319825411e+00,-2.241947412e+00,3.684802771e+00,8.875238895e-01,0.000000000e+00,0.000000000e+00,0.000000000e+00,0.000000000e+00,-1.000000000e+00,-1.000000000e+00,-1.000000000e+00,0.000000000e+00,-9.999956489e-01,4.342942646e-07,1.000000000e+00,-6.989678144e-01,0.000000000e+00,4.342942646e-07,9.940403104e-01
64,11,0,5.856047273e-01,4.669539630e-01,-1.581724524e+00,1.402312279e+00,-8.904895931e-02,-3.163674593e+00,-3.178328991e+00,-2.625779867e+00,-2.702993631e+00,-2.507173061e+00,-2.634648561e+00,-3.282126665e+00,-7.732663155e-01,3.000000000e+00,9.000000000e+00,1.800000000e+01,1.000000000e+00,1.219586015e+00,3.117105722e+00,1.470399946e-01,9.473684430e-01,-2.048646450e+00,-4.092518806e+00,6.114662066e-02,3.117105722e+00,-3.108462572e+00,-2.167282104e+00,3.251669168e+00,7.732663155e-01,1.000000000e+00,0.000000000e+00,1.000000000e+00,3.000000000e+00,-2.000000000e+00,8.000000000e+00,1.000000000e+00,1.000000000e+00,-5.018949509e+00,-2.077111006e+00,-6.417718530e-02,-5.015705585e+00,2.000000000e+00,-1.246877789e+00,9.843087792e-01
64,12,0,6.643774509e-01,6.501761079e-01,-1.534515977e+00,1.204268575e+00,-2.270945609e-01,-3.325502157e+00,-3.393854141e+00,-2.649515867e+00,-2.851838827e+00,-2.635320902e+00,-2.848847151e+00,-3.339673042e+00,-2.571291327e-01,3.000000000e+00,9.000000000e+00,1.600000000e+01,0.000000000e+00,3.935412169e-01,2.832279205e+00,1.489223214e-04,1.000000000e+00,-2.184640408e+00,-4.359431744e+00,1.075254381e-02,2.832278728e+00,-3.490226507e+00,-2.198839664e+00,3.037864447e+00,2.571291327e-01,0.000000000e+00,0.000000000e+00,0.000000000e+00,0.000000000e+00,-1.000000000e+00,-1.000000000e+00,-1.000000000e+00,0.000000000e+00,-9.999956489e-01,4.342942646e-07,1.000000000e+00,-6.989678144e-01,0.000000000e+00,4.342942646e-07,7.432074547e-01
64,13,1,8.008106351e-01,7.967572808e-01,-1.337718725e+00,1.265889525e+00,-1.965078712e-01,-3.443362474e+00,-3.560680389e+00,-2.906995773e+00,-3.036059618e+00,-2.902945757e+00,-2.934930801e+00,-3.447404623e+00,-1.368367523e-01,4.000000000e+00,1.000000000e+01,1.700000000e+01,0.000000000e+00,1.648763418e+00,3.727676630e+00,3.544087335e-02,1.000000000e+00,-2.134426355e+00,-4.260985851e+00,1.375343561e+00,3.727672338e+00,-2.457820654e+00,-2.138478994e+00,2.485547543e+00,1.368367523e-01,4.000000000e+00,0.000000000e+00,4.000000000e+00,3.000000000e+00,0.000000000e+00,4.000000000e+00,1.000000000e+00,1.000000000e+00,-4.830208302e+00,-2.151309013e+00,-3.987825289e-02,-4.827360153e+00,1.000000000e+00,6.723400950e-01,7.410531491e-02
64,14,0,4.209632576e-01,4.189915061e-01,-1.714299202e+00,1.195562601e+00,-2.358004749e-01,-3.218213081e+00,-3.205004930e+00,-2.773803234e+00,-2.770692348e+00,-2.771832705e+00,-2.554133654e+00,-3.220181465e+00,9.536174685e-02,4.000000000e+00,1.000000000e+01,1.600000000e+01,0.000000000e+00,1.168749452e+00,3.356464386e+00,-8.557003923e-03,1.000000000e+00,-2.133254051e+00,-4.258688450e+00,4.408380389e-01,3.356464148e+00,-2.748858452e+00,-2.135225534e+00,2.914392233e+00,9.536174685e-02,0.000000000e+00,0.000000000e+00,0.000000000e+00,0.000000000e+00,-1.000000000e+00,-1.000000000e+00,-1.000000000e+00,0.000000000e+00,-9.999956489e-01,4.342942646e-07,1.000000000e+00,-6.989678144e-01,0.000000000e+00,4.342942646e-07,9.914366603e-01
64,15,1,6.466556191e-01,6.463623047e-01,-1.511088133e+00,1.388015628e+00,-7.438202202e-02,-3.250238419e+00,-3.363756895e+00,-2.459229231e+00,-2.839588165e+00,-2.458936214e+00,-2.803844690e+00,-3.250531197e+00,3.675691411e-02,4.000000000e+00,1.000000000e+01,1.700000000e+01,0.000000000e+00,1.647400498e+00,3.282786369e+00,1.575668305e-01,1.000000000e+00,-2.157402039e+00,-4.306053162e+00,1.355967641e+00,3.282756090e+00,-2.130224466e+00,-2.157695532e+00,2.307602406e+00,3.675691411e-02,1.000000000e+00,0.000000000e+00,1.000000000e+00,3.000000000e+00,0.000000000e+00,0.000000000e+00,1.000000000e+00,1.000000000e+00,-5.180215359e+00,-2.747972488e+00,-1.179943681e+00,-5.179557800e+00,1.000000000e+00,4.342942646e-07,7.578352094e-01
64,16,0,4.501992762e-01,3.954209387e-01,-1.743981957e+00,1.483170629e+00,-8.190711029e-03,-3.147406101e+00,-3.154919386e+00,-2.668701887e+00,-2.719316959e+00,-2.613947630e+00,-2.589913368e+00,-3.202102423e+00,5.128807425e-01,4.000000000e+00,1.000000000e+01,1.800000000e+01,0.000000000e+00,3.929727376e-01,2.810612917e+00,2.278982848e-01,1.000000000e+00,-2.139367104e+00,-4.271125793e+00,2.294880599e-01,2.810611486e+00,-2.885144234e+00,-2.194137335e+00,2.686408043e+00,5.128807425e-01,0.000000000e+00,0.000000000e+00,0.000000000e+00,0.000000000e+00,-1.000000000e+00,-1.000000000e+00,-1.000000000e+00,0.000000000e+00,-9.999956489e-01,4.342942646e-07,1.000000000e+00,-6.989678144e-01,0.000000000e+00,4.342942646e-07,9.934966564e-01
64,17,0,9.170064330e-01,6.515109539e-01,-6.596741676e-01,3.518683314e-01,-1.252525300e-01,-3.434696436e+00,-3.057541370e+00,-2.657360077e+00,-2.482130766e+00,-2.391954660e+00,-2.228121281e+00,-3.699197054e+00,1.221076012e+00,4.000000000e+00,4.000000000e+00,4.000000000e+00,0.000000000e+00,1.957102895e+00,3.370613337e+00,-2.501910925e-01,1.000000000e+00,-1.311178088e+00,-2.622193098e+00,-6.455019712e-01,3.370613337e+00,-3.776672840e+00,-1.576666236e+00,4.105735779e+00,1.221076012e+00,4.000000000e+00,4.000000000e+00,0.000000000e+00,3.000000000e+00,4.000000000e+00,2.900000000e+01,1.000000000e+00,1.000000000e+00,-3.293406725e+00,-1.510985255e+00,-3.724218905e-01,-3.280244350e+00,1.000000000e+00,6.287869811e-01,7.379218936e-01
64,18,0,9.114703536e-01,6.181886196e-01,-1.424492121e+00,1.622415304e+00,5.421383306e-02,-3.222811222e+00,-3.242571354e+00,-2.716960907e+00,-2.784537315e+00,-2.423790455e+00,-2.954499722e+00,-3.515393734e+00,1.296294808e+00,3.000000000e+00,9.000000000e+00,2.100000000e+01,0.000000000e+00,1.955786943e+00,3.401798964e+00,3.001961410e-01,1.000000000e+00,-2.042644262e+00,-4.080849648e+00,5.010242760e-02,3.401798964e+00,-3.351910591e+00,-2.335879803e+00,3.712357521e+00,1.296294808e+00,0.000000000e+00,0.000000000e+00,0.000000000e+00,0.000000000e+00,-1.000000000e+00,-1.000000000e+00,-1.000000000e+00,0.000000000e+00,-9.999956489e-01,4.342942646e-07,1.000000000e+00,-6.989678144e-01,0.000000000e+00,4.342942646e-07,8.451838493e-01
64,19,0,6.091022491e-01,3.678727150e-01,-1.692246914e+00,1.367603540e+00,-6.375984102e-02,-3.019705534e+00,-3.024133921e+00,-2.530153513e+00,-2.575861216e+00,-2.288986683e+00,-2.670792103e+00,-3.260597706e+00,1.153731108e+00,3.000000000e+00,9.000000000e+00,1.600000000e+01,0.000000000e+00,-1.644183517e+00,1.467134595e+00,1.634837240e-01,1.000000000e+00,-2.060091019e+00,-4.116320133e+00,-2.566371672e-02,1.466910005e+00,-2.969156981e+00,-2.301283598e+00,1.779354215e+00,1.153731108e+00,0.000000000e+00,0.000000000e+00,0.000000000e+00,0.000000000e+00,-1.000000000e+00,-1.000000000e+00,-1.000000000e+00,0.000000000e+00,-9.999956489e-01,4.342942646e-07,1.000000000e+00,-6.989678144e-01,0.000000000e+00,6.263463497e-01,9.952006340e-01
64,20,0,7.766394019e-01,4.740691483e-01,-1.573273778e+00,1.455134630e+00,1.329154521e-01,-3.257615566e+00,-3.145349979e+00,-2.195569038e+00,-2.168566942e+00,-1.893032789e+00,-2.824329376e+00,-3.559395075e+00,1.321050763e+00,2.000000000e+00,8.000000000e+00,1.300000000e+01,0.000000000e+00,1.649286151e+00,2.718359709e+00,3.411912918e-01,1.000000000e+00,-2.047310829e+00,-4.089963436e+00,1.527756810e+00,2.717455149e+00,-1.114937425e+00,-2.349832296e+00,1.465260625e+00,1.321050763e+00,0.000000000e+00,0.000000000e+00,0.000000000e+00,0.000000000e+00,-1.000000000e+00,-1.000000000e+00,-1.000000000e+00,0.000000000e+00,-9.999956489e-01,4.342942646e-07,1.000000000e+00,-6.989678144e-01,1.000000000e+00,7.619816065e-01,9.827411771e-01
64,21,0,6.978738308e-01,3.424941301e-01,-1.727543116e+00,1.514357686e+00,2.299634926e-02,-2.937184811e+00,-2.933962107e+00,-2.464135885e+00,-2.474145412e+00,-2.108826876e+00,-2.770918131e+00,-3.292088747e+00,1.458785295e+00,4.000000000e+00,1.100000000e+01,1.800000000e+01,0.000000000e+00,9.050186872e-01,2.561392069e+00,2.590853870e-01,1.000000000e+00,-2.070009470e+00,-4.137361526e+00,-1.279510260e+00,2.561392069e+00,-4.090899944e+00,-2.425324440e+00,4.203845978e+00,1.458785295e+00,0.000000000e+00,0.000000000e+00,0.000000000e+00,0.000000000e+00,-1.000000000e+00,-1.000000000e+00,-1.000000000e+00,0.000000000e+00,-9.999956489e-01,4.342942646e-07,1.000000000e+00,-6.989678144e-01,1.000000000e+00,4.342942646e-07,9.963131547e-01
64,22,0,6.832143068e-01,2.643104792e-01,-1.794219851e+00,1.491621494e+00,2.601278247e-04,-2.830861568e+00,-2.825733423e+00,-2.306614876e+00,-2.301719666e+00,-1.887765169e+00,-2.746868372e+00,-3.249288082e+00,1.619235039e+00,4.000000000e+00,1.100000000e+01,1.800000000e+01,0.000000000e+00,-1.124335527e+00,1.326161981e+00,2.363491803e-01,1.000000000e+00,-2.058507681e+00,-4.116734505e+00,5.615613982e-02,1.325534821e+00,-2.509820700e+00,-2.477330923e+00,1.683310509e+00,1.619235039e+00,0.000000000e+00,0.000000000e+00,0.000000000e+00,0.000000000e+00,-1.000000000e+00,-1.000000000e+00,-1.000000000e+00,0.000000000e+00,-9.999956489e-01,4.342942646e-07,1.000000000e+00,-6.989678144e-01,0.000000000e+00,4.342942646e-07,9.982110262e-01
65,0,0,9.299719930e-01,1.928864121e-01,-1.671441555e+00,1.605466843e+00,8.695311099e-02,-2.568451405e+00,-2.580164194e+00,-2.027272940e+00,-2.060211182e+00,-1.290224791e+00,-2.802453279e+00,-3.304821014e+00,-2.381852150e+00,9.000000000e+00,1.200000000e+01,1.900000000e+01,0.000000000e+00,7.009125948e-01,1.640916467e+00,3.267133236e-01,1.000000000e+00,-1.864316344e+00,-3.734740973e+00,1.566067785e-01,1.640682936e+00,-2.096486568e+00,-2.601260424e+00,2.254069328e+00,2.381852150e+00,0.000000000e+00,0.000000000e+00,0.000000000e+00,0.000000000e+00,-1.000000000e+00,-1.000000000e+00,-1.000000000e+00,0.000000000e+00,-9.999956489e-01,4.342942646e-07,1.000000000e+00,-6.989678144e-01,0.000000000e+00,4.342942646e-07,9.989746809e-01
65,1,0,1.004221082e+00,3.182846010e-01,-1.581782818e+00,1.659336329e+00,1.152684689e-01,-2.731741905e+00,-2.725991964e+00,-2.273608685e+00,-2.254928589e+00,-1.587736845e+00,-2.908386707e+00,-3.416777372e+00,-2.261782646e+00,8.000000000e+00,1.200000000e+01,2.000000000e+01,0.000000000e+00,-2.948236763e-01,1.440570116e+00,3.583064079e-01,1.000000000e+00,-1.900049210e+00,-3.801840782e+00,-3.805586323e-02,1.440330386e+00,-2.611169815e+00,-2.585852861e+00,2.145554543e+00,2.261782646e+00,1.000000000e+00,1.000000000e+00,0.000000000e+00,2.000000000e+00,5.000000000e+00,8.000000000e+00,3.000000000e+00,1.000000000e+00,-4.699575424e+00,-1.457520723e+00,9.159306288e-01,-4.685422421e+00,1.000000000e+00,4.342942646e-07,9.970934391e-01
65,2,0,7.289923429e-01,2.845349014e-01,-1.737890005e+00,1.370949388e+00,-1.731180698e-01,-2.838910341e+00,-2.834074020e+00,-2.389142275e+00,-2.394000769e+00,-1.944753051e+00,-2.755620241e+00,-3.282833815e+00,-1.682575345e+00,6.000000000e+00,1.200000000e+01,2.000000000e+01,1.000000000e+00,-9.023618698e-01,1.493671536e+00,6.991970539e-02,9.523809552e-01,-2.022402763e+00,-4.044486046e+00,-2.459336221e-01,1.493599534e+00,-2.924212694e+00,-2.466778755e+00,2.188661575e+00,1.682575345e+00,0.000000000e+00,0.000000000e+00,0.000000000e+00,0.000000000e+00,-1.000000000e+00,-1.000000000e+00,-1.000000000e+00,0.000000000e+00,-9.999956489e-01,4.342942646e-07,1.000000000e+00,-6.989678144e-01,0.000000000e+00,4.342942646e-07,9.978691339e-01
65,3,0,5.116876364e-01,1.992434412e-01,-1.854765773e+00,1.276550889e+00,-2.148101479e-01,-2.813604116e+00,-2.822010756e+00,-2.312913656e+00,-2.381005764e+00,-2.000515223e+00,-2.570602894e+00,-3.125750780e+00,-1.347176671e+00,5.000000000e+00,1.000000000e+01,1.800000000e+01,0.000000000e+00,-6.067889333e-01,1.718005538e+00,2.127871290e-02,1.000000000e+00,-2.053991079e+00,-4.107518196e+00,1.240101337e+00,1.692527056e+00,-1.340242624e+00,-2.366383553e+00,8.329715133e-01,1.347176671e+00,0.000000000e+00,0.000000000e+00,0.000000000e+00,0.000000000e+00,-1.000000000e+00,-1.000000000e+00,-1.000000000e+00,0.000000000e+00,-9.999956489e-01,4.342942646e-07,1.000000000e+00,-6.989678144e-01,0.000000000e+00,4.342942646e-07,9.989264607e-01
65,4,0,4.744111598e-01,4.485312998e-01,-1.688187838e+00,1.998058438e+00,5.666946173e-01,-3.221270800e+00,-3.221409321e+00,-2.750905275e+00,-2.785195351e+00,-2.725039482e+00,-2.611138582e+00,-3.247106075e+00,-3.486650586e-01,4.000000000e+00,1.000000000e+01,1.600000000e+01,0.000000000e+00,1.679550529e+00,3.565045357e+00,7.939383388e-01,1.000000000e+00,-2.136680841e+00,-4.265565872e+00,-1.699709147e-01,3.565045357e+00,-3.402863741e+00,-2.162557125e+00,3.794815540e+00,3.486650586e-01,0.000000000e+00,0.000000000e+00,0.000000000e+00,0.000000000e+00,-1.000000000e+00,-1.000000000e+00,-1.000000000e+00,0.000000000e+00,-9.999956489e-01,4.342942646e-07,1.000000000e+00,-6.989678144e-01,0.000000000e+00,4.342942646e-07,9.876573086e-01
65,5,1,6.706421375e-01,6.626684666e-01,-1.484639764e+00,1.342557907e+00,-1.198396683e-01,-3.312593699e+00,-3.398258686e+00,-2.516252756e+00,-2.873495579e+00,-2.508281708e+00,-2.817714453e+00,-3.320550919e+00,-1.922117025e-01,4.000000000e+00,1.000000000e+01,1.700000000e+01,0.000000000e+00,1.664216638e+00,3.340547800e+00,1.121091694e-01,1.000000000e+00,-2.147260427e+00,-4.286202908e+00,1.342708588e+00,3.340525866e+00,-2.193712234e+00,-2.155232906e+00,2.363201141e+00,1.922117025e-01,2.000000000e+00,0.000000000e+00,2.000000000e+00,3.000000000e+00,0.000000000e+00,1.000000000e+01,1.000000000e+00,1.000000000e+00,-5.060006618e+00,-1.824943781e+00,6.317963600e-01,-5.054291725e+00,1.000000000e+00,4.342942646e-07,6.903797388e-01
65,6,0,7.069200873e-01,3.593242168e-01,-1.702708006e+00,1.337897420e+00,-1.245001033e-01,-2.919499159e+00,-2.883236408e+00,-2.318945885e+00,-2.253851414e+00,-1.971399784e+00,-2.772608042e+00,-3.266652584e+00,1.438769817e+00,3.000000000e+00,9.000000000e+00,1.700000000e+01,0.000000000e+00,-3.590897560e+00,1.752505749e-01,1.074487343e-01,1.000000000e+00,-2.062003851e+00,-4.122206688e+00,-1.409638047e+00,1.751036495e-01,-4.018348217e+00,-2.409538507e+00,1.865244389e+00,1.438769817e+00,0.000000000e+00,0.000000000e+00,0.000000000e+00,0.000000000e+00,-1.000000000e+00,-1.000000000e+00,-1.000000000e+00,0.000000000e+00,-9.999956489e-01,4.342942646e-07,1.000000000e+00,-6.989678144e-01,1.000000000e+00,4.342942646e-07,9.956159592e-01
66,0,0,1.156498790e+00,3.604404926e-01,-1.598038077e+00,1.408947706e+00,8.672857285e-02,-2.969416380e+00,-3.152352095e+00,-2.268179893e+00,-2.536414862e+00,-1.472188950e+00,-3.116673470e+00,-3.763354063e+00,-2.519682646e+00,8.000000000e+00,9.000000000e+00,1.300000000e+01,0.000000000e+00,-2.915504217e+00,6.768735498e-02,2.950044274e-01,1.000000000e+00,-1.958456159e+00,-3.915647507e+00,-2.613939643e-01,1.381725911e-02,-3.157774448e+00,-2.754307270e+00,1.339301467e+00,2.519682646e+00,0.000000000e+00,0.000000000e+00,0.000000000e+00,0.000000000e+00,-1.000000000e+00,-1.000000000e+00,-1.000000000e+00,0.000000000e+00,-9.999956489e-01,4.342942646e-07,1.000000000e+00,-6.989678144e-01,0.000000000e+00,4.342942646e-07,9.955643415e-01
66,1,1,1.037264466e+00,3.159108758e-01,-1.123786569e+00,6.297770143e-01,-4.116146863e-01,-2.554457664e+00,-2.240466118e+00,-1.039930344e+00,-1.047129154e+00,-3.185804188e-01,-2.482108593e+00,-3.275147915e+00,-2.344980478e+00,0.000000000e+00,5.000000000e+00,8.000000000e+00,1.000000000e+00,-1.258953810e-01,2.766220868e-01,-2.733123004e-01,8.888888955e-01,-1.439691067e+00,-2.884346008e+00,-2.334586531e-01,2.548351288e-01,-1.596486926e+00,-2.160994053e+00,1.216838717e+00,2.344980478e+00,2.000000000e+00,2.000000000e+00,0.000000000e+00,2.000000000e+00,5.000000000e+00,3.100000000e+01,3.000000000e+00,1.000000000e+00,-4.701275349e+00,-1.940051913e+00,-9.907410741e-01,-4.696566105e+00,1.000000000e+00,4.342942646e-07,9.971585274e-01
66,2,0,1.053563476e+00,4.565503299e-01,-1.500505805e+00,1.595181584e+00,5.111382157e-02,-2.925594807e+00,-2.913152218e+00,-2.460293293e+00,-2.433100939e+00,-1.863373637e+00,-3.012634516e+00,-3.521528482e+00,-2.051430941e+00,7.000000000e+00,1.100000000e+01,2.000000000e+01,0.000000000e+00,6.618935466e-01,2.194385767e+00,2.941517234e-01,1.000000000e+00,-1.957030416e+00,-3.913018703e+00,3.049124777e-01,2.194349527e+00,-2.584689617e+00,-2.553927422e+00,2.459192276e+00,2.051430941e+00,1.000000000e+00,1.000000000e+00,0.000000000e+00,1.000000000e+00,-5.000000000e+00,1.700000000e+01,1.000000000e+00,1.000000000e+00,-5.289783001e+00,-2.319068909e+00,-7.200023532e-01,-5.288109303e+00,1.000000000e+00,5.737133622e-01,9.863135815e-01
66,3,0,8.710978031e-01,3.348987401e-01,-1.615572691e+00,1.796179771e+00,3.982399106e-01,-2.793154478e+00,-2.775446892e+00,-2.187540531e+00,-2.154963017e+00,-1.651388764e+00,-2.826171875e+00,-3.328696966e+00,-1.905924916e+00,7.000000000e+00,9.000000000e+00,1.500000000e+01,0.000000000e+00,1.289568424e+00,2.296405554e+00,6.200886369e-01,1.000000000e+00,-1.950450420e+00,-3.902372122e+00,8.147839308e-01,2.296169043e+00,-1.675119042e+00,-2.486555099e+00,1.984992623e+00,1.905924916e+00,0.000000000e+00,0.000000000e+00,0.000000000e+00,0.000000000e+00,-1.000000000e+00,-1.000000000e+00,-1.000000000e+00,0.000000000e+00,-9.999956489e-01,4.342942646e-07,1.000000000e+00,-6.989678144e-01,1.000000000e+00,4.342942646e-07,9.965830445e-01
66,4,0,8.661670685e-01,3.169434667e-01,-1.645913720e+00,1.589103222e+00,-1.961011672e-03,-2.815996170e+00,-2.805399179e+00,-2.299255133e+00,-2.288732052e+00,-1.750093222e+00,-2.832670927e+00,-3.364498138e+00,-1.937228680e+00,8.000000000e+00,1.300000000e+01,2.200000000e+01,0.000000000e+00,-3.690120876e-01,1.565653920e+00,2.466807067e-01,1.000000000e+00,-1.962836385e+00,-3.925997496e+00,-2.684720755e-01,1.565607309e+00,-2.873907804e+00,-2.511958838e+00,2.372622252e+00,1.937228680e+00,0.000000000e+00,0.000000000e+00,0.000000000e+00,0.000000000e+00,-1.000000000e+00,-1.000000000e+00,-1.000000000e+00,0.000000000e+00,-9.999956489e-01,4.342942646e-07,1.000000000e+00,-6.989678144e-01,0.000000000e+00,4.342942646e-07,9.971304536e-01
66,5,0,9.295800924e-01,4.209952652e-01,-1.417471290e+00,1.163698196e+00,-6.675031781e-02,-3.138088465e+00,-2.959815502e+00,-2.126126051e+00,-2.037791252e+00,-1.617581010e+00,-2.768266678e+00,-3.645347118e+00,-1.839260817e+00,3.000000000e+00,6.000000000e+00,1.100000000e+01,1.000000000e+00,3.157461882e-01,1.794214725e+00,1.223057136e-01,9.166666865e-01,-1.838447690e+00,-3.675357580e+00,1.286810875e+00,1.772143245e+00,-1.172016263e+00,-2.346966028e+00,9.055694342e-01,1.839260817e+00,0.000000000e+00,0.000000000e+00,0.000000000e+00,0.000000000e+00,-1.000000000e+00,-1.000000000e+00,-1.000000000e+00,0.000000000e+00,-9.999956489e-01,4.342942646e-07,1.000000000e+00,-6.989678144e-01,0.000000000e+00,4.342942646e-07,9.912281036e-01
66,6,0,5.290533304e-01,5.280842781e-01,-1.624536395e+00,1.407837629e+00,-5.456004664e-02,-3.176345110e+00,-3.290359259e+00,-2.425515175e+00,-2.733363390e+00,-2.424546480e+00,-2.681491613e+00,-3.177312851e+00,-6.682875752e-02,4.000000000e+00,1.000000000e+01,1.700000000e+01,0.000000000e+00,1.568881512e+00,3.209102631e+00,1.773888171e-01,1.000000000e+00,-2.152577162e+00,-4.296602249e+00,-5.974359512e-01,3.209102631e+00,-3.855992079e+00,-2.153546095e+00,4.114547729e+00,6.682875752e-02,1.000000000e+00,0.000000000e+00,1.000000000e+00,3.000000000e+00,0.000000000e+00,1.000000000e+00,1.000000000e+00,1.000000000e+00,-5.424932480e+00,-3.358951569e+00,-2.414120913e+00,-5.424793243e+00,1.000000000e+00,-2.901544869e-01,9.627788067e-01
66,7,0,6.100364327e-01,6.080521941e-01,-1.582914710e+00,1.567126513e+00,1.357629448e-01,-3.169940948e+00,-3.246589661e+00,-2.523886204e+00,-2.766488791e+00,-2.521902561e+00,-2.800766230e+00,-3.171922207e+00,9.566470236e-02,5.000000000e+00,1.000000000e+01,1.600000000e+01,0.000000000e+00,6.551512480e-01,2.849622726e+00,3.630066216e-01,1.000000000e+00,-2.190916061e+00,-4.371645927e+00,-8.766175061e-02,2.849622488e+00,-3.461199045e+00,-2.192899942e+00,3.181669950e+00,9.566470236e-02,0.000000000e+00,0.000000000e+00,0.000000000e+00,0.000000000e+00,-1.000000000e+00,-1.000000000e+00,-1.000000000e+00,0.000000000e+00,-9.999956489e-01,4.342942646e-07,1.000000000e+00,-6.989678144e-01,0.000000000e+00,4.342942646e-07,8.686251044e-01
66,8,1,5.859678388e-01,5.847091675e-01,-1.526771784e+00,1.311594605e+00,-1.508028507e-01,-3.243537664e+00,-3.334454775e+00,-2.503001213e+00,-2.821324587e+00,-2.501742840e+00,-2.697253466e+00,-3.244794130e+00,7.617174834e-02,4.000000000e+00,1.000000000e+01,1.700000000e+01,0.000000000e+00,1.573441982e+00,3.288638353e+00,8.114595711e-02,1.000000000e+00,-2.111439466e+00,-4.215800285e+00,1.458735347e+00,3.288590908e+00,-1.947547913e+00,-2.112697840e+00,2.149577379e+00,7.617174834e-02,2.000000000e+00,0.000000000e+00,2.000000000e+00,3.000000000e+00,0.000000000e+00,1.000000000e+00,1.000000000e+00,1.000000000e+00,-5.021880150e+00,-3.969840765e+00,-3.722441435e+00,-5.021838665e+00,1.000000000e+00,4.342942646e-07,9.099739194e-01
66,9,0,4.560952187e-01,4.547686279e-01,-1.693200588e+00,1.181447983e+00,-1.802792400e-01,-3.107955694e+00,-3.199583530e+00,-2.387586832e+00,-2.617850304e+00,-2.386260509e+00,-2.603927135e+00,-3.109280586e+00,7.820057869e-02,4.000000000e+00,9.000000000e+00,1.400000000e+01,1.000000000e+00,1.167840600e+00,2.970288038e+00,3.532027826e-02,9.333333373e-01,-2.147929668e+00,-4.287495613e+00,4.504998922e-01,2.970285892e+00,-2.622117281e+00,-2.149255991e+00,2.751386642e+00,7.820057869e-02,0.000000000e+00,0.000000000e+00,0.000000000e+00,0.000000000e+00,-1.000000000e+00,-1.000000000e+00,-1.000000000e+00,0.000000000e+00,-9.999956489e-01,4.342942646e-07,1.000000000e+00,-6.989678144e-01,0.000000000e+00,1.069854259e+00,9.866263270e-01
66,10,0,4.163683653e-01,3.843534589e-01,-1.753787518e+00,1.439344049e+00,-2.305356599e-02,-3.035006762e+00,-3.052106619e+00,-2.555703640e+00,-2.580572605e+00,-2.523699999e+00,-2.554873705e+00,-3.066985607e+00,3.887058794e-01,4.000000000e+00,9.000000000e+00,1.700000000e+01,0.000000000e+00,1.599683762e+00,3.323686838e+00,2.088953108e-01,1.000000000e+00,-2.138105869e+00,-4.268688679e+00,2.187592089e-01,3.323686838e+00,-2.746090412e+00,-2.170116186e+00,3.161720991e+00,3.887058794e-01,3.000000000e+00,0.000000000e+00,3.000000000e+00,3.000000000e+00,1.000000000e+00,2.000000000e+00,1.000000000e+00,1.000000000e+00,-4.503331661e+00,-2.157285690e+00,-4.439003766e-02,-4.500414848e+00,1.000000000e+00,9.102555513e-01,9.942569137e-01
66,11,0,3.442233503e-01,3.277916312e-01,-1.824373841e+00,1.469928980e+00,3.856542334e-02,-3.107785225e+00,-3.100354671e+00,-2.565244436e+00,-2.564749479e+00,-2.548818588e+00,-2.496470451e+00,-3.124195337e+00,2.768213749e-01,4.000000000e+00,1.000000000e+01,1.600000000e+01,0.000000000e+00,2.018947601e+00,3.558446169e+00,2.658090889e-01,1.000000000e+00,-2.152132750e+00,-4.295907974e+00,4.664224014e-02,3.558445930e+00,-2.845754147e+00,-2.168562174e+00,3.527597427e+00,2.768213749e-01,0.000000000e+00,0.000000000e+00,0.000000000e+00,0.000000000e+00,-1.000000000e+00,-1.000000000e+00,-1.000000000e+00,0.000000000e+00,-9.999956489e-01,4.342942646e-07,1.000000000e+00,-6.989678144e-01,0.000000000e+00,4.342942646e-07,9.968139529e-01
66,12,0,5.574876070e-01,5.201517940e-01,-1.571432233e+00,1.465800405e+00,3.402753966e-03,-3.296086550e+00,-3.271690130e+00,-2.816339016e+00,-2.803394079e+00,-2.779026508e+00,-2.649023294e+00,-3.333345175e+00,4.206196666e-01,3.000000000e+00,9.000000000e+00,1.700000000e+01,0.000000000e+00,-4.851903617e-01,2.536692619e+00,2.353516519e-01,1.000000000e+00,-2.091546535e+00,-4.176755905e+00,2.825702429e-01,2.536685944e+00,-3.040774822e+00,-2.128877640e+00,2.278354406e+00,4.206196666e-01,1.000000000e+00,0.000000000e+00,1.000000000e+00,3.000000000e+00,1.000000000e+00,2.000000000e+00,4.000000000e+00,1.000000000e+00,-4.571663380e+00,-4.969939709e+00,-5.612679958e+00,-4.571659565e+00,1.000000000e+00,-2.950676978e-01,9.669160843e-01
66,13,0,5.093706846e-01,4.511953890e-01,-1.656409860e+00,1.316577792e+00,-8.136179298e-02,-3.158532143e+00,-3.169603825e+00,-2.570684195e+00,-2.661612749e+00,-2.512529373e+00,-2.617214203e+00,-3.216617823e+00,5.292268395e-01,4.000000000e+00,9.000000000e+00,1.500000000e+01,0.000000000e+00,1.586758733e+00,3.306050062e+00,1.404867172e-01,1.000000000e+00,-2.107569218e+00,-4.208570957e+00,2.328111082e-01,3.306049824e+00,-2.879867077e+00,-2.165736675e+00,3.222263813e+00,5.292268395e-01,0.000000000e+00,0.000000000e+00,0.000000000e+00,0.000000000e+00,-1.000000000e+00,-1.000000000e+00,-1.000000000e+00,0.000000000e+00,-9.999956489e-01,4.342942646e-07,1.000000000e+00,-6.989678144e-01,0.000000000e+00,1.188232183e+00,9.872286320e-01
66,14,0,7.423282862e-01,4.746291041e-01,-1.546274662e+00,1.177754879e+00,-5.269360170e-02,-2.968874931e+00,-3.028386354e+00,-2.482112169e+00,-2.558349371e+00,-2.214473724e+00,-2.764976978e+00,-3.236229658e+00,1.227110505e+00,4.000000000e+00,6.000000000e+00,1.100000000e+01,0.000000000e+00,1.469391704e+00,2.949304581e+00,1.363624483e-01,1.000000000e+00,-2.020873547e+00,-4.039043427e+00,1.233878374e+00,2.949224234e+00,-1.799229980e+00,-2.288533688e+00,2.059298754e+00,1.227110505e+00,0.000000000e+00,0.000000000e+00,0.000000000e+00,0.000000000e+00,-1.000000000e+00,-1.000000000e+00,-1.000000000e+00,0.000000000e+00,-9.999956489e-01,4.342942646e-07,1.000000000e+00,-6.989678144e-01,0.000000000e+00,4.342942646e-07,9.826102853e-01
66,15,0,6.717460155e-01,3.497679532e-01,-1.687565327e+00,1.534008980e+00,1.026455015e-01,-2.827694178e+00,-2.812645197e+00,-2.331968784e+00,-2.319436789e+00,-2.010039568e+00,-2.713426113e+00,-3.149351597e+00,1.372227550e+00,4.000000000e+00,9.000000000e+00,1.600000000e+01,0.000000000e+00,1.427716136e+00,2.723942518e+00,3.298891485e-01,1.000000000e+00,-2.037307024e+00,-4.074078083e+00,6.926728040e-02,2.723941565e+00,-2.599855185e+00,-2.359233141e+00,2.964040995e+00,1.372227550e+00,0.000000000e+00,0.000000000e+00,0.000000000e+00,0.000000000e+00,-1.000000000e+00,-1.000000000e+00,-1.000000000e+00,0.000000000e+00,-9.999956489e-01,4.342942646e-07,1.000000000e+00,-6.989678144e-01,0.000000000e+00,4.342942646e-07,9.960297346e-01
67,0,0,1.190166712e+00,4.469326138e-01,-1.395682573e+00,1.609099507e+00,9.058574587e-02,-2.839731932e+00,-2.808171988e+00,-2.309366226e+00,-2.251312733e+00,-1.566204548e+00,-3.034358263e+00,-3.581605911e+00,-2.396249533e+00,8.000000000e+00,1.100000000e+01,1.900000000e+01,1.000000000e+00,-1.919362098e-01,1.504622936e+00,3.303459585e-01,9.499999881e-01,-1.842595577e+00,-3.685178757e+00,1.096840382e+00,1.468587756e+00,-1.601464868e+00,-2.585692644e+00,1.056910753e+00,2.396249533e+00,0.000000000e+00,0.000000000e+00,0.000000000e+00,0.000000000e+00,-1.000000000e+00,-1.000000000e+00,-1.000000000e+00,0.000000000e+00,-9.999956489e-01,4.342942646e-07,1.000000000e+00,-6.989678144e-01,1.000000000e+00,4.342942646e-07,9.879063368e-01
67,1,0,1.181648970e+00,4.622146189e-01,-1.373566628e+00,1.709951997e+00,2.185905874e-01,-2.864966869e+00,-2.861790180e+00,-2.422217131e+00,-2.417564392e+00,-1.702875495e+00,-3.018766403e+00,-3.583053589e+00,-2.340478897e+00,8.000000000e+00,1.100000000e+01,1.800000000e+01,0.000000000e+00,1.908828735e+00,2.657312632e+00,4.546796679e-01,1.000000000e+00,-1.835761547e+00,-3.671319962e+00,-1.513636485e-02,2.657311678e+00,-2.894688368e+00,-2.555069923e+00,3.387111425e+00,2.340478897e+00,1.000000000e+00,1.000000000e+00,0.000000000e+00,1.000000000e+00,-5.000000000e+00,3.400000000e+01,1.000000000e+00,1.000000000e+00,-3.846552849e+00,-1.879949331e+00,-7.685463130e-02,-3.840904713e+00,1.000000000e+00,4.342942646e-07,9.852616191e-01
67,2,0,4.647553563e-01,4.131113589e-01,-1.166656256e+00,3.364125192e-01,-1.407083273e-01,-3.124082565e+00,-3.050055027e+00,-2.526736736e+00,-2.577074766e+00,-2.475109100e+00,-2.044514418e+00,-3.175653458e+00,4.973980784e-01,4.000000000e+00,4.000000000e+00,4.000000000e+00,0.000000000e+00,-8.196833134e-01,2.065396309e+00,-2.656468749e-01,1.000000000e+00,-1.579757333e+00,-3.158954144e+00,-5.551372766e-01,2.065395117e+00,-3.543966293e+00,-1.631399155e+00,2.721945047e+00,4.973980784e-01,0.000000000e+00,0.000000000e+00,0.000000000e+00,0.000000000e+00,-1.000000000e+00,-1.000000000e+00,-1.000000000e+00,0.000000000e+00,-9.999956489e-01,4.342942646e-07,1.000000000e+00,-6.989678144e-01,0.000000000e+00,7.430922389e-01,9.920156002e-01
67,3,1,7.294433713e-01,6.560629010e-01,-1.498424649e+00,1.497560620e+00,6.619711220e-02,-3.360050201e+00,-3.391321659e+00,-2.765743971e+00,-2.867900133e+00,-2.692403078e+00,-2.883859396e+00,-3.433247566e+00,5.978172421e-01,4.000000000e+00,1.000000000e+01,1.600000000e+01,0.000000000e+00,1.371775866e+00,3.378505230e+00,2.934407294e-01,1.000000000e+00,-2.154439211e+00,-4.300487041e+00,6.470377445e-01,3.378504515e+00,-2.876918554e+00,-2.227808237e+00,2.906998396e+00,5.978172421e-01,1.000000000e+00,0.000000000e+00,1.000000000e+00,3.000000000e+00,1.000000000e+00,1.000000000e+01,2.000000000e+00,1.000000000e+00,-5.536283016e+00,-1.865674853e+00,5.658351779e-01,-5.532417297e+00,1.000000000e+00,4.342942646e-07,7.192488313e-01
67,4,0,5.667772889e-01,4.094923437e-01,-1.643079996e+00,1.436829686e+00,7.510203123e-02,-3.124327183e+00,-3.101654053e+00,-2.638833046e+00,-2.645844936e+00,-2.481605530e+00,-2.619960785e+00,-3.281359911e+00,9.032516479e-01,4.000000000e+00,8.000000000e+00,1.400000000e+01,0.000000000e+00,1.689660072e+00,3.326567173e+00,2.907016873e-01,1.000000000e+00,-2.052542448e+00,-4.100448132e+00,-2.542566136e-02,3.326567173e+00,-3.080432653e+00,-2.209805965e+00,3.516089439e+00,9.032516479e-01,1.000000000e+00,0.000000000e+00,1.000000000e+00,3.000000000e+00,2.000000000e+00,8.000000000e+00,2.000000000e+00,1.000000000e+00,-5.015542507e+00,-2.718961239e+00,-1.334842324e+00,-5.014799595e+00,1.000000000e+00,5.339767337e-01,9.923487902e-01
67,5,0,3.696531355e-01,1.808656752e-01,-1.848227501e+00,1.122238398e+00,-3.401587009e-01,-2.821409702e+00,-2.812725544e+00,-2.217984915e+00,-2.220029593e+00,-2.029222727e+00,-2.401772738e+00,-3.010040760e+00,1.001205564e+00,4.000000000e+00,1.000000000e+01,1.700000000e+01,0.000000000e+00,-1.642246097e-01,1.947156429e+00,-1.082100421e-01,1.000000000e+00,-2.029077291e+00,-4.056379795e+00,-1.142527223e+00,1.947156191e+00,-3.541984797e+00,-2.217839479e+00,3.279522419e+00,1.001205564e+00,0.000000000e+00,0.000000000e+00,0.000000000e+00,0.000000000e+00,-1.000000000e+00,-1.000000000e+00,-1.000000000e+00,0.000000000e+00,-9.999956489e-01,4.342942646e-07,1.000000000e+00,-6.989678144e-01,0.000000000e+00,4.342942646e-07,9.990583062e-01
67,6,1,1.330252528e+00,1.009533525e+00,-1.008914948e+00,1.453176737e+00,-6.533686072e-02,-3.534961224e+00,-3.564200878e+00,-2.896404028e+00,-2.985262156e+00,-2.575863600e+00,-3.347939491e+00,-3.854057074e+00,1.368928671e+00,3.000000000e+00,9.000000000e+00,1.900000000e+01,0.000000000e+00,1.426447511e+00,3.289251804e+00,1.744232476e-01,1.000000000e+00,-2.018407583e+00,-4.032403946e+00,6.471700072e-01,3.289250851e+00,-3.347078800e+00,-2.339076996e+00,3.051641226e+00,1.368928671e+00,4.000000000e+00,4.000000000e+00,0.000000000e+00,3.000000000e+00,4.000000000e+00,3.600000000e+01,2.000000000e+00,1.000000000e+00,-5.242244720e+00,-2.470839500e+00,-9.079583883e-01,-5.241034508e+00,1.000000000e+00,4.342942646e-07,2.912496166e-05
67,7,0,8.148718476e-01,4.945513010e-01,-1.628100157e+00,1.491994381e+00,2.959659323e-02,-3.082623959e+00,-3.094836473e+00,-2.524671316e+00,-2.559329033e+00,-2.204426765e+00,-2.939155340e+00,-3.402371883e+00,1.367884159e+00,4.000000000e+00,1.000000000e+01,1.700000000e+01,0.000000000e+00,1.298929214e+00,2.853960752e+00,2.615455091e-01,1.000000000e+00,-2.122612238e+00,-4.239722252e+00,-5.639886856e-01,2.853960752e+00,-3.616229534e+00,-2.442869902e+00,3.772364616e+00,1.367884159e+00,0.000000000e+00,0.000000000e+00,0.000000000e+00,0.000000000e+00,-1.000000000e+00,-1.000000000e+00,-1.000000000e+00,0.000000000e+00,-9.999956489e-01,4.342942646e-07,1.000000000e+00,-6.989678144e-01,0.000000000e+00,4.342942646e-07,9.771189094e-01
67,8,0,8.733329177e-01,2.638401687e-01,-1.684722185e+00,1.612075448e+00,1.207139492e-01,-2.733821392e+00,-2.724537849e+00,-2.211654902e+00,-2.206842661e+00,-1.602215052e+00,-2.827160358e+00,-3.342592955e+00,2.081103325e+00,7.000000000e+00,1.100000000e+01,1.800000000e+01,1.000000000e+00,5.593547225e-01,1.881920099e+00,3.568030298e-01,9.473684430e-01,-1.948544741e+00,-3.899245024e+00,-2.631786466e-01,1.881909013e+00,-2.733696461e+00,-2.557919025e+00,2.749640226e+00,2.081103325e+00,0.000000000e+00,0.000000000e+00,0.000000000e+00,0.000000000e+00,-1.000000000e+00,-1.000000000e+00,-1.000000000e+00,0.000000000e+00,-9.999956489e-01,4.342942646e-07,1.000000000e+00,-6.989678144e-01,0.000000000e+00,4.342942646e-07,9.982179999e-01
67,9,0,1.029121399e+00,3.587172329e-01,-1.543680310e+00,1.630569458e+00,3.950508684e-02,-2.795658827e+00,-2.788410902e+00,-2.354175806e+00,-2.341839552e+00,-1.683848500e+00,-2.934582710e+00,-3.465065479e+00,2.225204229e+00,8.000000000e+00,1.200000000e+01,2.200000000e+01,0.000000000e+00,5.622065663e-01,1.965067029e+00,2.881468534e-01,1.000000000e+00,-1.902377725e+00,-3.805463552e+00,2.946164310e-01,1.964967966e+00,-2.405925274e+00,-2.572654486e+00,2.328368664e+00,2.225204229e+00,1.000000000e+00,1.000000000e+00,0.000000000e+00,1.000000000e+00,5.000000000e+00,1.600000000e+01,1.000000000e+00,1.000000000e+00,-5.734916687e+00,-1.910881996e+00,-6.280088332e-03,-5.732487679e+00,1.000000000e+00,4.342942646e-07,9.956437349e-01
68,0,0,1.222152591e+00,5.720842481e-01,-1.366603613e+00,1.566196561e+00,4.768291488e-02,-3.233747005e+00,-3.234600544e+00,-2.520979166e+00,-2.542869568e+00,-1.871022701e+00,-3.160592079e+00,-3.881243467e+00,-2.177217007e+00,7.000000000e+00,1.100000000e+01,1.900000000e+01,0.000000000e+00,8.679330349e-01,2.305114985e+00,2.874431014e-01,1.000000000e+00,-1.938660145e+00,-3.874501228e+00,6.319418550e-01,2.305016994e+00,-2.483031511e+00,-2.588597536e+00,2.345006227e+00,2.177217007e+00,2.000000000e+00,2.000000000e+00,0.000000000e+00,2.000000000e+00,5.000000000e+00,3.200000000e+01,3.000000000e+00,1.000000000e+00,-5.756615162e+00,-2.349256039e+00,-8.174134493e-01,-5.755782604e+00,1.000000000e+00,4.342942646e-07,9.264606237e-01
68,1,0,9.272249937e-01,3.781356514e-01,-1.627504587e+00,1.680186629e+00,1.616728306e-01,-2.872279644e+00,-2.870904684e+00,-2.428530216e+00,-2.420553207e+00,-1.879524231e+00,-2.936231852e+00,-3.420547485e+00,-1.936906338e+00,7.000000000e+00,1.100000000e+01,1.900000000e+01,0.000000000e+00,8.740231395e-01,2.316571474e+00,4.014330506e-01,1.000000000e+00,-2.005614519e+00,-4.010567665e+00,-1.237241775e-01,2.316568613e+00,-2.922164679e+00,-2.554592133e+00,2.981251717e+00,1.936906338e+00,0.000000000e+00,0.000000000e+00,0.000000000e+00,0.000000000e+00,-1.000000000e+00,-1.000000000e+00,-1.000000000e+00,0.000000000e+00,-9.999956489e-01,4.342942646e-07,1.000000000e+00,-6.989678144e-01,0.000000000e+00,4.342942646e-07,9.946371913e-01
68,2,0,7.397418022e-01,1.672200263e-01,-1.912972212e+00,1.676161766e+00,2.137639523e-01,-2.656152725e+00,-2.652135134e+00,-2.212980747e+00,-2.209723711e+00,-1.640510559e+00,-2.834332228e+00,-3.228136778e+00,-1.993025184e+00,6.000000000e+00,1.000000000e+01,1.700000000e+01,0.000000000e+00,8.574786782e-01,2.069282293e+00,4.457128942e-01,1.000000000e+00,-2.080175400e+00,-4.168663025e+00,-2.124507539e-02,2.069267988e+00,-2.398150682e+00,-2.652554274e+00,2.659703970e+00,1.993025184e+00,0.000000000e+00,0.000000000e+00,0.000000000e+00,0.000000000e+00,-1.000000000e+00,-1.000000000e+00,-1.000000000e+00,0.000000000e+00,-9.999956489e-01,4.342942646e-07,1.000000000e+00,-6.989678144e-01,0.000000000e+00,4.342942646e-07,9.991425276e-01
68,3,0,9.178236127e-01,3.311429918e-01,-1.635154486e+00,1.645729184e+00,1.272154450e-01,-2.805286646e+00,-2.797291994e+00,-2.350255728e+00,-2.329869032e+00,-1.763646960e+00,-2.888006449e+00,-3.391174555e+00,-2.026819468e+00,6.000000000e+00,1.100000000e+01,1.900000000e+01,1.000000000e+00,8.738971949e-01,2.200623751e+00,3.669756651e-01,9.499999881e-01,-1.966275930e+00,-3.933095694e+00,-2.273733765e-01,2.200620651e+00,-2.888142824e+00,-2.552841663e+00,2.994127512e+00,2.026819468e+00,0.000000000e+00,0.000000000e+00,0.000000000e+00,0.000000000e+00,-1.000000000e+00,-1.000000000e+00,-1.000000000e+00,0.000000000e+00,-9.999956489e-01,4.342942646e-07,1.000000000e+00,-6.989678144e-01,0.000000000e+00,8.996913433e-01,9.967074394e-01
68,4,0,1.342251539e+00,7.862370014e-01,-1.217704415e+00,1.768462300e+00,3.060645163e-01,-3.276565552e+00,-3.269274235e+00,-2.806878328e+00,-2.816097021e+00,-2.251064777e+00,-3.345828533e+00,-3.830452681e+00,-1.953517318e+00,6.000000000e+00,1.100000000e+01,1.700000000e+01,0.000000000e+00,3.412169516e-01,2.421753883e+00,5.380135179e-01,1.000000000e+00,-2.003904819e+00,-4.004083633e+00,2.584725246e-02,2.421750307e+00,-3.575135708e+00,-2.559805393e+00,2.960874796e+00,1.953517318e+00,0.000000000e+00,0.000000000e+00,0.000000000e+00,0.000000000e+00,-1.000000000e+00,-1.000000000e+00,-1.000000000e+00,0.000000000e+00,-9.999956489e-01,4.342942646e-07,1.000000000e+00,-6.989678144e-01,0.000000000e+00,4.342942646e-07,9.748316556e-02
68,5,0,1.117316842e+00,6.313461065e-01,-1.404739857e+00,1.714346409e+00,1.702786535e-01,-3.149856329e+00,-3.149799585e+00,-2.671749830e+00,-2.689406872e+00,-2.185916662e+00,-3.153947830e+00,-3.634564400e+00,-1.784332871e+00,6.000000000e+00,1.200000000e+01,2.000000000e+01,0.000000000e+00,-1.290031791e+00,1.540985346e+00,4.133166075e-01,1.000000000e+00,-2.036049843e+00,-4.068235874e+00,-4.310379922e-01,1.540960670e+00,-3.749558210e+00,-2.521923065e+00,2.475063086e+00,1.784332871e+00,1.000000000e+00,1.000000000e+00,0.000000000e+00,1.000000000e+00,-5.000000000e+00,1.200000000e+01,2.000000000e+00,1.000000000e+00,-5.837924957e+00,-1.826840878e+00,4.314912856e-01,-5.835914612e+00,1.000000000e+00,4.342942646e-07,8.087528944e-01
68,6,0,4.782211781e-01,1.465697885e-01,-1.900216937e+00,1.399991870e+00,-6.240571663e-02,-2.762435675e+00,-2.759007215e+00,-2.309073687e+00,-2.316136360e+00,-1.977469444e+00,-2.531269073e+00,-3.093799591e+00,-1.397480726e+00,5.000000000e+00,1.000000000e+01,1.700000000e+01,0.000000000e+00,1.643447995e+00,2.799234867e+00,1.695431322e-01,1.000000000e+00,-2.046772718e+00,-4.094583511e+00,-4.709461331e-02,2.799234390e+00,-2.509750366e+00,-2.378368855e+00,3.184945107e+00,1.397480726e+00,0.000000000e+00,0.000000000e+00,0.000000000e+00,0.000000000e+00,-1.000000000e+00,-1.000000000e+00,-1.000000000e+00,0.000000000e+00,-9.999956489e-01,4.342942646e-07,1.000000000e+00,-6.989678144e-01,0.000000000e+00,4.342942646e-07,9.992517829e-01
68,7,0,6.496213078e-01,3.126642406e-01,-1.711707830e+00,1.255455613e+00,-1.759076416e-01,-2.902713776e+00,-2.916384697e+00,-2.329079151e+00,-2.395026445e+00,-1.992172122e+00,-2.676809549e+00,-3.239264011e+00,-1.411264777e+00,3.000000000e+00,9.000000000e+00,1.600000000e+01,0.000000000e+00,1.843766332e+00,2.914098263e+00,5.133587494e-02,1.000000000e+00,-2.024348497e+00,-4.046923637e+00,2.954492113e-03,2.914098024e+00,-2.704624176e+00,-2.361251831e+00,3.313956261e+00,1.411264777e+00,0.000000000e+00,0.000000000e+00,0.000000000e+00,0.000000000e+00,-1.000000000e+00,-1.000000000e+00,-1.000000000e+00,0.000000000e+00,-9.999956489e-01,4.342942646e-07,1.000000000e+00,-6.989678144e-01,0.000000000e+00,4.342942646e-07,9.972444773e-01
68,8,1,2.093713999e+00,1.759826660e+00,-2.212411463e-01,1.521657109e+00,-2.241053805e-02,-3.943734646e+00,-4.115970612e+00,-3.099182844e+00,-3.339490175e+00,-2.765588522e+00,-4.069522381e+00,-4.273229122e+00,1.403294563e+00,4.000000000e+00,1.000000000e+01,2.000000000e+01,0.000000000e+00,3.849355280e-01,2.959026575e+00,2.206273079e-01,1.000000000e+00,-1.981027126e+00,-3.958042860e+00,1.734025359e+00,2.958254576e+00,-3.365233421e+00,-2.314866066e+00,1.798810124e+00,1.403294563e+00,4.000000000e+00,4.000000000e+00,0.000000000e+00,3.000000000e+00,4.000000000e+00,2.300000000e+01,1.000000000e+00,1.000000000e+00,-4.978391171e+00,-1.514095545e+00,9.077273011e-01,-4.966525078e+00,1.000000000e+00,4.342942646e-07,2.061153470e-09
68,9,1,1.651392817e+00,1.264962316e+00,-6.137124896e-01,1.425836325e+00,1.036171764e-01,-2.831768513e+00,-3.405992985e+00,-1.168967366e+00,-2.009513140e+00,-7.825405598e-01,-3.537085056e+00,-3.217776299e+00,1.537809134e+00,0.000000000e+00,7.000000000e+00,1.300000000e+01,0.000000000e+00,9.354456067e-01,1.281887531e+00,3.118929863e-01,1.000000000e+00,-1.878643513e+00,-3.763341427e+00,8.486473560e-01,1.250145912e+00,-2.425756454e+00,-2.265027046e+00,1.628506541e+00,1.537809134e+00,0.000000000e+00,0.000000000e+00,0.000000000e+00,0.000000000e+00,-1.000000000e+00,-1.000000000e+00,-1.000000000e+00,0.000000000e+00,-9.999956489e-01,4.342942646e-07,1.000000000e+00,-6.989678144e-01,1.000000000e+00,4.342942646e-07,2.061153470e-09
69,0,0,1.106036186e+00,3.704358637e-01,-1.515428424e+00,1.706900716e+00,1.883870363e-01,-2.754774094e+00,-2.759067059e+00,-2.306817770e+00,-2.313783646e+00,-1.571289062e+00,-2.995448351e+00,-3.489279509e+00,-2.378372908e+00,8.000000000e+00,1.100000000e+01,1.900000000e+01,0.000000000e+00,6.730789542e-01,1.907857060e+00,4.281472564e-01,1.000000000e+00,-1.885844827e+00,-3.773136854e+00,-2.054837346e-01,1.907844186e+00,-2.889456272e+00,-2.621297121e+00,2.855752707e+00,2.378372908e+00,1.000000000e+00,1.000000000e+00,0.000000000e+00,1.000000000e+00,-5.000000000e+00,1.500000000e+01,1.000000000e+00,1.000000000e+00,-4.402595520e+00,-1.428281665e+00,9.481877685e-01,-4.387085915e+00,1.000000000e+00,1.231909633e+00,9.950668812e-01
69,1,0,1.025477052e+00,3.701201677e-01,-1.545687437e+00,1.663290620e+00,1.192227677e-01,-2.797571898e+00,-2.785375118e+00,-2.247480392e+00,-2.226202011e+00,-1.592183232e+00,-2.944293499e+00,-3.451970100e+00,-2.189707518e+00,8.000000000e+00,1.200000000e+01,2.000000000e+01,0.000000000e+00,1.136580706e+00,2.160495043e+00,3.622606695e-01,1.000000000e+00,-1.915786743e+00,-3.832061052e+00,-1.705754399e-01,2.160490274e+00,-2.766717196e+00,-2.571017742e+00,2.965033054e+00,2.189707518e+00,0.000000000e+00,0.000000000e+00,0.000000000e+00,0.000000000e+00,-1.000000000e+00,-1.000000000e+00,-1.000000000e+00,0.000000000e+00,-9.999956489e-01,4.342942646e-07,1.000000000e+00,-6.989678144e-01,1.000000000e+00,4.342942646e-07,9.950835705e-01
69,2,0,6.683999896e-01,3.952288926e-01,-1.523908496e+00,1.003688931e+00,1.585911810e-01,-2.585056067e+00,-2.635491848e+00,-9.609075785e-01,-1.228859425e+00,-6.877382994e-01,-2.632572651e+00,-2.858081102e+00,1.242040873e+00,0.000000000e+00,5.000000000e+00,6.000000000e+00,0.000000000e+00,1.589043260e+00,1.769878387e+00,2.255379409e-01,1.000000000e+00,-1.919115543e+00,-3.880202293e+00,1.721502423e+00,1.420077324e+00,9.740727395e-02,-2.192255497e+00,2.397012860e-01,1.242040873e+00,0.000000000e+00,0.000000000e+00,0.000000000e+00,0.000000000e+00,-1.000000000e+00,-1.000000000e+00,-1.000000000e+00,0.000000000e+00,-9.999956489e-01,4.342942646e-07,1.000000000e+00,-6.989678144e-01,1.000000000e+00,1.223654389e+00,9.935109019e-01
69,3,0,8.287656903e-01,4.896030724e-01,-1.525018334e+00,1.422199607e+00,-4.019810259e-02,-3.088236332e+00,-3.083554983e+00,-2.536592960e+00,-2.545647383e+00,-2.197511435e+00,-2.844321012e+00,-3.426769495e+00,1.416981339e+00,3.000000000e+00,9.000000000e+00,1.700000000e+01,0.000000000e+00,1.650327325e+00,3.022743940e+00,1.917507648e-01,1.000000000e+00,-2.014590979e+00,-4.025860310e+00,1.172866896e-01,3.022743464e+00,-2.917757034e+00,-2.353700399e+00,3.253560781e+00,1.416981339e+00,0.000000000e+00,0.000000000e+00,0.000000000e+00,0.000000000e+00,-1.000000000e+00,-1.000000000e+00,-1.000000000e+00,0.000000000e+00,-9.999956489e-01,4.342942646e-07,1.000000000e+00,-6.989678144e-01,1.000000000e+00,1.185722575e-01,9.786486030e-01
69,4,0,8.515706062e-01,4.762151837e-01,-1.521502137e+00,1.749796629e+00,2.057288736e-01,-3.050379276e+00,-3.050472260e+00,-2.560160398e+00,-2.575494528e+00,-2.184896231e+00,-2.850333691e+00,-3.425065279e+00,1.509765506e+00,5.000000000e+00,1.100000000e+01,2.000000000e+01,0.000000000e+00,-1.159501821e-01,2.126996756e+00,4.487668276e-01,1.000000000e+00,-1.997688413e+00,-3.992512465e+00,-1.689604670e-02,2.126985550e+00,-3.068261147e+00,-2.372984648e+00,2.534407377e+00,1.509765506e+00,4.000000000e+00,4.000000000e+00,0.000000000e+00,3.000000000e+00,4.000000000e+00,6.000000000e+00,1.000000000e+00,1.000000000e+00,-2.877268076e+00,-2.680791140e+00,-1.364713430e+00,-2.876364470e+00,1.000000000e+00,4.342942646e-07,9.822334051e-01
69,5,0,8.525558114e-01,4.704765379e-01,-1.576349854e+00,1.581216335e+00,8.985489607e-02,-3.014862537e+00,-2.976088524e+00,-2.464616537e+00,-2.379724264e+00,-2.082611322e+00,-2.901587963e+00,-3.396308422e+00,1.526808977e+00,4.000000000e+00,1.100000000e+01,1.800000000e+01,0.000000000e+00,4.392953217e-01,2.302378178e+00,3.259439766e-01,1.000000000e+00,-2.046794176e+00,-4.090834618e+00,6.105672121e-01,2.302288532e+00,-2.239662170e+00,-2.428805351e+00,1.988860369e+00,1.526808977e+00,4.000000000e+00,4.000000000e+00,0.000000000e+00,3.000000000e+00,4.000000000e+00,6.000000000e+00,1.000000000e+00,1.000000000e+00,-5.095026016e+00,-1.818587303e+00,4.697430134e-01,-5.089290619e+00,1.000000000e+00,4.342942646e-07,9.835542440e-01
69,6,0,7.150233388e-01,2.717066109e-01,-1.754542708e+00,1.480246782e+00,-3.826684877e-02,-2.832301378e+00,-2.827958822e+00,-2.384268045e+00,-2.389769316e+00,-1.941018581e+00,-2.745693207e+00,-3.275094748e+00,1.679760337e+00,4.000000000e+00,1.100000000e+01,1.900000000e+01,0.000000000e+00,1.074943542e+00,2.478528500e+00,2.014932930e-01,1.000000000e+00,-2.026227713e+00,-4.052259922e+00,-4.588612318e-01,2.478528023e+00,-3.119872093e+00,-2.469462633e+00,3.385903597e+00,1.679760337e+00,0.000000000e+00,0.000000000e+00,0.000000000e+00,0.000000000e+00,-1.000000000e+00,-1.000000000e+00,-1.000000000e+00,0.000000000e+00,-9.999956489e-01,4.342942646e-07,1.000000000e+00,-6.989678144e-01,0.000000000e+00,4.342942646e-07,9.980946183e-01
69,7,0,5.838741660e-01,1.461720765e-01,-1.879289865e+00,1.381710291e+00,-1.368031800e-01,-2.708622694e+00,-2.704642296e+00,-2.264073610e+00,-2.267407417e+00,-1.826421857e+00,-2.617416382e+00,-3.145938873e+00,1.665887713e+00,5.000000000e+00,1.100000000e+01,1.900000000e+01,0.000000000e+00,4.366459846e-01,2.044790506e+00,1.029568911e-01,1.000000000e+00,-2.025448561e+00,-4.054268360e+00,1.453227084e-02,2.044771671e+00,-2.399018764e+00,-2.463070631e+00,2.471198559e+00,1.665887713e+00,0.000000000e+00,0.000000000e+00,0.000000000e+00,0.000000000e+00,-1.000000000e+00,-1.000000000e+00,-1.000000000e+00,0.000000000e+00,-9.999956489e-01,4.342942646e-07,1.000000000e+00,-6.989678144e-01,0.000000000e+00,4.342942646e-07,9.992536902e-01
69,8,0,1.127038002e+00,5.144501328e-01,-1.452919364e+00,1.688641667e+00,1.701280028e-01,-2.980365992e+00,-2.973828793e+00,-2.532995462e+00,-2.516875744e+00,-1.920519471e+00,-3.095794439e+00,-3.591669559e+00,2.088453531e+00,7.000000000e+00,1.100000000e+01,1.900000000e+01,0.000000000e+00,8.984412551e-01,2.369776964e+00,4.098882377e-01,1.000000000e+00,-1.967341423e+00,-3.932942390e+00,-3.838398159e-01,2.369776249e+00,-3.414180994e+00,-2.579804420e+00,3.349734545e+00,2.088453531e+00,3.000000000e+00,3.000000000e+00,0.000000000e+00,2.000000000e+00,-5.000000000e+00,3.200000000e+01,3.000000000e+00,1.000000000e+00,-5.213398457e+00,-2.437245607e+00,-9.367832541e-01,-5.212073326e+00,1.000000000e+00,4.342942646e-07,9.695714116e-01
69,9,1,1.068702102e+00,4.966847003e-01,-1.443230271e+00,1.861548066e+00,3.701865673e-01,-2.975269794e+00,-2.978274345e+00,-2.456129313e+00,-2.468051672e+00,-1.884202600e+00,-3.009865761e+00,-3.546167374e+00,1.991819739e+00,6.000000000e+00,1.000000000e+01,1.800000000e+01,1.000000000e+00,3.563480079e-01,2.063024521e+00,6.062756777e-01,9.473684430e-01,-1.939889073e+00,-3.878241301e+00,8.039034605e-01,2.062365055e+00,-2.160897732e+00,-2.511803150e+00,1.842384815e+00,1.991819739e+00,4.000000000e+00,4.000000000e+00,0.000000000e+00,2.000000000e+00,-5.000000000e+00,3.200000000e+01,3.000000000e+00,1.000000000e+00,-4.878269196e+00,-1.842305660e+00,1.827831864e-01,-4.872535229e+00,1.000000000e+00,4.342942646e-07,9.764211774e-01
69,10,0,9.977345467e-01,4.027166963e-01,-1.536681652e+00,1.288359284e+00,-7.336809486e-02,-3.000281572e+00,-2.911077023e+00,-1.830611587e+00,-1.881989837e+00,-1.235615611e+00,-2.940957069e+00,-3.594025612e+00,2.046681404e+00,1.000000000e+00,7.000000000e+00,1.400000000e+01,0.000000000e+00,6.225752234e-01,1.548239112e+00,1.422314793e-01,1.000000000e+00,-1.939375401e+00,-3.879709959e+00,4.522231817e-01,1.546839118e+00,-1.832486987e+00,-2.534282446e+00,1.741004348e+00,2.046681404e+00,0.000000000e+00,0.000000000e+00,0.000000000e+00,0.000000000e+00,-1.000000000e+00,-1.000000000e+00,-1.000000000e+00,0.000000000e+00,-9.999956489e-01,4.342942646e-07,1.000000000e+00,-6.989678144e-01,0.000000000e+00,4.342942646e-07,9.929293990e-01
69,11,0,1.037182331e+00,4.400412738e-01,-1.511886120e+00,1.707289815e+00,2.159283608e-01,-2.910081387e+00,-2.901319265e+00,-2.458713770e+00,-2.432597160e+00,-1.861665845e+00,-2.991124868e+00,-3.506180286e+00,2.051735163e+00,6.000000000e+00,1.100000000e+01,1.800000000e+01,0.000000000e+00,1.076166391e+00,2.399783134e+00,4.520174265e-01,1.000000000e+00,-1.951902509e+00,-3.902823448e+00,-6.183681265e-02,2.399780512e+00,-2.934219837e+00,-2.548928738e+00,3.032499552e+00,2.051735163e+00,0.000000000e+00,0.000000000e+00,0.000000000e+00,0.000000000e+00,-1.000000000e+00,-1.000000000e+00,-1.000000000e+00,0.000000000e+00,-9.999956489e-01,4.342942646e-07,1.000000000e+00,-6.989678144e-01,0.000000000e+00,4.342942646e-07,9.889150262e-01
69,12,1,1.311580777e+00,7.279947996e-01,-1.235438824e+00,1.593450785e+00,4.938306287e-02,-3.205365896e+00,-3.192403793e+00,-2.745037079e+00,-2.709630013e+00,-2.161629915e+00,-3.274842501e+00,-3.786981821e+00,2.019439697e+00,7.000000000e+00,1.100000000e+01,2.000000000e+01,1.000000000e+00,3.451576531e-01,2.334353924e+00,2.924209535e-01,9.523809552e-01,-1.963401198e+00,-3.923861265e+00,6.424558759e-01,2.334264278e+00,-2.795120478e+00,-2.546873808e+00,2.239917994e+00,2.019439697e+00,4.000000000e+00,4.000000000e+00,0.000000000e+00,3.000000000e+00,5.000000000e+00,5.000000000e+00,4.000000000e+00,1.000000000e+00,-5.695835114e+00,-1.771955013e+00,3.977297246e-01,-5.692153454e+00,1.000000000e+00,4.342942646e-07,3.337758780e-01
69,13,0,1.169396758e+00,5.341534019e-01,-1.415037155e+00,1.573095679e+00,2.902792767e-02,-2.955302715e+00,-2.979882240e+00,-2.358686686e+00,-2.466913939e+00,-1.723519325e+00,-3.120002747e+00,-3.589247942e+00,2.142160416e+00,7.000000000e+00,1.100000000e+01,2.000000000e+01,0.000000000e+00,8.792398572e-01,2.163162470e+00,2.720658183e-01,1.000000000e+00,-1.949163079e+00,-3.896941662e+00,-1.348041296e+00,2.163162470e+00,-4.339646339e+00,-2.584278107e+00,4.251884460e+00,2.142160416e+00,0.000000000e+00,0.000000000e+00,0.000000000e+00,0.000000000e+00,-1.000000000e+00,-1.000000000e+00,-1.000000000e+00,0.000000000e+00,-9.999956489e-01,4.342942646e-07,1.000000000e+00,-6.989678144e-01,1.000000000e+00,4.342942646e-07,9.592227340e-01
69,14,0,1.084398866e+00,3.917816281e-01,-1.460472226e+00,1.882074356e+00,3.380065262e-01,-3.095349312e+00,-3.051107883e+00,-2.502736330e+00,-2.468212605e+00,-1.810229182e+00,-2.936905622e+00,-3.785847425e+00,2.277497768e+00,8.000000000e+00,1.200000000e+01,2.000000000e+01,0.000000000e+00,1.731154919e+00,2.675834894e+00,5.810445547e-01,1.000000000e+00,-1.852235198e+00,-3.702951670e+00,-2.609454989e-01,2.675834656e+00,-3.120494604e+00,-2.544731140e+00,3.594631195e+00,2.277497768e+00,1.000000000e+00,1.000000000e+00,0.000000000e+00,1.000000000e+00,5.000000000e+00,1.700000000e+01,1.000000000e+00,1.000000000e+00,-1.411631227e+00,-1.851350307e+00,1.408735663e-02,-1.405558944e+00,1.000000000e+00,1.346687198e+00,9.937592745e-01
69,15,0,1.115317941e+00,3.940810859e-01,-1.507609725e+00,1.779192805e+00,2.351249456e-01,-3.037682533e+00,-3.061600924e+00,-2.306209087e+00,-2.412221670e+00,-1.585043311e+00,-3.017740250e+00,-3.756905079e+00,2.344706535e+00,8.000000000e+00,1.100000000e+01,2.000000000e+01,0.000000000e+00,1.726930976e+00,2.448527575e+00,4.781628847e-01,1.000000000e+00,-1.901669979e+00,-3.801819086e+00,-6.145458296e-02,2.448525429e+00,-2.867549658e+00,-2.622759342e+00,3.337125301e+00,2.344706535e+00,1.000000000e+00,1.000000000e+00,0.000000000e+00,1.000000000e+00,5.000000000e+00,1.700000000e+01,1.000000000e+00,1.000000000e+00,-4.310302734e+00,-2.053176165e+00,-2.953220904e-01,-4.306555748e+00,1.000000000e+00,1.354547620e+00,9.935949445e-01
70,0,0,9.792569876e-01,3.531598449e-01,-1.623116493e+00,1.860413313e+00,3.690518439e-01,-2.812227249e+00,-2.806093216e+00,-2.289446831e+00,-2.287608862e+00,-1.663414001e+00,-2.959540844e+00,-3.437415838e+00,-2.120498896e+00,6.000000000e+00,1.100000000e+01,1.800000000e+01,0.000000000e+00,2.154967934e-01,1.771199465e+00,6.051409245e-01,1.000000000e+00,-1.976253390e+00,-3.953058481e+00,-2.675252259e-01,1.771181226e+00,-2.908027411e+00,-2.602217674e+00,2.662810326e+00,2.120498896e+00,0.000000000e+00,0.000000000e+00,0.000000000e+00,0.000000000e+00,-1.000000000e+00,-1.000000000e+00,-1.000000000e+00,0.000000000e+00,-9.999956489e-01,4.342942646e-07,1.000000000e+00,-6.989678144e-01,0.000000000e+00,4.342942646e-07,9.958885312e-01
70,1,0,8.187934756e-01,2.504326403e-01,-1.828766823e+00,1.611471772e+00,1.490740031e-01,-2.739412308e+00,-2.740222692e+00,-2.296912670e+00,-2.301802874e+00,-1.728614450e+00,-2.907640696e+00,-3.307130098e+00,-1.983077884e+00,7.000000000e+00,1.000000000e+01,1.700000000e+01,1.000000000e+00,8.125669360e-01,2.134921312e+00,3.810229897e-01,9.444444180e-01,-2.079176664e+00,-4.162073612e+00,-1.740903139e+00,2.134921312e+00,-4.284800529e+00,-2.647396803e+00,4.444333553e+00,1.983077884e+00,0.000000000e+00,0.000000000e+00,0.000000000e+00,0.000000000e+00,-1.000000000e+00,-1.000000000e+00,-1.000000000e+00,0.000000000e+00,-9.999956489e-01,4.342942646e-07,1.000000000e+00,-6.989678144e-01,0.000000000e+00,4.342942646e-07,9.984059930e-01
70,2,0,1.019482374e+00,4.178927243e-01,-1.504147887e+00,1.765008330e+00,2.464946210e-01,-2.892346621e+00,-2.886277914e+00,-2.374907494e+00,-2.376393318e+00,-1.773394942e+00,-2.943508625e+00,-3.492922068e+00,-2.062318563e+00,7.000000000e+00,1.100000000e+01,1.900000000e+01,0.000000000e+00,9.725415111e-01,2.259732485e+00,4.862548709e-01,1.000000000e+00,-1.922017813e+00,-3.843423128e+00,4.104871154e-01,2.259688854e+00,-2.383797169e+00,-2.523499012e+00,2.452237368e+00,2.062318563e+00,4.000000000e+00,4.000000000e+00,0.000000000e+00,3.000000000e+00,-5.000000000e+00,7.000000000e+00,3.000000000e+00,1.000000000e+00,-4.658314705e+00,-1.836363792e+00,1.840740293e-01,-4.652314663e+00,1.000000000e+00,4.342942646e-07,9.915485978e-01
70,3,0,7.798078060e-01,3.094539046e-01,-1.289893627e+00,1.061914682e+00,1.076725051e-01,-2.234921455e+00,-2.229589701e+00,-5.156950951e-01,-7.545468211e-01,-4.534199834e-02,-2.446727276e+00,-2.705129623e+00,-1.746203542e+00,0.000000000e+00,4.000000000e+00,7.000000000e+00,0.000000000e+00,5.717585087e-01,8.622407913e-01,2.168169022e-01,1.000000000e+00,-1.599338531e+00,-3.265595436e+00,8.509984016e-01,2.136965394e-01,-2.130039036e-01,-2.069658995e+00,7.190475613e-02,1.746203542e+00,0.000000000e+00,0.000000000e+00,0.000000000e+00,0.000000000e+00,-1.000000000e+00,-1.000000000e+00,-1.000000000e+00,0.000000000e+00,-9.999956489e-01,4.342942646e-07,1.000000000e+00,-6.989678144e-01,0.000000000e+00,4.342942646e-07,9.973263741e-01
70,4,0,6.318767667e-01,2.158428580e-01,-1.786395550e+00,1.440275073e+00,-7.823848724e-02,-2.781063557e+00,-2.776057482e+00,-2.236230373e+00,-2.240296125e+00,-1.820242286e+00,-2.639130831e+00,-3.196676493e+00,-1.612083316e+00,6.000000000e+00,1.000000000e+01,1.900000000e+01,0.000000000e+00,2.395676821e-01,1.940056682e+00,1.615216285e-01,1.000000000e+00,-2.002221107e+00,-4.005290031e+00,-5.608859658e-01,1.940054417e+00,-3.016650438e+00,-2.418185234e+00,2.920768023e+00,1.612083316e+00,0.000000000e+00,0.000000000e+00,0.000000000e+00,0.000000000e+00,-1.000000000e+00,-1.000000000e+00,-1.000000000e+00,0.000000000e+00,-9.999956489e-01,4.342942646e-07,1.000000000e+00,-6.989678144e-01,0.000000000e+00,4.342942646e-07,9.987857938e-01
70,5,0,7.518262863e-01,3.954362273e-01,-1.571500421e+00,1.303339243e+00,-1.887966506e-02,-2.995168686e+00,-2.990565538e+00,-2.535629988e+00,-2.552650928e+00,-2.179323673e+00,-2.720075130e+00,-3.351012945e+00,-1.461377025e+00,4.000000000e+00,8.000000000e+00,1.300000000e+01,0.000000000e+00,7.701954842e-01,2.564489365e+00,1.893960983e-01,1.000000000e+00,-1.966912389e+00,-3.931702614e+00,1.336640269e-01,2.564486265e+00,-2.814295053e+00,-2.323251247e+00,2.804125547e+00,1.461377025e+00,1.000000000e+00,1.000000000e+00,0.000000000e+00,2.000000000e+00,4.000000000e+00,2.900000000e+01,2.000000000e+00,1.000000000e+00,-1.476325393e+00,-1.704530120e+00,5.078180432e-01,-1.467834234e+00,1.000000000e+00,4.342942646e-07,9.934955835e-01
70,6,0,8.254003525e-01,5.040851235e-01,-1.452367902e+00,1.318809390e+00,2.048662454e-01,-2.718451262e+00,-2.806060791e+00,-1.129275680e+00,-1.512642860e+00,-8.079632521e-01,-2.786338091e+00,-3.039517879e+00,-1.370491385e+00,0.000000000e+00,6.000000000e+00,9.000000000e+00,1.000000000e+00,1.737135053e+00,1.692783475e+00,3.645669818e-01,8.999999762e-01,-1.956425905e+00,-3.914090395e+00,1.130386949e+00,1.675848603e+00,-8.863515854e-01,-2.277698040e+00,1.250151396e+00,1.370491385e+00,0.000000000e+00,0.000000000e+00,0.000000000e+00,0.000000000e+00,-1.000000000e+00,-1.000000000e+00,-1.000000000e+00,0.000000000e+00,-9.999956489e-01,4.342942646e-07,1.000000000e+00,-6.989678144e-01,0.000000000e+00,4.342942646e-07,9.738058448e-01
70,7,0,5.173483491e-01,2.655464113e-01,-1.763645530e+00,1.496613503e+00,6.524998695e-02,-2.911219597e+00,-2.915703058e+00,-2.377821207e+00,-2.406452894e+00,-2.126065016e+00,-2.548981667e+00,-3.162743568e+00,-1.183282733e+00,4.000000000e+00,1.000000000e+01,1.600000000e+01,0.000000000e+00,6.730246544e-01,2.463540792e+00,2.924936116e-01,1.000000000e+00,-2.029170752e+00,-4.056035042e+00,1.342981339e+00,2.462291002e+00,-1.329119205e+00,-2.280936241e+00,1.399745345e+00,1.183282733e+00,0.000000000e+00,0.000000000e+00,0.000000000e+00,0.000000000e+00,-1.000000000e+00,-1.000000000e+00,-1.000000000e+00,0.000000000e+00,-9.999956489e-01,4.342942646e-07,1.000000000e+00,-6.989678144e-01,0.000000000e+00,4.342942646e-07,9.981921315e-01
70,8,0,7.624207735e-01,5.109929442e-01,-1.564212918e+00,1.250749826e+00,-1.471896470e-01,-3.144928455e+00,-3.162398577e+00,-2.645327568e+00,-2.717005730e+00,-2.393984318e+00,-2.838428736e+00,-3.395881176e+00,-1.182242632e+00,3.000000000e+00,9.000000000e+00,1.500000000e+01,0.000000000e+00,-7.516983151e-02,2.356507301e+00,7.465886325e-02,1.000000000e+00,-2.075170040e+00,-4.145416260e+00,-3.263694942e-01,2.356506348e+00,-3.553040743e+00,-2.326557398e+00,3.005537510e+00,1.182242632e+00,2.000000000e+00,1.000000000e+00,1.000000000e+00,3.000000000e+00,-2.000000000e+00,9.000000000e+00,1.000000000e+00,1.000000000e+00,-5.214950085e+00,-2.688338041e+00,-1.224868655e+00,-5.214207172e+00,1.000000000e+00,4.342942646e-07,9.710643291e-01
70,9,0,7.984995246e-01,6.076985002e-01,-1.446314096e+00,1.579853058e+00,2.181253284e-01,-3.189649343e+00,-3.176317692e+00,-2.533976078e+00,-2.538229227e+00,-2.343227863e+00,-2.852853298e+00,-3.380079746e+00,-1.007279277e+00,4.000000000e+00,9.000000000e+00,1.400000000e+01,0.000000000e+00,1.928306967e-01,2.440268755e+00,4.337250590e-01,1.000000000e+00,-2.053975582e+00,-4.103145599e+00,1.247329473e+00,2.439373732e+00,-1.898713827e+00,-2.244749308e+00,1.387091756e+00,1.007279277e+00,0.000000000e+00,0.000000000e+00,0.000000000e+00,0.000000000e+00,-1.000000000e+00,-1.000000000e+00,-1.000000000e+00,0.000000000e+00,-9.999956489e-01,4.342942646e-07,1.000000000e+00,-6.989678144e-01,0.000000000e+00,4.342942646e-07,8.693767786e-01
70,10,1,9.328299761e-01,9.230322838e-01,-1.182433724e+00,1.463881612e+00,1.483886037e-03,-3.523941994e+00,-3.611884832e+00,-2.679845095e+00,-3.070927620e+00,-2.670052052e+00,-3.037840366e+00,-3.533706665e+00,-2.132140100e-01,5.000000000e+00,1.000000000e+01,1.700000000e+01,0.000000000e+00,1.691150308e+00,3.516277790e+00,2.334328294e-01,1.000000000e+00,-2.105417252e+00,-4.203955173e+00,2.210357428e+00,3.515746355e+00,-1.784087658e+00,-2.115213871e+00,1.706569910e+00,2.132140100e-01,0.000000000e+00,0.000000000e+00,0.000000000e+00,0.000000000e+00,-1.000000000e+00,-1.000000000e+00,-1.000000000e+00,0.000000000e+00,-9.999956489e-01,4.342942646e-07,1.000000000e+00,-6.989678144e-01,0.000000000e+00,4.342942646e-07,1.167375478e-03
70,11,1,1.144660234e+00,1.140677929e+00,-9.944185615e-01,1.277694821e+00,-1.536684632e-01,-3.532723188e+00,-3.803907871e+00,-2.590505123e+00,-3.096796036e+00,-2.586524487e+00,-3.278932810e+00,-3.536691904e+00,-1.356292963e-01,4.000000000e+00,1.000000000e+01,1.600000000e+01,1.000000000e+00,1.695077419e+00,3.434514046e+00,7.357504964e-02,9.411764741e-01,-2.135041714e+00,-4.262183666e+00,2.013670206e+00,3.434201002e+00,-2.224274158e+00,-2.139023304e+00,1.931172609e+00,1.356292963e-01,0.000000000e+00,0.000000000e+00,0.000000000e+00,0.000000000e+00,-1.000000000e+00,-1.000000000e+00,-1.000000000e+00,0.000000000e+00,-9.999956489e-01,4.342942646e-07,1.000000000e+00,-6.989678144e-01,0.000000000e+00,4.342942646e-07,2.159486634e-08
70,12,0,7.733227015e-01,7.719581723e-01,-1.404275537e+00,1.305523872e+00,-9.241562337e-02,-3.328495979e+00,-3.518516541e+00,-2.342844486e+00,-2.756538391e+00,-2.341480255e+00,-2.949181318e+00,-3.329857588e+00,-7.931251079e-02,3.000000000e+00,9.000000000e+00,1.500000000e+01,1.000000000e+00,7.800198793e-01,2.731588364e+00,1.294328868e-01,9.375000000e-01,-2.176179647e+00,-4.342819691e+00,3.305465579e-01,2.731584787e+00,-3.197513342e+00,-2.177543879e+00,2.816133499e+00,7.931251079e-02,0.000000000e+00,0.000000000e+00,0.000000000e+00,0.000000000e+00,-1.000000000e+00,-1.000000000e+00,-1.000000000e+00,0.000000000e+00,-9.999956489e-01,4.342942646e-07,1.000000000e+00,-6.989678144e-01,0.000000000e+00,4.342942646e-07,1.382274926e-01
70,13,0,3.678000867e-01,3.601036668e-01,-1.763080716e+00,1.716066599e+00,2.536687851e-01,-3.064402819e+00,-3.103199005e+00,-2.387263060e+00,-2.584650993e+00,-2.379568577e+00,-2.490972519e+00,-3.072090149e+00,1.888202876e-01,4.000000000e+00,1.000000000e+01,1.700000000e+01,0.000000000e+00,1.539161444e+00,3.149253368e+00,4.856177866e-01,1.000000000e+00,-2.123152018e+00,-4.238922119e+00,-9.124255776e-01,3.149253368e+00,-3.854234934e+00,-2.130847216e+00,4.265465260e+00,1.888202876e-01,0.000000000e+00,0.000000000e+00,0.000000000e+00,0.000000000e+00,-1.000000000e+00,-1.000000000e+00,-1.000000000e+00,0.000000000e+00,-9.999956489e-01,4.342942646e-07,1.000000000e+00,-6.989678144e-01,0.000000000e+00,4.342942646e-07,9.955798984e-01
70,14,0,4.940300286e-01,4.582664371e-01,-1.654966831e+00,1.379851818e+00,-5.151153356e-02,-3.168472767e+00,-3.212817430e+00,-2.576514721e+00,-2.737512827e+00,-2.540764093e+00,-2.607362032e+00,-3.204181433e+00,4.114215672e-01,4.000000000e+00,1.000000000e+01,1.600000000e+01,0.000000000e+00,5.632753372e-01,2.822553158e+00,1.757320166e-01,1.000000000e+00,-2.113196373e+00,-4.219501495e+00,1.939343065e-01,2.822551966e+00,-3.001646519e+00,-2.148955345e+00,2.825301409e+00,4.114215672e-01,0.000000000e+00,0.000000000e+00,0.000000000e+00,0.000000000e+00,-1.000000000e+00,-1.000000000e+00,-1.000000000e+00,0.000000000e+00,-9.999956489e-01,4.342942646e-07,1.000000000e+00,-6.989678144e-01,0.000000000e+00,4.342942646e-07,9.860044122e-01
71,0,1,1.071271777e+00,6.538682580e-01,-1.395174265e+00,1.417585373e+00,-1.377805136e-02,-3.179141998e+00,-3.181632042e+00,-2.602948666e+00,-2.618685722e+00,-2.185652733e+00,-3.120767593e+00,-3.595487595e+00,-1.615497231e+00,4.000000000e+00,1.000000000e+01,1.600000000e+01,0.000000000e+00,6.065930128e-01,2.489103794e+00,2.134655565e-01,1.000000000e+00,-2.049004555e+00,-4.093700409e+00,8.248203993e-01,2.489001751e+00,-2.447792530e+00,-2.466329575e+00,2.097301722e+00,1.615497231e+00,4.000000000e+00,4.000000000e+00,0.000000000e+00,3.000000000e+00,-5.000000000e+00,1.000000000e+01,1.000000000e+00,1.000000000e+00,-5.542305470e+00,-2.820526838e+00,-1.544818401e+00,-5.541878223e+00,1.000000000e+00,4.342942646e-07,7.283769250e-01
71,1,0,5.468085408e-01,1.451689750e-01,-1.570597172e+00,5.143222213e-01,-3.307750523e-01,-2.724267960e+00,-2.691577673e+00,-2.207615376e+00,-2.191293478e+00,-1.806017637e+00,-2.264260292e+00,-3.125557899e+00,-1.576086760e+00,4.000000000e+00,5.000000000e+00,6.000000000e+00,0.000000000e+00,1.082153797e+00,2.347134829e+00,-2.638283670e-01,1.000000000e+00,-1.715759277e+00,-3.432137251e+00,2.689688802e-01,2.347119808e+00,-2.067510128e+00,-2.117364883e+00,2.463430166e+00,1.576086760e+00,0.000000000e+00,0.000000000e+00,0.000000000e+00,0.000000000e+00,-1.000000000e+00,-1.000000000e+00,-1.000000000e+00,0.000000000e+00,-9.999956489e-01,4.342942646e-07,1.000000000e+00,-6.989678144e-01,0.000000000e+00,4.342942646e-07,9.992585778e-01
71,2,0,5.741366148e-01,3.402025104e-01,-1.716573954e+00,1.389224172e+00,-1.292893142e-01,-2.952272892e+00,-2.939623594e+00,-2.381713152e+00,-2.366081715e+00,-2.147822618e+00,-2.632638216e+00,-3.185929298e+00,-1.133133650e+00,3.000000000e+00,9.000000000e+00,1.900000000e+01,0.000000000e+00,1.542876005e+00,2.919326067e+00,1.104707643e-01,1.000000000e+00,-2.056749582e+00,-4.109858036e+00,6.791056395e-01,2.919318914e+00,-2.027233362e+00,-2.290648222e+00,2.458491325e+00,1.133133650e+00,3.000000000e+00,3.000000000e+00,0.000000000e+00,3.000000000e+00,-4.000000000e+00,2.000000000e+01,1.000000000e+00,1.000000000e+00,-4.317841053e+00,-1.821372628e+00,4.577886760e-01,-4.311471939e+00,1.000000000e+00,6.472698450e-01,9.963971972e-01
71,3,0,5.960623026e-01,3.057798445e-01,-1.774444342e+00,1.447625518e+00,1.626203209e-02,-2.807642698e+00,-2.800016165e+00,-2.339786053e+00,-2.344401836e+00,-2.049550056e+00,-2.681673050e+00,-3.097660065e+00,-1.288261771e+00,4.000000000e+00,9.000000000e+00,1.600000000e+01,0.000000000e+00,1.443446517e+00,2.771321774e+00,2.435056865e-01,1.000000000e+00,-2.080197811e+00,-4.159749985e+00,-5.516221523e-01,2.771321774e+00,-3.201210499e+00,-2.370430470e+00,3.617502928e+00,1.288261771e+00,0.000000000e+00,0.000000000e+00,0.000000000e+00,0.000000000e+00,-1.000000000e+00,-1.000000000e+00,-1.000000000e+00,0.000000000e+00,-9.999956489e-01,4.342942646e-07,1.000000000e+00,-6.989678144e-01,0.000000000e+00,4.342942646e-07,9.974164963e-01
71,4,0,5.731330514e-01,3.107731938e-01,-1.759498477e+00,1.313462615e+00,-8.756298572e-03,-2.951204062e+00,-2.958479166e+00,-2.404592752e+00,-2.434702158e+00,-2.142282963e+00,-2.645889044e+00,-3.213242054e+00,-1.212467432e+00,3.000000000e+00,8.000000000e+00,1.300000000e+01,1.000000000e+00,4.724743217e-02,2.165983200e+00,1.995194703e-01,9.285714030e-01,-2.070245504e+00,-4.137246609e+00,1.735020429e-01,2.165960789e+00,-2.571929455e+00,-2.332563162e+00,2.284857035e+00,1.212467432e+00,0.000000000e+00,0.000000000e+00,0.000000000e+00,0.000000000e+00,-1.000000000e+00,-1.000000000e+00,-1.000000000e+00,0.000000000e+00,-9.999956489e-01,4.342942646e-07,1.000000000e+00,-6.989678144e-01,0.000000000e+00,4.342942646e-07,9.972930551e-01
71,5,0,4.297551811e-01,3.123047650e-01,-1.744629979e+00,1.023610950e+00,-2.986075282e-01,-2.994827986e+00,-2.997326136e+00,-2.495223045e+00,-2.546629667e+00,-2.377804756e+00,-2.487746954e+00,-3.112145185e+00,-7.689983249e-01,4.000000000e+00,9.000000000e+00,1.300000000e+01,1.000000000e+00,3.376404047e-01,2.546729565e+00,-9.033191204e-02,9.285714030e-01,-2.056909323e+00,-4.109460354e+00,5.688386783e-02,2.546727419e+00,-2.801928520e+00,-2.174344540e+00,2.658584118e+00,7.689983249e-01,0.000000000e+00,0.000000000e+00,0.000000000e+00,0.000000000e+00,-1.000000000e+00,-1.000000000e+00,-1.000000000e+00,0.000000000e+00,-9.999956489e-01,4.342942646e-07,1.000000000e+00,-6.989678144e-01,0.000000000e+00,4.342942646e-07,9.972538352e-01
71,6,0,3.394885361e-01,2.694803178e-01,-1.832217693e+00,1.406342387e+00,-5.605518073e-02,-3.003176212e+00,-3.014916658e+00,-2.496480465e+00,-2.562114239e+00,-2.426492453e+00,-2.442037821e+00,-3.073107958e+00,-5.831735134e-01,4.000000000e+00,1.000000000e+01,1.700000000e+01,0.000000000e+00,1.748980761e+00,3.301098824e+00,1.758936495e-01,1.000000000e+00,-2.101672411e+00,-4.197499275e+00,-3.697406948e-01,3.301098824e+00,-3.200804472e+00,-2.171671152e+00,3.806133747e+00,5.831735134e-01,0.000000000e+00,0.000000000e+00,0.000000000e+00,0.000000000e+00,-1.000000000e+00,-1.000000000e+00,-1.000000000e+00,0.000000000e+00,-9.999956489e-01,4.342942646e-07,1.000000000e+00,-6.989678144e-01,0.000000000e+00,4.342942646e-07,9.981306195e-01
71,7,0,4.188508987e-01,3.799002767e-01,-1.733167648e+00,1.103313327e+00,-2.946259975e-01,-3.136146545e+00,-3.139736176e+00,-2.658688068e+00,-2.697068214e+00,-2.619754314e+00,-2.532116175e+00,-3.175041437e+00,-4.298842847e-01,4.000000000e+00,9.000000000e+00,1.500000000e+01,0.000000000e+00,8.048001528e-01,3.022335529e+00,-7.277756184e-02,1.000000000e+00,-2.113034964e+00,-4.219249249e+00,-5.951762795e-01,3.022335529e+00,-3.670324802e+00,-2.151980400e+00,3.694011688e+00,4.298842847e-01,1.000000000e+00,0.000000000e+00,1.000000000e+00,3.000000000e+00,-1.000000000e+00,5.000000000e+00,1.000000000e+00,1.000000000e+00,-1.925993919e+00,-1.633248329e+00,9.396706820e-01,-1.916005969e+00,1.000000000e+00,4.342942646e-07,9.945324659e-01
71,8,0,1.927003562e-01,1.726759970e-01,-1.958523870e+00,1.257255554e+00,-2.051418126e-01,-2.938128710e+00,-2.946097374e+00,-2.483564377e+00,-2.492291212e+00,-2.463546038e+00,-2.324313164e+00,-2.958135366e+00,-3.060091138e-01,4.000000000e+00,1.000000000e+01,1.700000000e+01,0.000000000e+00,1.359255195e+00,3.143300056e+00,2.680697478e-02,1.000000000e+00,-2.131180286e+00,-4.255059242e+00,-5.344984531e-01,3.143300056e+00,-3.198914528e+00,-2.151201963e+00,3.706091642e+00,3.060091138e-01,0.000000000e+00,0.000000000e+00,0.000000000e+00,0.000000000e+00,-1.000000000e+00,-1.000000000e+00,-1.000000000e+00,0.000000000e+00,-9.999956489e-01,4.342942646e-07,1.000000000e+00,-6.989678144e-01,0.000000000e+00,4.342942646e-07,9.991100430e-01
71,9,0,6.871494055e-01,1.126898825e-01,-1.608853698e+00,8.869645000e-01,-6.727754325e-02,-2.597252846e+00,-2.574935675e+00,-2.082864523e+00,-2.063623667e+00,-1.508443356e+00,-2.412283897e+00,-3.171239853e+00,1.997655034e+00,6.000000000e+00,5.000000000e+00,7.000000000e+00,0.000000000e+00,2.537419200e-01,1.635383129e+00,4.186676070e-02,1.000000000e+00,-1.721537948e+00,-3.445594072e+00,-1.452915370e-01,1.635323524e+00,-2.321564674e+00,-2.295934677e+00,2.335762024e+00,1.997655034e+00,0.000000000e+00,0.000000000e+00,0.000000000e+00,0.000000000e+00,-1.000000000e+00,-1.000000000e+00,-1.000000000e+00,0.000000000e+00,-9.999956489e-01,4.342942646e-07,1.000000000e+00,-6.989678144e-01,0.000000000e+00,4.342942646e-07,9.993937016e-01
71,10,0,9.139962792e-01,3.311271071e-01,-1.661517143e+00,1.475980282e+00,-4.253332317e-02,-2.810359716e+00,-2.808451176e+00,-2.349168777e+00,-2.365872145e+00,-1.766370893e+00,-2.911013842e+00,-3.392436504e+00,2.017730474e+00,7.000000000e+00,1.100000000e+01,1.900000000e+01,0.000000000e+00,-1.865059614e+00,8.370115161e-01,1.972268075e-01,1.000000000e+00,-1.992621422e+00,-3.985811949e+00,-6.885606796e-02,8.336356282e-01,-2.765702963e+00,-2.575369835e+00,1.501950622e+00,2.017730474e+00,0.000000000e+00,0.000000000e+00,0.000000000e+00,0.000000000e+00,-1.000000000e+00,-1.000000000e+00,-1.000000000e+00,0.000000000e+00,-9.999956489e-01,4.342942646e-07,1.000000000e+00,-6.989678144e-01,0.000000000e+00,4.342942646e-07,9.967080355e-01
71,11,0,9.779308438e-01,3.446580470e-01,-1.628119349e+00,1.721603036e+00,2.030892968e-01,-2.997256517e+00,-2.979863167e+00,-2.068764210e+00,-2.105563641e+00,-1.435530305e+00,-2.951723814e+00,-3.629108191e+00,2.137495756e+00,5.000000000e+00,1.000000000e+01,1.900000000e+01,0.000000000e+00,1.136684179e+00,2.004076958e+00,4.428495467e-01,1.000000000e+00,-1.972754836e+00,-3.943150520e+00,4.882652462e-01,2.003875017e+00,-1.961971998e+00,-2.605893135e+00,2.185668707e+00,2.137495756e+00,1.000000000e+00,1.000000000e+00,0.000000000e+00,1.000000000e+00,5.000000000e+00,1.100000000e+01,1.000000000e+00,1.000000000e+00,-4.862769604e+00,-1.513693094e+00,9.452064633e-01,-4.850605011e+00,1.000000000e+00,8.721953034e-01,9.962314963e-01
71,12,0,1.129472852e+00,4.066739976e-01,-8.483117819e-01,1.253238678e+00,2.989962995e-01,-2.823069334e+00,-2.707516670e+00,-2.377356529e+00,-2.270476103e+00,-1.654641509e+00,-2.384607792e+00,-3.544632673e+00,2.348369598e+00,7.000000000e+00,5.000000000e+00,7.000000000e+00,0.000000000e+00,1.672335625e+00,2.490831375e+00,4.081407487e-01,1.000000000e+00,-1.254980922e+00,-2.510088444e+00,2.897848375e-02,2.490828753e+00,-2.648059607e+00,-1.977746487e+00,3.077671051e+00,2.348369598e+00,1.000000000e+00,1.000000000e+00,0.000000000e+00,1.000000000e+00,5.000000000e+00,1.100000000e+01,1.000000000e+00,1.000000000e+00,-1.277293801e+00,-9.275543094e-01,5.578594804e-01,-1.228793740e+00,1.000000000e+00,8.565097451e-01,9.925968647e-01
72,0,1,1.178578019e+00,4.231062233e-01,-1.440982580e+00,1.626943946e+00,1.355824023e-01,-2.805623531e+00,-2.805791140e+00,-2.352122068e+00,-2.355601072e+00,-1.596730709e+00,-3.044990778e+00,-3.559794188e+00,-2.424885750e+00,8.000000000e+00,1.200000000e+01,1.800000000e+01,0.000000000e+00,2.013077259e+00,2.609389544e+00,3.716714680e-01,1.000000000e+00,-1.864068747e+00,-3.728663683e+00,1.837441087e+00,2.603092432e+00,-9.413608313e-01,-2.619391680e+00,1.524601936e+00,2.424885750e+00,0.000000000e+00,0.000000000e+00,0.000000000e+00,0.000000000e+00,-1.000000000e+00,-1.000000000e+00,-1.000000000e+00,0.000000000e+00,-9.999956489e-01,4.342942646e-07,1.000000000e+00,-6.989678144e-01,0.000000000e+00,4.342942646e-07,9.910019040e-01
72,1,1,1.881562233e+00,1.128518820e+00,-2.180751786e-02,9.661806822e-01,-1.477621347e-01,-2.712630033e+00,-2.707947731e+00,-1.178187966e+00,-1.486812353e+00,-4.251497984e-01,-3.030249357e+00,-3.464629889e+00,-2.419205427e+00,0.000000000e+00,5.000000000e+00,9.000000000e+00,0.000000000e+00,2.008777857e+00,1.430239439e+00,1.193846669e-02,1.000000000e+00,-1.150320649e+00,-2.299393177e+00,1.855239570e-01,1.429534674e+00,-2.429703951e+00,-1.903335452e+00,2.305676937e+00,2.419205427e+00,1.000000000e+00,1.000000000e+00,0.000000000e+00,1.000000000e+00,-5.000000000e+00,1.600000000e+01,3.000000000e+00,1.000000000e+00,-4.599518776e+00,-9.331637025e-01,5.420392156e-01,-4.553414822e+00,1.000000000e+00,4.342942646e-07,4.633389494e-08
72,2,0,1.165778279e+00,4.584082663e-01,-1.456184983e+00,1.540170670e+00,2.165699564e-02,-2.868253708e+00,-2.865581989e+00,-2.419315338e+00,-2.421157122e+00,-1.712036967e+00,-3.082446575e+00,-3.574311733e+00,-2.312164545e+00,9.000000000e+00,1.200000000e+01,1.900000000e+01,0.000000000e+00,1.521463275e+00,2.472791672e+00,2.614172101e-01,1.000000000e+00,-1.914569736e+00,-3.828860760e+00,-2.764647901e-01,2.472790956e+00,-3.155523539e+00,-2.621793747e+00,3.458252192e+00,2.312164545e+00,0.000000000e+00,0.000000000e+00,0.000000000e+00,0.000000000e+00,-1.000000000e+00,-1.000000000e+00,-1.000000000e+00,0.000000000e+00,-9.999956489e-01,4.342942646e-07,1.000000000e+00,-6.989678144e-01,0.000000000e+00,4.342942646e-07,9.859784245e-01
72,3,0,1.006428003e+00,2.492600828e-01,-1.310650945e+00,1.021178246e+00,-9.276463836e-02,-2.637193680e+00,-2.617919922e+00,-2.196145773e+00,-2.184535980e+00,-1.439033747e+00,-2.567661524e+00,-3.393474340e+00,2.428853035e+00,9.000000000e+00,7.000000000e+00,9.000000000e+00,0.000000000e+00,1.540055633e+00,2.209073544e+00,6.693603843e-02,1.000000000e+00,-1.559903860e+00,-3.120739937e+00,-2.682390451e+00,2.209073544e+00,-5.063093185e+00,-2.316997766e+00,5.606365204e+00,2.428853035e+00,0.000000000e+00,0.000000000e+00,0.000000000e+00,0.000000000e+00,-1.000000000e+00,-1.000000000e+00,-1.000000000e+00,0.000000000e+00,-9.999956489e-01,4.342942646e-07,1.000000000e+00,-6.989678144e-01,0.000000000e+00,4.342942646e-07,9.984211922e-01
72,4,0,1.226471663e+00,4.829725623e-01,-1.337023735e+00,1.580426455e+00,3.635869920e-02,-2.858479738e+00,-2.861925364e+00,-2.415170431e+00,-2.414336443e+00,-1.671763778e+00,-3.047781944e+00,-3.600557804e+00,2.396869898e+00,9.000000000e+00,1.200000000e+01,2.000000000e+01,0.000000000e+00,-3.588061407e-02,1.654033422e+00,2.793965936e-01,1.000000000e+00,-1.819976807e+00,-3.639901400e+00,1.318728179e-01,1.653837323e+00,-2.765295982e+00,-2.563345671e+00,2.264546633e+00,2.396869898e+00,1.000000000e+00,1.000000000e+00,0.000000000e+00,1.000000000e+00,5.000000000e+00,3.000000000e+00,1.000000000e+00,1.000000000e+00,-4.467640400e+00,-1.765707850e+00,1.235705689e-01,-4.460470200e+00,1.000000000e+00,1.424435854e+00,9.805184603e-01
73,0,0,6.393390894e-01,3.204574585e-01,-1.699481249e+00,1.492629409e+00,-7.557190955e-02,-2.938957691e+00,-2.939141750e+00,-2.475318432e+00,-2.497465134e+00,-2.156504154e+00,-2.661552906e+00,-3.257430315e+00,-1.364109635e+00,3.000000000e+00,9.000000000e+00,2.100000000e+01,0.000000000e+00,1.463661909e+00,2.888398170e+00,1.704102606e-01,1.000000000e+00,-2.019914865e+00,-4.037611961e+00,2.304978818e-01,2.888397217e+00,-2.587393284e+00,-2.338747263e+00,2.998854637e+00,1.364109635e+00,1.000000000e+00,1.000000000e+00,0.000000000e+00,2.000000000e+00,4.000000000e+00,2.000000000e+01,1.000000000e+00,1.000000000e+00,-5.222377777e+00,-2.967749596e+00,-1.895416141e+00,-5.221988201e+00,1.000000000e+00,4.342942646e-07,9.970322847e-01
73,1,0,2.924459577e-01,8.296697587e-02,-1.996838927e+00,1.165456295e+00,-2.659068108e-01,-2.762644529e+00,-2.759770870e+00,-2.302673340e+00,-2.320480585e+00,-2.093227625e+00,-2.378026724e+00,-2.971967936e+00,-1.062713981e+00,3.000000000e+00,9.000000000e+00,1.600000000e+01,0.000000000e+00,1.018666029e+00,2.602614403e+00,-3.866332397e-02,1.000000000e+00,-2.079796553e+00,-4.159221649e+00,-5.430680513e-01,2.602614403e+00,-2.946223974e+00,-2.289243221e+00,3.372656822e+00,1.062713981e+00,0.000000000e+00,0.000000000e+00,0.000000000e+00,0.000000000e+00,-1.000000000e+00,-1.000000000e+00,-1.000000000e+00,0.000000000e+00,-9.999956489e-01,4.342942646e-07,1.000000000e+00,-6.989678144e-01,0.000000000e+00,4.342942646e-07,9.994891882e-01
73,2,0,6.048231721e-01,2.887870669e-01,-1.628216624e+00,1.698702931e+00,4.199494720e-01,-2.903428793e+00,-2.894768000e+00,-2.366564274e+00,-2.378946066e+00,-2.050580263e+00,-2.523465157e+00,-3.219092846e+00,1.356634259e+00,4.000000000e+00,8.000000000e+00,1.200000000e+01,0.000000000e+00,1.017837048e+00,2.559548140e+00,6.195217967e-01,1.000000000e+00,-1.916985989e+00,-3.832843542e+00,-1.715357453e-01,2.559547424e+00,-2.839073420e+00,-2.232983828e+00,3.059350491e+00,1.356634259e+00,0.000000000e+00,0.000000000e+00,0.000000000e+00,0.000000000e+00,-1.000000000e+00,-1.000000000e+00,-1.000000000e+00,0.000000000e+00,-9.999956489e-01,4.342942646e-07,1.000000000e+00,-6.989678144e-01,1.000000000e+00,4.342942646e-07,9.977869987e-01
73,3,0,5.229104161e-01,2.104901820e-01,-1.785102367e+00,1.437172532e+00,-2.522515319e-02,-2.826796293e+00,-2.829819441e+00,-2.370210886e+00,-2.383287191e+00,-2.057842970e+00,-2.521999598e+00,-3.138909817e+00,1.347113609e+00,5.000000000e+00,1.000000000e+01,1.700000000e+01,1.000000000e+00,4.448188841e-01,2.280310631e+00,2.067237198e-01,9.444444180e-01,-1.995576024e+00,-3.990581989e+00,1.384569407e-01,2.280299425e+00,-2.455301523e+00,-2.307950974e+00,2.467266083e+00,1.347113609e+00,0.000000000e+00,0.000000000e+00,0.000000000e+00,0.000000000e+00,-1.000000000e+00,-1.000000000e+00,-1.000000000e+00,0.000000000e+00,-9.999956489e-01,4.342942646e-07,1.000000000e+00,-6.989678144e-01,0.000000000e+00,4.342942646e-07,9.988337159e-01
73,4,0,8.790162206e-01,4.436171949e-01,-1.637473345e+00,1.496889234e+00,5.527772941e-03,-2.986144781e+00,-2.974320650e+00,-2.525219917e+00,-2.525918961e+00,-2.089912891e+00,-2.962812662e+00,-3.420818567e+00,1.660189271e+00,4.000000000e+00,1.100000000e+01,1.800000000e+01,0.000000000e+00,6.086655855e-01,2.394299507e+00,2.416168004e-01,1.000000000e+00,-2.081057072e+00,-4.158996105e+00,-4.565078020e-01,2.394299030e+00,-3.425033808e+00,-2.516365767e+00,3.286489487e+00,1.660189271e+00,0.000000000e+00,0.000000000e+00,0.000000000e+00,0.000000000e+00,-1.000000000e+00,-1.000000000e+00,-1.000000000e+00,0.000000000e+00,-9.999956489e-01,4.342942646e-07,1.000000000e+00,-6.989678144e-01,0.000000000e+00,4.342942646e-07,9.884045124e-01
73,5,0,1.023272276e+00,4.155831635e-01,-1.485338569e+00,1.577278256e+00,5.876464769e-02,-3.122566462e+00,-3.137113571e+00,-2.309423923e+00,-2.427137613e+00,-1.701801300e+00,-2.924237251e+00,-3.728501320e+00,2.076818466e+00,7.000000000e+00,1.100000000e+01,1.900000000e+01,0.000000000e+00,1.472023964e+00,2.438005209e+00,2.985248268e-01,1.000000000e+00,-1.900900126e+00,-3.799518824e+00,8.926388025e-01,2.437829018e+00,-1.950159192e+00,-2.508484125e+00,2.270605803e+00,2.076818466e+00,0.000000000e+00,0.000000000e+00,0.000000000e+00,0.000000000e+00,-1.000000000e+00,-1.000000000e+00,-1.000000000e+00,0.000000000e+00,-9.999956489e-01,4.342942646e-07,1.000000000e+00,-6.989678144e-01,1.000000000e+00,4.342942646e-07,9.917781353e-01
73,6,0,8.550836444e-01,1.441135108e-01,-1.701174378e+00,1.611401320e+00,4.319991544e-02,-2.557690144e+00,-2.551360846e+00,-2.042830467e+00,-2.041047335e+00,-1.331898570e+00,-2.708157778e+00,-3.268011808e+00,2.320617437e+00,8.000000000e+00,1.200000000e+01,2.100000000e+01,0.000000000e+00,1.037653923e+00,1.850735903e+00,2.891821861e-01,1.000000000e+00,-1.845278978e+00,-3.696441174e+00,-7.756733894e-01,1.850734711e+00,-2.960487604e+00,-2.556123495e+00,3.335313320e+00,2.320617437e+00,0.000000000e+00,0.000000000e+00,0.000000000e+00,0.000000000e+00,-1.000000000e+00,-1.000000000e+00,-1.000000000e+00,0.000000000e+00,-9.999956489e-01,4.342942646e-07,1.000000000e+00,-6.989678144e-01,0.000000000e+00,4.342942646e-07,9.992635846e-01
73,7,0,1.146169662e+00,3.962752521e-01,-1.527330160e+00,1.297367573e+00,-1.650299281e-01,-2.771692753e+00,-2.778352737e+00,-2.321434975e+00,-2.328064442e+00,-1.571615338e+00,-3.073552847e+00,-3.520402193e+00,2.411838055e+00,9.000000000e+00,1.100000000e+01,1.700000000e+01,0.000000000e+00,4.121223390e-01,1.777745366e+00,6.691886485e-02,1.000000000e+00,-1.923583388e+00,-3.848443508e+00,-2.217428572e-02,1.777690887e+00,-2.746364355e+00,-2.673309565e+00,2.556293726e+00,2.411838055e+00,2.000000000e+00,2.000000000e+00,0.000000000e+00,1.000000000e+00,5.000000000e+00,5.000000000e+00,1.000000000e+00,1.000000000e+00,-5.916334152e+00,-1.792479515e+00,2.763469517e-01,-5.915108681e+00,1.000000000e+00,4.342942646e-07,9.934331179e-01
74,0,0,3.956868351e-01,3.701911271e-01,-1.751345992e+00,1.185276389e+00,-2.771208286e-01,-3.096932650e+00,-3.136965036e+00,-2.501795769e+00,-2.683950663e+00,-2.476307869e+00,-2.517372847e+00,-3.122395515e+00,3.460165858e-01,4.000000000e+00,1.000000000e+01,1.700000000e+01,0.000000000e+00,5.263801217e-01,2.739632130e+00,-4.517209530e-02,1.000000000e+00,-2.121504068e+00,-4.235850334e+00,4.947705567e-01,2.739625216e+00,-2.559423685e+00,-2.146996498e+00,2.452510357e+00,3.460165858e-01,0.000000000e+00,0.000000000e+00,0.000000000e+00,0.000000000e+00,-1.000000000e+00,-1.000000000e+00,-1.000000000e+00,0.000000000e+00,-9.999956489e-01,4.342942646e-07,1.000000000e+00,-6.989678144e-01,0.000000000e+00,4.342942646e-07,9.950798750e-01
74,1,1,5.872666240e-01,5.376945138e-01,-1.562505007e+00,1.565825939e+00,1.034282222e-01,-3.247342110e+00,-3.274374723e+00,-2.643560886e+00,-2.740065575e+00,-2.594009399e+00,-2.687492609e+00,-3.296821356e+00,4.869342148e-01,4.000000000e+00,1.000000000e+01,1.700000000e+01,0.000000000e+00,3.352634907e-01,2.761811495e+00,3.353771567e-01,1.000000000e+00,-2.100160599e+00,-4.193813801e+00,-5.092986822e-01,2.761811495e+00,-3.784645796e+00,-2.149726152e+00,3.416465282e+00,4.869342148e-01,2.000000000e+00,0.000000000e+00,2.000000000e+00,3.000000000e+00,1.000000000e+00,9.000000000e+00,1.000000000e+00,1.000000000e+00,-5.426249027e+00,-2.244731426e+00,-2.842271924e-01,-5.424440384e+00,1.000000000e+00,4.342942646e-07,9.569743872e-01
74,2,1,1.140885472e+00,6.749721169e-01,-1.368247151e+00,1.537248969e+00,-6.818729918e-03,-3.204795837e+00,-3.211412668e+00,-2.728078127e+00,-2.758610249e+00,-2.262317657e+00,-3.184349775e+00,-3.669372559e+00,1.735329747e+00,7.000000000e+00,1.200000000e+01,2.000000000e+01,1.000000000e+00,3.042495847e-01,2.414532900e+00,2.362191379e-01,9.523809552e-01,-2.043181419e+00,-4.082079887e+00,2.905968726e-01,2.414520502e+00,-3.142631292e+00,-2.509002447e+00,2.620258570e+00,1.735329747e+00,4.000000000e+00,4.000000000e+00,0.000000000e+00,3.000000000e+00,5.000000000e+00,1.000000000e+01,3.000000000e+00,1.000000000e+00,-5.103379726e+00,-2.402596235e+00,-7.155083418e-01,-5.101881981e+00,1.000000000e+00,4.342942646e-07,6.312505007e-01
75,0,0,5.387880802e-01,1.725516468e-01,-1.876415014e+00,1.571419597e+00,8.005808294e-02,-2.699520111e+00,-2.764920473e+00,-2.076585531e+00,-2.251433134e+00,-1.710378289e+00,-2.596589327e+00,-3.065469027e+00,1.486559272e+00,4.000000000e+00,1.100000000e+01,1.800000000e+01,0.000000000e+00,1.678300381e+00,2.549552917e+00,3.161471486e-01,1.000000000e+00,-2.048950672e+00,-4.101451874e+00,4.998431355e-02,2.549550772e+00,-2.373975277e+00,-2.415122747e+00,3.040607691e+00,1.486559272e+00,0.000000000e+00,0.000000000e+00,0.000000000e+00,0.000000000e+00,-1.000000000e+00,-1.000000000e+00,-1.000000000e+00,0.000000000e+00,-9.999956489e-01,4.342942646e-07,1.000000000e+00,-6.989678144e-01,0.000000000e+00,4.342942646e-07,9.991108775e-01
75,1,0,8.612889051e-01,3.751170635e-01,-1.659238458e+00,1.476701975e+00,-4.181156680e-02,-2.910065174e+00,-2.904545784e+00,-2.458431482e+00,-2.450965881e+00,-1.972343445e+00,-2.898764610e+00,-3.395509243e+00,1.784823060e+00,5.000000000e+00,1.100000000e+01,1.900000000e+01,1.000000000e+00,1.678726435e+00,2.811747789e+00,1.979485750e-01,9.499999881e-01,-2.034328222e+00,-4.067096710e+00,1.553937513e-02,2.811747313e+00,-2.810385466e+00,-2.520403385e+00,3.274794102e+00,1.784823060e+00,1.000000000e+00,1.000000000e+00,0.000000000e+00,1.000000000e+00,5.000000000e+00,1.100000000e+01,1.000000000e+00,1.000000000e+00,-5.061069012e+00,-1.846800566e+00,3.875360191e-01,-5.055634975e+00,1.000000000e+00,4.342942646e-07,9.948108196e-01
76,0,1,1.038503289e+00,8.424418569e-01,-1.160159707e+00,1.379181385e+00,1.745381579e-02,-3.445105553e+00,-3.454092264e+00,-2.869220018e+00,-2.999127150e+00,-2.673275232e+00,-3.040777922e+00,-3.640476942e+00,1.023053169e+00,4.000000000e+00,9.000000000e+00,1.400000000e+01,0.000000000e+00,3.875546753e-01,2.867259026e+00,2.330534756e-01,1.000000000e+00,-2.002564192e+00,-4.000985146e+00,4.005715251e-01,2.867256641e+00,-3.440232515e+00,-2.198600769e+00,2.792593479e+00,1.023053169e+00,3.000000000e+00,2.000000000e+00,1.000000000e+00,3.000000000e+00,2.000000000e+00,4.000000000e+00,1.000000000e+00,1.000000000e+00,-5.381783485e+00,-2.544026136e+00,-1.085613489e+00,-5.380842686e+00,1.000000000e+00,4.342942646e-07,1.955773681e-02
76,1,1,1.138584137e+00,5.453999639e-01,-1.426015615e+00,1.677362680e+00,1.860011220e-01,-3.171360254e+00,-3.190135717e+00,-2.283303738e+00,-2.368084192e+00,-1.690181494e+00,-3.110318899e+00,-3.762667656e+00,2.042315006e+00,8.000000000e+00,1.000000000e+01,1.800000000e+01,0.000000000e+00,4.248085320e-01,1.902928352e+00,4.220902324e-01,1.000000000e+00,-1.971386433e+00,-3.939923763e+00,4.977341592e-01,1.902592063e+00,-2.415738344e+00,-2.564451933e+00,2.082808733e+00,2.042315006e+00,3.000000000e+00,3.000000000e+00,0.000000000e+00,3.000000000e+00,5.000000000e+00,8.000000000e+00,3.000000000e+00,1.000000000e+00,-4.426496029e+00,-1.636446238e+00,6.902199388e-01,-4.416841507e+00,1.000000000e+00,4.342942646e-07,9.515933990e-01
76,2,0,1.150027752e+00,5.376119018e-01,-1.486068964e+00,1.687860012e+00,1.964985728e-01,-2.990003347e+00,-2.973641634e+00,-2.458904266e+00,-2.421335459e+00,-1.846582770e+00,-3.175619602e+00,-3.601106882e+00,2.088045359e+00,8.000000000e+00,1.100000000e+01,1.800000000e+01,0.000000000e+00,1.508929849e+00,2.601078510e+00,4.325876534e-01,1.000000000e+00,-2.023648262e+00,-4.045092106e+00,-2.861284018e-01,2.601078033e+00,-3.244427919e+00,-2.635921955e+00,3.461822748e+00,2.088045359e+00,0.000000000e+00,0.000000000e+00,0.000000000e+00,0.000000000e+00,-1.000000000e+00,-1.000000000e+00,-1.000000000e+00,0.000000000e+00,-9.999956489e-01,4.342942646e-07,1.000000000e+00,-6.989678144e-01,1.000000000e+00,4.342942646e-07,9.570284486e-01
77,0,0,9.302063584e-01,1.806073934e-01,-1.516767621e+00,1.609864593e+00,4.337734282e-01,-2.568516016e+00,-2.557032347e+00,-2.113091469e+00,-2.107621193e+00,-1.363538504e+00,-2.631219625e+00,-3.317373276e+00,-2.411147118e+00,8.000000000e+00,7.000000000e+00,1.000000000e+01,0.000000000e+00,1.550967693e+00,2.139043093e+00,6.098645926e-01,1.000000000e+00,-1.697367311e+00,-3.397502184e+00,-7.142838556e-03,2.139032125e+00,-2.295341492e+00,-2.446866751e+00,2.890247107e+00,2.411147118e+00,0.000000000e+00,0.000000000e+00,0.000000000e+00,0.000000000e+00,-1.000000000e+00,-1.000000000e+00,-1.000000000e+00,0.000000000e+00,-9.999956489e-01,4.342942646e-07,1.000000000e+00,-6.989678144e-01,0.000000000e+00,4.342942646e-07,9.990599751e-01
77,1,0,1.002534151e+00,3.205702007e-01,-1.573707700e+00,1.781433225e+00,2.373654246e-01,-2.740910769e+00,-2.745379925e+00,-2.186611652e+00,-2.232289314e+00,-1.504700541e+00,-2.900679588e+00,-3.421965122e+00,-2.252433062e+00,1.000000000e+01,1.200000000e+01,2.000000000e+01,1.000000000e+00,1.627774835e+00,2.318610191e+00,4.804034233e-01,9.523809552e-01,-1.894259930e+00,-3.790098429e+00,1.207836196e-01,2.318601370e+00,-2.432032824e+00,-2.576094389e+00,2.925411224e+00,2.252433062e+00,0.000000000e+00,0.000000000e+00,0.000000000e+00,0.000000000e+00,-1.000000000e+00,-1.000000000e+00,-1.000000000e+00,0.000000000e+00,-9.999956489e-01,4.342942646e-07,1.000000000e+00,-6.989678144e-01,1.000000000e+00,4.342942646e-07,9.970291257e-01
77,2,1,9.886446595e-01,9.862617850e-01,-1.124388695e+00,1.277788639e+00,-1.846088171e-01,-3.546740532e+00,-3.707719564e+00,-2.571000576e+00,-3.128119469e+00,-2.568618536e+00,-3.098756790e+00,-3.549114943e+00,-1.048503518e-01,4.000000000e+00,1.000000000e+01,1.700000000e+01,0.000000000e+00,1.464470148e+00,3.302169800e+00,4.733996838e-02,1.000000000e+00,-2.110600471e+00,-4.214144230e+00,2.181673765e+00,3.300919533e+00,-1.933254004e+00,-2.112982988e+00,1.679165483e+00,1.048503518e-01,0.000000000e+00,0.000000000e+00,0.000000000e+00,0.000000000e+00,-1.000000000e+00,-1.000000000e+00,-1.000000000e+00,0.000000000e+00,-9.999956489e-01,4.342942646e-07,1.000000000e+00,-6.989678144e-01,0.000000000e+00,4.342942646e-07,8.462201367e-05
77,3,1,7.553362846e-01,7.260239720e-01,-1.453408837e+00,1.203212738e+00,-1.947266757e-01,-3.378072977e+00,-3.474786520e+00,-2.670984507e+00,-2.991208315e+00,-2.641685486e+00,-2.934510231e+00,-3.407312870e+00,3.715539873e-01,4.000000000e+00,1.000000000e+01,1.500000000e+01,0.000000000e+00,1.422875166e+00,3.354697227e+00,2.712177485e-02,1.000000000e+00,-2.179379463e+00,-4.349177837e+00,2.304568052e+00,3.352966547e+00,-1.413078666e+00,-2.208687305e+00,1.398154616e+00,3.715539873e-01,0.000000000e+00,0.000000000e+00,0.000000000e+00,0.000000000e+00,-1.000000000e+00,-1.000000000e+00,-1.000000000e+00,0.000000000e+00,-9.999956489e-01,4.342942646e-07,1.000000000e+00,-6.989678144e-01,0.000000000e+00,4.342942646e-07,3.446252346e-01
77,4,0,3.638246655e-01,3.305001557e-01,-1.774008870e+00,1.118378758e+00,-1.120697260e-01,-2.574289799e+00,-2.743574381e+00,-1.038735986e+00,-1.426754713e+00,-1.005411744e+00,-2.468307257e+00,-2.607601404e+00,3.967747688e-01,0.000000000e+00,6.000000000e+00,1.100000000e+01,0.000000000e+00,5.286231041e-01,1.461337209e+00,7.698629051e-02,1.000000000e+00,-2.104479551e+00,-4.202171803e+00,1.379037261e+00,1.210807920e+00,-3.782280087e-01,-2.137799740e+00,2.531204820e-01,3.967747688e-01,0.000000000e+00,0.000000000e+00,0.000000000e+00,0.000000000e+00,-1.000000000e+00,-1.000000000e+00,-1.000000000e+00,0.000000000e+00,-9.999956489e-01,4.342942646e-07,1.000000000e+00,-6.989678144e-01,0.000000000e+00,4.342942646e-07,9.967281818e-01
77,5,0,3.076619506e-01,2.572427988e-01,-1.854766488e+00,7.082967758e-01,-4.056455493e-01,-2.516835451e+00,-2.551924944e+00,-8.340955973e-01,-1.100409150e+00,-7.836767435e-01,-2.413104773e+00,-2.567236900e+00,4.912351072e-01,0.000000000e+00,5.000000000e+00,9.000000000e+00,0.000000000e+00,1.878735185e+00,1.863950372e+00,-2.459450811e-01,1.000000000e+00,-2.111984253e+00,-4.210486889e+00,1.760855436e+00,1.652679920e+00,4.031984806e-01,-2.162396431e+00,2.085598111e-01,4.912351072e-01,0.000000000e+00,0.000000000e+00,0.000000000e+00,0.000000000e+00,-1.000000000e+00,-1.000000000e+00,-1.000000000e+00,0.000000000e+00,-9.999956489e-01,4.342942646e-07,1.000000000e+00,-6.989678144e-01,0.000000000e+00,4.342942646e-07,9.983139038e-01
77,6,0,8.731233478e-01,3.543808758e-01,-1.640662313e+00,1.797618151e+00,2.294166684e-01,-2.865548849e+00,-2.864755154e+00,-2.414351225e+00,-2.421656370e+00,-1.895686984e+00,-2.871448755e+00,-3.383558512e+00,1.863831878e+00,7.000000000e+00,1.200000000e+01,2.100000000e+01,0.000000000e+00,1.285523295e+00,2.538483381e+00,4.753989875e-01,1.000000000e+00,-1.995019197e+00,-3.989450932e+00,-3.324138820e-01,2.538482904e+00,-3.108009338e+00,-2.513663054e+00,3.396700859e+00,1.863831878e+00,0.000000000e+00,0.000000000e+00,0.000000000e+00,0.000000000e+00,-1.000000000e+00,-1.000000000e+00,-1.000000000e+00,0.000000000e+00,-9.999956489e-01,4.342942646e-07,1.000000000e+00,-6.989678144e-01,0.000000000e+00,4.342942646e-07,9.958362579e-01
77,7,0,9.523262978e-01,3.952601254e-01,-1.560937285e+00,1.626658916e+00,1.081452146e-01,-2.878484488e+00,-2.866844416e+00,-2.321464300e+00,-2.304547548e+00,-1.764463663e+00,-2.911023140e+00,-3.434695959e+00,1.956038117e+00,8.000000000e+00,1.200000000e+01,1.900000000e+01,0.000000000e+00,1.017209172e+00,2.273096561e+00,3.479054272e-01,1.000000000e+00,-1.956173897e+00,-3.911705256e+00,-1.460196227e-01,2.273093462e+00,-2.845610857e+00,-2.513137817e+00,2.959137201e+00,1.956038117e+00,0.000000000e+00,0.000000000e+00,0.000000000e+00,0.000000000e+00,-1.000000000e+00,-1.000000000e+00,-1.000000000e+00,0.000000000e+00,-9.999956489e-01,4.342942646e-07,1.000000000e+00,-6.989678144e-01,1.000000000e+00,4.342942646e-07,9.935085773e-01
78,0,1,1.221124411e+00,7.676998973e-01,-1.252229571e+00,1.525081754e+00,-1.898587495e-02,-3.305155993e+00,-3.305719852e+00,-2.757875204e+00,-2.793694973e+00,-2.304611921e+00,-3.240827799e+00,-3.756969690e+00,-1.704667330e+00,6.000000000e+00,1.100000000e+01,2.000000000e+01,0.000000000e+00,1.537560105e+00,3.073479652e+00,2.240519673e-01,1.000000000e+00,-2.019891739e+00,-4.035657406e+00,-2.289208919e-01,3.073479652e+00,-3.787913561e+00,-2.473232508e+00,3.791209459e+00,1.704667330e+00,4.000000000e+00,4.000000000e+00,0.000000000e+00,2.000000000e+00,4.000000000e+00,3.300000000e+01,3.000000000e+00,1.000000000e+00,-5.429303169e+00,-2.112725496e+00,-1.923625618e-01,-5.426860332e+00,1.000000000e+00,4.342942646e-07,1.525599509e-01
78,1,0,4.371601343e-01,-2.958397381e-02,-1.628219366e+00,8.418462873e-01,1.428764760e-01,-2.235073805e+00,-1.925234318e+00,-7.083811164e-01,-5.476273298e-01,-2.416381240e-01,-2.081350088e+00,-2.701674223e+00,1.737365603e+00,0.000000000e+00,3.000000000e+00,5.000000000e+00,0.000000000e+00,3.225512981e+00,1.981099367e+00,1.428764760e-01,1.000000000e+00,-1.598636031e+00,-3.242136478e+00,1.864678144e+00,1.790122271e+00,1.346633911e+00,-2.065347433e+00,2.314342707e-01,1.737365603e+00,0.000000000e+00,0.000000000e+00,0.000000000e+00,0.000000000e+00,-1.000000000e+00,-1.000000000e+00,-1.000000000e+00,0.000000000e+00,-9.999956489e-01,4.342942646e-07,1.000000000e+00,-6.989678144e-01,0.000000000e+00,4.342942646e-07,9.997059703e-01
78,2,1,9.642688036e-01,4.092434645e-01,-1.546367884e+00,1.775723815e+00,2.843623459e-01,-2.888835430e+00,-2.853806496e+00,-2.416729450e+00,-2.308715820e+00,-1.861785650e+00,-2.922081232e+00,-3.442991018e+00,1.951146245e+00,6.000000000e+00,1.100000000e+01,1.800000000e+01,0.000000000e+00,1.436867237e+00,2.580506563e+00,5.204514861e-01,1.000000000e+00,-1.955587387e+00,-3.910255432e+00,1.145414948e+00,2.580213547e+00,-1.572616339e+00,-2.510511160e+00,1.881779075e+00,1.951146245e+00,0.000000000e+00,0.000000000e+00,0.000000000e+00,0.000000000e+00,-1.000000000e+00,-1.000000000e+00,-1.000000000e+00,0.000000000e+00,-9.999956489e-01,4.342942646e-07,1.000000000e+00,-6.989678144e-01,1.000000000e+00,4.342942646e-07,9.923710823e-01
78,3,0,8.093464375e-01,2.475707084e-01,-1.433893442e+00,1.333563328e+00,2.921707928e-01,-2.722729445e+00,-2.643076181e+00,-1.946851254e+00,-1.885954142e+00,-1.385103106e+00,-2.492398977e+00,-3.283899069e+00,1.967319965e+00,6.000000000e+00,6.000000000e+00,8.000000000e+00,0.000000000e+00,2.259180099e-01,1.500950575e+00,4.304734468e-01,1.000000000e+00,-1.681454778e+00,-3.363658667e+00,5.834680200e-01,1.497751832e+00,-1.550074697e+00,-2.243175507e+00,1.415149212e+00,1.967319965e+00,0.000000000e+00,0.000000000e+00,0.000000000e+00,0.000000000e+00,-1.000000000e+00,-1.000000000e+00,-1.000000000e+00,0.000000000e+00,-9.999956489e-01,4.342942646e-07,1.000000000e+00,-6.989678144e-01,0.000000000e+00,4.342942646e-07,9.984428287e-01
78,4,0,7.580790520e-01,2.360569984e-01,-1.753141046e+00,1.601229310e+00,3.302787244e-02,-2.746355772e+00,-2.723653555e+00,-2.286597967e+00,-2.200611830e+00,-1.764634371e+00,-2.753361940e+00,-3.267814875e+00,1.871752501e+00,7.000000000e+00,1.200000000e+01,2.100000000e+01,0.000000000e+00,1.054786325e+00,2.292052984e+00,2.790101469e-01,1.000000000e+00,-1.989180207e+00,-3.980578661e+00,-1.471744418e+00,2.292052984e+00,-3.904990911e+00,-2.511103868e+00,4.197793484e+00,1.871752501e+00,0.000000000e+00,0.000000000e+00,0.000000000e+00,0.000000000e+00,-1.000000000e+00,-1.000000000e+00,-1.000000000e+00,0.000000000e+00,-9.999956489e-01,4.342942646e-07,1.000000000e+00,-6.989678144e-01,0.000000000e+00,4.342942646e-07,9.985802174e-01
79,0,0,7.265858054e-01,2.767609060e-01,-1.798856258e+00,1.528521895e+00,-3.967949376e-02,-2.817152739e+00,-2.808536053e+00,-1.997682810e+00,-1.997574091e+00,-1.547885656e+00,-2.808227062e+00,-3.266460180e+00,-1.695807099e+00,6.000000000e+00,1.100000000e+01,2.100000000e+01,0.000000000e+00,-2.686268985e-01,1.481696248e+00,2.063027173e-01,1.000000000e+00,-2.075592756e+00,-4.151367188e+00,1.226015091e+00,1.401729941e+00,-1.048357964e+00,-2.525323629e+00,6.254286766e-01,1.695807099e+00,0.000000000e+00,0.000000000e+00,0.000000000e+00,0.000000000e+00,-1.000000000e+00,-1.000000000e+00,-1.000000000e+00,0.000000000e+00,-9.999956489e-01,4.342942646e-07,1.000000000e+00,-6.989678144e-01,0.000000000e+00,4.342942646e-07,9.980096221e-01
79,1,0,9.793986082e-01,5.198333263e-01,-1.486860037e+00,1.524074674e+00,-6.698954850e-02,-3.058063269e+00,-3.053156853e+00,-2.590371132e+00,-2.599876642e+00,-2.130916357e+00,-2.987195015e+00,-3.516695738e+00,-1.719759345e+00,7.000000000e+00,1.200000000e+01,2.200000000e+01,0.000000000e+00,5.109238029e-01,2.386530876e+00,1.816521436e-01,1.000000000e+00,-2.006662369e+00,-4.010453224e+00,7.315119505e-01,2.386424541e+00,-2.388264894e+00,-2.466144800e+00,2.123955488e+00,1.719759345e+00,1.000000000e+00,1.000000000e+00,0.000000000e+00,1.000000000e+00,-5.000000000e+00,3.300000000e+01,1.000000000e+00,1.000000000e+00,-4.519064903e+00,-3.128509760e+00,-2.244053602e+00,-4.518753052e+00,1.000000000e+00,2.104746848e-01,9.670711160e-01
79,2,0,8.398513198e-01,3.826321959e-01,-1.659483075e+00,1.878627419e+00,2.875630558e-01,-2.929545641e+00,-2.924526691e+00,-2.408839464e+00,-2.414299011e+00,-1.951692700e+00,-2.884868145e+00,-3.386076450e+00,-1.713996887e+00,6.000000000e+00,1.200000000e+01,2.200000000e+01,0.000000000e+00,6.902272105e-01,2.296845198e+00,5.362048745e-01,1.000000000e+00,-2.042087078e+00,-4.082205296e+00,-8.001026511e-01,2.296844959e+00,-3.595434904e+00,-2.499217033e+00,3.558919668e+00,1.713996887e+00,0.000000000e+00,0.000000000e+00,0.000000000e+00,0.000000000e+00,-1.000000000e+00,-1.000000000e+00,-1.000000000e+00,0.000000000e+00,-9.999956489e-01,4.342942646e-07,1.000000000e+00,-6.989678144e-01,0.000000000e+00,4.342942646e-07,9.943653345e-01
79,3,0,8.321112990e-01,4.160867333e-01,-1.699677348e+00,1.310432076e+00,-1.178690419e-02,-3.233469725e+00,-3.122795582e+00,-2.202362776e+00,-2.145020485e+00,-1.786380529e+00,-2.948519707e+00,-3.648301601e+00,-1.612059832e+00,2.000000000e+00,8.000000000e+00,1.300000000e+01,0.000000000e+00,-1.131790280e+00,1.350376487e+00,1.964888573e-01,1.000000000e+00,-2.115729094e+00,-4.225223541e+00,1.223259449e+00,1.173634410e+00,-1.337898850e+00,-2.531662703e+00,3.090454042e-01,1.612059832e+00,0.000000000e+00,0.000000000e+00,0.000000000e+00,0.000000000e+00,-1.000000000e+00,-1.000000000e+00,-1.000000000e+00,0.000000000e+00,-9.999956489e-01,4.342942646e-07,1.000000000e+00,-6.989678144e-01,0.000000000e+00,4.342942646e-07,9.917286038e-01
79,4,0,6.641065478e-01,3.237417638e-01,-1.710961103e+00,1.264713645e+00,-1.666495502e-01,-2.922777176e+00,-2.920506716e+00,-2.446238041e+00,-2.459568024e+00,-2.105939150e+00,-2.701532602e+00,-3.262709618e+00,-1.420094132e+00,4.000000000e+00,1.000000000e+01,1.600000000e+01,1.000000000e+00,4.680861533e-01,2.340044260e+00,6.059396267e-02,9.411764741e-01,-2.034678221e+00,-4.067269802e+00,1.278964430e-01,2.340035915e+00,-2.655342102e+00,-2.374986887e+00,2.565745354e+00,1.420094132e+00,0.000000000e+00,0.000000000e+00,0.000000000e+00,0.000000000e+00,-1.000000000e+00,-1.000000000e+00,-1.000000000e+00,0.000000000e+00,-9.999956489e-01,4.342942646e-07,1.000000000e+00,-6.989678144e-01,0.000000000e+00,4.342942646e-07,9.969369173e-01
79,5,1,8.660799265e-01,5.634877086e-01,-1.530373693e+00,1.585728645e+00,1.233308613e-01,-3.154244184e+00,-3.181740522e+00,-2.577330351e+00,-2.652914047e+00,-2.274820566e+00,-2.960777521e+00,-3.456212997e+00,-1.321109295e+00,4.000000000e+00,1.000000000e+01,1.700000000e+01,0.000000000e+00,-6.065952778e-01,1.972440839e+00,3.552798629e-01,1.000000000e+00,-2.093822241e+00,-4.182311535e+00,8.068640828e-01,1.971425533e+00,-2.409621477e+00,-2.396360159e+00,1.542738318e+00,1.321109295e+00,0.000000000e+00,0.000000000e+00,0.000000000e+00,0.000000000e+00,-1.000000000e+00,-1.000000000e+00,-1.000000000e+00,0.000000000e+00,-9.999956489e-01,4.342942646e-07,1.000000000e+00,-6.989678144e-01,0.000000000e+00,4.342942646e-07,9.358295798e-01
80,0,0,1.132366896e+00,4.143013358e-01,-1.122785449e+00,9.013226032e-01,-1.400695741e-01,-2.557360411e+00,-2.354660988e+00,-9.686596990e-01,-1.058210135e+00,-2.505973279e-01,-2.683787107e+00,-3.274764538e+00,-2.337267876e+00,0.000000000e+00,4.000000000e+00,8.000000000e+00,0.000000000e+00,7.496173382e-01,8.747532964e-01,-1.767019741e-03,1.000000000e+00,-1.537077546e+00,-3.088190079e+00,7.972375154e-01,6.134650707e-01,-6.752767563e-01,-2.255079985e+00,6.238437295e-01,2.337267876e+00,0.000000000e+00,0.000000000e+00,0.000000000e+00,0.000000000e+00,-1.000000000e+00,-1.000000000e+00,-1.000000000e+00,0.000000000e+00,-9.999956489e-01,4.342942646e-07,1.000000000e+00,-6.989678144e-01,1.000000000e+00,4.342942646e-07,9.919022918e-01
80,1,1,1.790664434e+00,1.087967753e+00,-7.352320552e-01,1.548622727e+00,-1.957859658e-02,-3.471469164e+00,-3.444363356e+00,-2.910851002e+00,-2.855961561e+00,-2.208438158e+00,-3.612148762e+00,-4.168997288e+00,-2.301188231e+00,7.000000000e+00,1.100000000e+01,2.100000000e+01,1.000000000e+00,-8.327899128e-02,2.168995857e+00,2.264036536e-01,9.545454383e-01,-1.823173165e+00,-3.644548178e+00,1.174766660e+00,2.166754484e+00,-2.769218922e+00,-2.525753021e+00,1.639732003e+00,2.301188231e+00,4.000000000e+00,4.000000000e+00,0.000000000e+00,1.000000000e+00,-5.000000000e+00,6.000000000e+00,1.000000000e+00,1.000000000e+00,-5.515738964e+00,-2.097951174e+00,-5.426466465e-01,-5.513416290e+00,1.000000000e+00,4.342942646e-07,5.091627600e-07
80,2,0,9.228578210e-01,2.812268138e-01,-1.587828159e+00,1.965886235e+00,3.976846337e-01,-2.724265099e+00,-2.725435019e+00,-2.280830860e+00,-2.287117958e+00,-1.639263511e+00,-2.795574665e+00,-3.365118742e+00,-2.157273531e+00,7.000000000e+00,1.100000000e+01,2.100000000e+01,1.000000000e+00,1.357908249e-01,1.707177758e+00,6.436669827e-01,9.545454383e-01,-1.869039297e+00,-3.739668369e+00,-2.187573433e+00,1.707177758e+00,-4.731983662e+00,-2.510561943e+00,4.529966354e+00,2.157273531e+00,0.000000000e+00,0.000000000e+00,0.000000000e+00,0.000000000e+00,-1.000000000e+00,-1.000000000e+00,-1.000000000e+00,0.000000000e+00,-9.999956489e-01,4.342942646e-07,1.000000000e+00,-6.989678144e-01,0.000000000e+00,4.342942646e-07,9.979302883e-01
80,3,0,1.041045189e+00,3.676263392e-01,-1.565498829e+00,1.589968681e+00,2.176721208e-02,-2.797792912e+00,-2.793280125e+00,-2.271966457e+00,-2.270344496e+00,-1.598611355e+00,-2.977659702e+00,-3.470200300e+00,-2.232308388e+00,7.000000000e+00,1.200000000e+01,2.100000000e+01,0.000000000e+00,6.790808439e-01,1.938170910e+00,2.677494884e-01,1.000000000e+00,-1.933103800e+00,-3.866959333e+00,-5.754635930e-01,1.938168764e+00,-3.212807178e+00,-2.606384277e+00,3.185126543e+00,2.232308388e+00,0.000000000e+00,0.000000000e+00,0.000000000e+00,0.000000000e+00,-1.000000000e+00,-1.000000000e+00,-1.000000000e+00,0.000000000e+00,-9.999956489e-01,4.342942646e-07,1.000000000e+00,-6.989678144e-01,0.000000000e+00,4.342942646e-07,9.952131510e-01
80,4,0,1.255931973e+00,6.143821478e-01,-1.445716619e-01,-5.665785670e-01,-1.043696642e+00,-2.903512001e+00,-2.596292973e+00,-2.379409313e+00,-2.205579042e+00,-1.737939715e+00,-2.014859676e+00,-3.543887377e+00,-2.157081127e+00,4.000000000e+00,3.000000000e+00,4.000000000e+00,0.000000000e+00,1.007842422e+00,2.241916418e+00,-1.168633819e+00,1.000000000e+00,-7.589518428e-01,-1.517912745e+00,3.495670259e-01,2.241880655e+00,-2.470335722e+00,-1.400493264e+00,2.359967709e+00,2.157081127e+00,3.000000000e+00,3.000000000e+00,0.000000000e+00,3.000000000e+00,-5.000000000e+00,8.000000000e+00,4.000000000e+00,1.000000000e+00,-4.682517052e+00,-3.496199548e-01,4.976855814e-01,-4.528533936e+00,1.000000000e+00,-5.526302382e-02,8.544289470e-01
80,5,0,1.058022022e+00,4.574542642e-01,-1.485118747e+00,1.601280808e+00,1.099193618e-01,-2.915743113e+00,-2.895753860e+00,-2.397798061e+00,-2.333793640e+00,-1.797311425e+00,-3.002676010e+00,-3.515243769e+00,-2.059888124e+00,6.000000000e+00,1.100000000e+01,1.800000000e+01,0.000000000e+00,4.972472489e-01,2.046226025e+00,3.460084200e-01,1.000000000e+00,-1.942548156e+00,-3.884336948e+00,6.072787046e-01,2.045938015e+00,-2.183996439e+00,-2.543002367e+00,1.975184679e+00,2.059888124e+00,1.000000000e+00,1.000000000e+00,0.000000000e+00,1.000000000e+00,-5.000000000e+00,2.000000000e+00,4.000000000e+00,1.000000000e+00,-5.575724125e+00,-1.871394873e+00,1.540757120e-01,-5.572098255e+00,1.000000000e+00,7.097594738e-01,9.861517549e-01
80,6,0,6.114832163e-01,4.229400307e-02,-1.904465199e+00,1.304301262e+00,-2.142120600e-01,-2.533589363e+00,-2.525062084e+00,-2.019644022e+00,-2.015582800e+00,-1.450487614e+00,-2.571990490e+00,-3.102377176e+00,-1.985059023e+00,7.000000000e+00,1.100000000e+01,1.900000000e+01,0.000000000e+00,5.393644571e-01,1.720203400e+00,2.554797754e-02,1.000000000e+00,-1.946755409e+00,-3.903967857e+00,-2.654332221e-01,1.720180154e+00,-2.323263884e+00,-2.515840769e+00,2.550659180e+00,1.985059023e+00,0.000000000e+00,0.000000000e+00,0.000000000e+00,0.000000000e+00,-1.000000000e+00,-1.000000000e+00,-1.000000000e+00,0.000000000e+00,-9.999956489e-01,4.342942646e-07,1.000000000e+00,-6.989678144e-01,0.000000000e+00,4.342942646e-07,9.995885491e-01
80,7,0,1.080851197e+00,5.556790233e-01,-1.418300390e+00,1.728198767e+00,1.599972993e-01,-3.060726166e+00,-3.053960562e+00,-2.540046692e+00,-2.526734352e+00,-2.014980316e+00,-3.055675745e+00,-3.584725618e+00,-1.879354715e+00,6.000000000e+00,1.200000000e+01,2.100000000e+01,0.000000000e+00,1.071314067e-01,2.068607330e+00,4.059796333e-01,1.000000000e+00,-1.973949909e+00,-3.945461750e+00,3.042181954e-02,2.068589211e+00,-3.051648378e+00,-2.499025822e+00,2.549886465e+00,1.879354715e+00,0.000000000e+00,0.000000000e+00,0.000000000e+00,0.000000000e+00,-1.000000000e+00,-1.000000000e+00,-1.000000000e+00,0.000000000e+00,-9.999956489e-01,4.342942646e-07,1.000000000e+00,-6.989678144e-01,0.000000000e+00,4.342942646e-07,9.432315230e-01
80,8,1,1.135621071e+00,6.477815509e-01,-1.314058661e+00,1.827007890e+00,3.084941208e-01,-3.169797659e+00,-3.156949282e+00,-2.703041315e+00,-2.674020529e+00,-2.215349913e+00,-3.097662210e+00,-3.656306982e+00,-1.788884401e+00,7.000000000e+00,1.100000000e+01,1.900000000e+01,0.000000000e+00,1.875661016e-01,2.312541485e+00,5.482543707e-01,1.000000000e+00,-1.961809278e+00,-3.920799971e+00,1.432181716e+00,2.308741093e+00,-1.889791846e+00,-2.449566364e+00,1.335356474e+00,1.788884401e+00,4.000000000e+00,4.000000000e+00,0.000000000e+00,3.000000000e+00,-5.000000000e+00,1.000000000e+00,3.000000000e+00,1.000000000e+00,-4.813729763e+00,-1.801625967e+00,3.067843318e-01,-4.807366371e+00,1.000000000e+00,4.342942646e-07,7.524736524e-01
80,9,0,8.634681702e-01,3.539126813e-01,-1.627540588e+00,1.533430099e+00,-1.063763071e-02,-2.873132706e+00,-2.863114595e+00,-2.419576645e+00,-2.397281647e+00,-1.910099745e+00,-2.847854614e+00,-3.381964922e+00,-1.841611385e+00,6.000000000e+00,1.200000000e+01,2.000000000e+01,0.000000000e+00,1.518718243e+00,2.669494390e+00,2.324002236e-01,1.000000000e+00,-1.981429935e+00,-3.962164879e+00,-2.566017210e-01,2.669494152e+00,-3.007463217e+00,-2.490892649e+00,3.413156033e+00,1.841611385e+00,0.000000000e+00,0.000000000e+00,0.000000000e+00,0.000000000e+00,-1.000000000e+00,-1.000000000e+00,-1.000000000e+00,0.000000000e+00,-9.999956489e-01,4.342942646e-07,1.000000000e+00,-6.989678144e-01,0.000000000e+00,4.342942646e-07,9.958563447e-01
80,10,0,7.177299857e-01,2.483160645e-01,-1.758576393e+00,1.727548361e+00,1.593468636e-01,-2.768054247e+00,-2.762798309e+00,-2.192207813e+00,-2.194562197e+00,-1.722838283e+00,-2.730243921e+00,-3.236973047e+00,-1.743903041e+00,6.000000000e+00,1.200000000e+01,2.100000000e+01,0.000000000e+00,-3.129807234e+00,2.284291983e-01,4.053291380e-01,1.000000000e+00,-2.006873131e+00,-4.015144348e+00,-2.320809476e-02,1.466380954e-01,-2.466027260e+00,-2.476201296e+00,6.415435076e-01,1.743903041e+00,0.000000000e+00,0.000000000e+00,0.000000000e+00,0.000000000e+00,-1.000000000e+00,-1.000000000e+00,-1.000000000e+00,0.000000000e+00,-9.999956489e-01,4.342942646e-07,1.000000000e+00,-6.989678144e-01,0.000000000e+00,4.342942646e-07,9.984332919e-01
81,0,1,9.843192697e-01,6.079111099e-01,-1.370054722e+00,1.722306490e+00,1.541050076e-01,-3.179660559e+00,-3.171245098e+00,-2.636512756e+00,-2.619653702e+00,-2.260213614e+00,-2.962592363e+00,-3.555163860e+00,-1.512437820e+00,6.000000000e+00,1.100000000e+01,2.100000000e+01,1.000000000e+00,1.619341254e+00,3.069963694e+00,4.000873566e-01,9.545454383e-01,-1.977934718e+00,-3.952734947e+00,1.256291717e-01,3.069963455e+00,-3.101567745e+00,-2.354285955e+00,3.303740978e+00,1.512437820e+00,4.000000000e+00,4.000000000e+00,0.000000000e+00,3.000000000e+00,-4.000000000e+00,2.100000000e+01,1.000000000e+00,1.000000000e+00,-5.856348038e+00,-2.692338943e+00,-1.427377820e+00,-5.856100082e+00,1.000000000e+00,4.342942646e-07,8.689255118e-01
81,1,0,6.608345509e-01,2.918980420e-01,-1.763054132e+00,1.467648506e+00,-7.641912997e-02,-2.876825809e+00,-2.875612020e+00,-2.402683020e+00,-2.412049055e+00,-2.033809185e+00,-2.719682217e+00,-3.245324850e+00,-1.493441939e+00,6.000000000e+00,1.100000000e+01,2.000000000e+01,0.000000000e+00,-1.626669288e+00,1.221072555e+00,1.666186601e-01,1.000000000e+00,-2.054928064e+00,-4.108442307e+00,-3.156211600e-02,1.220393181e+00,-2.735385180e+00,-2.423798561e+00,1.630140185e+00,1.493441939e+00,0.000000000e+00,0.000000000e+00,0.000000000e+00,0.000000000e+00,-1.000000000e+00,-1.000000000e+00,-1.000000000e+00,0.000000000e+00,-9.999956489e-01,4.342942646e-07,1.000000000e+00,-6.989678144e-01,0.000000000e+00,4.342942646e-07,9.977243543e-01
81,2,0,6.830872893e-01,3.861945271e-01,-1.719635963e+00,1.576771259e+00,1.454077363e-01,-2.993271589e+00,-2.983870745e+00,-2.529364109e+00,-2.537887335e+00,-2.232544184e+00,-2.791325808e+00,-3.289745092e+00,-1.305940509e+00,4.000000000e+00,1.000000000e+01,1.600000000e+01,0.000000000e+00,1.804884195e+00,3.135060549e+00,3.726513982e-01,1.000000000e+00,-2.105797768e+00,-4.207304001e+00,1.766895503e-02,3.135060310e+00,-2.906213045e+00,-2.402636290e+00,3.422667027e+00,1.305940509e+00,0.000000000e+00,0.000000000e+00,0.000000000e+00,0.000000000e+00,-1.000000000e+00,-1.000000000e+00,-1.000000000e+00,0.000000000e+00,-9.999956489e-01,4.342942646e-07,1.000000000e+00,-6.989678144e-01,0.000000000e+00,4.342942646e-07,9.941381216e-01
81,3,1,8.706514239e-01,5.867336988e-01,-1.473712921e+00,1.349379897e+00,-8.198344707e-02,-3.198981762e+00,-3.212068558e+00,-2.674131393e+00,-2.726648808e+00,-2.390312195e+00,-2.931566477e+00,-3.482266426e+00,-1.271149039e+00,4.000000000e+00,9.000000000e+00,1.600000000e+01,0.000000000e+00,1.619364977e+00,3.200101614e+00,1.452600956e-01,1.000000000e+00,-2.060409546e+00,-4.116035461e+00,3.604503870e-01,3.200101137e+00,-2.952774048e+00,-2.344281197e+00,3.176011562e+00,1.271149039e+00,3.000000000e+00,3.000000000e+00,0.000000000e+00,3.000000000e+00,-4.000000000e+00,3.500000000e+01,2.000000000e+00,1.000000000e+00,-5.037768841e+00,-1.938992500e+00,2.529111803e-01,-5.033339500e+00,1.000000000e+00,4.342942646e-07,9.069879055e-01
81,4,0,5.872198939e-01,2.673771381e-01,-1.750505686e+00,1.257896066e+00,-6.432283670e-02,-2.886016130e+00,-2.880754471e+00,-2.431618690e+00,-2.430470943e+00,-2.111837149e+00,-2.608035326e+00,-3.205495596e+00,-1.366631269e+00,4.000000000e+00,9.000000000e+00,1.300000000e+01,0.000000000e+00,7.952497900e-02,2.151658297e+00,1.439529061e-01,1.000000000e+00,-2.017861843e+00,-4.034174919e+00,-2.404740155e-01,2.151654720e+00,-2.938062906e+00,-2.337655544e+00,2.710620642e+00,1.366631269e+00,0.000000000e+00,0.000000000e+00,0.000000000e+00,0.000000000e+00,-1.000000000e+00,-1.000000000e+00,-1.000000000e+00,0.000000000e+00,-9.999956489e-01,4.342942646e-07,1.000000000e+00,-6.989678144e-01,0.000000000e+00,4.342942646e-07,9.981638789e-01
81,5,0,6.792871952e-01,4.470135868e-01,-1.598054647e+00,1.364978552e+00,-1.263826489e-01,-3.078926563e+00,-3.075379848e+00,-2.578209162e+00,-2.623878002e+00,-2.346003771e+00,-2.725338936e+00,-3.310832024e+00,-1.128420830e+00,4.000000000e+00,1.000000000e+01,1.800000000e+01,0.000000000e+00,1.905349016e+00,3.298774719e+00,1.097063050e-01,1.000000000e+00,-2.045037031e+00,-4.086040974e+00,-5.657449737e-02,3.298774719e+00,-3.127066851e+00,-2.277276754e+00,3.633101940e+00,1.128420830e+00,0.000000000e+00,0.000000000e+00,0.000000000e+00,0.000000000e+00,-1.000000000e+00,-1.000000000e+00,-1.000000000e+00,0.000000000e+00,-9.999956489e-01,4.342942646e-07,1.000000000e+00,-6.989678144e-01,0.000000000e+00,4.342942646e-07,9.878938794e-01
82,0,1,6.016973853e-01,3.232557178e-01,-1.679943442e+00,1.315950394e+00,-2.025628835e-01,-2.965046167e+00,-2.945579290e+00,-2.493983030e+00,-2.496051550e+00,-2.215605497e+00,-2.606570482e+00,-3.243128061e+00,1.256351352e+00,3.000000000e+00,9.000000000e+00,1.900000000e+01,0.000000000e+00,1.895659804e+00,3.163511038e+00,3.719713539e-02,1.000000000e+00,-2.003176212e+00,-4.003864765e+00,8.850294352e-01,3.163505077e+00,-1.934376597e+00,-2.281578541e+00,2.558968782e+00,1.256351352e+00,1.000000000e+00,1.000000000e+00,0.000000000e+00,1.000000000e+00,5.000000000e+00,2.200000000e+01,1.000000000e+00,1.000000000e+00,-5.470170021e+00,-2.269056320e+00,-5.364943147e-01,-5.468525887e+00,1.000000000e+00,4.698285162e-01,9.969512224e-01
82,1,0,6.380468607e-01,3.943588436e-01,-1.674198985e+00,1.231606960e+00,-2.307904512e-01,-3.028950214e+00,-3.031855583e+00,-2.447466850e+00,-2.474232435e+00,-2.203831196e+00,-2.708189487e+00,-3.272288799e+00,1.160633564e+00,3.000000000e+00,9.000000000e+00,1.700000000e+01,0.000000000e+00,-1.136829495e+00,1.635518789e+00,1.158300671e-03,1.000000000e+00,-2.068527460e+00,-4.133003712e+00,-1.810688525e-01,1.635468245e+00,-3.049303532e+00,-2.312177181e+00,2.086802959e+00,1.160633564e+00,0.000000000e+00,0.000000000e+00,0.000000000e+00,0.000000000e+00,-1.000000000e+00,-1.000000000e+00,-1.000000000e+00,0.000000000e+00,-9.999956489e-01,4.342942646e-07,1.000000000e+00,-6.989678144e-01,0.000000000e+00,4.342942646e-07,9.935746789e-01
82,2,0,7.290294766e-01,2.751699686e-01,-1.724667788e+00,1.482203126e+00,-6.186451390e-02,-2.825693369e+00,-2.822101831e+00,-2.378647804e+00,-2.384268284e+00,-1.924855351e+00,-2.732925415e+00,-3.279017448e+00,1.705737710e+00,6.000000000e+00,1.200000000e+01,2.000000000e+01,1.000000000e+00,-8.018497825e-01,1.576664448e+00,1.811733097e-01,9.523809552e-01,-1.999817252e+00,-3.999630451e+00,1.271256208e+00,1.515635014e+00,-1.388276458e+00,-2.453596830e+00,7.038549185e-01,1.705737710e+00,0.000000000e+00,0.000000000e+00,0.000000000e+00,0.000000000e+00,-1.000000000e+00,-1.000000000e+00,-1.000000000e+00,0.000000000e+00,-9.999956489e-01,4.342942646e-07,1.000000000e+00,-6.989678144e-01,0.000000000e+00,4.342942646e-07,9.980368018e-01
82,3,0,8.654286265e-01,3.398247063e-01,-1.580277562e+00,1.461678147e+00,3.031460010e-02,-2.847364902e+00,-2.834028244e+00,-2.388162851e+00,-2.381774187e+00,-1.862633348e+00,-2.788043737e+00,-3.372250080e+00,1.880396366e+00,7.000000000e+00,1.000000000e+01,1.600000000e+01,0.000000000e+00,3.196044564e-01,2.022481918e+00,2.575582564e-01,1.000000000e+00,-1.920082331e+00,-3.839985847e+00,-4.254454374e-02,2.022465706e+00,-2.763995886e+00,-2.445601463e+00,2.584109068e+00,1.880396366e+00,1.000000000e+00,1.000000000e+00,0.000000000e+00,1.000000000e+00,5.000000000e+00,2.200000000e+01,1.000000000e+00,1.000000000e+00,-4.642842293e+00,-1.535809636e+00,7.436568141e-01,-4.630917072e+00,1.000000000e+00,4.342942646e-07,9.964109063e-01
82,4,0,7.677818537e-01,1.630440503e-01,-1.857710123e+00,1.968901277e+00,4.503874481e-01,-2.638666868e+00,-2.631841183e+00,-2.124551296e+00,-2.119113445e+00,-1.519856572e+00,-2.800465107e+00,-3.242833853e+00,2.069804430e+00,7.000000000e+00,1.100000000e+01,1.900000000e+01,0.000000000e+00,-1.528491974e+00,7.574721575e-01,6.901477575e-01,1.000000000e+00,-2.020739794e+00,-4.048855782e+00,-2.635227144e-01,7.554917932e-01,-2.545585155e+00,-2.625339746e+00,1.618209958e+00,2.069804430e+00,0.000000000e+00,0.000000000e+00,0.000000000e+00,0.000000000e+00,-1.000000000e+00,-1.000000000e+00,-1.000000000e+00,0.000000000e+00,-9.999956489e-01,4.342942646e-07,1.000000000e+00,-6.989678144e-01,0.000000000e+00,4.342942646e-07,9.991662502e-01
82,5,1,1.038796663e+00,4.472013712e-01,-1.542237163e+00,1.520108104e+00,1.594492467e-03,-2.906746149e+00,-2.903634310e+00,-2.454673290e+00,-2.424892902e+00,-1.863169909e+00,-3.030869246e+00,-3.497324944e+00,2.038530827e+00,6.000000000e+00,1.100000000e+01,1.900000000e+01,0.000000000e+00,1.276480913e+00,2.501473904e+00,2.413546741e-01,1.000000000e+00,-1.989411235e+00,-3.977845907e+00,6.006288528e-01,2.501439571e+00,-2.271499872e+00,-2.580883265e+00,2.462588549e+00,2.038530827e+00,2.000000000e+00,2.000000000e+00,0.000000000e+00,2.000000000e+00,-5.000000000e+00,1.000000000e+00,3.000000000e+00,1.000000000e+00,-5.239640236e+00,-2.361865520e+00,-7.412388921e-01,-5.238083363e+00,1.000000000e+00,4.342942646e-07,9.878649116e-01
83,0,1,6.817642450e-01,5.484516621e-01,-1.555562258e+00,1.256245017e+00,-2.351160198e-01,-3.092858791e+00,-3.112918139e+00,-2.556058884e+00,-2.612233162e+00,-2.422787666e+00,-2.786567688e+00,-3.225978136e+00,-8.241682053e-01,5.000000000e+00,1.000000000e+01,1.800000000e+01,0.000000000e+00,-9.692075253e-01,1.938931227e+00,9.728432633e-04,1.000000000e+00,-2.103974342e+00,-4.202126503e+00,7.889282107e-01,1.937840223e+00,-2.371832371e+00,-2.237267017e+00,1.338391900e+00,8.241682053e-01,1.000000000e+00,0.000000000e+00,1.000000000e+00,3.000000000e+00,-2.000000000e+00,2.000000000e+00,2.000000000e+00,1.000000000e+00,-5.624009132e+00,-2.918614149e+00,-1.630917907e+00,-5.623706341e+00,1.000000000e+00,4.342942646e-07,9.492610097e-01
83,1,1,9.739450812e-01,8.510900140e-01,-1.270956159e+00,1.367314100e+00,-6.404927373e-02,-3.475572348e+00,-3.527637005e+00,-2.804082632e+00,-2.996959925e+00,-2.681295633e+00,-3.095655680e+00,-3.598003149e+00,-7.880892754e-01,4.000000000e+00,1.000000000e+01,1.600000000e+01,0.000000000e+00,-9.894757867e-01,2.186954975e+00,1.631942838e-01,1.000000000e+00,-2.121996880e+00,-4.236750603e+00,7.164600492e-01,2.186706066e+00,-3.131433249e+00,-2.244832993e+00,1.786050200e+00,7.880892754e-01,3.000000000e+00,0.000000000e+00,3.000000000e+00,3.000000000e+00,-2.000000000e+00,1.000000000e+00,2.000000000e+00,1.000000000e+00,-5.655364513e+00,-2.083759546e+00,8.367522061e-02,-5.653407097e+00,1.000000000e+00,4.342942646e-07,1.485438645e-02
83,2,0,3.653900027e-01,2.362565547e-01,-1.876065850e+00,1.478407025e+00,8.046723157e-02,-2.943889141e+00,-2.952770710e+00,-2.452835798e+00,-2.499745607e+00,-2.323734045e+00,-2.479710817e+00,-3.072890520e+00,-8.098793030e-01,4.000000000e+00,1.000000000e+01,1.500000000e+01,1.000000000e+00,1.277258873e+00,2.962455034e+00,3.023158312e-01,9.375000000e-01,-2.112298727e+00,-4.219546795e+00,-9.722256660e-02,2.962454796e+00,-2.833066463e+00,-2.241412640e+00,3.235563755e+00,8.098793030e-01,0.000000000e+00,0.000000000e+00,0.000000000e+00,0.000000000e+00,-1.000000000e+00,-1.000000000e+00,-1.000000000e+00,0.000000000e+00,-9.999956489e-01,4.342942646e-07,1.000000000e+00,-6.989678144e-01,0.000000000e+00,4.342942646e-07,9.985779524e-01
83,3,0,1.268957257e+00,1.120645523e+00,-1.847932637e-01,1.004114628e+00,5.269934535e-01,-1.516281247e+00,-2.494927406e+00,2.136357129e-01,-8.046787381e-01,3.619472980e-01,-2.678712606e+00,-1.664587021e+00,-8.741803765e-01,0.000000000e+00,3.000000000e+00,4.000000000e+00,0.000000000e+00,2.118387938e+00,1.304990649e+00,4.020547569e-01,1.000000000e+00,-1.305430770e+00,-2.715176821e+00,1.292360306e+00,6.810349822e-01,-6.329649091e-01,-1.453738809e+00,5.553032160e-01,8.741803765e-01,0.000000000e+00,0.000000000e+00,0.000000000e+00,0.000000000e+00,-1.000000000e+00,-1.000000000e+00,-1.000000000e+00,0.000000000e+00,-9.999956489e-01,4.342942646e-07,1.000000000e+00,-6.989678144e-01,0.000000000e+00,4.342942646e-07,7.510713118e-08
83,4,0,3.293732107e-01,2.142634094e-01,-1.852224946e+00,1.452700377e+00,9.097270668e-02,-2.941199780e+00,-2.942303896e+00,-2.475346088e+00,-2.508826733e+00,-2.360266685e+00,-2.397365570e+00,-3.056194305e+00,-7.606284022e-01,4.000000000e+00,9.000000000e+00,1.400000000e+01,0.000000000e+00,1.331259727e+00,3.025996208e+00,3.065723479e-01,1.000000000e+00,-2.066468477e+00,-4.128739357e+00,1.710187197e-01,3.025995731e+00,-2.552056789e+00,-2.181563139e+00,3.003483772e+00,7.606284022e-01,0.000000000e+00,0.000000000e+00,0.000000000e+00,0.000000000e+00,-1.000000000e+00,-1.000000000e+00,-1.000000000e+00,0.000000000e+00,-9.999956489e-01,4.342942646e-07,1.000000000e+00,-6.989678144e-01,0.000000000e+00,4.342942646e-07,9.988001585e-01
83,5,0,4.128435850e-01,3.395133317e-01,-1.618132710e+00,1.361492872e+00,-2.345902176e-04,-2.960706949e+00,-2.993804932e+00,-2.476535320e+00,-2.527370930e+00,-2.403225422e+00,-2.370985031e+00,-3.033964157e+00,-5.976014733e-01,5.000000000e+00,8.000000000e+00,1.400000000e+01,0.000000000e+00,-5.266504884e-01,2.140009403e+00,2.153650522e-01,1.000000000e+00,-1.957624555e+00,-3.912343740e+00,-8.599931002e-01,2.140009165e+00,-3.724716425e+00,-2.030947447e+00,3.123128891e+00,5.976014733e-01,0.000000000e+00,0.000000000e+00,0.000000000e+00,0.000000000e+00,-1.000000000e+00,-1.000000000e+00,-1.000000000e+00,0.000000000e+00,-9.999956489e-01,4.342942646e-07,1.000000000e+00,-6.989678144e-01,0.000000000e+00,4.342942646e-07,9.964220524e-01
83,6,0,3.082464635e-01,2.362177819e-01,-1.871774912e+00,1.335011601e+00,-9.635171294e-02,-2.989835739e+00,-2.944108486e+00,-2.211711884e+00,-2.191213131e+00,-2.139693975e+00,-2.417185307e+00,-3.061787844e+00,-5.919823050e-01,3.000000000e+00,9.000000000e+00,1.600000000e+01,0.000000000e+00,7.791342139e-01,2.529320955e+00,1.308918297e-01,1.000000000e+00,-2.107969284e+00,-4.209976673e+00,-4.019401073e-01,2.529320717e+00,-2.829145908e+00,-2.179987907e+00,2.982618332e+00,5.919823050e-01,0.000000000e+00,0.000000000e+00,0.000000000e+00,0.000000000e+00,-1.000000000e+00,-1.000000000e+00,-1.000000000e+00,0.000000000e+00,-9.999956489e-01,4.342942646e-07,1.000000000e+00,-6.989678144e-01,0.000000000e+00,4.342942646e-07,9.985784292e-01
83,7,0,3.839963973e-01,3.373182714e-01,-1.762558699e+00,1.415787339e+00,-1.557606738e-02,-3.090151787e+00,-3.089852095e+00,-2.612468481e+00,-2.635602951e+00,-2.565808535e+00,-2.484196663e+00,-3.136769295e+00,-4.719868302e-01,4.000000000e+00,1.000000000e+01,1.600000000e+01,0.000000000e+00,5.938850045e-01,2.862910748e+00,2.116675228e-01,1.000000000e+00,-2.099847555e+00,-4.193402290e+00,-9.438658357e-01,2.862910748e+00,-3.913406134e+00,-2.146519423e+00,3.874956131e+00,4.719868302e-01,0.000000000e+00,0.000000000e+00,0.000000000e+00,0.000000000e+00,-1.000000000e+00,-1.000000000e+00,-1.000000000e+00,0.000000000e+00,-9.999956489e-01,4.342942646e-07,1.000000000e+00,-6.989678144e-01,0.000000000e+00,4.342942646e-07,9.964997768e-01
83,8,0,2.616688013e-01,2.092522234e-01,-1.841109991e+00,1.175351381e+00,-2.225879431e-01,-2.963370562e+00,-2.962477446e+00,-2.464848757e+00,-2.514062405e+00,-2.412446499e+00,-2.312662363e+00,-3.015735865e+00,-5.012519956e-01,4.000000000e+00,9.000000000e+00,1.500000000e+01,0.000000000e+00,-1.048981428e+00,1.888070703e+00,-7.394665154e-04,1.000000000e+00,-2.050343513e+00,-4.096023560e+00,-2.081882209e-01,1.888056755e+00,-2.931274176e+00,-2.102753639e+00,2.197662115e+00,5.012519956e-01,0.000000000e+00,0.000000000e+00,0.000000000e+00,0.000000000e+00,-1.000000000e+00,-1.000000000e+00,-1.000000000e+00,0.000000000e+00,-9.999956489e-01,4.342942646e-07,1.000000000e+00,-6.989678144e-01,0.000000000e+00,4.342942646e-07,9.988443851e-01
83,9,0,8.917996883e-01,3.209442794e-01,-1.633519173e+00,1.162534595e+00,-1.162184626e-01,-2.920540333e+00,-2.858058929e+00,-1.755056143e+00,-1.823234797e+00,-1.184218645e+00,-2.846112967e+00,-3.490412235e+00,1.989042282e+00,1.000000000e+00,7.000000000e+00,1.200000000e+01,0.000000000e+00,-1.034250110e-01,1.758897066e+00,8.335364610e-02,1.000000000e+00,-1.954442978e+00,-3.905591488e+00,1.758170724e+00,5.207092166e-01,-3.860358894e-01,-2.525192022e+00,-5.984220505e-01,1.989042282e+00,0.000000000e+00,0.000000000e+00,0.000000000e+00,0.000000000e+00,-1.000000000e+00,-1.000000000e+00,-1.000000000e+00,0.000000000e+00,-9.999956489e-01,4.342942646e-07,1.000000000e+00,-6.989678144e-01,0.000000000e+00,4.342942646e-07,9.970184565e-01
83,10,0,8.355792761e-01,2.477969825e-01,-1.747955441e+00,1.392219424e+00,-9.914185852e-02,-2.721584797e+00,-2.724047184e+00,-2.277866364e+00,-2.284978628e+00,-1.690144897e+00,-2.838339806e+00,-3.308711290e+00,2.029445648e+00,6.000000000e+00,1.100000000e+01,1.800000000e+01,0.000000000e+00,1.224542856e+00,2.302920103e+00,1.369470656e-01,1.000000000e+00,-1.995733619e+00,-3.994526625e+00,9.904875755e-01,2.302404404e+00,-1.542356491e+00,-2.583392382e+00,1.906804323e+00,2.029445648e+00,0.000000000e+00,0.000000000e+00,0.000000000e+00,0.000000000e+00,-1.000000000e+00,-1.000000000e+00,-1.000000000e+00,0.000000000e+00,-9.999956489e-01,4.342942646e-07,1.000000000e+00,-6.989678144e-01,0.000000000e+00,4.342942646e-07,9.984398484e-01
84,0,1,9.894644618e-01,6.078189611e-01,-1.430691242e+00,1.618224978e+00,1.558271199e-01,-3.158473969e+00,-3.144834518e+00,-2.607055426e+00,-2.606094360e+00,-2.225512743e+00,-3.028614759e+00,-3.539239645e+00,-1.525711179e+00,4.000000000e+00,1.100000000e+01,1.700000000e+01,1.000000000e+00,1.338639259e+00,2.894907475e+00,3.877761066e-01,9.444444180e-01,-2.038474560e+00,-4.072968006e+00,4.363975823e-01,2.894904852e+00,-2.777431011e+00,-2.420053244e+00,2.839127302e+00,1.525711179e+00,4.000000000e+00,4.000000000e+00,0.000000000e+00,3.000000000e+00,-4.000000000e+00,1.500000000e+01,1.000000000e+00,1.000000000e+00,-4.762300491e+00,-2.006172657e+00,7.321549952e-02,-4.758285522e+00,1.000000000e+00,4.342942646e-07,8.691212535e-01
84,1,0,8.324837685e-01,4.919200540e-01,-1.494541764e+00,1.448797345e+00,-1.194039136e-01,-3.091349840e+00,-3.087788105e+00,-2.552661896e+00,-2.559376717e+00,-2.212182522e+00,-2.819766045e+00,-3.431275845e+00,-1.420608997e+00,3.000000000e+00,9.000000000e+00,2.100000000e+01,0.000000000e+00,1.733368278e+00,3.078937531e+00,1.265782416e-01,1.000000000e+00,-1.986433148e+00,-3.969972610e+00,-2.367414534e-02,3.078937531e+00,-3.074612856e+00,-2.326946974e+00,3.449726582e+00,1.420608997e+00,0.000000000e+00,0.000000000e+00,0.000000000e+00,0.000000000e+00,-1.000000000e+00,-1.000000000e+00,-1.000000000e+00,0.000000000e+00,-9.999956489e-01,4.342942646e-07,1.000000000e+00,-6.989678144e-01,0.000000000e+00,4.342942646e-07,9.779474139e-01
84,2,0,5.594712496e-01,5.184310675e-01,-1.631540298e+00,1.258948803e+00,-1.724143922e-01,-3.245696545e+00,-3.256838560e+00,-2.703069687e+00,-2.692068577e+00,-2.662049294e+00,-2.709482908e+00,-3.286660910e+00,-4.416162670e-01,4.000000000e+00,1.000000000e+01,1.600000000e+01,0.000000000e+00,-4.130848348e-01,2.455706120e+00,5.482910946e-02,1.000000000e+00,-2.149928570e+00,-4.291640282e+00,-8.212312311e-02,2.455704451e+00,-3.291985512e+00,-2.190962791e+00,2.567603350e+00,4.416162670e-01,0.000000000e+00,0.000000000e+00,0.000000000e+00,0.000000000e+00,-1.000000000e+00,-1.000000000e+00,-1.000000000e+00,0.000000000e+00,-9.999956489e-01,4.342942646e-07,1.000000000e+00,-6.989678144e-01,0.000000000e+00,4.342942646e-07,9.677439928e-01
84,3,1,5.947581530e-01,5.604585409e-01,-1.603185534e+00,1.577647448e+00,2.159198225e-01,-3.301048040e+00,-3.313721895e+00,-2.646161556e+00,-2.852542162e+00,-2.611876488e+00,-2.758334398e+00,-3.335276365e+00,-4.026878774e-01,3.000000000e+00,9.000000000e+00,1.400000000e+01,0.000000000e+00,1.331512690e+00,3.277811050e+00,4.315195382e-01,1.000000000e+00,-2.163598299e+00,-4.318352222e+00,5.556575656e-01,3.277810335e+00,-2.857339621e+00,-2.197892666e+00,2.962864161e+00,4.026878774e-01,2.000000000e+00,0.000000000e+00,2.000000000e+00,3.000000000e+00,-1.000000000e+00,9.000000000e+00,1.000000000e+00,1.000000000e+00,-3.985733509e+00,-1.693708181e+00,9.224564433e-01,-3.977113247e+00,1.000000000e+00,4.342942646e-07,9.388180971e-01
84,4,0,8.699415326e-01,5.351895690e-01,-1.434686542e+00,1.363106012e+00,4.088696465e-02,-2.832445383e+00,-2.838638067e+00,-1.220270395e+00,-1.526759267e+00,-8.855221272e-01,-2.842764378e+00,-3.166854620e+00,1.405541539e+00,0.000000000e+00,6.000000000e+00,1.300000000e+01,1.000000000e+00,1.108229399e+00,1.443340302e+00,2.491627485e-01,9.285714030e-01,-1.969847322e+00,-3.939220905e+00,5.688602328e-01,1.439434648e+00,-1.493089795e+00,-2.304552317e+00,1.511819005e+00,1.405541539e+00,2.000000000e+00,2.000000000e+00,0.000000000e+00,2.000000000e+00,-4.000000000e+00,1.000000000e+00,1.000000000e+00,1.000000000e+00,-4.377486229e+00,-1.592642069e+00,7.325462103e-01,-4.366788864e+00,1.000000000e+00,4.342942646e-07,9.585786462e-01
84,5,0,7.029745579e-01,3.657855690e-01,-1.662169099e+00,1.652988911e+00,2.216252834e-01,-2.976529837e+00,-2.974856615e+00,-2.515488863e+00,-2.536759377e+00,-2.178376675e+00,-2.732885361e+00,-3.313236237e+00,1.411866307e+00,4.000000000e+00,1.000000000e+01,1.600000000e+01,0.000000000e+00,1.363182306e+00,2.860033274e+00,4.488689899e-01,1.000000000e+00,-2.027928352e+00,-4.053183556e+00,-1.046284318e+00,2.860033274e+00,-3.945139170e+00,-2.365062952e+00,4.263129234e+00,1.411866307e+00,0.000000000e+00,0.000000000e+00,0.000000000e+00,0.000000000e+00,-1.000000000e+00,-1.000000000e+00,-1.000000000e+00,0.000000000e+00,-9.999956489e-01,4.342942646e-07,1.000000000e+00,-6.989678144e-01,0.000000000e+00,4.342942646e-07,9.953061938e-01
84,6,0,7.531071901e-01,3.318033814e-01,-1.709270954e+00,1.606283426e+00,3.808195516e-02,-2.900249004e+00,-2.891803026e+00,-2.444450617e+00,-2.440357685e+00,-2.023221970e+00,-2.797483921e+00,-3.320987701e+00,1.625209570e+00,5.000000000e+00,1.100000000e+01,2.100000000e+01,0.000000000e+00,-2.679730654e-01,1.889280915e+00,2.840642333e-01,1.000000000e+00,-2.041048765e+00,-4.080487251e+00,-1.032327890e+00,1.889280558e+00,-3.801852703e+00,-2.462274551e+00,3.337534904e+00,1.625209570e+00,0.000000000e+00,0.000000000e+00,0.000000000e+00,0.000000000e+00,-1.000000000e+00,-1.000000000e+00,-1.000000000e+00,0.000000000e+00,-9.999956489e-01,4.342942646e-07,1.000000000e+00,-6.989678144e-01,0.000000000e+00,4.342942646e-07,9.966860414e-01
84,7,0,6.102706194e-01,1.361172646e-01,-1.883768559e+00,1.494721770e+00,-9.634237736e-02,-2.679838896e+00,-2.673323154e+00,-2.231642246e+00,-2.231098175e+00,-1.757537723e+00,-2.639377832e+00,-3.153581381e+00,1.755496144e+00,6.000000000e+00,1.100000000e+01,2.200000000e+01,1.000000000e+00,1.573588014e+00,2.544363737e+00,1.522993147e-01,9.565217495e-01,-2.019873381e+00,-4.044378757e+00,3.287322223e-01,2.544355631e+00,-2.038509607e+00,-2.493936777e+00,2.689198494e+00,1.755496144e+00,0.000000000e+00,0.000000000e+00,0.000000000e+00,0.000000000e+00,-1.000000000e+00,-1.000000000e+00,-1.000000000e+00,0.000000000e+00,-9.999956489e-01,4.342942646e-07,1.000000000e+00,-6.989678144e-01,0.000000000e+00,4.342942646e-07,9.993000031e-01
84,8,0,1.126507998e+00,4.995682538e-01,-1.404882550e+00,1.740725636e+00,2.493641227e-01,-3.128995419e+00,-3.187436104e+00,-2.326070547e+00,-2.477171421e+00,-1.699200988e+00,-3.030942678e+00,-3.754048109e+00,2.122495174e+00,7.000000000e+00,1.100000000e+01,1.800000000e+01,0.000000000e+00,4.558595121e-01,1.927393198e+00,4.854532480e-01,1.000000000e+00,-1.904426813e+00,-3.806572199e+00,4.558026791e-01,1.927145481e+00,-2.520923138e+00,-2.531253815e+00,2.249376535e+00,2.122495174e+00,2.000000000e+00,2.000000000e+00,0.000000000e+00,2.000000000e+00,-5.000000000e+00,3.300000000e+01,3.000000000e+00,1.000000000e+00,-4.411113739e+00,-3.038642645e+00,-2.270024776e+00,-4.410727024e+00,1.000000000e+00,4.342942646e-07,9.754390717e-01
84,9,0,1.071891785e+00,3.448082805e-01,-7.263907790e-01,1.340822935e+00,4.957250059e-01,-2.662045717e+00,-2.462145090e+00,-2.139243841e+00,-1.943761349e+00,-1.412208676e+00,-2.143618345e+00,-3.388265848e+00,2.358415365e+00,6.000000000e+00,4.000000000e+00,6.000000000e+00,0.000000000e+00,1.523213983e+00,2.173829079e+00,5.626717806e-01,1.000000000e+00,-1.071196079e+00,-2.142927885e+00,-3.200880885e-01,2.173826694e+00,-2.608520031e+00,-1.798257470e+00,3.025415421e+00,2.358415365e+00,0.000000000e+00,0.000000000e+00,0.000000000e+00,0.000000000e+00,-1.000000000e+00,-1.000000000e+00,-1.000000000e+00,0.000000000e+00,-9.999956489e-01,4.342942646e-07,1.000000000e+00,-6.989678144e-01,0.000000000e+00,4.342942646e-07,9.962257147e-01
84,10,0,1.080476165e+00,4.217625260e-01,-1.523235798e+00,1.669155002e+00,1.250871271e-01,-3.058796406e+00,-3.150691748e+00,-2.324526548e+00,-2.476923466e+00,-1.665884376e+00,-3.026298761e+00,-3.715744495e+00,2.197631359e+00,6.000000000e+00,1.100000000e+01,2.000000000e+01,0.000000000e+00,1.483175278e+00,2.407493591e+00,3.681250811e-01,1.000000000e+00,-1.944974542e+00,-3.887928724e+00,-1.798139364e-01,2.407492161e+00,-3.078110695e+00,-2.603551865e+00,3.398258924e+00,2.197631359e+00,0.000000000e+00,0.000000000e+00,0.000000000e+00,0.000000000e+00,-1.000000000e+00,-1.000000000e+00,-1.000000000e+00,0.000000000e+00,-9.999956489e-01,4.342942646e-07,1.000000000e+00,-6.989678144e-01,0.000000000e+00,4.342942646e-07,9.911467433e-01
84,11,0,1.157057881e+00,4.820255935e-01,-1.412030697e+00,1.729465246e+00,2.381037325e-01,-3.118554831e+00,-3.196966171e+00,-2.351370811e+00,-2.512722254e+00,-1.676415205e+00,-3.051064968e+00,-3.791462898e+00,2.236109257e+00,5.000000000e+00,1.000000000e+01,1.800000000e+01,1.000000000e+00,1.359304190e+00,2.356088161e+00,4.741928279e-01,9.473684430e-01,-1.894033194e+00,-3.785902500e+00,-6.465535164e-01,2.356087923e+00,-3.639546633e+00,-2.568938494e+00,3.838444710e+00,2.236109257e+00,1.000000000e+00,1.000000000e+00,0.000000000e+00,1.000000000e+00,5.000000000e+00,1.100000000e+01,1.000000000e+00,1.000000000e+00,-4.955439568e+00,-1.483127713e+00,7.937574983e-01,-4.942641735e+00,1.000000000e+00,4.342942646e-07,9.807699919e-01
85,0,1,9.098045230e-01,8.007989526e-01,-1.307452559e+00,1.563609838e+00,1.012121364e-01,-3.421180010e+00,-3.469082355e+00,-2.743222952e+00,-2.873997688e+00,-2.634270906e+00,-3.017799854e+00,-3.529858828e+00,7.384888530e-01,4.000000000e+00,1.000000000e+01,1.700000000e+01,0.000000000e+00,1.648574114e+00,3.458745003e+00,3.331610560e-01,1.000000000e+00,-2.108204603e+00,-4.209613800e+00,-1.633690476e+00,3.458745003e+00,-5.228339672e+00,-2.217194319e+00,5.318549633e+00,7.384888530e-01,4.000000000e+00,0.000000000e+00,4.000000000e+00,3.000000000e+00,1.000000000e+00,4.000000000e+00,1.000000000e+00,1.000000000e+00,-5.510620117e+00,-2.196560621e+00,-1.822424829e-01,-5.508757114e+00,1.000000000e+00,4.342942646e-07,6.646011025e-02
85,1,0,7.015079260e-01,4.291191399e-01,-1.653422952e+00,1.226638198e+00,-2.357591689e-01,-3.041666031e+00,-3.059558868e+00,-2.463134527e+00,-2.514499903e+00,-2.190804482e+00,-2.785706520e+00,-3.313637972e+00,1.239910841e+00,3.000000000e+00,9.000000000e+00,1.700000000e+01,0.000000000e+00,5.614213347e-01,2.471585512e+00,-3.810411319e-03,1.000000000e+00,-2.082509041e+00,-4.160692215e+00,9.652714431e-02,2.471581697e+00,-2.846928835e+00,-2.354851961e+00,2.698710918e+00,1.239910841e+00,1.000000000e+00,0.000000000e+00,1.000000000e+00,3.000000000e+00,2.000000000e+00,2.000000000e+00,1.000000000e+00,1.000000000e+00,-4.840856075e+00,-3.276305199e+00,-2.388565063e+00,-4.840642452e+00,2.000000000e+00,4.342942646e-07,9.903187752e-01
85,2,0,4.425599873e-01,1.629808843e-01,-1.881368637e+00,1.400512338e+00,2.572575351e-03,-2.784974813e+00,-2.770817757e+00,-2.267868042e+00,-2.243313551e+00,-1.988327146e+00,-2.491819859e+00,-3.064315081e+00,1.259430766e+00,3.000000000e+00,9.000000000e+00,1.500000000e+01,0.000000000e+00,5.873111486e-01,2.282025099e+00,2.244211882e-01,1.000000000e+00,-2.044334412e+00,-4.088420868e+00,-9.255981445e-01,2.282024860e+00,-3.331040144e+00,-2.323870182e+00,3.462006330e+00,1.259430766e+00,0.000000000e+00,0.000000000e+00,0.000000000e+00,0.000000000e+00,-1.000000000e+00,-1.000000000e+00,-1.000000000e+00,0.000000000e+00,-9.999956489e-01,4.342942646e-07,1.000000000e+00,-6.989678144e-01,0.000000000e+00,4.342942646e-07,9.991666079e-01
85,3,0,7.888679504e-01,4.101605117e-01,-1.634974360e+00,1.622209430e+00,7.814160734e-02,-2.990613699e+00,-2.992283821e+00,-2.526951313e+00,-2.549758911e+00,-2.148329020e+00,-2.836038828e+00,-3.368730068e+00,1.518269181e+00,5.000000000e+00,1.100000000e+01,2.000000000e+01,0.000000000e+00,3.273843825e-01,2.312092304e+00,3.211795092e-01,1.000000000e+00,-2.045105457e+00,-4.087280273e+00,1.828023344e-01,2.312080145e+00,-2.777011156e+00,-2.423745871e+00,2.530699968e+00,1.518269181e+00,0.000000000e+00,0.000000000e+00,0.000000000e+00,0.000000000e+00,-1.000000000e+00,-1.000000000e+00,-1.000000000e+00,0.000000000e+00,-9.999956489e-01,4.342942646e-07,1.000000000e+00,-6.989678144e-01,0.000000000e+00,4.342942646e-07,9.922885299e-01
85,4,0,9.066716433e-01,4.254862368e-01,-1.634330630e+00,1.752046347e+00,4.298271537e-01,-3.019737959e+00,-3.076603889e+00,-1.933872461e+00,-2.079241753e+00,-1.452711940e+00,-2.966043711e+00,-3.500002384e+00,1.772667289e+00,2.000000000e+00,9.000000000e+00,1.300000000e+01,1.000000000e+00,1.628494024e+00,2.267786741e+00,6.381030679e-01,9.285714030e-01,-2.059785843e+00,-4.113926888e+00,1.067167759e+00,2.266922951e+00,-1.437600255e+00,-2.540869951e+00,1.826320291e+00,1.772667289e+00,0.000000000e+00,0.000000000e+00,0.000000000e+00,0.000000000e+00,-1.000000000e+00,-1.000000000e+00,-1.000000000e+00,0.000000000e+00,-9.999956489e-01,4.342942646e-07,1.000000000e+00,-6.989678144e-01,0.000000000e+00,4.342942646e-07,9.907385707e-01
85,5,0,8.522984385e-01,4.083940387e-01,-1.604926944e+00,1.322144151e+00,-2.460569143e-01,-2.957854748e+00,-2.954772949e+00,-2.420283556e+00,-2.431680202e+00,-1.976452231e+00,-2.867766380e+00,-3.401058435e+00,1.681210756e+00,7.000000000e+00,1.200000000e+01,2.100000000e+01,0.000000000e+00,1.098884463e+00,2.525935411e+00,-7.481688954e-05,1.000000000e+00,-2.013293505e+00,-4.024507046e+00,-5.898817778e-01,2.525935411e+00,-3.428907156e+00,-2.457118273e+00,3.570666790e+00,1.681210756e+00,1.000000000e+00,1.000000000e+00,0.000000000e+00,1.000000000e+00,5.000000000e+00,5.000000000e+00,2.000000000e+00,1.000000000e+00,-5.295103073e+00,-1.897455812e+00,2.427648902e-01,-5.290711403e+00,1.000000000e+00,4.342942646e-07,9.924466610e-01
85,6,0,6.636849642e-01,2.019661665e-01,-1.753205299e+00,9.936177731e-01,-4.777446762e-02,-2.851457596e+00,-2.747375965e+00,-1.758188486e+00,-1.765801907e+00,-1.296485901e+00,-2.621321678e+00,-3.312592030e+00,1.725044966e+00,1.000000000e+00,6.000000000e+00,8.000000000e+00,0.000000000e+00,-6.959043741e-01,1.255801797e+00,9.052807838e-02,1.000000000e+00,-1.955156803e+00,-3.909474134e+00,1.221939921e+00,8.355690837e-01,-7.458508611e-01,-2.416801453e+00,8.296081424e-02,1.725044966e+00,0.000000000e+00,0.000000000e+00,0.000000000e+00,0.000000000e+00,-1.000000000e+00,-1.000000000e+00,-1.000000000e+00,0.000000000e+00,-9.999956489e-01,4.342942646e-07,1.000000000e+00,-6.989678144e-01,0.000000000e+00,4.342942646e-07,9.989049435e-01
85,7,1,9.805797935e-01,4.775684774e-01,-1.640738368e+00,1.856695414e+00,3.653339446e-01,-3.175921440e+00,-3.185081959e+00,-2.398349047e+00,-2.407514811e+00,-1.895412087e+00,-3.099730492e+00,-3.677512884e+00,1.825752854e+00,6.000000000e+00,1.000000000e+01,1.800000000e+01,0.000000000e+00,1.631710529e+00,2.711317539e+00,6.014230847e-01,1.000000000e+00,-2.118268728e+00,-4.230574608e+00,6.680388451e-01,2.711299658e+00,-2.217083931e+00,-2.621155500e+00,2.555416822e+00,1.825752854e+00,0.000000000e+00,0.000000000e+00,0.000000000e+00,0.000000000e+00,-1.000000000e+00,-1.000000000e+00,-1.000000000e+00,0.000000000e+00,-9.999956489e-01,4.342942646e-07,1.000000000e+00,-6.989678144e-01,0.000000000e+00,4.342942646e-07,9.819043279e-01
86,0,0,8.165324926e-01,1.636143178e-01,-1.749891400e+00,1.326877356e+00,-1.916360110e-01,-2.611277580e+00,-2.602497816e+00,-2.097980261e+00,-2.092214346e+00,-1.445104241e+00,-2.738264561e+00,-3.263575792e+00,-2.183949232e+00,7.000000000e+00,1.100000000e+01,1.900000000e+01,0.000000000e+00,1.630694509e+00,2.260464191e+00,4.812403023e-02,1.000000000e+00,-1.913494229e+00,-3.832536459e+00,-5.190186501e-01,2.260463476e+00,-2.774643421e+00,-2.566288233e+00,3.426457882e+00,2.183949232e+00,0.000000000e+00,0.000000000e+00,0.000000000e+00,0.000000000e+00,-1.000000000e+00,-1.000000000e+00,-1.000000000e+00,0.000000000e+00,-9.999956489e-01,4.342942646e-07,1.000000000e+00,-6.989678144e-01,0.000000000e+00,4.342942646e-07,9.991631508e-01
86,1,0,9.530687928e-01,3.349526525e-01,-1.711727977e+00,1.478450537e+00,4.708706215e-02,-2.789697886e+00,-2.786852360e+00,-2.339114904e+00,-2.322696686e+00,-1.721070528e+00,-3.006209612e+00,-3.406971931e+00,-2.101574659e+00,6.000000000e+00,1.000000000e+01,1.600000000e+01,0.000000000e+00,8.440496325e-01,2.143118382e+00,2.743307054e-01,1.000000000e+00,-2.046654701e+00,-4.094847679e+00,-1.141053319e+00,2.143118382e+00,-3.796075583e+00,-2.664618492e+00,3.884610176e+00,2.101574659e+00,1.000000000e+00,1.000000000e+00,0.000000000e+00,1.000000000e+00,-5.000000000e+00,1.700000000e+01,1.000000000e+00,1.000000000e+00,-5.114995956e+00,-2.538936377e+00,-9.872701764e-01,-5.113905430e+00,1.000000000e+00,4.342942646e-07,9.965812564e-01
86,2,0,8.328617811e-01,7.692617774e-01,-1.345528364e+00,1.268873334e+00,-1.624899060e-01,-3.433285713e+00,-3.490477562e+00,-2.870013952e+00,-2.991624355e+00,-2.806457758e+00,-2.947423935e+00,-3.496699810e+00,5.544927716e-01,5.000000000e+00,1.000000000e+01,1.600000000e+01,0.000000000e+00,1.795548201e+00,3.704509974e+00,6.475359946e-02,1.000000000e+00,-2.114743233e+00,-4.222437382e+00,2.270293534e-01,3.704509974e+00,-3.532799482e+00,-2.178334236e+00,3.662542820e+00,5.544927716e-01,0.000000000e+00,0.000000000e+00,0.000000000e+00,0.000000000e+00,-1.000000000e+00,-1.000000000e+00,-1.000000000e+00,0.000000000e+00,-9.999956489e-01,4.342942646e-07,1.000000000e+00,-6.989678144e-01,0.000000000e+00,4.342942646e-07,1.471828818e-01
86,3,1,8.360112309e-01,7.341887355e-01,-1.372485161e+00,1.305835724e+00,-1.855254173e-01,-3.401961803e+00,-3.454052210e+00,-2.779616594e+00,-2.978159666e+00,-2.677848816e+00,-2.942526579e+00,-3.503494740e+00,7.118151784e-01,4.000000000e+00,1.000000000e+01,1.800000000e+01,0.000000000e+00,1.824560761e+00,3.590336323e+00,5.056348816e-02,1.000000000e+00,-2.106628656e+00,-4.206535816e+00,6.905552745e-01,3.590335846e+00,-3.021749258e+00,-2.208436489e+00,3.200213671e+00,7.118151784e-01,4.000000000e+00,0.000000000e+00,4.000000000e+00,3.000000000e+00,1.000000000e+00,7.000000000e+00,1.000000000e+00,1.000000000e+00,-5.075714111e+00,-2.525566339e+00,-8.406383991e-01,-5.074575424e+00,1.000000000e+00,4.342942646e-07,3.005402386e-01
86,4,0,3.940575123e-01,3.745263815e-01,-1.598924279e+00,1.450480103e+00,1.282610297e-01,-3.063748360e+00,-3.116233349e+00,-2.400950432e+00,-2.575739145e+00,-2.381423950e+00,-2.367544889e+00,-3.083256245e+00,3.021598458e-01,3.000000000e+00,7.000000000e+00,1.300000000e+01,1.000000000e+00,1.630270243e+00,3.196663618e+00,3.365368545e-01,9.285714030e-01,-1.973426938e+00,-3.943228960e+00,-4.582381845e-01,3.196663618e+00,-3.407557011e+00,-1.992956161e+00,3.848807812e+00,3.021598458e-01,0.000000000e+00,0.000000000e+00,0.000000000e+00,0.000000000e+00,-1.000000000e+00,-1.000000000e+00,-1.000000000e+00,0.000000000e+00,-9.999956489e-01,4.342942646e-07,1.000000000e+00,-6.989678144e-01,1.000000000e+00,4.342942646e-07,9.948439598e-01
86,5,0,4.572937191e-01,3.076716363e-01,-1.757596970e+00,1.632448077e+00,2.345081717e-01,-2.940224648e+00,-2.951042891e+00,-2.273102045e+00,-2.320100069e+00,-2.123503685e+00,-2.524133205e+00,-3.089691162e+00,8.784630895e-01,4.000000000e+00,1.000000000e+01,1.500000000e+01,1.000000000e+00,-8.089308143e-01,1.719454050e+00,4.563568532e-01,9.375000000e-01,-2.065243006e+00,-4.126428604e+00,4.413119555e-01,1.718850017e+00,-2.186483860e+00,-2.214844465e+00,1.474135041e+00,8.784630895e-01,0.000000000e+00,0.000000000e+00,0.000000000e+00,0.000000000e+00,-1.000000000e+00,-1.000000000e+00,-1.000000000e+00,0.000000000e+00,-9.999956489e-01,4.342942646e-07,1.000000000e+00,-6.989678144e-01,0.000000000e+00,4.342942646e-07,9.973706007e-01
86,6,0,5.441629291e-01,3.453246057e-01,-1.661248088e+00,1.381343365e+00,-1.659636758e-02,-2.954637527e+00,-2.941180468e+00,-2.316116810e+00,-2.312393904e+00,-2.117311716e+00,-2.552084923e+00,-3.153248787e+00,1.031327248e+00,4.000000000e+00,9.000000000e+00,1.500000000e+01,0.000000000e+00,1.794268131e+00,3.014502764e+00,2.052522004e-01,1.000000000e+00,-2.006548405e+00,-4.010200500e+00,1.289328337e-01,3.014502525e+00,-2.528728247e+00,-2.205361128e+00,3.080618382e+00,1.031327248e+00,0.000000000e+00,0.000000000e+00,0.000000000e+00,0.000000000e+00,-1.000000000e+00,-1.000000000e+00,-1.000000000e+00,0.000000000e+00,-9.999956489e-01,4.342942646e-07,1.000000000e+00,-6.989678144e-01,0.000000000e+00,1.213697553e+00,9.962058067e-01
87,0,1,8.870270252e-01,4.246099591e-01,-1.581692338e+00,1.543850780e+00,-6.893260777e-02,-2.937154055e+00,-2.929770470e+00,-2.347574234e+00,-2.346315622e+00,-1.885220289e+00,-2.895709991e+00,-3.398857832e+00,-1.726757884e+00,7.000000000e+00,1.200000000e+01,2.300000000e+01,0.000000000e+00,-8.215963840e-01,1.477860451e+00,1.821231693e-01,1.000000000e+00,-2.006274700e+00,-4.010867596e+00,6.015818119e-01,1.473987341e+00,-2.169376135e+00,-2.468608141e+00,1.333539844e+00,1.726757884e+00,2.000000000e+00,2.000000000e+00,0.000000000e+00,1.000000000e+00,-5.000000000e+00,1.300000000e+01,2.000000000e+00,1.000000000e+00,-5.399206161e+00,-3.104516983e+00,-2.198115349e+00,-5.398951054e+00,1.000000000e+00,4.342942646e-07,9.908366203e-01
87,1,0,7.196175456e-01,2.515969276e-01,-1.735520720e+00,1.678195000e+00,4.472677782e-02,-2.783792257e+00,-2.768410206e+00,-2.263561249e+00,-2.255814314e+00,-1.795592785e+00,-2.711484432e+00,-3.251301765e+00,-1.740491867e+00,7.000000000e+00,1.200000000e+01,2.400000000e+01,0.000000000e+00,6.713246107e-01,2.131334066e+00,2.979838252e-01,1.000000000e+00,-1.987099051e+00,-3.975111246e+00,3.478490114e-01,2.131275177e+00,-2.159577847e+00,-2.455038071e+00,2.243663788e+00,1.740491867e+00,0.000000000e+00,0.000000000e+00,0.000000000e+00,0.000000000e+00,-1.000000000e+00,-1.000000000e+00,-1.000000000e+00,0.000000000e+00,-9.999956489e-01,4.342942646e-07,1.000000000e+00,-6.989678144e-01,0.000000000e+00,4.342942646e-07,9.983906746e-01
87,2,0,6.896223426e-01,2.493806481e-01,-1.745528817e+00,1.650922894e+00,1.068550944e-01,-2.801377773e+00,-2.792837381e+00,-2.268030882e+00,-2.262907267e+00,-1.827840209e+00,-2.689039230e+00,-3.241137505e+00,-1.672165871e+00,5.000000000e+00,1.100000000e+01,2.000000000e+01,0.000000000e+00,3.316450119e-01,1.993722916e+00,3.498930335e-01,1.000000000e+00,-1.994890690e+00,-3.990295172e+00,1.020927727e-01,1.993687153e+00,-2.410163164e+00,-2.435057163e+00,2.326649189e+00,1.672165871e+00,0.000000000e+00,0.000000000e+00,0.000000000e+00,0.000000000e+00,-1.000000000e+00,-1.000000000e+00,-1.000000000e+00,0.000000000e+00,-9.999956489e-01,4.342942646e-07,1.000000000e+00,-6.989678144e-01,0.000000000e+00,4.342942646e-07,9.984196424e-01
87,3,0,7.874295712e-01,3.885161579e-01,-1.077075005e+00,8.963392377e-01,1.973694563e-01,-2.955971003e+00,-2.834107399e+00,-2.404124975e+00,-2.339458227e+00,-2.005277634e+00,-2.253009796e+00,-3.354294062e+00,-1.569244504e+00,5.000000000e+00,5.000000000e+00,5.000000000e+00,0.000000000e+00,1.413439035e+00,2.712049007e+00,1.973694563e-01,1.000000000e+00,-1.465583444e+00,-2.930883646e+00,5.466198921e-01,2.712038755e+00,-2.181383610e+00,-1.864477754e+00,2.499623537e+00,1.569244504e+00,2.000000000e+00,2.000000000e+00,0.000000000e+00,1.000000000e+00,-5.000000000e+00,1.300000000e+01,2.000000000e+00,1.000000000e+00,-1.167085052e+00,-1.102220654e+00,7.982459068e-01,-1.134053349e+00,1.000000000e+00,4.342942646e-07,9.939841628e-01
87,4,1,8.153431416e-01,7.201180458e-01,-1.408211231e+00,1.250611782e+00,-2.117855996e-01,-3.306378365e+00,-3.317928553e+00,-2.611499310e+00,-2.669244766e+00,-2.516309261e+00,-2.943700552e+00,-3.401387930e+00,-6.866585016e-01,4.000000000e+00,1.000000000e+01,1.700000000e+01,0.000000000e+00,-9.255731106e-01,2.053696394e+00,2.016318031e-02,1.000000000e+00,-2.128282070e+00,-4.249300003e+00,2.906003296e-01,2.053631544e+00,-3.098420620e+00,-2.223492861e+00,1.915923238e+00,6.866585016e-01,4.000000000e+00,0.000000000e+00,4.000000000e+00,3.000000000e+00,-1.000000000e+00,0.000000000e+00,1.000000000e+00,1.000000000e+00,-4.863444805e+00,-2.229643822e+00,-2.078568041e-01,-4.861079216e+00,1.000000000e+00,4.342942646e-07,3.777755797e-01
87,5,0,5.377734303e-01,5.077973604e-01,-1.635175228e+00,1.408722281e+00,-5.367530510e-02,-3.202337980e+00,-3.259387970e+00,-2.588078260e+00,-2.768537283e+00,-2.558113575e+00,-2.680772066e+00,-3.232264519e+00,-3.758326769e-01,4.000000000e+00,1.000000000e+01,1.700000000e+01,0.000000000e+00,7.891777754e-01,2.952860117e+00,1.782735586e-01,1.000000000e+00,-2.142930984e+00,-4.277884483e+00,2.282145172e-01,2.952859163e+00,-3.047890186e+00,-2.172902822e+00,2.935015917e+00,3.758326769e-01,0.000000000e+00,0.000000000e+00,0.000000000e+00,0.000000000e+00,-1.000000000e+00,-1.000000000e+00,-1.000000000e+00,0.000000000e+00,-9.999956489e-01,4.342942646e-07,1.000000000e+00,-6.989678144e-01,0.000000000e+00,4.342942646e-07,9.723709226e-01
87,6,0,3.685328662e-01,3.509128094e-01,-1.705881357e+00,1.323719740e+00,3.694773912e-01,-3.118798018e+00,-3.107069254e+00,-2.645290613e+00,-2.647160292e+00,-2.627678156e+00,-2.425363302e+00,-3.136394262e+00,-2.867869735e-01,4.000000000e+00,6.000000000e+00,7.000000000e+00,0.000000000e+00,4.488010108e-01,2.852262974e+00,4.786218107e-01,1.000000000e+00,-2.056766748e+00,-4.108155251e+00,1.273732632e-02,2.852262497e+00,-2.985109091e+00,-2.074384689e+00,2.858829021e+00,2.867869735e-01,0.000000000e+00,0.000000000e+00,0.000000000e+00,0.000000000e+00,-1.000000000e+00,-1.000000000e+00,-1.000000000e+00,0.000000000e+00,-9.999956489e-01,4.342942646e-07,1.000000000e+00,-6.989678144e-01,0.000000000e+00,4.342942646e-07,9.959827662e-01
87,7,0,3.390493989e-01,3.087938726e-01,-1.469736218e+00,8.545801044e-01,-1.868119687e-01,-3.086149931e+00,-3.037680864e+00,-2.621418476e+00,-2.614893675e+00,-2.591175079e+00,-2.117600441e+00,-3.116367340e+00,-3.776208162e-01,4.000000000e+00,6.000000000e+00,8.000000000e+00,0.000000000e+00,8.940422535e-01,3.038365841e+00,-4.850945249e-02,1.000000000e+00,-1.778516531e+00,-3.555587053e+00,-7.530583143e-01,3.038365841e+00,-3.674867868e+00,-1.808770180e+00,3.814141989e+00,3.776208162e-01,0.000000000e+00,0.000000000e+00,0.000000000e+00,0.000000000e+00,-1.000000000e+00,-1.000000000e+00,-1.000000000e+00,0.000000000e+00,-9.999956489e-01,4.342942646e-07,1.000000000e+00,-6.989678144e-01,0.000000000e+00,4.342942646e-07,9.973428845e-01
88,0,1,1.449646592e+00,8.366507888e-01,-1.090145230e+00,1.418778777e+00,-9.973476082e-02,-3.286290407e+00,-3.255983114e+00,-2.802136660e+00,-2.712719202e+00,-2.189349174e+00,-3.375966549e+00,-3.896689653e+00,-2.089421988e+00,6.000000000e+00,1.100000000e+01,1.900000000e+01,0.000000000e+00,6.014880538e-01,2.490160465e+00,1.400253475e-01,1.000000000e+00,-1.926764607e+00,-3.851061821e+00,-4.350978434e-01,2.490160227e+00,-3.980520725e+00,-2.539646626e+00,3.448176146e+00,2.089421988e+00,4.000000000e+00,4.000000000e+00,0.000000000e+00,3.000000000e+00,-5.000000000e+00,8.000000000e+00,3.000000000e+00,1.000000000e+00,-5.694908619e+00,-1.491806030e+00,8.984138370e-01,-5.687902927e+00,1.000000000e+00,4.342942646e-07,2.342332527e-02
88,1,0,8.957048655e-01,3.757282197e-01,-1.677364826e+00,1.712950587e+00,2.505528033e-01,-2.878435373e+00,-2.874686003e+00,-2.318486691e+00,-2.321164608e+00,-1.798572898e+00,-2.952880621e+00,-3.397654057e+00,-1.866813302e+00,5.000000000e+00,1.100000000e+01,1.700000000e+01,0.000000000e+00,1.726074457e+00,2.661637545e+00,4.825017750e-01,1.000000000e+00,-2.053064585e+00,-4.105111599e+00,-6.645659804e-01,2.661637306e+00,-3.360554457e+00,-2.572927952e+00,3.848440886e+00,1.866813302e+00,0.000000000e+00,0.000000000e+00,0.000000000e+00,0.000000000e+00,-1.000000000e+00,-1.000000000e+00,-1.000000000e+00,0.000000000e+00,-9.999956489e-01,4.342942646e-07,1.000000000e+00,-6.989678144e-01,0.000000000e+00,4.342942646e-07,9.947762489e-01
88,2,0,9.182677269e-01,5.028288960e-01,-1.514512300e+00,1.438090563e+00,-5.327071622e-02,-3.063502073e+00,-3.062520981e+00,-2.587647676e+00,-2.596669197e+00,-2.172312260e+00,-2.936745405e+00,-3.478136063e+00,-1.610599160e+00,5.000000000e+00,1.000000000e+01,1.800000000e+01,0.000000000e+00,4.775124490e-01,2.411133289e+00,1.828182638e-01,1.000000000e+00,-2.017310143e+00,-4.031513214e+00,-4.246593118e-01,2.411132812e+00,-3.522879839e+00,-2.432676554e+00,3.259801388e+00,1.610599160e+00,1.000000000e+00,1.000000000e+00,0.000000000e+00,3.000000000e+00,-5.000000000e+00,1.500000000e+01,3.000000000e+00,1.000000000e+00,-5.429171085e+00,-2.844364166e+00,-1.653362632e+00,-5.428717136e+00,1.000000000e+00,4.342942646e-07,9.742721319e-01
88,3,0,7.937400937e-01,3.764623106e-01,-1.639262676e+00,1.420051932e+00,-7.130937278e-02,-2.940753460e+00,-2.935088634e+00,-2.486748934e+00,-2.484073400e+00,-2.069553375e+00,-2.811827660e+00,-3.357420206e+00,-1.615183830e+00,6.000000000e+00,1.000000000e+01,1.800000000e+01,0.000000000e+00,1.123403788e+00,2.631306410e+00,1.647795588e-01,1.000000000e+00,-2.015698910e+00,-4.029440880e+00,-2.041955888e-01,2.631305933e+00,-3.064360380e+00,-2.432904005e+00,3.249891996e+00,1.615183830e+00,1.000000000e+00,1.000000000e+00,0.000000000e+00,2.000000000e+00,4.000000000e+00,2.900000000e+01,4.000000000e+00,1.000000000e+00,-4.363068581e+00,-1.951883674e+00,1.373997033e-01,-4.358355045e+00,1.000000000e+00,4.342942646e-07,9.947342873e-01
88,4,0,8.393377662e-01,4.046493769e-01,-1.672464371e+00,1.467267752e+00,4.870010540e-03,-2.962141037e+00,-2.957970142e+00,-2.502535343e+00,-2.500383139e+00,-2.067934275e+00,-2.919305325e+00,-3.396145105e+00,-1.658429980e+00,4.000000000e+00,1.100000000e+01,1.700000000e+01,1.000000000e+00,7.373797894e-01,2.436676979e+00,2.368189543e-01,9.444444180e-01,-2.077082396e+00,-4.151266098e+00,-2.002995089e-02,2.436674356e+00,-2.924834967e+00,-2.511681557e+00,2.889096498e+00,1.658429980e+00,0.000000000e+00,0.000000000e+00,0.000000000e+00,0.000000000e+00,-1.000000000e+00,-1.000000000e+00,-1.000000000e+00,0.000000000e+00,-9.999956489e-01,4.342942646e-07,1.000000000e+00,-6.989678144e-01,0.000000000e+00,4.342942646e-07,9.927692413e-01
88,5,1,7.053076625e-01,3.369965255e-01,-1.718085408e+00,1.378925443e+00,-1.124358103e-01,-2.920045137e+00,-2.916714907e+00,-2.443503141e+00,-2.451307774e+00,-2.075260878e+00,-2.763438702e+00,-3.287874222e+00,-1.491848588e+00,3.000000000e+00,1.000000000e+01,1.800000000e+01,1.000000000e+00,7.410336137e-01,2.445829391e+00,1.236531287e-01,9.473684430e-01,-2.055055380e+00,-4.107884407e+00,-6.805555224e-01,2.445829153e+00,-3.467707634e+00,-2.423300505e+00,3.501916647e+00,1.491848588e+00,0.000000000e+00,0.000000000e+00,0.000000000e+00,0.000000000e+00,-1.000000000e+00,-1.000000000e+00,-1.000000000e+00,0.000000000e+00,-9.999956489e-01,4.342942646e-07,1.000000000e+00,-6.989678144e-01,0.000000000e+00,4.342942646e-07,9.965109229e-01
88,6,1,1.188494444e+00,1.049893260e+00,-1.043789387e+00,1.318929553e+00,-1.124337018e-01,-3.543252468e+00,-3.691013813e+00,-2.701510668e+00,-3.083267689e+00,-2.562969208e+00,-3.281385660e+00,-3.681283712e+00,8.420202136e-01,4.000000000e+00,1.000000000e+01,1.600000000e+01,0.000000000e+00,1.181707829e-01,2.623234510e+00,1.148098484e-01,1.000000000e+00,-2.093633652e+00,-4.180774212e+00,1.479622722e+00,2.622110844e+00,-2.653868675e+00,-2.232214451e+00,1.663136721e+00,8.420202136e-01,2.000000000e+00,0.000000000e+00,2.000000000e+00,3.000000000e+00,2.000000000e+00,4.000000000e+00,2.000000000e+00,1.000000000e+00,-4.998570919e+00,-1.715738535e+00,7.727285028e-01,-4.991111755e+00,2.000000000e+00,-6.294693351e-01,3.977509550e-06
88,7,1,1.322175980e+00,1.038440943e+00,-9.981756210e-01,1.517873526e+00,-6.400619168e-04,-3.568176746e+00,-3.588945389e+00,-2.905001640e+00,-2.970065594e+00,-2.621433973e+00,-3.357955933e+00,-3.850433111e+00,1.270655990e+00,5.000000000e+00,1.000000000e+01,1.900000000e+01,0.000000000e+00,2.365556508e-01,2.740316153e+00,2.391200960e-01,1.000000000e+00,-2.036573887e+00,-4.068280220e+00,1.433453321e+00,2.739787102e+00,-2.575295210e+00,-2.320265055e+00,1.655174255e+00,1.270655990e+00,4.000000000e+00,4.000000000e+00,0.000000000e+00,3.000000000e+00,4.000000000e+00,1.100000000e+01,2.000000000e+00,1.000000000e+00,-5.244741440e+00,-1.907067180e+00,2.698622644e-01,-5.240330219e+00,1.000000000e+00,4.342942646e-07,7.131508028e-06
88,8,1,1.295412421e+00,7.913759351e-01,-1.272971153e+00,1.479581237e+00,-3.893242031e-02,-3.286005974e+00,-3.270905495e+00,-2.780436754e+00,-2.740169525e+00,-2.276580095e+00,-3.359522581e+00,-3.788207293e+00,1.828238487e+00,7.000000000e+00,1.100000000e+01,1.900000000e+01,0.000000000e+00,-2.293617725e+00,1.130280375e+00,2.008277476e-01,1.000000000e+00,-2.064304829e+00,-4.123648643e+00,-1.751583815e-01,1.129747748e+00,-3.704737186e+00,-2.568230867e+00,1.768295407e+00,1.828238487e+00,4.000000000e+00,4.000000000e+00,0.000000000e+00,2.000000000e+00,-4.000000000e+00,4.000000000e+00,4.000000000e+00,1.000000000e+00,-4.903747082e+00,-1.696427107e+00,7.534639239e-01,-4.895784378e+00,1.000000000e+00,4.342942646e-07,8.540865779e-02
88,9,0,1.130930901e+00,6.169771552e-01,-1.464902520e+00,1.385608435e+00,-4.575494304e-02,-3.123433828e+00,-3.118719101e+00,-2.656661272e+00,-2.640247345e+00,-2.142844439e+00,-3.213750124e+00,-3.636082172e+00,1.852255344e+00,7.000000000e+00,9.000000000e+00,1.600000000e+01,2.000000000e+00,1.727127433e+00,3.006468534e+00,1.814886481e-01,8.888888955e-01,-2.081839800e+00,-4.159112453e+00,-2.774462700e-01,3.006468534e+00,-3.533375502e+00,-2.595674753e+00,3.781088352e+00,1.852255344e+00,1.000000000e+00,1.000000000e+00,0.000000000e+00,1.000000000e+00,5.000000000e+00,1.000000000e+00,1.000000000e+00,1.000000000e+00,-5.469294548e+00,-1.727685571e+00,7.247801423e-01,-5.463597298e+00,1.000000000e+00,4.342942646e-07,8.481860757e-01
88,10,0,1.163582802e+00,6.362787485e-01,-1.357233882e+00,1.293738723e+00,-1.686587483e-01,-3.139743090e+00,-3.115782499e+00,-2.666825771e+00,-2.596812010e+00,-2.139663696e+00,-3.157429218e+00,-3.665631056e+00,1.884496689e+00,5.000000000e+00,1.100000000e+01,1.700000000e+01,2.000000000e+00,-2.515757799e+00,8.819300532e-01,6.329006702e-02,8.947368264e-01,-1.993479609e+00,-3.983789206e+00,-6.606905460e-01,8.817515373e-01,-3.890566111e+00,-2.520682335e+00,1.998919129e+00,1.884496689e+00,3.000000000e+00,3.000000000e+00,0.000000000e+00,1.000000000e+00,5.000000000e+00,1.000000000e+00,2.000000000e+00,1.000000000e+00,-5.142833710e+00,-1.968043685e+00,6.027568132e-02,-5.138827801e+00,2.000000000e+00,-2.009377003e+00,7.931752801e-01
88,11,0,1.197727323e+00,6.971275210e-01,-1.303560734e+00,1.995557189e+00,4.514890909e-01,-3.146453619e+00,-3.216168880e+00,-2.511473179e+00,-2.779194117e+00,-2.010969877e+00,-3.198561430e+00,-3.645736933e+00,1.819902301e+00,6.000000000e+00,1.100000000e+01,2.000000000e+01,1.000000000e+00,1.728484750e+00,2.875256777e+00,6.945270896e-01,9.523809552e-01,-2.000653505e+00,-3.997874260e+00,-4.078917578e-02,2.875256538e+00,-3.515945196e+00,-2.501158953e+00,3.684200287e+00,1.819902301e+00,3.000000000e+00,3.000000000e+00,0.000000000e+00,2.000000000e+00,-5.000000000e+00,2.000000000e+00,3.000000000e+00,1.000000000e+00,-4.629661083e+00,-2.373172998e+00,-7.414699793e-01,-4.627904415e+00,1.000000000e+00,4.342942646e-07,5.105827451e-01
88,12,0,1.019150257e+00,3.674172461e-01,-1.578403354e+00,1.395012617e+00,-3.635076061e-02,-2.802484035e+00,-2.794214725e+00,-2.345300198e+00,-2.339381218e+00,-1.693641663e+00,-2.968785763e+00,-3.453257799e+00,2.181149721e+00,4.000000000e+00,1.000000000e+01,1.600000000e+01,0.000000000e+00,1.996125340e+00,2.691726208e+00,1.908928156e-01,1.000000000e+00,-1.945798635e+00,-3.892472982e+00,-1.008444205e-01,2.691725731e+00,-2.807459116e+00,-2.597398043e+00,3.438263893e+00,2.181149721e+00,0.000000000e+00,0.000000000e+00,0.000000000e+00,0.000000000e+00,-1.000000000e+00,-1.000000000e+00,-1.000000000e+00,0.000000000e+00,-9.999956489e-01,4.342942646e-07,1.000000000e+00,-6.989678144e-01,0.000000000e+00,4.342942646e-07,9.952239394e-01
88,13,0,1.045627356e+00,3.991186619e-01,-1.524132729e+00,1.548328042e+00,5.696660653e-02,-3.046686172e+00,-3.129943371e+00,-2.349259138e+00,-2.490025997e+00,-1.702825427e+00,-2.969796658e+00,-3.691538811e+00,2.168805599e+00,6.000000000e+00,1.100000000e+01,1.800000000e+01,0.000000000e+00,1.833056688e+00,2.619385242e+00,2.930556834e-01,1.000000000e+00,-1.923229218e+00,-3.844791651e+00,4.464949071e-01,2.619375467e+00,-2.442663670e+00,-2.569613218e+00,2.960145712e+00,2.168805599e+00,1.000000000e+00,1.000000000e+00,0.000000000e+00,1.000000000e+00,5.000000000e+00,2.900000000e+01,1.000000000e+00,1.000000000e+00,-4.453399181e+00,-1.662734270e+00,5.401135683e-01,-4.444321632e+00,1.000000000e+00,4.342942646e-07,9.932162166e-01
88,14,0,1.064158201e+00,3.593108058e-01,-1.482414126e+00,1.639776945e+00,1.212632284e-01,-2.773853302e+00,-2.769572973e+00,-2.330611229e+00,-2.331694365e+00,-1.625838161e+00,-2.908522606e+00,-3.477652311e+00,2.306240320e+00,7.000000000e+00,1.100000000e+01,1.900000000e+01,0.000000000e+00,1.654900312e+00,2.453307390e+00,3.610234559e-01,1.000000000e+00,-1.841707706e+00,-3.684349537e+00,-3.185912967e-01,2.453306675e+00,-3.009246588e+00,-2.546432495e+00,3.477635622e+00,2.306240320e+00,0.000000000e+00,0.000000000e+00,0.000000000e+00,0.000000000e+00,-1.000000000e+00,-1.000000000e+00,-1.000000000e+00,0.000000000e+00,-9.999956489e-01,4.342942646e-07,1.000000000e+00,-6.989678144e-01,0.000000000e+00,4.342942646e-07,9.956165552e-01
88,15,0,1.186033130e+00,4.484123588e-01,-1.496728063e+00,1.449023962e+00,-1.337369252e-02,-2.836042404e+00,-2.835811377e+00,-2.394320011e+00,-2.384658575e+00,-1.656786919e+00,-3.134128809e+00,-3.572335720e+00,2.383105516e+00,9.000000000e+00,1.100000000e+01,1.700000000e+01,0.000000000e+00,1.256515384e+00,2.285070181e+00,2.185751796e-01,1.000000000e+00,-1.945115685e+00,-3.890453577e+00,5.968383513e-03,2.285064220e+00,-2.826916218e+00,-2.682565451e+00,3.006949425e+00,2.383105516e+00,1.000000000e+00,1.000000000e+00,0.000000000e+00,1.000000000e+00,5.000000000e+00,1.900000000e+01,1.000000000e+00,1.000000000e+00,-4.799631119e+00,-1.901767969e+00,9.766089916e-02,-4.794559479e+00,1.000000000e+00,4.342942646e-07,9.876760244e-01
89,0,0,1.273503184e+00,4.160933197e-01,-8.609696031e-01,8.177574873e-01,-2.236345261e-01,-3.059580088e+00,-2.806887150e+00,-2.310450792e+00,-2.244768381e+00,-1.453117371e+00,-2.550470352e+00,-3.913911819e+00,-2.662550449e+00,8.000000000e+00,6.000000000e+00,8.000000000e+00,0.000000000e+00,1.993515015e+00,2.449888945e+00,-8.533202857e-02,1.000000000e+00,-1.277057767e+00,-2.554031849e+00,-7.968511432e-02,2.449887037e+00,-2.740384579e+00,-2.134416819e+00,3.321196079e+00,2.662550449e+00,0.000000000e+00,0.000000000e+00,0.000000000e+00,0.000000000e+00,-1.000000000e+00,-1.000000000e+00,-1.000000000e+00,0.000000000e+00,-9.999956489e-01,4.342942646e-07,1.000000000e+00,-6.989678144e-01,0.000000000e+00,1.264872551e+00,9.917280674e-01
89,1,0,1.335401058e+00,6.148180366e-01,-1.269801497e+00,1.779636145e+00,3.172383308e-01,-3.012567043e+00,-2.981088161e+00,-2.472231627e+00,-2.412685156e+00,-1.751752853e+00,-3.220291376e+00,-3.731251955e+00,-2.343172789e+00,7.000000000e+00,1.100000000e+01,1.700000000e+01,0.000000000e+00,-2.396509945e-01,1.631953597e+00,5.491873622e-01,1.000000000e+00,-1.884594202e+00,-3.767688513e+00,-8.809334636e-01,1.631951571e+00,-3.905048132e+00,-2.605035543e+00,3.173054934e+00,2.343172789e+00,1.000000000e+00,1.000000000e+00,0.000000000e+00,2.000000000e+00,5.000000000e+00,3.100000000e+01,3.000000000e+00,1.000000000e+00,-4.989576340e+00,-1.854812384e+00,4.751924053e-02,-4.984136105e+00,1.000000000e+00,9.541267753e-01,8.533979058e-01
89,2,0,1.207239985e+00,5.068149567e-01,-8.641799092e-01,8.988922238e-01,-1.424999237e-01,-2.914773703e+00,-2.815492153e+00,-2.380220652e+00,-2.279984713e+00,-1.679878831e+00,-2.578458548e+00,-3.613767385e+00,-2.295850992e+00,8.000000000e+00,6.000000000e+00,8.000000000e+00,0.000000000e+00,3.690363765e-01,1.864423990e+00,-4.197359085e-03,1.000000000e+00,-1.370987892e+00,-2.742141247e+00,-3.918485343e-01,1.864417315e+00,-3.178076982e+00,-2.071372032e+00,2.856230736e+00,2.295850992e+00,0.000000000e+00,0.000000000e+00,0.000000000e+00,0.000000000e+00,-1.000000000e+00,-1.000000000e+00,-1.000000000e+00,0.000000000e+00,-9.999956489e-01,4.342942646e-07,1.000000000e+00,-6.989678144e-01,0.000000000e+00,4.342942646e-07,9.727591276e-01
89,3,0,1.292438865e+00,5.927227736e-01,-1.301838040e+00,1.880101442e+00,3.118998706e-01,-2.996861458e+00,-2.993430614e+00,-2.535192490e+00,-2.534733534e+00,-1.835595608e+00,-3.187660694e+00,-3.694852352e+00,-2.294184923e+00,8.000000000e+00,1.200000000e+01,2.100000000e+01,0.000000000e+00,8.018145561e-01,2.236542940e+00,5.578822494e-01,1.000000000e+00,-1.894535303e+00,-3.787788630e+00,7.990038395e-02,2.236532450e+00,-3.047220707e+00,-2.594114780e+00,2.855765343e+00,2.294184923e+00,1.000000000e+00,1.000000000e+00,0.000000000e+00,2.000000000e+00,5.000000000e+00,9.000000000e+00,3.000000000e+00,1.000000000e+00,-4.992439270e+00,-1.672201633e+00,4.633693099e-01,-4.984188080e+00,1.000000000e+00,9.531780481e-01,8.975380659e-01
89,4,0,9.767184258e-01,4.345816970e-01,-1.581459403e+00,1.845029473e+00,2.539651394e-01,-2.939789057e+00,-2.933132648e+00,-2.491149426e+00,-2.493375778e+00,-1.949108601e+00,-2.995182276e+00,-3.480987549e+00,-1.920206189e+00,7.000000000e+00,1.300000000e+01,2.200000000e+01,0.000000000e+00,3.840200901e-01,2.141163826e+00,5.026069880e-01,1.000000000e+00,-2.016012430e+00,-4.030269623e+00,-9.480460733e-02,2.141156673e+00,-3.022440195e+00,-2.558037281e+00,2.780157089e+00,1.920206189e+00,2.000000000e+00,2.000000000e+00,0.000000000e+00,1.000000000e+00,-5.000000000e+00,6.000000000e+00,2.000000000e+00,1.000000000e+00,-4.792642593e+00,-1.657674313e+00,7.360438108e-01,-4.783774376e+00,1.000000000e+00,4.342942646e-07,9.896446466e-01
89,5,0,8.314835429e-01,3.041774333e-01,-1.615855336e+00,1.257043242e+00,-1.046841666e-01,-2.886015654e+00,-2.782989502e+00,-1.685065508e+00,-1.727570534e+00,-1.157774091e+00,-2.749841213e+00,-3.412531614e+00,-1.884501815e+00,1.000000000e+00,8.000000000e+00,1.400000000e+01,0.000000000e+00,3.077705204e-01,1.429084539e+00,1.109154224e-01,1.000000000e+00,-1.920014262e+00,-3.835667610e+00,1.255850673e+00,1.299134970e+00,-7.759178877e-01,-2.447235107e+00,6.130967140e-01,1.884501815e+00,0.000000000e+00,0.000000000e+00,0.000000000e+00,0.000000000e+00,-1.000000000e+00,-1.000000000e+00,-1.000000000e+00,0.000000000e+00,-9.999956489e-01,4.342942646e-07,1.000000000e+00,-6.989678144e-01,0.000000000e+00,4.342942646e-07,9.974545836e-01
89,6,0,3.267685771e-01,3.267633915e-01,-1.816185832e+00,1.408287287e+00,-5.411029607e-02,-3.006966352e+00,-3.100214243e+00,-2.358567238e+00,-2.638891220e+00,-2.358561993e+00,-2.469618082e+00,-3.006971359e+00,-4.889256787e-03,4.000000000e+00,1.000000000e+01,1.700000000e+01,0.000000000e+00,1.147879601e+00,2.932601213e+00,1.778385788e-01,1.000000000e+00,-2.142917395e+00,-4.277646065e+00,7.349912822e-02,2.932600975e+00,-2.892006159e+00,-2.142922401e+00,3.139361620e+00,4.889256787e-03,0.000000000e+00,0.000000000e+00,0.000000000e+00,0.000000000e+00,-1.000000000e+00,-1.000000000e+00,-1.000000000e+00,0.000000000e+00,-9.999956489e-01,4.342942646e-07,1.000000000e+00,-6.989678144e-01,0.000000000e+00,4.342942646e-07,9.968456626e-01
89,7,0,4.418440163e-01,4.239794314e-01,-1.688433766e+00,1.497561574e+00,3.516384587e-02,-3.160948038e+00,-3.189218044e+00,-2.690013170e+00,-2.724701405e+00,-2.672157049e+00,-2.554262877e+00,-3.178786278e+00,2.887967229e-01,4.000000000e+00,1.000000000e+01,1.700000000e+01,0.000000000e+00,1.237756371e+00,3.291239738e+00,2.671127617e-01,1.000000000e+00,-2.112378120e+00,-4.217778683e+00,4.827228189e-01,3.291239023e+00,-2.665987253e+00,-2.130240440e+00,2.861011028e+00,2.887967229e-01,0.000000000e+00,0.000000000e+00,0.000000000e+00,0.000000000e+00,-1.000000000e+00,-1.000000000e+00,-1.000000000e+00,0.000000000e+00,-9.999956489e-01,4.342942646e-07,1.000000000e+00,-6.989678144e-01,0.000000000e+00,4.342942646e-07,9.909063578e-01
89,8,1,7.255041003e-01,6.632993817e-01,-1.509352207e+00,1.414734006e+00,-1.662947610e-02,-3.333421946e+00,-3.371741056e+00,-2.665574789e+00,-2.780453205e+00,-2.603396654e+00,-2.898113966e+00,-3.395482779e+00,5.480865836e-01,4.000000000e+00,1.000000000e+01,1.600000000e+01,0.000000000e+00,2.398155630e-01,2.723484755e+00,2.106141150e-01,1.000000000e+00,-2.172600985e+00,-4.336099148e+00,5.707506537e-01,2.723474026e+00,-2.872940063e+00,-2.234795570e+00,2.329797506e+00,5.480865836e-01,4.000000000e+00,0.000000000e+00,4.000000000e+00,3.000000000e+00,1.000000000e+00,2.000000000e+00,1.000000000e+00,1.000000000e+00,-4.706834316e+00,-2.380309820e+00,-4.118711948e-01,-4.705121040e+00,1.000000000e+00,4.342942646e-07,6.875142455e-01
89,9,0,6.383888721e-01,3.399536014e-01,-1.685855389e+00,1.332908630e+00,-2.881888859e-02,-2.964131355e+00,-2.964381456e+00,-2.496683598e+00,-2.520818949e+00,-2.198316097e+00,-2.666205168e+00,-3.262171507e+00,1.310052276e+00,3.000000000e+00,9.000000000e+00,1.400000000e+01,0.000000000e+00,1.221026659e+00,2.808898211e+00,1.867807359e-01,1.000000000e+00,-2.025784016e+00,-4.048959255e+00,-1.960770786e-02,2.808897734e+00,-2.880194902e+00,-2.324173689e+00,3.150933743e+00,1.310052276e+00,0.000000000e+00,0.000000000e+00,0.000000000e+00,0.000000000e+00,-1.000000000e+00,-1.000000000e+00,-1.000000000e+00,0.000000000e+00,-9.999956489e-01,4.342942646e-07,1.000000000e+00,-6.989678144e-01,1.000000000e+00,9.173294306e-01,9.964061379e-01
89,10,0,5.943010449e-01,2.366568297e-01,-1.790928125e+00,1.489841461e+00,-5.422627553e-02,-2.830031157e+00,-2.828112364e+00,-2.302870989e+00,-2.311744213e+00,-1.945275664e+00,-2.626100779e+00,-3.187300444e+00,1.464592099e+00,5.000000000e+00,1.100000000e+01,2.000000000e+01,0.000000000e+00,5.207795501e-01,2.205703974e+00,1.888115555e-01,1.000000000e+00,-2.027565479e+00,-4.054642200e+00,-6.177028418e-01,2.205703497e+00,-3.165558100e+00,-2.385150433e+00,3.189558506e+00,1.464592099e+00,0.000000000e+00,0.000000000e+00,0.000000000e+00,0.000000000e+00,-1.000000000e+00,-1.000000000e+00,-1.000000000e+00,0.000000000e+00,-9.999956489e-01,4.342942646e-07,1.000000000e+00,-6.989678144e-01,0.000000000e+00,4.342942646e-07,9.985734224e-01
90,0,0,1.312764645e+00,5.334193110e-01,-1.388289809e+00,1.416853189e+00,-4.554442689e-02,-2.908204556e+00,-2.895744324e+00,-2.465636730e+00,-2.441532612e+00,-1.686396956e+00,-3.235980272e+00,-3.685789824e+00,-2.480677366e+00,9.000000000e+00,1.000000000e+01,1.700000000e+01,0.000000000e+00,4.151787162e-01,1.894404054e+00,1.864044517e-01,1.000000000e+00,-1.921683192e+00,-3.842650175e+00,5.318408012e-01,1.893994689e+00,-2.443110466e+00,-2.700846672e+00,2.117353201e+00,2.480677366e+00,0.000000000e+00,0.000000000e+00,0.000000000e+00,0.000000000e+00,-1.000000000e+00,-1.000000000e+00,-1.000000000e+00,0.000000000e+00,-9.999956489e-01,4.342942646e-07,1.000000000e+00,-6.989678144e-01,0.000000000e+00,4.342942646e-07,9.596723318e-01
90,1,0,1.172777414e+00,4.207522869e-01,-1.512337923e+00,1.618545532e+00,1.561476886e-01,-2.799033165e+00,-2.773952246e+00,-2.331051350e+00,-2.275627136e+00,-1.579102755e+00,-3.109700203e+00,-3.549788952e+00,-2.416823387e+00,9.000000000e+00,1.100000000e+01,1.700000000e+01,0.000000000e+00,4.820319414e-01,1.820154548e+00,3.880966306e-01,1.000000000e+00,-1.933066964e+00,-3.867374659e+00,-1.936189085e-01,1.820134163e+00,-2.889743805e+00,-2.684919119e+00,2.710215807e+00,2.416823387e+00,0.000000000e+00,0.000000000e+00,0.000000000e+00,0.000000000e+00,-1.000000000e+00,-1.000000000e+00,-1.000000000e+00,0.000000000e+00,-9.999956489e-01,4.342942646e-07,1.000000000e+00,-6.989678144e-01,1.000000000e+00,4.342942646e-07,9.912537932e-01
90,2,0,9.090995193e-01,2.202240676e-01,-1.698218703e+00,1.395049930e+00,-1.960142106e-01,-2.644705296e+00,-2.642165184e+00,-2.201044559e+00,-2.199743032e+00,-1.512223482e+00,-2.834702492e+00,-3.332837105e+00,-2.268697739e+00,8.000000000e+00,1.200000000e+01,2.200000000e+01,0.000000000e+00,6.485320926e-01,1.836505651e+00,5.262742564e-02,1.000000000e+00,-1.918428183e+00,-3.841339588e+00,-6.577269435e-01,1.836503386e+00,-3.077245235e+00,-2.607164145e+00,3.181493759e+00,2.268697739e+00,0.000000000e+00,0.000000000e+00,0.000000000e+00,0.000000000e+00,-1.000000000e+00,-1.000000000e+00,-1.000000000e+00,0.000000000e+00,-9.999956489e-01,4.342942646e-07,1.000000000e+00,-6.989678144e-01,0.000000000e+00,4.342942646e-07,9.987446070e-01
90,3,1,1.386416912e+00,6.846429110e-01,-1.232814074e+00,1.685344100e+00,1.412763447e-01,-3.077138662e+00,-3.090932608e+00,-2.625600338e+00,-2.643463135e+00,-1.923973441e+00,-3.303981781e+00,-3.776826143e+00,-2.299020290e+00,9.000000000e+00,1.200000000e+01,2.000000000e+01,0.000000000e+00,1.566971421e+00,2.707495451e+00,3.843142390e-01,1.000000000e+00,-1.917428374e+00,-3.832938433e+00,-7.152599692e-01,2.707495451e+00,-4.038784981e+00,-2.619057655e+00,4.141411304e+00,2.299020290e+00,4.000000000e+00,4.000000000e+00,0.000000000e+00,2.000000000e+00,5.000000000e+00,1.400000000e+01,4.000000000e+00,1.000000000e+00,-5.231281281e+00,-2.116707563e+00,-3.919357359e-01,-5.228536606e+00,1.000000000e+00,4.342942646e-07,5.804240704e-01
90,4,0,6.132878065e-01,3.677574098e-01,-1.634124875e+00,1.372376323e+00,-2.556335554e-02,-2.901539803e+00,-2.935322046e+00,-2.421932697e+00,-2.472649574e+00,-2.176451921e+00,-2.617368460e+00,-3.146807194e+00,1.165793896e+00,5.000000000e+00,9.000000000e+00,1.500000000e+01,0.000000000e+00,1.346649647e+00,2.849841833e+00,1.962852329e-01,1.000000000e+00,-2.001857281e+00,-4.001779079e+00,-6.714004278e-01,2.849841833e+00,-3.510528803e+00,-2.247354507e+00,3.816900969e+00,1.165793896e+00,0.000000000e+00,0.000000000e+00,0.000000000e+00,0.000000000e+00,-1.000000000e+00,-1.000000000e+00,-1.000000000e+00,0.000000000e+00,-9.999956489e-01,4.342942646e-07,1.000000000e+00,-6.989678144e-01,0.000000000e+00,4.342942646e-07,9.952065349e-01
90,5,0,7.463625669e-01,4.371075332e-01,-1.626912594e+00,1.262336612e+00,-1.690266281e-01,-3.015639782e+00,-2.986143112e+00,-2.399243355e+00,-2.346340418e+00,-2.090043783e+00,-2.812435389e+00,-3.324427366e+00,1.338758945e+00,4.000000000e+00,1.000000000e+01,1.600000000e+01,0.000000000e+00,-4.178474844e-01,1.881180406e+00,5.821687356e-02,1.000000000e+00,-2.063987970e+00,-4.124568939e+00,-2.657183707e-01,1.881169438e+00,-3.048777103e+00,-2.373190880e+00,2.403050423e+00,1.338758945e+00,1.000000000e+00,1.000000000e+00,0.000000000e+00,2.000000000e+00,-4.000000000e+00,3.600000000e+01,4.000000000e+00,1.000000000e+00,-5.211820602e+00,-2.291416407e+00,-4.504745305e-01,-5.209966183e+00,1.000000000e+00,1.252196431e+00,9.893143177e-01
90,6,0,8.350903988e-01,4.080242813e-01,-1.633138061e+00,1.504999876e+00,-1.351375971e-02,-2.966128349e+00,-2.959904194e+00,-2.434357882e+00,-2.426649570e+00,-2.007365704e+00,-2.878616571e+00,-3.392522812e+00,1.639531970e+00,5.000000000e+00,1.100000000e+01,1.900000000e+01,0.000000000e+00,4.155260026e-01,2.215173483e+00,2.262463868e-01,1.000000000e+00,-2.041133165e+00,-4.079785347e+00,-5.668067336e-01,2.215172768e+00,-3.400504589e+00,-2.468119383e+00,3.200909138e+00,1.639531970e+00,0.000000000e+00,0.000000000e+00,0.000000000e+00,0.000000000e+00,-1.000000000e+00,-1.000000000e+00,-1.000000000e+00,0.000000000e+00,-9.999956489e-01,4.342942646e-07,1.000000000e+00,-6.989678144e-01,0.000000000e+00,4.342942646e-07,9.924793243e-01
90,7,0,1.009554505e+00,5.271130800e-01,-1.223201632e+00,1.136659741e+00,-3.943116590e-02,-2.958338261e+00,-3.032285690e+00,-2.304330587e+00,-2.525419950e+00,-1.821947694e+00,-2.760344982e+00,-3.439976692e+00,1.775730848e+00,6.000000000e+00,7.000000000e+00,1.000000000e+01,0.000000000e+00,-4.373437464e-01,1.603312016e+00,1.366599202e-01,1.000000000e+00,-1.750297308e+00,-3.499987125e+00,-6.106051207e-01,1.603303909e+00,-3.661289930e+00,-2.232689142e+00,2.916906118e+00,1.775730848e+00,0.000000000e+00,0.000000000e+00,0.000000000e+00,0.000000000e+00,-1.000000000e+00,-1.000000000e+00,-1.000000000e+00,0.000000000e+00,-9.999956489e-01,4.342942646e-07,1.000000000e+00,-6.989678144e-01,0.000000000e+00,4.342942646e-07,9.633152485e-01
90,8,0,9.114772677e-01,4.160686135e-01,-1.654829144e+00,1.672713161e+00,1.286453903e-01,-2.943253756e+00,-2.941908836e+00,-2.419656992e+00,-2.429357052e+00,-1.924325943e+00,-2.985502243e+00,-3.437851667e+00,1.807296276e+00,6.000000000e+00,1.200000000e+01,2.000000000e+01,0.000000000e+00,1.253397346e+00,2.551068544e+00,3.716832995e-01,1.000000000e+00,-2.070866108e+00,-4.139335155e+00,3.366606534e-01,2.551060438e+00,-2.508741856e+00,-2.566165924e+00,2.719457388e+00,1.807296276e+00,0.000000000e+00,0.000000000e+00,0.000000000e+00,0.000000000e+00,-1.000000000e+00,-1.000000000e+00,-1.000000000e+00,0.000000000e+00,-9.999956489e-01,4.342942646e-07,1.000000000e+00,-6.989678144e-01,0.000000000e+00,4.342942646e-07,9.917305112e-01
90,9,0,7.734852433e-01,2.572259903e-01,-1.706205249e+00,1.641496420e+00,7.329495251e-02,-2.762660027e+00,-2.758611441e+00,-2.304014683e+00,-2.295699596e+00,-1.787815928e+00,-2.741798162e+00,-3.278345823e+00,1.857830644e+00,6.000000000e+00,1.200000000e+01,2.100000000e+01,1.000000000e+00,1.685294747e+00,2.630491018e+00,3.192772269e-01,9.545454383e-01,-1.963413239e+00,-3.928308010e+00,-2.774129808e-02,2.630489826e+00,-2.580587387e+00,-2.479581594e+00,3.166083097e+00,1.857830644e+00,0.000000000e+00,0.000000000e+00,0.000000000e+00,0.000000000e+00,-1.000000000e+00,-1.000000000e+00,-1.000000000e+00,0.000000000e+00,-9.999956489e-01,4.342942646e-07,1.000000000e+00,-6.989678144e-01,0.000000000e+00,4.342942646e-07,9.983141422e-01
91,0,0,9.632979631e-01,2.925879061e-01,-1.643862128e+00,1.688051462e+00,1.439836770e-01,-2.725841522e+00,-2.721587181e+00,-2.285025597e+00,-2.278605461e+00,-1.614381194e+00,-2.904928446e+00,-3.395701408e+00,-2.225924969e+00,8.000000000e+00,1.200000000e+01,2.000000000e+01,0.000000000e+00,1.435218453e+00,2.332008123e+00,3.870216012e-01,1.000000000e+00,-1.936431527e+00,-3.875178337e+00,-9.510774612e-01,2.332008123e+00,-3.520913363e+00,-2.607003450e+00,3.946642160e+00,2.225924969e+00,0.000000000e+00,0.000000000e+00,0.000000000e+00,0.000000000e+00,-1.000000000e+00,-1.000000000e+00,-1.000000000e+00,0.000000000e+00,-9.999956489e-01,4.342942646e-07,1.000000000e+00,-6.989678144e-01,0.000000000e+00,4.342942646e-07,9.977102280e-01
91,1,0,9.681676626e-01,3.189945221e-01,-1.627011538e+00,1.680526733e+00,1.364589632e-01,-2.767292976e+00,-2.760668278e+00,-2.324088812e+00,-2.316678524e+00,-1.674986482e+00,-2.918570995e+00,-3.415588379e+00,-2.175102472e+00,8.000000000e+00,1.200000000e+01,2.000000000e+01,0.000000000e+00,2.710322142e-01,1.810601830e+00,3.794968724e-01,1.000000000e+00,-1.945985913e+00,-3.893376827e+00,1.020901874e-01,1.810518742e+00,-2.533524513e+00,-2.595026493e+00,2.350119114e+00,2.175102472e+00,0.000000000e+00,0.000000000e+00,0.000000000e+00,0.000000000e+00,-1.000000000e+00,-1.000000000e+00,-1.000000000e+00,0.000000000e+00,-9.999956489e-01,4.342942646e-07,1.000000000e+00,-6.989678144e-01,1.000000000e+00,4.342942646e-07,9.970736504e-01
91,2,0,1.079133749e+00,4.758391380e-01,-1.456920147e+00,2.015307665e+00,4.967937171e-01,-2.921940565e+00,-2.908359766e+00,-2.372131109e+00,-2.343348265e+00,-1.768913031e+00,-3.013456345e+00,-3.524143934e+00,-2.066373348e+00,8.000000000e+00,1.200000000e+01,1.900000000e+01,1.000000000e+00,1.473850012e+00,2.505871058e+00,7.365540266e-01,9.499999881e-01,-1.932734370e+00,-3.864352703e+00,2.905083895e-01,2.505862951e+00,-2.528628111e+00,-2.535917044e+00,2.789811134e+00,2.066373348e+00,0.000000000e+00,0.000000000e+00,0.000000000e+00,0.000000000e+00,-1.000000000e+00,-1.000000000e+00,-1.000000000e+00,0.000000000e+00,-9.999956489e-01,4.342942646e-07,1.000000000e+00,-6.989678144e-01,2.000000000e+00,4.342942646e-07,9.823235273e-01
91,3,0,1.014101028e+00,5.188667178e-01,-1.577486038e+00,1.612726569e+00,1.213651523e-01,-3.012364626e+00,-2.962921381e+00,-2.479139566e+00,-2.359268188e+00,-1.983994484e+00,-3.112436295e+00,-3.506649256e+00,-1.806872487e+00,6.000000000e+00,1.100000000e+01,1.800000000e+01,0.000000000e+00,6.210896969e-01,2.294581413e+00,3.574542105e-01,1.000000000e+00,-2.096314907e+00,-4.188511848e+00,-5.719678998e-01,2.294580936e+00,-3.448980570e+00,-2.591433764e+00,3.241511106e+00,1.806872487e+00,0.000000000e+00,0.000000000e+00,0.000000000e+00,0.000000000e+00,-1.000000000e+00,-1.000000000e+00,-1.000000000e+00,0.000000000e+00,-9.999956489e-01,4.342942646e-07,1.000000000e+00,-6.989678144e-01,0.000000000e+00,4.342942646e-07,9.675365686e-01
91,4,1,9.677389264e-01,4.845596850e-01,-1.549675226e+00,1.554434657e+00,3.592104837e-02,-3.005319834e+00,-3.004831553e+00,-2.548004150e+00,-2.556762218e+00,-2.064928055e+00,-3.003814220e+00,-3.487602234e+00,-1.777529716e+00,4.000000000e+00,1.100000000e+01,1.900000000e+01,0.000000000e+00,1.135264516e+00,2.632770061e+00,2.756812572e-01,1.000000000e+00,-2.034203291e+00,-4.065682411e+00,1.089514613e+00,2.632591963e+00,-1.951925039e+00,-2.517286539e+00,2.035005331e+00,1.777529716e+00,4.000000000e+00,4.000000000e+00,0.000000000e+00,1.000000000e+00,-5.000000000e+00,9.000000000e+00,1.000000000e+00,1.000000000e+00,-5.076220512e+00,-2.457556486e+00,-8.438258171e-01,-5.074888706e+00,1.000000000e+00,4.342942646e-07,9.800886512e-01
91,5,0,9.600189328e-01,4.530104101e-01,-1.653906226e+00,1.548382163e+00,2.986849286e-02,-2.967050791e+00,-2.963073254e+00,-2.429514885e+00,-2.436715603e+00,-1.922586679e+00,-3.070190191e+00,-3.473169088e+00,-1.835442305e+00,6.000000000e+00,1.100000000e+01,1.900000000e+01,0.000000000e+00,-1.804672368e-02,1.913646340e+00,2.696286738e-01,1.000000000e+00,-2.106880665e+00,-4.210508823e+00,1.021928266e-01,1.913594604e+00,-2.787385941e+00,-2.613766193e+00,2.325519800e+00,1.835442305e+00,3.000000000e+00,3.000000000e+00,0.000000000e+00,2.000000000e+00,5.000000000e+00,8.000000000e+00,3.000000000e+00,1.000000000e+00,-4.530155182e+00,-1.890238047e+00,4.445838928e-01,-4.524786949e+00,2.000000000e+00,-4.316759586e+00,9.869267344e-01
91,6,1,1.429145336e+00,1.015985250e+00,-1.039321899e+00,1.663306594e+00,1.447928101e-01,-3.513954878e+00,-3.533348322e+00,-2.950261116e+00,-3.039764404e+00,-2.537338734e+00,-3.483343601e+00,-3.924867153e+00,-1.604912996e+00,7.000000000e+00,1.100000000e+01,1.900000000e+01,0.000000000e+00,1.135023355e+00,3.105011940e+00,3.845530450e-01,1.000000000e+00,-2.055262566e+00,-4.105264664e+00,9.961788058e-01,3.104998827e+00,-3.059548616e+00,-2.468344212e+00,2.611524105e+00,1.604912996e+00,5.000000000e+00,5.000000000e+00,0.000000000e+00,3.000000000e+00,-4.000000000e+00,1.200000000e+01,3.000000000e+00,1.000000000e+00,-5.307369709e+00,-1.684940577e+00,7.588295341e-01,-5.300278187e+00,1.000000000e+00,4.342942646e-07,2.144797691e-05
91,7,0,5.503647327e-01,3.542375863e-01,-1.544788718e+00,1.236235023e+00,-4.251813516e-02,-3.030142069e+00,-3.023783445e+00,-2.546712160e+00,-2.588832378e+00,-2.350640535e+00,-2.449980259e+00,-3.226003408e+00,1.023249388e+00,4.000000000e+00,7.000000000e+00,1.200000000e+01,0.000000000e+00,-1.263791174e-01,2.287566185e+00,1.570540220e-01,1.000000000e+00,-1.899006844e+00,-3.796055555e+00,3.356866837e-01,2.287539005e+00,-2.607375860e+00,-2.095114470e+00,2.190037966e+00,1.023249388e+00,0.000000000e+00,0.000000000e+00,0.000000000e+00,0.000000000e+00,-1.000000000e+00,-1.000000000e+00,-1.000000000e+00,0.000000000e+00,-9.999956489e-01,4.342942646e-07,1.000000000e+00,-6.989678144e-01,0.000000000e+00,4.342942646e-07,9.958423972e-01
91,8,0,8.969057202e-01,6.352639794e-01,-1.426689625e+00,1.486130834e+00,8.819107711e-02,-3.245215416e+00,-3.264299154e+00,-2.647532225e+00,-2.708882570e+00,-2.385977983e+00,-2.959114313e+00,-3.506226301e+00,1.210492134e+00,4.000000000e+00,1.000000000e+01,1.500000000e+01,1.000000000e+00,1.599469662e+00,3.185818434e+00,3.100397289e-01,9.375000000e-01,-2.061915159e+00,-4.118821621e+00,-2.012477964e-01,3.185818434e+00,-3.544094324e+00,-2.323515415e+00,3.709734917e+00,1.210492134e+00,1.000000000e+00,1.000000000e+00,0.000000000e+00,2.000000000e+00,-3.000000000e+00,2.500000000e+01,4.000000000e+00,1.000000000e+00,-5.666353226e+00,-2.909004450e+00,-1.695831776e+00,-5.666066170e+00,1.000000000e+00,4.342942646e-07,7.964695096e-01
92,0,0,9.795112014e-01,2.889364660e-01,-1.605536222e+00,1.443700433e+00,-4.766095057e-02,-2.707674265e+00,-2.696319342e+00,-2.252023697e+00,-2.228549004e+00,-1.561510563e+00,-2.878499508e+00,-3.397385120e+00,-2.272694588e+00,7.000000000e+00,1.200000000e+01,1.800000000e+01,0.000000000e+00,5.094527602e-01,1.816380501e+00,1.884280443e-01,1.000000000e+00,-1.894455791e+00,-3.791113853e+00,2.115823179e-01,1.816246390e+00,-2.305888653e+00,-2.584897757e+00,2.271715403e+00,2.272694588e+00,0.000000000e+00,0.000000000e+00,0.000000000e+00,0.000000000e+00,-1.000000000e+00,-1.000000000e+00,-1.000000000e+00,0.000000000e+00,-9.999956489e-01,4.342942646e-07,1.000000000e+00,-6.989678144e-01,0.000000000e+00,4.342942646e-07,9.977840781e-01
92,1,0,1.057393193e+00,3.881363869e-01,-1.513969660e+00,1.676389456e+00,1.578757614e-01,-3.028008938e+00,-3.074927568e+00,-2.440223932e+00,-2.512281418e+00,-1.771060944e+00,-2.960192442e+00,-3.695569277e+00,-2.222499609e+00,7.000000000e+00,1.100000000e+01,1.900000000e+01,0.000000000e+00,1.890563011e+00,2.716368437e+00,3.976359963e-01,1.000000000e+00,-1.902085304e+00,-3.802550554e+00,-2.720104456e-01,2.716368198e+00,-3.171924353e+00,-2.571215153e+00,3.729450941e+00,2.222499609e+00,0.000000000e+00,0.000000000e+00,0.000000000e+00,0.000000000e+00,-1.000000000e+00,-1.000000000e+00,-1.000000000e+00,0.000000000e+00,-9.999956489e-01,4.342942646e-07,1.000000000e+00,-6.989678144e-01,1.000000000e+00,4.342942646e-07,9.940097332e-01
92,2,0,1.065788507e+00,3.002218902e-01,-1.562302113e+00,1.479137421e+00,-3.937620670e-02,-2.674225569e+00,-2.677997589e+00,-2.204189539e+00,-2.236692429e+00,-1.438680172e+00,-2.932979107e+00,-3.438802958e+00,2.448488712e+00,8.000000000e+00,1.100000000e+01,1.900000000e+01,0.000000000e+00,1.927537918e+00,2.402461052e+00,2.003839165e-01,1.000000000e+00,-1.862507939e+00,-3.727775812e+00,-8.018938303e-01,2.402461052e+00,-3.337939024e+00,-2.627922058e+00,4.001958370e+00,2.448488712e+00,1.000000000e+00,1.000000000e+00,0.000000000e+00,1.000000000e+00,5.000000000e+00,6.000000000e+00,1.000000000e+00,1.000000000e+00,-5.411343575e+00,-1.764055252e+00,2.120017707e-01,-5.405829430e+00,2.000000000e+00,-6.067387462e-01,9.975456595e-01
92,3,0,9.349253774e-01,2.107840478e-01,-1.495057821e+00,1.182110429e+00,1.407179236e-01,-2.504419565e+00,-2.350789070e+00,-9.488357902e-01,-1.114459753e+00,-2.246973217e-01,-2.643656492e+00,-3.227965117e+00,2.351517916e+00,0.000000000e+00,4.000000000e+00,8.000000000e+00,0.000000000e+00,2.074404716e+00,1.271572709e+00,2.790205479e-01,1.000000000e+00,-1.705832958e+00,-3.413650274e+00,5.947806239e-01,1.261733294e+00,-7.304663658e-01,-2.429879904e+00,1.556718707e+00,2.351517916e+00,0.000000000e+00,0.000000000e+00,0.000000000e+00,0.000000000e+00,-1.000000000e+00,-1.000000000e+00,-1.000000000e+00,0.000000000e+00,-9.999956489e-01,4.342942646e-07,1.000000000e+00,-6.989678144e-01,0.000000000e+00,4.342942646e-07,9.988310933e-01
92,4,0,1.055116773e+00,3.109644055e-01,-1.480199218e+00,1.881274104e+00,3.627603948e-01,-2.685962915e+00,-2.686644554e+00,-2.127174854e+00,-2.132489920e+00,-1.383069873e+00,-2.849435329e+00,-3.429158211e+00,2.398399591e+00,8.000000000e+00,1.100000000e+01,1.900000000e+01,1.000000000e+00,9.151058197e-01,1.840856194e+00,6.025206447e-01,9.499999881e-01,-1.791149616e+00,-3.584131956e+00,3.535734117e-01,1.840625763e+00,-2.089886189e+00,-2.535180092e+00,2.236495018e+00,2.398399591e+00,1.000000000e+00,1.000000000e+00,0.000000000e+00,1.000000000e+00,5.000000000e+00,1.300000000e+01,1.000000000e+00,1.000000000e+00,-4.407847404e+00,-2.130865574e+00,-6.858950257e-01,-4.404727936e+00,2.000000000e+00,-6.064839959e-01,9.972882271e-01
92,5,0,9.581890702e-01,1.271097213e-01,-1.191309571e+00,1.122363687e+00,-5.372721329e-02,-2.466486692e+00,-2.432047606e+00,-2.027840376e+00,-2.016406298e+00,-1.196800113e+00,-2.277523994e+00,-3.296832323e+00,2.601291418e+00,1.000000000e+01,7.000000000e+00,1.000000000e+01,0.000000000e+00,1.150576949e+00,1.803894877e+00,1.223638877e-01,1.000000000e+00,-1.318416595e+00,-2.637654305e+00,1.376063108e+00,1.771289587e+00,-7.674951553e-01,-2.149444103e+00,1.214869142e+00,2.601291418e+00,0.000000000e+00,0.000000000e+00,0.000000000e+00,0.000000000e+00,-1.000000000e+00,-1.000000000e+00,-1.000000000e+00,0.000000000e+00,-9.999956489e-01,4.342942646e-07,1.000000000e+00,-6.989678144e-01,0.000000000e+00,4.342942646e-07,9.993382096e-01
93,0,0,5.472150445e-01,3.601287901e-01,-1.669270277e+00,1.424847841e+00,-9.366573393e-02,-3.007227659e+00,-3.012581587e+00,-2.511539936e+00,-2.567764521e+00,-2.324502945e+00,-2.577990055e+00,-3.194076061e+00,-9.960581660e-01,3.000000000e+00,9.000000000e+00,1.900000000e+01,0.000000000e+00,1.488911629e+00,3.069050550e+00,1.460943818e-01,1.000000000e+00,-2.029372931e+00,-4.055397034e+00,-3.010014258e-02,3.069050550e+00,-2.957760334e+00,-2.216434240e+00,3.342309475e+00,9.960581660e-01,0.000000000e+00,0.000000000e+00,0.000000000e+00,0.000000000e+00,-1.000000000e+00,-1.000000000e+00,-1.000000000e+00,0.000000000e+00,-9.999956489e-01,4.342942646e-07,1.000000000e+00,-6.989678144e-01,0.000000000e+00,4.342942646e-07,9.955787063e-01
93,1,0,5.447540283e-01,3.096004426e-01,-1.570356369e+00,1.002488375e+00,1.573905647e-01,-2.580876827e+00,-2.576637506e+00,-1.023718715e+00,-1.293091178e+00,-7.885669470e-01,-2.426919699e+00,-2.815911770e+00,-1.136588931e+00,0.000000000e+00,4.000000000e+00,6.000000000e+00,0.000000000e+00,8.872281313e-01,1.706407070e+00,2.243373096e-01,1.000000000e+00,-1.879939675e+00,-3.759749651e+00,1.702847123e+00,8.119792342e-01,1.001475379e-01,-2.115069866e+00,-3.863369226e-01,1.136588931e+00,0.000000000e+00,0.000000000e+00,0.000000000e+00,0.000000000e+00,-1.000000000e+00,-1.000000000e+00,-1.000000000e+00,0.000000000e+00,-9.999956489e-01,4.342942646e-07,1.000000000e+00,-6.989678144e-01,0.000000000e+00,4.342942646e-07,9.973227382e-01
93,2,0,7.266858816e-01,4.960343838e-01,-1.520279288e+00,1.157893658e+00,-1.819718815e-02,-2.755924463e+00,-2.752070427e+00,-1.034091353e+00,-1.338839173e+00,-8.034417033e-01,-2.746501684e+00,-2.986402750e+00,-1.123807788e+00,0.000000000e+00,5.000000000e+00,1.000000000e+01,0.000000000e+00,1.846186519e+00,1.798072696e+00,1.578938961e-01,1.000000000e+00,-2.016283035e+00,-4.031689167e+00,1.541447043e+00,1.718525529e+00,-2.934349179e-01,-2.246902704e+00,7.124824524e-01,1.123807788e+00,0.000000000e+00,0.000000000e+00,0.000000000e+00,0.000000000e+00,-1.000000000e+00,-1.000000000e+00,-1.000000000e+00,0.000000000e+00,-9.999956489e-01,4.342942646e-07,1.000000000e+00,-6.989678144e-01,0.000000000e+00,4.342942646e-07,9.766363502e-01
93,3,0,4.853799343e-01,2.852375507e-01,-1.795012832e+00,1.296238184e+00,-1.661592871e-01,-2.966401339e+00,-2.945237637e+00,-2.151858330e+00,-2.156298161e+00,-1.951738477e+00,-2.567706347e+00,-3.166308403e+00,-1.035200715e+00,3.000000000e+00,9.000000000e+00,1.700000000e+01,0.000000000e+00,4.927343726e-01,2.198144674e+00,6.578950584e-02,1.000000000e+00,-2.080225229e+00,-4.156492710e+00,-8.706613183e-01,2.198144436e+00,-3.311371565e+00,-2.280336857e+00,3.272929907e+00,1.035200715e+00,0.000000000e+00,0.000000000e+00,0.000000000e+00,0.000000000e+00,-1.000000000e+00,-1.000000000e+00,-1.000000000e+00,0.000000000e+00,-9.999956489e-01,4.342942646e-07,1.000000000e+00,-6.989678144e-01,0.000000000e+00,4.342942646e-07,9.978558421e-01
93,4,0,4.452526867e-01,2.967461944e-01,-1.789547086e+00,1.454172611e+00,2.280908264e-02,-2.979078770e+00,-2.996140718e+00,-2.463171005e+00,-2.533131123e+00,-2.314701080e+00,-2.533157587e+00,-3.127416611e+00,-8.748180866e-01,4.000000000e+00,1.000000000e+01,1.600000000e+01,0.000000000e+00,7.914544344e-01,2.710517883e+00,2.500527203e-01,1.000000000e+00,-2.086266994e+00,-4.167932510e+00,-1.898966134e-01,2.710517645e+00,-3.019468307e+00,-2.234751940e+00,3.118674278e+00,8.748180866e-01,0.000000000e+00,0.000000000e+00,0.000000000e+00,0.000000000e+00,-1.000000000e+00,-1.000000000e+00,-1.000000000e+00,0.000000000e+00,-9.999956489e-01,4.342942646e-07,1.000000000e+00,-6.989678144e-01,0.000000000e+00,4.342942646e-07,9.976223111e-01
93,5,0,6.599838734e-01,4.690009356e-01,-1.540356278e+00,1.319487691e+00,-1.118755639e-01,-3.133041143e+00,-3.135717154e+00,-2.641002178e+00,-2.660073280e+00,-2.450086832e+00,-2.669850826e+00,-3.323698282e+00,-1.007826805e+00,3.000000000e+00,8.000000000e+00,1.600000000e+01,0.000000000e+00,3.928128779e-01,2.646617413e+00,1.153679490e-01,1.000000000e+00,-2.009327888e+00,-4.014924049e+00,2.151681036e-01,2.646614552e+00,-2.913748741e+00,-2.200286388e+00,2.641388178e+00,1.007826805e+00,1.000000000e+00,1.000000000e+00,0.000000000e+00,2.000000000e+00,3.000000000e+00,1.000000000e+00,1.000000000e+00,1.000000000e+00,-4.954594135e+00,-2.627247810e+00,-1.238157988e+00,-4.953663349e+00,1.000000000e+00,7.614223361e-01,9.838752747e-01
93,6,0,5.241006613e-01,3.779077232e-01,-1.737030864e+00,1.448500991e+00,1.713745110e-02,-3.045166969e+00,-3.078904152e+00,-2.459896326e+00,-2.550464392e+00,-2.313739061e+00,-2.640338898e+00,-3.191167116e+00,-8.672284484e-01,4.000000000e+00,1.000000000e+01,1.600000000e+01,0.000000000e+00,7.673684508e-02,2.352196932e+00,2.443811148e-01,1.000000000e+00,-2.114905596e+00,-4.224053860e+00,-5.141408443e-01,2.352196693e+00,-3.441466570e+00,-2.261075974e+00,3.102625370e+00,8.672284484e-01,0.000000000e+00,0.000000000e+00,0.000000000e+00,0.000000000e+00,-1.000000000e+00,-1.000000000e+00,-1.000000000e+00,0.000000000e+00,-9.999956489e-01,4.342942646e-07,1.000000000e+00,-6.989678144e-01,0.000000000e+00,4.342942646e-07,9.946505427e-01
93,7,0,5.364739895e-01,4.000660479e-01,-1.655813932e+00,1.507818341e+00,1.098785177e-01,-3.070132732e+00,-3.093118429e+00,-2.462907076e+00,-2.543568373e+00,-2.326533079e+00,-2.593209267e+00,-3.206352472e+00,-8.346471786e-01,4.000000000e+00,9.000000000e+00,1.500000000e+01,0.000000000e+00,4.616153836e-01,2.557483673e+00,3.317271769e-01,1.000000000e+00,-2.055850267e+00,-4.107210636e+00,8.414095044e-01,2.557403326e+00,-2.102321863e+00,-2.192240000e+00,1.933067083e+00,8.346471786e-01,0.000000000e+00,0.000000000e+00,0.000000000e+00,0.000000000e+00,-1.000000000e+00,-1.000000000e+00,-1.000000000e+00,0.000000000e+00,-9.999956489e-01,4.342942646e-07,1.000000000e+00,-6.989678144e-01,0.000000000e+00,4.342942646e-07,9.931420684e-01
93,8,0,4.770259559e-01,3.317670524e-01,-1.748353481e+00,1.662578702e+00,1.185108498e-01,-3.048620701e+00,-3.031644821e+00,-2.575131655e+00,-2.579728127e+00,-2.429919243e+00,-2.558200836e+00,-3.193686724e+00,-8.641524911e-01,3.000000000e+00,9.000000000e+00,2.000000000e+01,0.000000000e+00,3.994234204e-01,2.629747629e+00,3.615487516e-01,1.000000000e+00,-2.080092669e+00,-4.155223370e+00,-1.366151214e+00,2.629747629e+00,-4.269664764e+00,-2.225330830e+00,4.141947746e+00,8.641524911e-01,1.000000000e+00,0.000000000e+00,1.000000000e+00,3.000000000e+00,-2.000000000e+00,1.100000000e+01,1.000000000e+00,1.000000000e+00,-5.042306900e+00,-2.352586508e+00,-5.412133336e-01,-5.040594578e+00,1.000000000e+00,6.968771815e-01,9.966872334e-01
93,9,1,1.338160872e+00,7.768893242e-01,-1.228512645e+00,1.785378933e+00,2.940174043e-01,-3.255333424e+00,-3.239522934e+00,-2.787319183e+00,-2.680791140e+00,-2.226240873e+00,-3.343273878e+00,-3.814544916e+00,1.966112494e+00,6.000000000e+00,1.100000000e+01,1.800000000e+01,0.000000000e+00,5.604866743e-01,2.506614208e+00,5.301065445e-01,1.000000000e+00,-2.005365372e+00,-4.007044315e+00,7.449752092e-01,2.506549120e+00,-2.712689400e+00,-2.566520691e+00,2.216222286e+00,1.966112494e+00,0.000000000e+00,0.000000000e+00,0.000000000e+00,0.000000000e+00,-1.000000000e+00,-1.000000000e+00,-1.000000000e+00,0.000000000e+00,-9.999956489e-01,4.342942646e-07,1.000000000e+00,-6.989678144e-01,1.000000000e+00,4.342942646e-07,1.229076162e-01
93,10,0,1.236603498e+00,6.328354478e-01,-1.340780973e+00,1.469080806e+00,-2.228051424e-02,-3.087743759e+00,-3.089609146e+00,-2.639544964e+00,-2.623283386e+00,-2.035919189e+00,-3.210743904e+00,-3.689911842e+00,2.067498446e+00,5.000000000e+00,1.100000000e+01,1.800000000e+01,0.000000000e+00,2.588133812e-01,2.165378332e+00,2.138084769e-01,1.000000000e+00,-1.973585010e+00,-3.944632292e+00,-1.201883405e-01,2.165372610e+00,-3.375458002e+00,-2.577229738e+00,2.872820139e+00,2.067498446e+00,0.000000000e+00,0.000000000e+00,0.000000000e+00,0.000000000e+00,-1.000000000e+00,-1.000000000e+00,-1.000000000e+00,0.000000000e+00,-9.999956489e-01,4.342942646e-07,1.000000000e+00,-6.989678144e-01,0.000000000e+00,4.342942646e-07,8.041644096e-01
94,0,0,6.039322019e-01,1.591593474e-01,-1.329036832e+00,4.240769744e-01,-5.304395035e-02,-2.216820955e+00,-1.940627337e+00,-5.610336661e-01,-5.275571346e-01,-1.162616685e-01,-2.121843576e+00,-2.661466122e+00,-1.683353782e+00,0.000000000e+00,3.000000000e+00,4.000000000e+00,0.000000000e+00,2.665058136e+00,1.558111072e+00,-1.779825389e-01,1.000000000e+00,-1.488191843e+00,-3.005733728e+00,1.392118335e+00,1.422043562e+00,7.054007053e-01,-1.932941079e+00,4.412216842e-01,1.683353782e+00,0.000000000e+00,0.000000000e+00,0.000000000e+00,0.000000000e+00,-1.000000000e+00,-1.000000000e+00,-1.000000000e+00,0.000000000e+00,-9.999956489e-01,4.342942646e-07,1.000000000e+00,-6.989678144e-01,0.000000000e+00,4.342942646e-07,9.991876483e-01
94,1,0,7.627444863e-01,3.537605703e-01,-1.672517538e+00,1.678138018e+00,1.596242487e-01,-2.918050766e+00,-2.917078018e+00,-2.384011507e+00,-2.396043301e+00,-1.975091696e+00,-2.791834354e+00,-3.326472521e+00,-1.594479561e+00,4.000000000e+00,1.000000000e+01,1.900000000e+01,0.000000000e+00,5.670131445e-01,2.258642197e+00,3.993844688e-01,1.000000000e+00,-2.026252270e+00,-4.050748825e+00,-1.388564855e-01,2.258638620e+00,-2.888432980e+00,-2.435164213e+00,2.818365574e+00,1.594479561e+00,0.000000000e+00,0.000000000e+00,0.000000000e+00,0.000000000e+00,-1.000000000e+00,-1.000000000e+00,-1.000000000e+00,0.000000000e+00,-9.999956489e-01,4.342942646e-07,1.000000000e+00,-6.989678144e-01,0.000000000e+00,4.342942646e-07,9.958629608e-01
94,2,1,1.001992226e+00,7.946537137e-01,-1.234461784e+00,1.397891998e+00,-6.450562179e-02,-3.405010700e+00,-3.441873789e+00,-2.782535791e+00,-2.914850712e+00,-2.575297356e+00,-3.030840158e+00,-3.611674309e+00,1.056439042e+00,4.000000000e+00,1.000000000e+01,1.700000000e+01,0.000000000e+00,-6.648381948e-01,2.243152618e+00,1.674432307e-01,1.000000000e+00,-2.029076576e+00,-4.053497314e+00,6.502684951e-01,2.243010998e+00,-3.059095383e+00,-2.236386538e+00,1.932409763e+00,1.056439042e+00,4.000000000e+00,3.000000000e+00,1.000000000e+00,3.000000000e+00,2.000000000e+00,6.000000000e+00,1.000000000e+00,1.000000000e+00,-4.696699142e+00,-2.549623966e+00,-1.038852811e+00,-4.695537090e+00,1.000000000e+00,4.342942646e-07,7.836642116e-02
94,3,0,5.881263018e-01,2.507699728e-01,-1.800328851e+00,1.338564396e+00,-9.279897064e-02,-2.843026161e+00,-2.827575922e+00,-2.381713390e+00,-2.383297682e+00,-2.044413328e+00,-2.643697023e+00,-3.180027246e+00,1.412300229e+00,3.000000000e+00,9.000000000e+00,1.600000000e+01,0.000000000e+00,-5.251713991e-01,1.781894922e+00,1.344445944e-01,1.000000000e+00,-2.051077366e+00,-4.101368904e+00,-1.843092889e-01,1.781869650e+00,-2.818196297e+00,-2.388376474e+00,2.304960251e+00,1.412300229e+00,0.000000000e+00,0.000000000e+00,0.000000000e+00,0.000000000e+00,-1.000000000e+00,-1.000000000e+00,-1.000000000e+00,0.000000000e+00,-9.999956489e-01,4.342942646e-07,1.000000000e+00,-6.989678144e-01,0.000000000e+00,4.342942646e-07,9.984015822e-01
94,4,0,6.097407937e-01,3.439651132e-01,-1.738205075e+00,1.706559062e+00,2.751954794e-01,-2.973325014e+00,-2.983421564e+00,-2.436526775e+00,-2.466397762e+00,-2.170805454e+00,-2.694255590e+00,-3.238756180e+00,1.221843958e+00,3.000000000e+00,9.000000000e+00,1.600000000e+01,0.000000000e+00,1.547175765e+00,2.944458723e+00,5.024392009e-01,1.000000000e+00,-2.082141399e+00,-4.160592079e+00,3.409969807e-01,2.944457293e+00,-2.469365120e+00,-2.347872734e+00,2.899057627e+00,1.221843958e+00,1.000000000e+00,1.000000000e+00,0.000000000e+00,2.000000000e+00,-4.000000000e+00,2.300000000e+01,2.000000000e+00,1.000000000e+00,-4.501253605e+00,-2.031841278e+00,9.257788211e-02,-4.497363567e+00,1.000000000e+00,5.163111091e-01,9.962579012e-01
94,5,0,5.864187479e-01,1.652485579e-01,-1.871649861e+00,1.432823420e+00,-8.569008857e-02,-2.664676905e+00,-2.699267149e+00,-2.195386648e+00,-2.238661766e+00,-1.774258375e+00,-2.633711576e+00,-3.085519075e+00,1.624877214e+00,6.000000000e+00,1.100000000e+01,1.900000000e+01,1.000000000e+00,3.801712394e-01,1.964396000e+00,1.540700048e-01,9.499999881e-01,-2.036883354e+00,-4.079167843e+00,3.294648975e-02,1.964366198e+00,-2.370937109e+00,-2.457976103e+00,2.395803213e+00,1.624877214e+00,0.000000000e+00,0.000000000e+00,0.000000000e+00,0.000000000e+00,-1.000000000e+00,-1.000000000e+00,-1.000000000e+00,0.000000000e+00,-9.999956489e-01,4.342942646e-07,1.000000000e+00,-6.989678144e-01,0.000000000e+00,4.342942646e-07,9.991538525e-01
94,6,0,6.639881730e-01,2.096814960e-01,-1.822504282e+00,1.487611890e+00,-3.749439027e-03,-2.759942293e+00,-2.756427050e+00,-2.224342346e+00,-2.229428530e+00,-1.770082474e+00,-2.702749968e+00,-3.213788033e+00,1.706837535e+00,4.000000000e+00,1.100000000e+01,1.800000000e+01,0.000000000e+00,1.440240860e+00,2.490236282e+00,2.323395610e-01,1.000000000e+00,-2.032167673e+00,-4.066109180e+00,2.959437668e-01,2.490227461e+00,-2.143179417e+00,-2.486388206e+00,2.653640509e+00,1.706837535e+00,0.000000000e+00,0.000000000e+00,0.000000000e+00,0.000000000e+00,-1.000000000e+00,-1.000000000e+00,-1.000000000e+00,0.000000000e+00,-9.999956489e-01,4.342942646e-07,1.000000000e+00,-6.989678144e-01,0.000000000e+00,4.342942646e-07,9.988407493e-01
94,7,1,9.945529699e-01,4.513956904e-01,-1.465286255e+00,1.704558372e+00,1.604906172e-01,-2.937625170e+00,-2.926749468e+00,-2.384307861e+00,-2.368727446e+00,-1.841225505e+00,-2.912940979e+00,-3.479845524e+00,1.922659039e+00,5.000000000e+00,1.100000000e+01,2.000000000e+01,1.000000000e+00,-6.137010455e-01,1.534632325e+00,4.035285413e-01,9.523809552e-01,-1.916658401e+00,-3.832474709e+00,6.513298303e-02,1.534382343e+00,-2.754844904e+00,-2.459726572e+00,1.996735692e+00,1.922659039e+00,0.000000000e+00,0.000000000e+00,0.000000000e+00,0.000000000e+00,-1.000000000e+00,-1.000000000e+00,-1.000000000e+00,0.000000000e+00,-9.999956489e-01,4.342942646e-07,1.000000000e+00,-6.989678144e-01,1.000000000e+00,4.342942646e-07,9.871957302e-01
94,8,0,8.451663852e-01,3.286579549e-01,-1.771949291e+00,1.724182248e+00,2.056685537e-01,-2.839143753e+00,-2.839191675e+00,-2.384442091e+00,-2.389924049e+00,-1.868006468e+00,-2.952054977e+00,-3.354967833e+00,1.858432889e+00,6.000000000e+00,1.100000000e+01,1.900000000e+01,0.000000000e+00,1.852304041e-01,1.960730910e+00,4.454287887e-01,1.000000000e+00,-2.100578070e+00,-4.200956821e+00,2.567691207e-01,1.960645914e+00,-2.461793661e+00,-2.616961479e+00,2.225810289e+00,1.858432889e+00,0.000000000e+00,0.000000000e+00,0.000000000e+00,0.000000000e+00,-1.000000000e+00,-1.000000000e+00,-1.000000000e+00,0.000000000e+00,-9.999956489e-01,4.342942646e-07,1.000000000e+00,-6.989678144e-01,0.000000000e+00,4.342942646e-07,9.967868328e-01
95,0,0,1.376510859e+00,7.370853424e-01,-1.183747649e+00,1.531007409e+00,3.964602575e-02,-3.173421860e+00,-3.158329964e+00,-2.715958834e+00,-2.620442152e+00,-2.076707602e+00,-3.297088385e+00,-3.810677767e+00,-2.152056456e+00,6.000000000e+00,1.100000000e+01,1.800000000e+01,1.000000000e+00,1.213508248e+00,2.683515072e+00,2.757350504e-01,9.473684430e-01,-1.920803189e+00,-3.839268684e+00,1.646706909e-01,2.683513165e+00,-3.192361355e+00,-2.560107231e+00,3.062582970e+00,2.152056456e+00,1.000000000e+00,1.000000000e+00,0.000000000e+00,1.000000000e+00,-5.000000000e+00,1.400000000e+01,1.000000000e+00,1.000000000e+00,-5.298081398e+00,-2.409975052e+00,-9.818621278e-01,-5.296729565e+00,1.000000000e+00,4.342942646e-07,2.855083048e-01
95,1,1,7.359513640e-01,5.983863473e-01,-1.542318344e+00,1.377842188e+00,-5.352114514e-02,-3.305785894e+00,-3.304599524e+00,-2.698945284e+00,-2.793434858e+00,-2.561439276e+00,-2.876810074e+00,-3.443023682e+00,-8.385421038e-01,3.000000000e+00,9.000000000e+00,1.600000000e+01,0.000000000e+00,8.319455981e-01,2.977588415e+00,1.737224162e-01,1.000000000e+00,-2.140659809e+00,-4.273672581e+00,1.030691981e+00,2.977560759e+00,-2.361299753e+00,-2.278202295e+00,2.178951263e+00,8.385421038e-01,3.000000000e+00,1.000000000e+00,2.000000000e+00,3.000000000e+00,-2.000000000e+00,6.000000000e+00,1.000000000e+00,1.000000000e+00,-5.874961376e+00,-2.135675192e+00,3.639566712e-03,-5.874166965e+00,1.000000000e+00,4.342942646e-07,8.876928091e-01
96,0,1,9.669064879e-01,8.732036948e-01,-1.245426297e+00,1.266109467e+00,-2.252516448e-01,-3.521263599e+00,-3.559822559e+00,-2.852868795e+00,-2.973358870e+00,-2.759225845e+00,-3.085120678e+00,-3.614619255e+00,-6.807566881e-01,4.000000000e+00,1.000000000e+01,1.800000000e+01,0.000000000e+00,1.794433832e+00,3.656692505e+00,1.083723363e-02,1.000000000e+00,-2.118580580e+00,-4.229942799e+00,4.176473618e-01,3.656692266e+00,-3.428158283e+00,-2.212269545e+00,3.453180790e+00,6.807566881e-01,3.000000000e+00,0.000000000e+00,3.000000000e+00,3.000000000e+00,-1.000000000e+00,4.000000000e+00,1.000000000e+00,1.000000000e+00,-5.054516315e+00,-2.369646788e+00,-4.985056818e-01,-5.052875996e+00,1.000000000e+00,4.342942646e-07,7.132212166e-03
96,1,0,4.712896347e-01,2.026974112e-01,-1.847638488e+00,1.140289426e+00,-2.576499283e-01,-2.836623430e+00,-2.838679314e+00,-2.285150528e+00,-2.303289413e+00,-2.016596794e+00,-2.525662184e+00,-3.104960680e+00,1.229552627e+00,3.000000000e+00,9.000000000e+00,1.500000000e+01,0.000000000e+00,2.045620978e-02,2.026880264e+00,-3.580147773e-02,1.000000000e+00,-2.050317526e+00,-4.099390507e+00,-6.589198858e-02,2.026866198e+00,-2.571804285e+00,-2.318868160e+00,2.379391670e+00,1.229552627e+00,0.000000000e+00,0.000000000e+00,0.000000000e+00,0.000000000e+00,-1.000000000e+00,-1.000000000e+00,-1.000000000e+00,0.000000000e+00,-9.999956489e-01,4.342942646e-07,1.000000000e+00,-6.989678144e-01,0.000000000e+00,4.342942646e-07,9.988989830e-01
96,2,0,6.106272340e-01,2.441609800e-01,-1.838000178e+00,1.624559760e+00,1.060460880e-01,-2.837401867e+00,-2.835809231e+00,-2.313561201e+00,-2.323399305e+00,-1.947145820e+00,-2.698105574e+00,-3.203472614e+00,1.487145543e+00,4.000000000e+00,1.100000000e+01,1.900000000e+01,0.000000000e+00,2.259532511e-01,2.060164452e+00,3.458063006e-01,1.000000000e+00,-2.082138538e+00,-4.163511276e+00,-2.873153090e-01,2.060159922e+00,-2.854656935e+00,-2.448535204e+00,2.723605394e+00,1.487145543e+00,0.000000000e+00,0.000000000e+00,0.000000000e+00,0.000000000e+00,-1.000000000e+00,-1.000000000e+00,-1.000000000e+00,0.000000000e+00,-9.999956489e-01,4.342942646e-07,1.000000000e+00,-6.989678144e-01,0.000000000e+00,4.342942646e-07,9.984851480e-01
96,3,0,6.591523290e-01,2.221271098e-01,-1.838360071e+00,1.388193369e+00,-1.303201318e-01,-2.744242191e+00,-2.779716969e+00,-2.179410696e+00,-2.335520029e+00,-1.742426753e+00,-2.727588177e+00,-3.180849791e+00,1.664213538e+00,4.000000000e+00,1.100000000e+01,1.900000000e+01,0.000000000e+00,1.686693072e+00,2.585797548e+00,1.094399169e-01,1.000000000e+00,-2.060467005e+00,-4.123376846e+00,-3.456811607e-01,2.585797310e+00,-2.903075457e+00,-2.497405767e+00,3.524434090e+00,1.664213538e+00,0.000000000e+00,0.000000000e+00,0.000000000e+00,0.000000000e+00,-1.000000000e+00,-1.000000000e+00,-1.000000000e+00,0.000000000e+00,-9.999956489e-01,4.342942646e-07,1.000000000e+00,-6.989678144e-01,0.000000000e+00,4.342942646e-07,9.987263083e-01
96,4,0,6.346033812e-01,2.139366865e-01,-1.775816441e+00,1.101964474e+00,-2.202542573e-01,-2.624736786e+00,-2.469533920e+00,-9.680853486e-01,-1.070850611e+00,-5.474210382e-01,-2.630956411e+00,-3.045104742e+00,1.623624206e+00,0.000000000e+00,6.000000000e+00,1.300000000e+01,0.000000000e+00,1.954630494e+00,1.887858868e+00,-1.197856013e-02,1.000000000e+00,-1.989736438e+00,-3.982129812e+00,1.863107681e+00,1.404021502e+00,5.783157349e-01,-2.410333872e+00,6.434718519e-02,1.623624206e+00,0.000000000e+00,0.000000000e+00,0.000000000e+00,0.000000000e+00,-1.000000000e+00,-1.000000000e+00,-1.000000000e+00,0.000000000e+00,-9.999956489e-01,4.342942646e-07,1.000000000e+00,-6.989678144e-01,0.000000000e+00,4.342942646e-07,9.988031387e-01
97,0,0,6.525148749e-01,3.492878079e-01,-1.726406217e+00,1.458218932e+00,-3.314238414e-02,-2.959936380e+00,-2.969460726e+00,-2.420052528e+00,-2.450576067e+00,-2.116883039e+00,-2.730834007e+00,-3.262763500e+00,1.322794795e+00,5.000000000e+00,9.000000000e+00,1.800000000e+01,0.000000000e+00,1.424726248e+00,2.829303026e+00,2.029466033e-01,1.000000000e+00,-2.075665236e+00,-4.148118973e+00,-6.017938256e-02,2.829302549e+00,-2.859851599e+00,-2.378840208e+00,3.223100662e+00,1.322794795e+00,0.000000000e+00,0.000000000e+00,0.000000000e+00,0.000000000e+00,-1.000000000e+00,-1.000000000e+00,-1.000000000e+00,0.000000000e+00,-9.999956489e-01,4.342942646e-07,1.000000000e+00,-6.989678144e-01,0.000000000e+00,4.342942646e-07,9.960492253e-01
97,1,0,6.302627325e-01,3.261277974e-01,-1.730860472e+00,1.485377789e+00,2.298009582e-02,-2.916845322e+00,-2.943536758e+00,-2.378078699e+00,-2.420203686e+00,-2.073995829e+00,-2.690219402e+00,-3.220616579e+00,1.325203776e+00,5.000000000e+00,1.000000000e+01,1.700000000e+01,0.000000000e+00,1.600948811e+00,2.874521494e+00,2.549290359e-01,1.000000000e+00,-2.056962013e+00,-4.111530304e+00,-7.005610466e-01,2.874521494e+00,-3.445794582e+00,-2.361046791e+00,3.920782328e+00,1.325203776e+00,0.000000000e+00,0.000000000e+00,0.000000000e+00,0.000000000e+00,-1.000000000e+00,-1.000000000e+00,-1.000000000e+00,0.000000000e+00,-9.999956489e-01,4.342942646e-07,1.000000000e+00,-6.989678144e-01,0.000000000e+00,4.342942646e-07,9.968650937e-01
97,2,1,9.651865959e-01,5.539099574e-01,-1.466013551e+00,1.489215612e+00,-2.145699225e-03,-3.109932184e+00,-3.108370781e+00,-2.554740906e+00,-2.566356897e+00,-2.143559694e+00,-2.985881329e+00,-3.520327091e+00,1.600210071e+00,5.000000000e+00,1.000000000e+01,1.800000000e+01,0.000000000e+00,4.479759336e-01,2.367770195e+00,2.339432836e-01,1.000000000e+00,-2.019890785e+00,-4.036303997e+00,8.379439712e-01,2.367580891e+00,-2.282399654e+00,-2.431095600e+00,1.952510595e+00,1.600210071e+00,3.000000000e+00,3.000000000e+00,0.000000000e+00,3.000000000e+00,4.000000000e+00,2.500000000e+01,1.000000000e+00,1.000000000e+00,-5.048080921e+00,-2.303180933e+00,-5.709726810e-01,-5.046166420e+00,1.000000000e+00,4.342942646e-07,9.447763562e-01
97,3,1,1.059106708e+00,6.287139654e-01,-1.404957414e+00,1.587941289e+00,4.387347400e-02,-3.181674957e+00,-3.186290264e+00,-2.704278231e+00,-2.743987322e+00,-2.274023533e+00,-3.093177319e+00,-3.610951424e+00,1.647786260e+00,6.000000000e+00,1.200000000e+01,2.000000000e+01,0.000000000e+00,4.434528649e-01,2.496043682e+00,2.869113684e-01,1.000000000e+00,-2.033635378e+00,-4.063238621e+00,1.017302513e+00,2.495804071e+00,-2.355541229e+00,-2.463948727e+00,1.948601365e+00,1.647786260e+00,4.000000000e+00,4.000000000e+00,0.000000000e+00,3.000000000e+00,4.000000000e+00,1.100000000e+01,4.000000000e+00,1.000000000e+00,-4.708654404e+00,-1.804487467e+00,4.448160827e-01,-4.702238083e+00,1.000000000e+00,4.342942646e-07,8.166237473e-01
98,0,0,9.990161657e-01,3.560256958e-01,-1.552221775e+00,1.639536142e+00,9.546827525e-02,-2.779123068e+00,-2.769916534e+00,-2.215646267e+00,-2.199810982e+00,-1.572710752e+00,-2.910896301e+00,-3.421227932e+00,-2.160488367e+00,7.000000000e+00,1.100000000e+01,2.000000000e+01,1.000000000e+00,5.381982923e-01,1.841870070e+00,3.385061920e-01,9.523809552e-01,-1.908227563e+00,-3.817633629e+00,8.297141641e-03,1.841823339e+00,-2.547455072e+00,-2.551098824e+00,2.460612059e+00,2.160488367e+00,1.000000000e+00,1.000000000e+00,0.000000000e+00,2.000000000e+00,4.000000000e+00,2.600000000e+01,4.000000000e+00,1.000000000e+00,-5.008880615e+00,-1.735649467e+00,3.612917960e-01,-5.001771927e+00,1.000000000e+00,5.953696370e-01,9.957644939e-01
98,1,0,1.070082068e+00,4.037712216e-01,-1.504206181e+00,1.743505120e+00,1.994373202e-01,-2.832003355e+00,-2.826402426e+00,-2.373717785e+00,-2.371358156e+00,-1.707487345e+00,-2.980615616e+00,-3.497242451e+00,-2.215553761e+00,8.000000000e+00,1.200000000e+01,2.000000000e+01,0.000000000e+00,2.769044042e-01,1.846098542e+00,4.424752593e-01,1.000000000e+00,-1.907955885e+00,-3.816087246e+00,2.563427389e-01,1.845954776e+00,-2.518745422e+00,-2.574139118e+00,2.253506660e+00,2.215553761e+00,0.000000000e+00,0.000000000e+00,0.000000000e+00,0.000000000e+00,-1.000000000e+00,-1.000000000e+00,-1.000000000e+00,0.000000000e+00,-9.999956489e-01,4.342942646e-07,1.000000000e+00,-6.989678144e-01,0.000000000e+00,4.342942646e-07,9.928425550e-01
98,2,0,9.105113745e-01,4.867237508e-01,-1.621179104e+00,1.543284178e+00,-7.834980497e-04,-2.955976248e+00,-3.047146082e+00,-2.326028109e+00,-2.585060596e+00,-1.902297616e+00,-3.021736622e+00,-3.379115582e+00,-1.631386995e+00,6.000000000e+00,1.200000000e+01,2.000000000e+01,0.000000000e+00,1.260421276e+00,2.532543421e+00,2.422543615e-01,1.000000000e+00,-2.107865334e+00,-4.212460995e+00,-3.792436719e-01,2.532542944e+00,-3.449970245e+00,-2.531560898e+00,3.594283104e+00,1.631386995e+00,0.000000000e+00,0.000000000e+00,0.000000000e+00,0.000000000e+00,-1.000000000e+00,-1.000000000e+00,-1.000000000e+00,0.000000000e+00,-9.999956489e-01,4.342942646e-07,1.000000000e+00,-6.989678144e-01,0.000000000e+00,4.342942646e-07,9.794848561e-01
98,3,0,7.362965941e-01,3.820875287e-01,-1.630881667e+00,1.551592827e+00,8.919505030e-02,-2.973518372e+00,-2.970792055e+00,-2.427927971e+00,-2.439836740e+00,-2.073783875e+00,-2.751163960e+00,-3.327212811e+00,-1.455780745e+00,5.000000000e+00,1.000000000e+01,1.700000000e+01,0.000000000e+00,-5.722935796e-01,1.787722945e+00,3.211440146e-01,1.000000000e+00,-2.012943029e+00,-4.023491383e+00,-6.173030660e-02,1.787679434e+00,-2.883442402e+00,-2.367095709e+00,2.215393782e+00,1.455780745e+00,0.000000000e+00,0.000000000e+00,0.000000000e+00,0.000000000e+00,-1.000000000e+00,-1.000000000e+00,-1.000000000e+00,0.000000000e+00,-9.999956489e-01,4.342942646e-07,1.000000000e+00,-6.989678144e-01,0.000000000e+00,4.342942646e-07,9.943991303e-01
98,4,0,3.507376015e-01,2.905964553e-01,-1.830752134e+00,1.258299470e+00,-1.730637103e-01,-3.010897636e+00,-3.032390833e+00,-2.426455975e+00,-2.487230062e+00,-2.366329670e+00,-2.472841501e+00,-3.070972681e+00,-5.384964347e-01,4.000000000e+00,1.000000000e+01,1.600000000e+01,0.000000000e+00,1.652268648e+00,3.192564964e+00,5.417978764e-02,1.000000000e+00,-2.121320486e+00,-4.236066818e+00,2.637927048e-02,3.192564964e+00,-2.751335621e+00,-2.181453228e+00,3.286993265e+00,5.384964347e-01,0.000000000e+00,0.000000000e+00,0.000000000e+00,0.000000000e+00,-1.000000000e+00,-1.000000000e+00,-1.000000000e+00,0.000000000e+00,-9.999956489e-01,4.342942646e-07,1.000000000e+00,-6.989678144e-01,0.000000000e+00,4.342942646e-07,9.977508187e-01
98,5,0,2.285100371e-01,1.744137257e-01,-1.892501950e+00,1.220637679e+00,-9.810856543e-03,-2.536008596e+00,-2.566552639e+00,-1.023840785e+00,-1.263613701e+00,-9.697449207e-01,-2.298297882e+00,-2.590085030e+00,-5.095456243e-01,0.000000000e+00,6.000000000e+00,1.100000000e+01,0.000000000e+00,9.858497977e-01,1.573331356e+00,1.792452335e-01,1.000000000e+00,-2.066898823e+00,-4.130913258e+00,1.438868880e+00,1.405481815e+00,8.341244538e-04,-2.120988369e+00,2.604855299e-01,5.095456243e-01,0.000000000e+00,0.000000000e+00,0.000000000e+00,0.000000000e+00,-1.000000000e+00,-1.000000000e+00,-1.000000000e+00,0.000000000e+00,-9.999956489e-01,4.342942646e-07,1.000000000e+00,-6.989678144e-01,0.000000000e+00,4.342942646e-07,9.990994930e-01
98,6,1,7.591238022e-01,7.219738960e-01,-1.410793900e+00,1.257973790e+00,-1.399657279e-01,-3.385385275e+00,-3.452287197e+00,-2.736962080e+00,-2.934931040e+00,-2.699831486e+00,-2.891673565e+00,-3.422441244e+00,-4.195416570e-01,4.000000000e+00,1.000000000e+01,1.500000000e+01,1.000000000e+00,5.478925705e-01,2.973995686e+00,8.188275993e-02,9.375000000e-01,-2.132719994e+00,-4.257733822e+00,-1.198490262e-01,2.973995447e+00,-3.774536610e+00,-2.169864655e+00,3.328607798e+00,4.195416570e-01,4.000000000e+00,0.000000000e+00,4.000000000e+00,3.000000000e+00,-1.000000000e+00,1.000000000e+00,1.000000000e+00,1.000000000e+00,-5.474839687e+00,-2.378022194e+00,-4.943220019e-01,-5.473566055e+00,1.000000000e+00,4.342942646e-07,3.672667444e-01
98,7,0,1.135863304e+00,6.699092388e-01,-1.357210517e+00,2.013792753e+00,4.227280915e-01,-3.182461977e+00,-3.166118383e+00,-2.715482950e+00,-2.724062681e+00,-2.249677658e+00,-3.163283110e+00,-3.647145987e+00,1.735429168e+00,5.000000000e+00,1.100000000e+01,2.200000000e+01,0.000000000e+00,1.562063336e+00,3.030786753e+00,6.713699698e-01,1.000000000e+00,-2.027083397e+00,-4.050279140e+00,1.040396392e-01,3.030786514e+00,-3.289316416e+00,-2.492948532e+00,3.401103973e+00,1.735429168e+00,1.000000000e+00,1.000000000e+00,0.000000000e+00,2.000000000e+00,-5.000000000e+00,2.700000000e+01,3.000000000e+00,1.000000000e+00,-5.294134617e+00,-1.602764726e+00,8.272822499e-01,-5.285514832e+00,1.000000000e+00,4.342942646e-07,6.563913822e-01
98,8,0,9.966836572e-01,5.392675996e-01,-1.491865754e+00,1.571894646e+00,-4.088879377e-02,-3.072979927e+00,-3.063729286e+00,-2.530276060e+00,-2.524642944e+00,-2.072955847e+00,-3.028900146e+00,-3.529437780e+00,1.714480639e+00,6.000000000e+00,1.200000000e+01,2.300000000e+01,0.000000000e+00,5.436286330e-01,2.344825983e+00,2.101669908e-01,1.000000000e+00,-2.031100035e+00,-4.058825970e+00,3.416611627e-02,2.344820738e+00,-3.029425144e+00,-2.488429070e+00,2.762301683e+00,1.714480639e+00,0.000000000e+00,0.000000000e+00,0.000000000e+00,0.000000000e+00,-1.000000000e+00,-1.000000000e+00,-1.000000000e+00,0.000000000e+00,-9.999956489e-01,4.342942646e-07,1.000000000e+00,-6.989678144e-01,0.000000000e+00,4.342942646e-07,9.559318423e-01
98,9,0,1.018310666e+00,4.489920437e-01,-9.526607394e-01,5.643453598e-01,-1.346241981e-01,-2.905091286e+00,-2.839114428e+00,-2.450671196e+00,-2.417244911e+00,-1.881441951e+00,-2.420064926e+00,-3.473464966e+00,1.985368013e+00,5.000000000e+00,3.000000000e+00,5.000000000e+00,0.000000000e+00,4.927717447e-01,2.127861023e+00,-1.346241981e-01,1.000000000e+00,-1.401645660e+00,-2.803248882e+00,-1.669651151e+00,2.127861023e+00,-4.521350861e+00,-1.970934749e+00,4.328141689e+00,1.985368013e+00,4.000000000e+00,4.000000000e+00,0.000000000e+00,3.000000000e+00,5.000000000e+00,1.400000000e+01,3.000000000e+00,1.000000000e+00,-1.373546839e+00,-9.552462697e-01,8.014988899e-01,-1.327890992e+00,1.000000000e+00,1.185362697e+00,9.875844121e-01
98,10,0,1.070432901e+00,4.301751554e-01,-1.441350102e+00,1.513195872e+00,1.152560785e-01,-2.880419016e+00,-2.869647264e+00,-2.348117590e+00,-2.341541529e+00,-1.707934380e+00,-2.943601131e+00,-3.519567728e+00,2.154025316e+00,8.000000000e+00,9.000000000e+00,1.500000000e+01,0.000000000e+00,4.987549484e-01,1.957334042e+00,3.371047378e-01,1.000000000e+00,-1.871504664e+00,-3.742678642e+00,-1.173627615e+00,1.957333922e+00,-3.941632509e+00,-2.511653900e+00,3.763227940e+00,2.154025316e+00,0.000000000e+00,0.000000000e+00,0.000000000e+00,0.000000000e+00,-1.000000000e+00,-1.000000000e+00,-1.000000000e+00,0.000000000e+00,-9.999956489e-01,4.342942646e-07,1.000000000e+00,-6.989678144e-01,1.000000000e+00,4.342942646e-07,9.901926517e-01
99,0,0,1.063898444e+00,2.560550272e-01,-1.283537745e+00,1.185509562e+00,1.441170722e-01,-2.906277895e+00,-2.862840414e+00,-2.296980381e+00,-2.354924679e+00,-1.489209294e+00,-2.603718281e+00,-3.712227106e+00,-2.547163010e+00,8.000000000e+00,6.000000000e+00,8.000000000e+00,0.000000000e+00,1.995841742e+00,2.487143755e+00,2.824197114e-01,1.000000000e+00,-1.539585829e+00,-3.079074144e+00,-4.065706432e-01,2.487143517e+00,-3.017197609e+00,-2.347347736e+00,3.759264708e+00,2.547163010e+00,0.000000000e+00,0.000000000e+00,0.000000000e+00,0.000000000e+00,-1.000000000e+00,-1.000000000e+00,-1.000000000e+00,0.000000000e+00,-9.999956489e-01,4.342942646e-07,1.000000000e+00,-6.989678144e-01,0.000000000e+00,4.342942646e-07,9.983304143e-01
99,1,0,1.216163158e+00,4.948686361e-01,-1.370901704e+00,1.318034172e+00,-1.443632841e-01,-3.313430548e+00,-3.243095636e+00,-2.638862371e+00,-2.612758160e+00,-1.917721033e+00,-3.081670761e+00,-4.030930996e+00,-2.344841719e+00,7.000000000e+00,1.100000000e+01,1.700000000e+01,0.000000000e+00,7.660059929e-01,2.300783157e+00,8.758553118e-02,1.000000000e+00,-1.865748405e+00,-3.729476690e+00,3.232413828e-01,2.300759077e+00,-2.784299135e+00,-2.586907148e+00,2.672612429e+00,2.344841719e+00,1.000000000e+00,1.000000000e+00,0.000000000e+00,1.000000000e+00,-5.000000000e+00,1.000000000e+01,1.000000000e+00,1.000000000e+00,-5.209782124e+00,-1.415423632e+00,9.347203970e-01,-5.196021080e+00,1.000000000e+00,4.342942646e-07,9.770166278e-01
99,2,0,6.440870166e-01,5.768814087e-01,-1.505495071e+00,1.348665357e+00,-1.426957995e-01,-3.277282238e+00,-3.306413174e+00,-2.674243689e+00,-2.764561653e+00,-2.607067585e+00,-2.726473093e+00,-3.344350100e+00,-5.707743168e-01,5.000000000e+00,1.000000000e+01,1.800000000e+01,0.000000000e+00,7.871453762e-01,3.000816345e+00,9.339313209e-02,1.000000000e+00,-2.082337856e+00,-4.158703804e+00,1.091120020e-01,3.000815868e+00,-3.231842518e+00,-2.149534702e+00,3.049078703e+00,5.707743168e-01,1.000000000e+00,0.000000000e+00,1.000000000e+00,3.000000000e+00,-2.000000000e+00,1.100000000e+01,2.000000000e+00,1.000000000e+00,-5.533617973e+00,-2.181449890e+00,-2.039509118e-01,-5.531739235e+00,1.000000000e+00,8.228898048e-01,9.206067920e-01
99,3,0,4.706705809e-01,4.471118152e-01,-1.691203356e+00,1.200935841e+00,-1.970036030e-01,-3.142420292e+00,-3.207429409e+00,-2.531850100e+00,-2.724945784e+00,-2.508299112e+00,-2.609049082e+00,-3.165945292e+00,-3.323671818e-01,4.000000000e+00,1.000000000e+01,1.500000000e+01,1.000000000e+00,7.818496823e-01,2.899363995e+00,2.484482527e-02,9.375000000e-01,-2.138276815e+00,-4.268752098e+00,-6.071245670e-01,2.899363995e+00,-3.776808977e+00,-2.161832333e+00,3.722295046e+00,3.323671818e-01,0.000000000e+00,0.000000000e+00,0.000000000e+00,0.000000000e+00,-1.000000000e+00,-1.000000000e+00,-1.000000000e+00,0.000000000e+00,-9.999956489e-01,4.342942646e-07,1.000000000e+00,-6.989678144e-01,0.000000000e+00,4.342942646e-07,9.878787398e-01
99,4,0,-4.790220782e-02,-2.446819842e-01,-1.171306968e+00,-1.812616229e+00,-1.812616229e+00,-1.380735993e+00,-9.565669298e-01,2.504568994e-01,3.955278993e-01,4.472368360e-01,-8.634795547e-01,-1.577510118e+00,1.025197625e+00,0.000000000e+00,2.000000000e+00,3.000000000e+00,0.000000000e+00,3.348259449e+00,1.238456011e+00,-2.289681196e+00,1.000000000e+00,-9.266269803e-01,-1.837986112e+00,9.327937365e-01,1.177509069e+00,1.573004246e+00,-1.123404980e+00,2.964243889e-01,1.025197625e+00,0.000000000e+00,0.000000000e+00,0.000000000e+00,0.000000000e+00,-1.000000000e+00,-1.000000000e+00,-1.000000000e+00,0.000000000e+00,-9.999956489e-01,4.342942646e-07,1.000000000e+00,-6.989678144e-01,0.000000000e+00,4.342942646e-07,9.998582602e-01
99,5,1,8.544594646e-01,6.337037683e-01,-1.426642418e+00,1.447577357e+00,-1.482029911e-02,-3.243996859e+00,-3.249030352e+00,-2.736997128e+00,-2.792743921e+00,-2.516335964e+00,-2.915047646e+00,-3.464248419e+00,1.095464349e+00,3.000000000e+00,9.000000000e+00,1.700000000e+01,0.000000000e+00,2.154996097e-01,2.624708891e+00,2.171285897e-01,1.000000000e+00,-2.060307741e+00,-4.115598679e+00,1.368307829e+00,2.624041080e+00,-2.058359861e+00,-2.281030655e+00,1.532256842e+00,1.095464349e+00,4.000000000e+00,3.000000000e+00,1.000000000e+00,3.000000000e+00,2.000000000e+00,2.000000000e+00,1.000000000e+00,1.000000000e+00,-4.937399864e+00,-1.909610748e+00,2.907940447e-01,-4.932542324e+00,1.000000000e+00,4.342942646e-07,8.014436364e-01
99,6,0,6.426762342e-01,3.671418428e-01,-1.656308532e+00,1.546509743e+00,1.485699266e-01,-3.015281200e+00,-2.979277611e+00,-2.235854387e+00,-2.225039482e+00,-1.960355043e+00,-2.667528629e+00,-3.290417194e+00,1.248465896e+00,3.000000000e+00,8.000000000e+00,1.500000000e+01,0.000000000e+00,1.305511355e+00,2.613152027e+00,3.704185784e-01,1.000000000e+00,-2.023424149e+00,-4.043695450e+00,1.669421345e-01,2.613149405e+00,-2.425196648e+00,-2.298918009e+00,2.710875750e+00,1.248465896e+00,0.000000000e+00,0.000000000e+00,0.000000000e+00,0.000000000e+00,-1.000000000e+00,-1.000000000e+00,-1.000000000e+00,0.000000000e+00,-9.999956489e-01,4.342942646e-07,1.000000000e+00,-6.989678144e-01,0.000000000e+00,4.342942646e-07,9.952379465e-01
99,7,0,9.844159484e-01,5.816142559e-01,-1.393533230e+00,1.554018140e+00,-5.876527727e-02,-3.136066675e+00,-3.136365414e+00,-2.581918716e+00,-2.610064268e+00,-2.179217339e+00,-2.960039854e+00,-3.537961245e+00,1.579000592e+00,7.000000000e+00,1.200000000e+01,2.300000000e+01,0.000000000e+00,1.252344370e+00,2.805457354e+00,1.922905296e-01,1.000000000e+00,-1.975117087e+00,-3.947314262e+00,3.593921363e-01,2.805454493e+00,-2.832168102e+00,-2.377856255e+00,2.876943588e+00,1.579000592e+00,2.000000000e+00,2.000000000e+00,0.000000000e+00,3.000000000e+00,4.000000000e+00,3.300000000e+01,4.000000000e+00,1.000000000e+00,-1.163416266e+00,-2.142223358e+00,-3.279684484e-01,-1.160297871e+00,1.000000000e+00,7.309989333e-01,9.143465161e-01
99,8,0,7.449733615e-01,3.826220930e-01,-1.646291852e+00,1.463748574e+00,-5.476499349e-02,-2.978392601e+00,-2.971341133e+00,-2.508188248e+00,-2.515413046e+00,-2.145915985e+00,-2.775834560e+00,-3.340205669e+00,1.476638794e+00,4.000000000e+00,1.100000000e+01,1.900000000e+01,0.000000000e+00,1.924111128e+00,3.108032465e+00,1.849951297e-01,1.000000000e+00,-2.028886795e+00,-4.055095196e+00,-9.740377218e-02,3.108032465e+00,-2.995151997e+00,-2.391177654e+00,3.574837208e+00,1.476638794e+00,0.000000000e+00,0.000000000e+00,0.000000000e+00,0.000000000e+00,-1.000000000e+00,-1.000000000e+00,-1.000000000e+00,0.000000000e+00,-9.999956489e-01,4.342942646e-07,1.000000000e+00,-6.989678144e-01,0.000000000e+00,4.342942646e-07,9.943660498e-01
99,9,0,6.997854710e-01,2.656535506e-01,-1.785115480e+00,1.625273228e+00,1.248964854e-02,-2.821849346e+00,-2.817513227e+00,-2.365543842e+00,-2.369042635e+00,-1.931475639e+00,-2.755780458e+00,-3.255486727e+00,1.657052040e+00,6.000000000e+00,1.200000000e+01,2.300000000e+01,0.000000000e+00,7.163056135e-01,2.289665461e+00,2.635455132e-01,1.000000000e+00,-2.050746679e+00,-4.101516724e+00,-1.052117705e+00,2.289665461e+00,-3.684813023e+00,-2.484794855e+00,3.778275251e+00,1.657052040e+00,0.000000000e+00,0.000000000e+00,0.000000000e+00,0.000000000e+00,-1.000000000e+00,-1.000000000e+00,-1.000000000e+00,0.000000000e+00,-9.999956489e-01,4.342942646e-07,1.000000000e+00,-6.989678144e-01,0.000000000e+00,4.342942646e-07,9.981905818e-01
99,10,1,1.292336941e+00,8.366284966e-01,-1.218519568e+00,1.437602997e+00,-1.534611434e-01,-3.350887775e+00,-3.336827517e+00,-2.767514706e+00,-2.736518145e+00,-2.311971903e+00,-3.347048998e+00,-3.804792166e+00,1.710283637e+00,6.000000000e+00,1.200000000e+01,2.200000000e+01,0.000000000e+00,1.427302659e-01,2.383861303e+00,9.518045187e-02,1.000000000e+00,-2.055105925e+00,-4.105264664e+00,1.067857146e+00,2.383353949e+00,-2.505387306e+00,-2.510722876e+00,1.740170836e+00,1.710283637e+00,3.000000000e+00,3.000000000e+00,0.000000000e+00,3.000000000e+00,4.000000000e+00,3.300000000e+01,4.000000000e+00,1.000000000e+00,-4.997549534e+00,-2.221735001e+00,-3.280760944e-01,-4.995209217e+00,1.000000000e+00,4.342942646e-07,2.343942970e-02
99,11,0,1.079963923e+00,5.716683865e-01,-1.453593135e+00,1.835380435e+00,2.019121796e-01,-3.078245401e+00,-3.054804564e+00,-2.551798344e+00,-2.528009176e+00,-2.043609381e+00,-3.106230974e+00,-3.585386276e+00,1.838560104e+00,7.000000000e+00,1.200000000e+01,2.400000000e+01,0.000000000e+00,1.248795629e+00,2.668055058e+00,4.551692903e-01,1.000000000e+00,-2.025227785e+00,-4.047226906e+00,-1.338805676e+00,2.668055058e+00,-4.426875591e+00,-2.533421040e+00,4.488183498e+00,1.838560104e+00,0.000000000e+00,0.000000000e+00,0.000000000e+00,0.000000000e+00,-1.000000000e+00,-1.000000000e+00,-1.000000000e+00,0.000000000e+00,-9.999956489e-01,4.342942646e-07,1.000000000e+00,-6.989678144e-01,1.000000000e+00,4.342942646e-07,9.269461036e-01
99,12,0,6.649308801e-01,1.256864965e-01,-1.908714652e+00,1.528815508e+00,-1.525217481e-02,-2.629135370e+00,-2.626381874e+00,-2.180101633e+00,-2.180722475e+00,-1.640903473e+00,-2.712415457e+00,-3.167925119e+00,1.913251996e+00,7.000000000e+00,1.100000000e+01,2.000000000e+01,0.000000000e+00,8.030655980e-01,2.042458296e+00,2.277856916e-01,1.000000000e+00,-2.034389257e+00,-4.076929569e+00,-3.744215369e-01,2.042455196e+00,-2.680688620e+00,-2.573518038e+00,2.956587553e+00,1.913251996e+00,0.000000000e+00,0.000000000e+00,0.000000000e+00,0.000000000e+00,-1.000000000e+00,-1.000000000e+00,-1.000000000e+00,0.000000000e+00,-9.999956489e-01,4.342942646e-07,1.000000000e+00,-6.989678144e-01,0.000000000e+00,4.342942646e-07,9.993440509e-01
99,13,0,8.739492893e-01,2.961136699e-01,-1.679023027e+00,1.486637115e+00,-4.724320490e-03,-2.780812979e+00,-2.775506735e+00,-2.329782724e+00,-2.329642057e+00,-1.752015114e+00,-2.853766918e+00,-3.357919693e+00,2.005717993e+00,6.000000000e+00,1.100000000e+01,1.800000000e+01,0.000000000e+00,1.827593207e+00,2.665845156e+00,2.313646823e-01,1.000000000e+00,-1.975116372e+00,-3.951384544e+00,4.855839610e-01,2.665835619e+00,-2.140204430e+00,-2.552837849e+00,2.757916451e+00,2.005717993e+00,0.000000000e+00,0.000000000e+00,0.000000000e+00,0.000000000e+00,-1.000000000e+00,-1.000000000e+00,-1.000000000e+00,0.000000000e+00,-9.999956489e-01,4.342942646e-07,1.000000000e+00,-6.989678144e-01,1.000000000e+00,3.401511014e-01,9.976359606e-01
99,14,0,1.012227416e+00,3.779285252e-01,-1.288976192e+00,2.987951934e-01,-7.425953150e-01,-2.462586164e+00,-2.351442814e+00,-8.033490777e-01,-9.845988154e-01,-1.690521985e-01,-2.687035561e+00,-3.096468449e+00,2.139924765e+00,0.000000000e+00,4.000000000e+00,8.000000000e+00,0.000000000e+00,9.233045578e-01,1.287917852e+00,-6.042932868e-01,1.000000000e+00,-1.666892767e+00,-3.340979338e+00,1.282264352e+00,4.928784966e-01,-8.026655763e-02,-2.301125288e+00,2.616445534e-02,2.139924765e+00,0.000000000e+00,0.000000000e+00,0.000000000e+00,0.000000000e+00,-1.000000000e+00,-1.000000000e+00,-1.000000000e+00,0.000000000e+00,-9.999956489e-01,4.342942646e-07,1.000000000e+00,-6.989678144e-01,0.000000000e+00,4.342942646e-07,9.946493506e-01
99,15,0,1.325397015e+00,6.616091728e-01,-1.231100082e+00,1.625391126e+00,5.718968064e-02,-3.091925383e+00,-3.091655493e+00,-2.640486002e+00,-2.638035536e+00,-1.976846933e+00,-3.218231440e+00,-3.753779650e+00,2.209603310e+00,8.000000000e+00,1.200000000e+01,2.100000000e+01,0.000000000e+00,3.996672630e-01,2.176745653e+00,3.031719625e-01,1.000000000e+00,-1.892682552e+00,-3.783622742e+00,2.088541090e-01,2.176720381e+00,-3.090444326e+00,-2.556347847e+00,2.629086018e+00,2.209603310e+00,0.000000000e+00,0.000000000e+00,0.000000000e+00,0.000000000e+00,-1.000000000e+00,-1.000000000e+00,-1.000000000e+00,0.000000000e+00,-9.999956489e-01,4.342942646e-07,1.000000000e+00,-6.989678144e-01,1.000000000e+00,4.342942646e-07,6.951490641e-01
