event_idx,track_idx,label,muon_pixel_tracks_p,muon_pixel_tracks_pt,muon_pixel_tracks_ptErr,muon_pixel_tracks_chi2,muon_pixel_tracks_normalizedChi2,muon_pixel_tracks_etaErr,muon_pixel_tracks_phiErr,muon_pixel_tracks_dszErr,muon_pixel_tracks_dxyErr,muon_pixel_tracks_dzErr,muon_pixel_tracks_qoverpErr,muon_pixel_tracks_lambdaErr,muon_pixel_tracks_eta,muon_pixel_tracks_nPixelHits,muon_pixel_tracks_nTrkLays,muon_pixel_tracks_nFoundHits,muon_pixel_tracks_nLostHits,muon_pixel_tracks_impact3D,muon_pixel_tracks_impactSignificance,muon_pixel_tracks_chi2PerHit,muon_pixel_tracks_hitEfficiency,muon_pixel_tracks_sigmaPtOverPt,muon_pixel_tracks_relUncertaintyProduct,muon_pixel_tracks_sip2D,muon_pixel_tracks_sipZ,muon_pixel_tracks_dxyOverPt,muon_pixel_tracks_ptErrOverP,muon_pixel_tracks_dzOverDxy,muon_pixel_tracks_absEta,L1TkMu_nStubs,L1TkMu_nStubs_Endcap,L1TkMu_nStubs_Barrel,L1TkMu_stubQual_max,L1TkMu_stubMax_etaRegion,L1TkMu_stubMax_phiRegion,L1TkMu_stubMax_depthRegion,L1TkMu_hasMatch,L1TkMu_dR2min,L1TkMu_dPtNorm,L1TkMu_chi2Pt,L1TkMu_matchingScore,L1TkMu_nCompatible,L1TkMu_secondBest_dR2,is_low_pt
0,0,1,1.066364050e+00,1.029961228e+00,-7.796420455e-01,6.707670689e-01,-1.743304431e-01,-3.446415901e+00,-3.422233820e+00,-2.414650440e+00,-2.507371426e+00,-2.378256559e+00,-2.875626087e+00,-3.482712746e+00,4.151833951e-01,3.000000000e+00,6.000000000e+00,6.000000000e+00,0.000000000e+00,1.070785046e+00,2.913753033e+00,-1.073837280e-01,1.000000000e+00,-1.809577942e+00,-3.617390871e+00,-3.841592465e-03,2.913752794e+00,-3.539806604e+00,-1.845978260e+00,3.046604633e+00,4.151833951e-01,4.000000000e+00,0.000000000e+00,4.000000000e+00,3.000000000e+00,1.000000000e+00,3.000000000e+00,1.000000000e+00,1.000000000e+00,-5.944403172e+00,-3.374577522e+00,-3.131049871e+00,-5.944380760e+00,1.000000000e+00,4.342942646e-07,1.088109912e-05
0,1,1,8.111048937e-01,8.086760640e-01,-1.068812132e+00,6.547411680e-01,-2.995005548e-01,-3.210210800e+00,-3.204251051e+00,-2.351656675e+00,-2.549061537e+00,-2.349228621e+00,-2.688380957e+00,-3.212635517e+00,-1.058581918e-01,4.000000000e+00,7.000000000e+00,7.000000000e+00,0.000000000e+00,1.066730380e+00,2.882694483e+00,-1.903562844e-01,1.000000000e+00,-1.877460480e+00,-3.752518177e+00,6.212332845e-01,2.882688046e+00,-2.736421347e+00,-1.879889131e+00,2.461308002e+00,1.058581918e-01,4.000000000e+00,0.000000000e+00,4.000000000e+00,3.000000000e+00,0.000000000e+00,1.000000000e+00,1.000000000e+00,1.000000000e+00,-5.463573456e+00,-1.833186388e+00,7.589507848e-02,-5.459074974e+00,1.000000000e+00,4.342942646e-07,5.346516892e-02
0,2,1,6.680052876e-01,5.931543708e-01,-1.265664697e+00,8.116858602e-01,-1.425561309e-01,-3.240731478e+00,-3.247509480e+00,-2.523092270e+00,-2.647732496e+00,-2.448264360e+00,-2.526577473e+00,-3.315440178e+00,6.041137576e-01,4.000000000e+00,7.000000000e+00,7.000000000e+00,0.000000000e+00,9.729612470e-01,2.934877634e+00,-3.341177106e-02,1.000000000e+00,-1.858795404e+00,-3.715284586e+00,8.926504850e-01,2.934859753e+00,-2.348332405e+00,-1.933640718e+00,2.241723776e+00,6.041137576e-01,3.000000000e+00,0.000000000e+00,3.000000000e+00,3.000000000e+00,1.000000000e+00,7.000000000e+00,1.000000000e+00,1.000000000e+00,-4.466358185e+00,-1.709323645e+00,2.821640074e-01,-4.458202839e+00,1.000000000e+00,4.342942646e-07,8.968199492e-01
0,3,0,3.953838944e-01,3.701006472e-01,-1.514402747e+00,5.141090155e-01,-4.401324689e-01,-3.047941685e+00,-3.095493555e+00,-2.273418427e+00,-2.481694221e+00,-2.248139858e+00,-2.279706240e+00,-3.073195696e+00,-3.445439339e-01,4.000000000e+00,7.000000000e+00,7.000000000e+00,0.000000000e+00,1.803634882e+00,3.150034189e+00,-3.309882581e-01,1.000000000e+00,-1.884484053e+00,-3.766379356e+00,-1.474118114e+00,3.150034189e+00,-4.316952705e+00,-1.909765363e+00,4.853868008e+00,3.445439339e-01,4.000000000e+00,0.000000000e+00,4.000000000e+00,3.000000000e+00,0.000000000e+00,1.000000000e+00,1.000000000e+00,1.000000000e+00,-5.125278950e+00,-3.359827518e+00,-2.952600241e+00,-5.125114918e+00,1.000000000e+00,1.284178793e-01,9.950845838e-01
0,4,0,3.280387223e-01,3.279270232e-01,-1.590390205e+00,9.295848012e-01,-2.465734072e-02,-3.027473927e+00,-3.117751598e+00,-2.249314547e+00,-2.523851395e+00,-2.249202967e+00,-2.246295214e+00,-3.027585506e+00,2.268122323e-02,4.000000000e+00,7.000000000e+00,7.000000000e+00,0.000000000e+00,1.946253777e-01,2.346595764e+00,8.448701352e-02,1.000000000e+00,-1.918297768e+00,-3.833695650e+00,1.582318917e-03,2.346591234e+00,-2.850033998e+00,-1.918409467e+00,2.619581223e+00,2.268122323e-02,0.000000000e+00,0.000000000e+00,0.000000000e+00,0.000000000e+00,-1.000000000e+00,-1.000000000e+00,-1.000000000e+00,0.000000000e+00,-9.999956489e-01,4.342942646e-07,1.000000000e+00,-6.989678144e-01,0.000000000e+00,4.342942646e-07,9.968096614e-01
0,5,0,3.338336945e-01,3.227561414e-01,-1.583716989e+00,1.478289217e-01,-8.064110875e-01,-3.056964874e+00,-3.083428144e+00,-2.292198658e+00,-2.479566097e+00,-2.281123161e+00,-2.240193605e+00,-3.068029642e+00,2.268240750e-01,4.000000000e+00,7.000000000e+00,7.000000000e+00,0.000000000e+00,5.014719367e-01,2.531942129e+00,-6.972672939e-01,1.000000000e+00,-1.906454444e+00,-3.810111523e+00,-2.676484346e+00,2.531942129e+00,-5.364732742e+00,-1.917531133e+00,5.348945618e+00,2.268240750e-01,4.000000000e+00,0.000000000e+00,4.000000000e+00,3.000000000e+00,1.000000000e+00,3.000000000e+00,1.000000000e+00,1.000000000e+00,-5.690093994e+00,-2.374049425e+00,-9.389840961e-01,-5.689158916e+00,1.000000000e+00,4.342942646e-07,9.969659448e-01
0,6,0,7.562979460e-01,1.875606328e-01,-1.236948371e+00,9.737529755e-01,1.951079816e-02,-2.846876383e+00,-2.686284065e+00,-2.300711393e+00,-2.175206184e+00,-1.732037187e+00,-2.180461168e+00,-3.414788961e+00,-1.983978271e+00,6.000000000e+00,6.000000000e+00,7.000000000e+00,0.000000000e+00,-6.123058032e-03,1.728999496e+00,1.286551952e-01,1.000000000e+00,-1.424504757e+00,-2.848438740e+00,-1.012004137e+00,1.728998780e+00,-3.373811960e+00,-1.993211150e+00,3.183550119e+00,1.983978271e+00,0.000000000e+00,0.000000000e+00,0.000000000e+00,0.000000000e+00,-1.000000000e+00,-1.000000000e+00,-1.000000000e+00,0.000000000e+00,-9.999956489e-01,4.342942646e-07,1.000000000e+00,-6.989678144e-01,0.000000000e+00,4.342942646e-07,9.990128279e-01
1,0,1,9.910489917e-01,7.160979509e-01,-1.029906392e+00,3.135783076e-01,-6.406625509e-01,-3.347379208e+00,-3.162329197e+00,-2.630287409e+00,-2.522984266e+00,-2.355423212e+00,-2.736723661e+00,-3.621477365e+00,-1.246881366e+00,4.000000000e+00,7.000000000e+00,7.000000000e+00,0.000000000e+00,-8.510730267e-01,1.931236148e+00,-5.315185189e-01,1.000000000e+00,-1.745984554e+00,-3.490574360e+00,9.458021522e-01,1.928901553e+00,-2.293339491e+00,-2.020914555e+00,1.150690436e+00,1.246881366e+00,4.000000000e+00,4.000000000e+00,0.000000000e+00,3.000000000e+00,-4.000000000e+00,4.000000000e+00,1.000000000e+00,1.000000000e+00,-5.203985691e+00,-1.818974495e+00,-1.327101141e-01,-5.198485851e+00,1.000000000e+00,4.342942646e-07,4.007688463e-01
1,1,1,7.360470891e-01,6.750029922e-01,-1.190892220e+00,8.384172320e-01,-1.158247441e-01,-3.272947788e+00,-3.288231134e+00,-2.536778927e+00,-2.677896023e+00,-2.475754499e+00,-2.601693869e+00,-3.333868980e+00,-5.427097678e-01,4.000000000e+00,7.000000000e+00,7.000000000e+00,0.000000000e+00,-1.011969447e+00,1.973785520e+00,-6.680410355e-03,1.000000000e+00,-1.865869880e+00,-3.729387045e+00,1.207123637e+00,1.967330933e+00,-2.145921707e+00,-1.926909208e+00,9.624132514e-01,5.427097678e-01,3.000000000e+00,0.000000000e+00,3.000000000e+00,3.000000000e+00,-1.000000000e+00,1.000000000e+00,1.000000000e+00,1.000000000e+00,-4.573296547e+00,-1.983090997e+00,-2.253841013e-01,-4.568972111e+00,1.000000000e+00,4.342942646e-07,6.310937405e-01
1,2,0,7.120470405e-01,3.935444057e-01,-1.350641251e+00,7.203441858e-01,-2.338976562e-01,-3.085468531e+00,-3.031563759e+00,-2.479582310e+00,-2.436971188e+00,-2.161147833e+00,-2.455772400e+00,-3.403399467e+00,1.363114834e+00,4.000000000e+00,7.000000000e+00,7.000000000e+00,0.000000000e+00,-9.415401816e-01,1.690505147e+00,-1.247533634e-01,1.000000000e+00,-1.744171023e+00,-3.486710548e+00,5.428747274e-03,1.690412521e+00,-2.824915648e+00,-2.062647820e+00,1.960746288e+00,1.363114834e+00,1.000000000e+00,1.000000000e+00,0.000000000e+00,1.000000000e+00,5.000000000e+00,1.800000000e+01,1.000000000e+00,1.000000000e+00,-4.773902893e+00,-1.545169353e+00,3.736143410e-01,-4.762414932e+00,1.000000000e+00,1.120000720e+00,9.936337471e-01
1,3,0,1.073892713e+00,3.886754215e-01,-8.664579391e-01,1.323148012e+00,2.817555070e-01,-2.958675385e+00,-2.572227478e+00,-2.218333483e+00,-1.895649195e+00,-1.533172965e+00,-2.328855276e+00,-3.642377377e+00,-2.260090351e+00,7.000000000e+00,6.000000000e+00,8.000000000e+00,0.000000000e+00,1.344984770e+00,2.205680370e+00,4.200581312e-01,1.000000000e+00,-1.255128622e+00,-2.510051012e+00,-1.146533966e+00,2.205680370e+00,-3.429728985e+00,-1.940316200e+00,3.714237452e+00,2.260090351e+00,2.000000000e+00,2.000000000e+00,0.000000000e+00,2.000000000e+00,5.000000000e+00,8.000000000e+00,3.000000000e+00,1.000000000e+00,-4.193200111e+00,-1.675552726e+00,-8.223415613e-01,-4.184268951e+00,2.000000000e+00,-6.696224809e-01,9.939734340e-01
1,4,0,9.502522349e-01,3.696736395e-01,-9.832008481e-01,4.630378187e-01,-3.820593357e-01,-2.995693684e+00,-2.114860296e+00,-2.193052053e+00,-1.345363975e+00,-1.612523198e+00,-2.302938938e+00,-3.575067043e+00,2.012264967e+00,5.000000000e+00,5.000000000e+00,6.000000000e+00,0.000000000e+00,1.092752695e+00,2.158896685e+00,-3.151127100e-01,1.000000000e+00,-1.352868795e+00,-2.705431938e+00,-4.444359243e-02,2.158888102e+00,-1.759466052e+00,-1.933420062e+00,1.936154127e+00,2.012264967e+00,1.000000000e+00,1.000000000e+00,0.000000000e+00,1.000000000e+00,5.000000000e+00,1.200000000e+01,1.000000000e+00,1.000000000e+00,-5.202760220e+00,-1.571285844e+00,-4.598471224e-01,-5.193073750e+00,1.000000000e+00,-1.405971348e-01,9.951071739e-01
1,5,0,5.147088170e-01,3.556440473e-01,-1.475680828e+00,3.672271073e-01,-4.778698385e-01,-3.105168819e+00,-3.103831053e+00,-2.505245686e+00,-2.595113516e+00,-2.346223593e+00,-2.345631599e+00,-3.263988733e+00,-9.089493155e-01,3.000000000e+00,6.000000000e+00,6.000000000e+00,0.000000000e+00,-1.924109459e+00,1.384390116e+00,-4.109231830e-01,1.000000000e+00,-1.831308126e+00,-3.660365343e+00,-1.230649501e-01,1.384180188e+00,-3.073479176e+00,-1.990360022e+00,1.755983233e+00,9.089493155e-01,3.000000000e+00,2.000000000e+00,1.000000000e+00,3.000000000e+00,-1.000000000e+00,1.000000000e+00,1.000000000e+00,1.000000000e+00,-5.082047939e+00,-2.096755028e+00,-5.378644466e-01,-5.079003334e+00,1.000000000e+00,9.523285031e-01,9.957813025e-01
1,6,0,1.024438262e+00,3.472249210e-01,-9.928286672e-01,9.846217632e-01,-1.293210536e-01,-2.962991953e+00,-2.812166929e+00,-2.510260344e+00,-2.361131191e+00,-1.833157897e+00,-2.364277840e+00,-3.638710022e+00,2.241247177e+00,8.000000000e+00,7.000000000e+00,9.000000000e+00,0.000000000e+00,1.543694854e+00,2.605035067e+00,3.037958220e-02,1.000000000e+00,-1.340048194e+00,-2.679789782e+00,-3.883836269e-01,2.605034828e+00,-3.096297979e+00,-2.017226219e+00,3.521218777e+00,2.241247177e+00,1.000000000e+00,1.000000000e+00,0.000000000e+00,1.000000000e+00,5.000000000e+00,2.200000000e+01,1.000000000e+00,1.000000000e+00,-4.778802872e+00,-1.944933534e+00,-1.199905992e+00,-4.774193764e+00,1.000000000e+00,-9.573828429e-02,9.961317778e-01
1,7,0,8.869898319e-01,3.299985230e-01,-1.050274611e+00,9.290606976e-01,-1.123314947e-01,-2.950098753e+00,-2.806391001e+00,-2.482805967e+00,-2.346005678e+00,-1.925909877e+00,-2.267042398e+00,-3.506082296e+00,1.955858827e+00,7.000000000e+00,6.000000000e+00,8.000000000e+00,0.000000000e+00,7.892571688e-01,2.320575953e+00,2.597104013e-02,1.000000000e+00,-1.380267382e+00,-2.760160446e+00,-3.410622478e-01,2.320574999e+00,-3.016712189e+00,-1.937231779e+00,3.081582546e+00,1.955858827e+00,1.000000000e+00,1.000000000e+00,0.000000000e+00,1.000000000e+00,5.000000000e+00,3.500000000e+01,1.000000000e+00,1.000000000e+00,-4.204755783e+00,-1.438705325e+00,-8.465829492e-02,-4.189466953e+00,1.000000000e+00,7.489581704e-01,9.967442751e-01
1,8,1,8.247852325e-01,3.197719157e-01,-1.168133616e+00,5.552703142e-01,-4.861212075e-01,-2.949878216e+00,-2.817282438e+00,-2.404212952e+00,-2.282085419e+00,-1.899275184e+00,-2.312374830e+00,-3.454041481e+00,-1.830607057e+00,6.000000000e+00,6.000000000e+00,8.000000000e+00,0.000000000e+00,7.787909508e-01,2.288732767e+00,-3.478188515e-01,1.000000000e+00,-1.487898469e+00,-2.975180149e+00,3.812700212e-01,2.288699389e+00,-2.220598459e+00,-1.992882490e+00,2.290253878e+00,1.830607057e+00,4.000000000e+00,4.000000000e+00,0.000000000e+00,1.000000000e+00,-5.000000000e+00,9.000000000e+00,1.000000000e+00,1.000000000e+00,-5.028263569e+00,-2.576326132e+00,-2.174785137e+00,-5.027235985e+00,1.000000000e+00,9.462437630e-01,9.970517159e-01
2,0,1,7.896876931e-01,7.548215389e-01,-1.082429290e+00,1.059891820e+00,1.849947497e-02,-3.334863186e+00,-3.340667963e+00,-2.554311991e+00,-2.716299534e+00,-2.519457817e+00,-2.626727343e+00,-3.369650841e+00,-4.060877264e-01,4.000000000e+00,7.000000000e+00,8.000000000e+00,0.000000000e+00,7.158461213e-01,2.878032207e+00,1.568020731e-01,1.000000000e+00,-1.837226033e+00,-3.672431707e+00,1.674586654e+00,2.877179861e+00,-1.796733260e+00,-1.872089744e+00,1.399512768e+00,4.060877264e-01,4.000000000e+00,0.000000000e+00,4.000000000e+00,3.000000000e+00,-1.000000000e+00,1.100000000e+01,1.000000000e+00,1.000000000e+00,-4.923631668e+00,-1.470391035e+00,7.047867179e-01,-4.910367489e+00,1.000000000e+00,8.638475537e-01,2.022352517e-01
2,1,0,9.614629745e-01,7.403355837e-01,-1.038791537e+00,7.313033938e-01,-3.100885153e-01,-3.346623659e+00,-3.266450405e+00,-2.612745762e+00,-2.616327524e+00,-2.391689539e+00,-2.740254641e+00,-3.567111015e+00,-1.096535206e+00,4.000000000e+00,7.000000000e+00,8.000000000e+00,0.000000000e+00,1.164278269e+00,2.973935604e+00,-1.717860699e-01,1.000000000e+00,-1.779105663e+00,-3.556595087e+00,-4.975341856e-01,2.973935604e+00,-3.851283550e+00,-2.000216007e+00,3.695617199e+00,1.096535206e+00,1.000000000e+00,1.000000000e+00,0.000000000e+00,2.000000000e+00,3.000000000e+00,1.300000000e+01,1.000000000e+00,1.000000000e+00,-5.315815449e+00,-2.243132353e+00,-9.231738448e-01,-5.313852310e+00,1.000000000e+00,8.629501462e-01,2.690770030e-01
2,2,0,9.606001377e-01,5.122531056e-01,-1.011386633e+00,7.729308009e-01,-2.684611678e-01,-3.150982618e+00,-3.027497530e+00,-2.628053427e+00,-2.503577471e+00,-2.179825068e+00,-2.484006643e+00,-3.598219633e+00,1.692166209e+00,6.000000000e+00,6.000000000e+00,8.000000000e+00,0.000000000e+00,1.715196252e+00,3.037488937e+00,-1.301586777e-01,1.000000000e+00,-1.523629546e+00,-3.046699286e+00,-5.715022683e-01,3.037488937e+00,-3.585796118e+00,-1.971950531e+00,3.932301998e+00,1.692166209e+00,1.000000000e+00,1.000000000e+00,0.000000000e+00,1.000000000e+00,5.000000000e+00,3.000000000e+00,1.000000000e+00,1.000000000e+00,-5.381277561e+00,-3.069350958e+00,-3.092634678e+00,-5.380996704e+00,1.000000000e+00,4.342942646e-07,9.705298543e-01
2,3,0,1.214194894e+00,4.911287427e-01,-7.129280567e-01,9.254542589e-01,-1.159379110e-01,-3.011632442e+00,-2.588021278e+00,-2.182892323e+00,-1.829792738e+00,-1.459879756e+00,-2.418089390e+00,-3.732791185e+00,-2.348996401e+00,7.000000000e+00,6.000000000e+00,8.000000000e+00,0.000000000e+00,8.699200749e-01,1.895264030e+00,2.236458659e-02,1.000000000e+00,-1.204051971e+00,-2.407956123e+00,5.776918530e-01,1.894760489e+00,-1.743234873e+00,-1.927088380e+00,1.686990738e+00,2.348996401e+00,0.000000000e+00,0.000000000e+00,0.000000000e+00,0.000000000e+00,-1.000000000e+00,-1.000000000e+00,-1.000000000e+00,0.000000000e+00,-9.999956489e-01,4.342942646e-07,1.000000000e+00,-6.989678144e-01,1.000000000e+00,7.539370656e-01,9.781898856e-01
2,4,0,1.081595659e+00,4.451376200e-01,-8.452913165e-01,8.988296986e-01,-1.425624341e-01,-3.085545063e+00,-2.704863548e+00,-2.301362038e+00,-1.999935269e+00,-1.664970636e+00,-2.371872425e+00,-3.720245600e+00,-2.145035267e+00,7.000000000e+00,6.000000000e+00,8.000000000e+00,0.000000000e+00,1.536480546e+00,2.433243513e+00,-4.259884357e-03,1.000000000e+00,-1.290423393e+00,-2.580645561e+00,3.665367961e-01,2.433227539e+00,-2.078527451e+00,-1.926853180e+00,2.401660204e+00,2.145035267e+00,3.000000000e+00,3.000000000e+00,0.000000000e+00,2.000000000e+00,5.000000000e+00,3.100000000e+01,4.000000000e+00,1.000000000e+00,-5.212730408e+00,-1.699927092e+00,-8.015233278e-01,-5.205538750e+00,1.000000000e+00,8.913933635e-01,9.881790876e-01
2,5,0,8.138806820e-01,3.953271806e-01,-1.161824107e+00,7.961796522e-01,-2.452123761e-01,-3.097232103e+00,-2.969578981e+00,-2.525300741e+00,-2.427562237e+00,-2.106837273e+00,-2.370782375e+00,-3.514905691e+00,1.618362308e+00,6.000000000e+00,7.000000000e+00,8.000000000e+00,0.000000000e+00,7.174944878e-01,2.465663671e+00,-1.069098786e-01,1.000000000e+00,-1.557141781e+00,-3.113596678e+00,5.419482589e-01,2.465632915e+00,-2.280974627e+00,-1.975670099e+00,2.244437218e+00,1.618362308e+00,1.000000000e+00,1.000000000e+00,0.000000000e+00,1.000000000e+00,5.000000000e+00,2.000000000e+01,1.000000000e+00,1.000000000e+00,-5.270156860e+00,-2.221876860e+00,-1.324348569e+00,-5.268042088e+00,1.000000000e+00,9.161165953e-01,9.935036302e-01
2,6,0,8.328969479e-01,3.649703264e-01,-1.164440513e+00,9.224948883e-01,-1.188973039e-01,-3.067220449e+00,-2.945162058e+00,-2.559933662e+00,-2.461180210e+00,-2.092110872e+00,-2.362053156e+00,-3.534165859e+00,1.740261555e+00,6.000000000e+00,7.000000000e+00,8.000000000e+00,0.000000000e+00,8.952848315e-01,2.539885759e+00,1.940520667e-02,1.000000000e+00,-1.529402256e+00,-3.058176279e+00,8.638868928e-01,2.539789200e+00,-1.962349534e+00,-1.997300744e+00,2.045026779e+00,1.740261555e+00,1.000000000e+00,1.000000000e+00,0.000000000e+00,1.000000000e+00,4.000000000e+00,8.000000000e+00,1.000000000e+00,1.000000000e+00,-5.159946442e+00,-2.688528538e+00,-2.320333242e+00,-5.159186363e+00,1.000000000e+00,-4.566119015e-01,9.953467250e-01
2,7,0,9.849942923e-01,3.347860873e-01,-1.010376573e+00,2.471866906e-01,-7.942035794e-01,-3.000661612e+00,-2.784201145e+00,-2.535446882e+00,-2.303121328e+00,-1.885354280e+00,-2.329967976e+00,-3.649363756e+00,2.177547693e+00,7.000000000e+00,7.000000000e+00,8.000000000e+00,0.000000000e+00,1.711909771e+00,2.741343021e+00,-6.559016109e-01,1.000000000e+00,-1.345157504e+00,-2.690020561e+00,-4.205252975e-02,2.741342545e+00,-2.679839611e+00,-1.995332479e+00,3.201120377e+00,2.177547693e+00,1.000000000e+00,1.000000000e+00,0.000000000e+00,1.000000000e+00,5.000000000e+00,3.000000000e+00,1.000000000e+00,1.000000000e+00,-4.719892025e+00,-1.589474916e+00,-4.660034478e-01,-4.709429264e+00,1.000000000e+00,-4.572304487e-01,9.965867996e-01
2,8,0,9.711762071e-01,3.260437846e-01,-1.005944848e+00,1.375213623e+00,2.612704337e-01,-2.941062689e+00,-2.762995005e+00,-2.417638063e+00,-2.264709949e+00,-1.772593379e+00,-2.302957535e+00,-3.584901571e+00,-2.165552616e+00,8.000000000e+00,7.000000000e+00,9.000000000e+00,0.000000000e+00,-6.914169788e-01,1.426973343e+00,4.209712148e-01,1.000000000e+00,-1.331983685e+00,-2.663661003e+00,-3.154819012e-01,1.426902175e+00,-2.905966520e+00,-1.977084398e+00,2.234390736e+00,2.165552616e+00,1.000000000e+00,1.000000000e+00,0.000000000e+00,1.000000000e+00,-5.000000000e+00,3.400000000e+01,1.000000000e+00,1.000000000e+00,-5.443619728e+00,-1.926022291e+00,-1.198362708e+00,-5.439916611e+00,1.000000000e+00,1.195033550e+00,9.968677163e-01
2,9,0,1.034451485e+00,2.894587815e-01,-9.082363844e-01,6.851006746e-01,-4.288416505e-01,-2.887079239e+00,-2.675524712e+00,-2.302664995e+00,-2.208450794e+00,-1.557743669e+00,-2.231988192e+00,-3.630548000e+00,2.400366545e+00,9.000000000e+00,7.000000000e+00,9.000000000e+00,0.000000000e+00,6.755324602e-01,1.895538211e+00,-2.691411674e-01,1.000000000e+00,-1.197691679e+00,-2.395201445e+00,-2.094119638e-01,1.895524740e+00,-2.707170725e+00,-1.942653418e+00,2.755585432e+00,2.400366545e+00,1.000000000e+00,1.000000000e+00,0.000000000e+00,1.000000000e+00,5.000000000e+00,1.100000000e+01,2.000000000e+00,1.000000000e+00,-3.841590881e+00,-9.595795274e-01,5.772091150e-01,-3.796663046e+00,1.000000000e+00,7.865908742e-01,9.977735877e-01
3,0,1,8.159239292e-01,4.317242801e-01,-1.200017095e+00,6.939459443e-01,-1.511515826e-01,-3.114982367e+00,-3.048051834e+00,-2.570844412e+00,-2.551712513e+00,-2.186739683e+00,-2.447356224e+00,-3.498377800e+00,-1.532172322e+00,4.000000000e+00,5.000000000e+00,6.000000000e+00,0.000000000e+00,1.414481163e+00,2.894297123e+00,-8.420487493e-02,1.000000000e+00,-1.631729484e+00,-3.262506485e+00,1.469595432e+00,2.893989801e+00,-1.513981819e+00,-2.015902758e+00,1.789449930e+00,1.532172322e+00,4.000000000e+00,4.000000000e+00,0.000000000e+00,3.000000000e+00,-4.000000000e+00,1.500000000e+01,4.000000000e+00,1.000000000e+00,-5.060850143e+00,-2.260736942e+00,-1.262879610e+00,-5.058747292e+00,1.000000000e+00,4.146674573e-01,9.900038838e-01
3,1,0,5.583634973e-01,3.974440098e-01,-1.436612844e+00,5.274946094e-01,-4.267469049e-01,-3.145905018e+00,-3.107329607e+00,-2.506688356e+00,-2.558887243e+00,-2.345812082e+00,-2.392055511e+00,-3.306551933e+00,-9.148639441e-01,4.000000000e+00,7.000000000e+00,7.000000000e+00,0.000000000e+00,5.209671855e-01,2.606394291e+00,-3.176026940e-01,1.000000000e+00,-1.834038854e+00,-3.665850878e+00,2.300793529e-01,2.606390238e+00,-2.726178169e+00,-1.994945288e+00,2.589354992e+00,9.148639441e-01,1.000000000e+00,0.000000000e+00,1.000000000e+00,3.000000000e+00,-2.000000000e+00,1.100000000e+01,1.000000000e+00,1.000000000e+00,-5.509332657e+00,-1.870490074e+00,-6.112466007e-02,-5.505389690e+00,1.000000000e+00,4.342942646e-07,9.933450222e-01
3,2,0,8.555104136e-01,3.651142120e-01,-1.146112561e+00,5.236389041e-01,-5.177525282e-01,-3.058041811e+00,-2.931911469e+00,-2.551160336e+00,-2.447862864e+00,-2.060868740e+00,-2.366485596e+00,-3.547400236e+00,1.795107722e+00,6.000000000e+00,7.000000000e+00,8.000000000e+00,0.000000000e+00,-6.708970666e-01,1.725510478e+00,-3.794502020e-01,1.000000000e+00,-1.511218548e+00,-3.021852016e+00,-9.373321384e-02,1.725460529e+00,-2.906482220e+00,-2.001585484e+00,2.206109524e+00,1.795107722e+00,1.000000000e+00,1.000000000e+00,0.000000000e+00,2.000000000e+00,-5.000000000e+00,2.600000000e+01,3.000000000e+00,1.000000000e+00,-4.588432312e+00,-1.792850971e+00,-5.771715045e-01,-4.581758499e+00,1.000000000e+00,8.434673548e-01,9.953396320e-01
3,3,0,4.050384462e-01,3.564305604e-01,-1.531106234e+00,5.264189243e-01,-4.278225601e-01,-3.131777287e+00,-3.117999077e+00,-2.429633617e+00,-2.524320841e+00,-2.381038189e+00,-2.292363644e+00,-3.180315256e+00,-4.819985628e-01,4.000000000e+00,7.000000000e+00,7.000000000e+00,0.000000000e+00,1.502358437e+00,3.132321835e+00,-3.186783195e-01,1.000000000e+00,-1.887517810e+00,-3.772382736e+00,-1.240984946e-01,3.132321835e+00,-3.004556656e+00,-1.936121941e+00,3.399551153e+00,4.819985628e-01,1.000000000e+00,0.000000000e+00,1.000000000e+00,3.000000000e+00,-1.000000000e+00,1.000000000e+01,1.000000000e+00,1.000000000e+00,-5.759478092e+00,-2.397366762e+00,-1.016358376e+00,-5.758739471e+00,1.000000000e+00,8.417263627e-01,9.957465529e-01
3,4,0,7.341738939e-01,3.156636953e-01,-1.285359502e+00,7.402476072e-01,-1.048499942e-01,-3.032297134e+00,-2.946347713e+00,-2.419200420e+00,-2.411993742e+00,-2.000760794e+00,-2.334857464e+00,-3.450049639e+00,1.618254542e+00,4.000000000e+00,6.000000000e+00,6.000000000e+00,0.000000000e+00,-1.471123815e+00,1.265239239e+00,-3.790327534e-02,1.000000000e+00,-1.601014137e+00,-3.201118231e+00,-1.107170820e+00,1.265235305e+00,-3.831986189e+00,-2.019496441e+00,2.782279968e+00,1.618254542e+00,1.000000000e+00,1.000000000e+00,0.000000000e+00,2.000000000e+00,-4.000000000e+00,1.500000000e+01,2.000000000e+00,1.000000000e+00,-4.614969254e+00,-2.533356190e+00,-1.867453218e+00,-4.613751888e+00,1.000000000e+00,-3.922819197e-01,9.971651435e-01
3,5,0,9.620488882e-01,2.861126065e-01,-1.045908451e+00,8.853564262e-01,-1.560356617e-01,-2.934038401e+00,-2.773558617e+00,-2.473687410e+00,-2.330507278e+00,-1.797852755e+00,-2.293859720e+00,-3.608580828e+00,2.238239288e+00,7.000000000e+00,7.000000000e+00,8.000000000e+00,0.000000000e+00,1.126945376e+00,2.361357927e+00,-1.773314551e-02,1.000000000e+00,-1.332016349e+00,-2.663721323e+00,6.368919462e-02,2.361352205e+00,-2.552868605e+00,-2.007917881e+00,2.830303192e+00,2.238239288e+00,1.000000000e+00,1.000000000e+00,0.000000000e+00,1.000000000e+00,5.000000000e+00,1.100000000e+01,1.000000000e+00,1.000000000e+00,-4.940256596e+00,-1.471509457e+00,-2.491574138e-01,-4.927072525e+00,1.000000000e+00,-3.902314007e-01,9.978391528e-01
4,0,0,1.082664728e+00,4.435975850e-01,-9.142113328e-01,2.631504536e-01,-8.507900834e-01,-3.023628473e+00,-2.882658482e+00,-2.563310862e+00,-2.416835785e+00,-1.924366117e+00,-2.440261602e+00,-3.661159277e+00,2.151208639e+00,8.000000000e+00,7.000000000e+00,9.000000000e+00,0.000000000e+00,1.262490392e+00,2.555648327e+00,-6.910901666e-01,1.000000000e+00,-1.357802510e+00,-2.715303421e+00,-3.311951756e-01,2.555647850e+00,-3.191067934e+00,-1.996836543e+00,3.379147291e+00,2.151208639e+00,1.000000000e+00,1.000000000e+00,0.000000000e+00,1.000000000e+00,5.000000000e+00,1.500000000e+01,1.000000000e+00,1.000000000e+00,-5.819149017e+00,-2.829867601e+00,-2.943031549e+00,-5.818930149e+00,2.000000000e+00,-1.780343056e+00,9.884073138e-01
4,1,0,1.015331388e+00,4.233857989e-01,-9.557511210e-01,4.561537504e-01,-5.852374434e-01,-3.018600225e+00,-2.874889851e+00,-2.546798706e+00,-2.399697304e+00,-1.954967022e+00,-2.394258022e+00,-3.609229565e+00,2.039365292e+00,7.000000000e+00,6.000000000e+00,8.000000000e+00,0.000000000e+00,-1.014037013e+00,1.448029637e+00,-4.469351768e-01,1.000000000e+00,-1.379130363e+00,-2.757925987e+00,-3.670363426e-01,1.447978854e+00,-3.189556837e+00,-1.971045971e+00,2.259562492e+00,2.039365292e+00,1.000000000e+00,1.000000000e+00,0.000000000e+00,1.000000000e+00,5.000000000e+00,1.500000000e+01,1.000000000e+00,1.000000000e+00,-5.792558670e+00,-2.691896200e+00,-2.623989344e+00,-5.792223454e+00,2.000000000e+00,-1.788202167e+00,9.909714460e-01
4,2,0,9.393779635e-01,3.538020253e-01,-1.050554514e+00,7.489109039e-01,-2.924810648e-01,-2.962112427e+00,-2.808894873e+00,-2.419688940e+00,-2.283624172e+00,-1.834197283e+00,-2.343488455e+00,-3.546555042e+00,-2.024185896e+00,7.000000000e+00,6.000000000e+00,8.000000000e+00,0.000000000e+00,1.937544942e-01,1.931147218e+00,-1.541785896e-01,1.000000000e+00,-1.404350281e+00,-2.808288097e+00,1.095281616e-01,1.931097746e+00,-2.527835131e+00,-1.989894986e+00,2.270986080e+00,2.024185896e+00,1.000000000e+00,1.000000000e+00,0.000000000e+00,1.000000000e+00,-5.000000000e+00,1.400000000e+01,1.000000000e+00,1.000000000e+00,-4.808604717e+00,-1.999337792e+00,-1.181291342e+00,-4.804554462e+00,1.000000000e+00,6.517905593e-01,9.958612323e-01
4,3,0,1.035867453e+00,3.221812844e-01,-9.586321115e-01,9.275200963e-01,-1.138720810e-01,-2.957787991e+00,-2.738008261e+00,-2.426211596e+00,-2.232491016e+00,-1.712618589e+00,-2.316502333e+00,-3.669833183e+00,-2.326992273e+00,7.000000000e+00,7.000000000e+00,8.000000000e+00,0.000000000e+00,-8.767850995e-01,1.274397969e+00,2.443045378e-02,1.000000000e+00,-1.280808926e+00,-2.561383724e+00,-2.836175263e-01,1.274231672e+00,-2.838065386e+00,-1.994460821e+00,2.077631712e+00,2.326992273e+00,1.000000000e+00,1.000000000e+00,0.000000000e+00,1.000000000e+00,-5.000000000e+00,2.000000000e+00,1.000000000e+00,1.000000000e+00,-4.407913208e+00,-1.742484927e+00,-9.389542341e-01,-4.400323391e+00,2.000000000e+00,6.518011093e-01,9.969826341e-01
4,4,0,6.377646923e-01,5.250054970e-02,-1.332319260e+00,7.338268161e-01,-3.075650930e-01,-2.719867468e+00,-2.555900812e+00,-2.201369524e+00,-2.082850456e+00,-1.616156101e+00,-2.022115707e+00,-3.304483414e+00,-2.023442507e+00,7.000000000e+00,6.000000000e+00,8.000000000e+00,0.000000000e+00,6.590487361e-01,1.945706487e+00,-1.692626327e-01,1.000000000e+00,-1.384818316e+00,-2.768970251e+00,-2.370596826e-01,1.945697188e+00,-2.372361183e+00,-1.970052719e+00,2.649395943e+00,2.023442507e+00,0.000000000e+00,0.000000000e+00,0.000000000e+00,0.000000000e+00,-1.000000000e+00,-1.000000000e+00,-1.000000000e+00,0.000000000e+00,-9.999956489e-01,4.342942646e-07,1.000000000e+00,-6.989678144e-01,0.000000000e+00,4.342942646e-07,9.995663762e-01
5,0,1,6.668993235e-01,6.460248828e-01,-1.200115204e+00,6.453741193e-01,-3.960176408e-01,-3.317481756e+00,-2.486168623e+00,-2.553623199e+00,-1.992756486e+00,-2.532756090e+00,-2.512881994e+00,-3.338311911e+00,-3.125388622e-01,5.000000000e+00,7.000000000e+00,8.000000000e+00,0.000000000e+00,6.858816147e-01,2.875844717e+00,-2.577152252e-01,1.000000000e+00,-1.846116424e+00,-3.690138102e+00,-1.346619487e+00,2.875844717e+00,-3.981273413e+00,-1.866989374e+00,3.681421041e+00,3.125388622e-01,2.000000000e+00,0.000000000e+00,2.000000000e+00,3.000000000e+00,-1.000000000e+00,1.100000000e+01,2.000000000e+00,1.000000000e+00,-4.794124126e+00,-2.345425129e+00,-1.002655864e+00,-4.792289734e+00,1.000000000e+00,4.342942646e-07,7.590956092e-01
5,1,0,8.799924850e-01,5.271754861e-01,-1.098197222e+00,4.821927845e-01,-3.629044294e-01,-3.199382782e+00,-3.110358715e+00,-2.625079870e+00,-2.579724789e+00,-2.272364855e+00,-2.505107880e+00,-3.551339149e+00,1.452205300e+00,4.000000000e+00,6.000000000e+00,6.000000000e+00,0.000000000e+00,4.056327939e-01,2.475262880e+00,-2.959577739e-01,1.000000000e+00,-1.625359774e+00,-3.249859571e+00,-2.606329620e-01,2.475262165e+00,-3.366687536e+00,-1.978153944e+00,3.043039083e+00,1.452205300e+00,4.000000000e+00,4.000000000e+00,0.000000000e+00,3.000000000e+00,4.000000000e+00,1.700000000e+01,1.000000000e+00,1.000000000e+00,-4.596237659e+00,-1.684806705e+00,-1.007642373e-01,-4.587703228e+00,1.000000000e+00,4.342942646e-07,9.632809758e-01
5,2,1,7.987870574e-01,4.874492884e-01,-1.252348304e+00,5.145706534e-01,-3.305265903e-01,-3.171722174e+00,-3.111965179e+00,-2.587392569e+00,-2.571591616e+00,-2.276140928e+00,-2.538216829e+00,-3.482384443e+00,-1.344258428e+00,3.000000000e+00,6.000000000e+00,6.000000000e+00,0.000000000e+00,6.850888729e-01,2.618769407e+00,-2.635799348e-01,1.000000000e+00,-1.739781380e+00,-3.478077173e+00,1.941368580e-01,2.618766546e+00,-2.864748240e+00,-2.051094294e+00,2.720057249e+00,1.344258428e+00,2.000000000e+00,2.000000000e+00,0.000000000e+00,2.000000000e+00,4.000000000e+00,2.200000000e+01,1.000000000e+00,1.000000000e+00,-5.610386372e+00,-2.499281883e+00,-1.521959543e+00,-5.609572411e+00,1.000000000e+00,4.342942646e-07,9.792776704e-01
5,3,0,6.048217416e-01,4.489971399e-01,-1.382561564e+00,6.090086102e-01,-2.360888124e-01,-3.182626009e+00,-3.136155844e+00,-2.525225163e+00,-2.575650692e+00,-2.369444370e+00,-2.436052084e+00,-3.338165283e+00,-8.985599279e-01,3.000000000e+00,6.000000000e+00,6.000000000e+00,0.000000000e+00,-9.704556465e-01,1.884319305e+00,-1.691421270e-01,1.000000000e+00,-1.831539392e+00,-3.660923958e+00,-4.266352057e-01,1.884314060e+00,-3.450221062e+00,-1.987351537e+00,2.516782284e+00,8.985599279e-01,1.000000000e+00,0.000000000e+00,1.000000000e+00,3.000000000e+00,-2.000000000e+00,7.000000000e+00,1.000000000e+00,1.000000000e+00,-4.667073727e+00,-1.958035111e+00,-2.625244260e-01,-4.662536621e+00,1.000000000e+00,4.342942646e-07,9.875835776e-01
5,4,0,9.202062488e-01,3.830923438e-01,-1.015211344e+00,1.299724460e+00,2.583319843e-01,-2.987956285e+00,-2.833257675e+00,-2.522781849e+00,-2.346240759e+00,-1.985770702e+00,-2.318292618e+00,-3.524038792e+00,-1.908126593e+00,7.000000000e+00,6.000000000e+00,8.000000000e+00,0.000000000e+00,6.794760823e-01,2.325551987e+00,3.966346085e-01,1.000000000e+00,-1.398297310e+00,-2.796212912e+00,-2.503587008e-01,2.325550318e+00,-2.979374647e+00,-1.935384750e+00,2.936262846e+00,1.908126593e+00,2.000000000e+00,2.000000000e+00,0.000000000e+00,3.000000000e+00,-4.000000000e+00,2.200000000e+01,3.000000000e+00,1.000000000e+00,-4.508633137e+00,-1.349243164e+00,6.008971110e-02,-4.490223408e+00,1.000000000e+00,4.342942646e-07,9.943365455e-01
6,0,1,7.652628422e-01,7.631624341e-01,-1.083610535e+00,1.384710312e+00,3.433176875e-01,-3.279797077e+00,-3.476051331e+00,-2.397886515e+00,-2.819104671e+00,-2.395786524e+00,-2.611860275e+00,-3.281893253e+00,9.842913598e-02,4.000000000e+00,7.000000000e+00,8.000000000e+00,0.000000000e+00,1.323746800e+00,3.057779551e+00,4.816203415e-01,1.000000000e+00,-1.846747637e+00,-3.691414118e+00,9.547209740e-01,3.057766199e+00,-2.627648354e+00,-1.848847866e+00,2.526510000e+00,9.842913598e-02,4.000000000e+00,0.000000000e+00,4.000000000e+00,3.000000000e+00,0.000000000e+00,4.000000000e+00,1.000000000e+00,1.000000000e+00,-5.135678768e+00,-2.092595816e+00,-4.987307489e-01,-5.132660389e+00,1.000000000e+00,4.342942646e-07,1.689753085e-01
6,1,1,8.547167778e-01,4.796896279e-01,-1.236017466e+00,5.565760136e-01,-3.976655900e-01,-3.173810959e+00,-3.061588764e+00,-2.552814007e+00,-2.466375828e+00,-2.177876711e+00,-2.570054054e+00,-3.547950268e+00,1.508932114e+00,4.000000000e+00,7.000000000e+00,7.000000000e+00,0.000000000e+00,6.213319302e-01,2.488661051e+00,-2.885213494e-01,1.000000000e+00,-1.715691805e+00,-3.430042505e+00,7.494115233e-01,2.488588810e+00,-2.196712971e+00,-2.090688229e+00,2.027715921e+00,1.508932114e+00,3.000000000e+00,3.000000000e+00,0.000000000e+00,3.000000000e+00,4.000000000e+00,2.100000000e+01,1.000000000e+00,1.000000000e+00,-5.249809742e+00,-2.352581501e+00,-1.270057082e+00,-5.248227119e+00,1.000000000e+00,4.342942646e-07,9.813743234e-01
6,2,0,7.812139392e-01,3.529221714e-01,-1.197597980e+00,4.603632689e-01,-5.810279250e-01,-3.071332455e+00,-2.957965374e+00,-2.490639687e+00,-2.428159714e+00,-2.062432051e+00,-2.331478119e+00,-3.498764753e+00,-1.642574310e+00,6.000000000e+00,7.000000000e+00,8.000000000e+00,0.000000000e+00,2.343501747e-01,2.179666519e+00,-4.427256882e-01,1.000000000e+00,-1.550511360e+00,-3.100336790e+00,4.205078259e-02,2.179655075e+00,-2.738909483e+00,-1.978777409e+00,2.503292799e+00,1.642574310e+00,1.000000000e+00,1.000000000e+00,0.000000000e+00,1.000000000e+00,-5.000000000e+00,2.100000000e+01,1.000000000e+00,1.000000000e+00,-4.891164780e+00,-1.595679998e+00,-6.802061945e-02,-4.881121635e+00,1.000000000e+00,4.342942646e-07,9.958986640e-01
7,0,0,5.522968769e-01,5.470275879e-01,-1.359394550e+00,8.086356521e-01,-1.456063390e-01,-3.137921810e+00,-3.272936583e+00,-2.340879202e+00,-2.684072971e+00,-2.335611105e+00,-2.458585978e+00,-3.143183947e+00,1.560909748e-01,4.000000000e+00,7.000000000e+00,7.000000000e+00,0.000000000e+00,8.125113249e-01,2.741961002e+00,-3.646200895e-02,1.000000000e+00,-1.906396747e+00,-3.810032606e+00,-1.422643214e-01,2.741960526e+00,-3.372550011e+00,-1.911665678e+00,3.232512236e+00,1.560909748e-01,1.000000000e+00,0.000000000e+00,1.000000000e+00,3.000000000e+00,0.000000000e+00,2.000000000e+00,1.000000000e+00,1.000000000e+00,-4.846624851e+00,-2.165038824e+00,-5.232585669e-01,-4.843872547e+00,1.000000000e+00,4.342942646e-07,9.503644109e-01
7,1,0,8.197017908e-01,5.243881345e-01,-1.228686690e+00,2.777969539e-01,-5.672997236e-01,-3.199500799e+00,-3.158159018e+00,-2.586731434e+00,-2.609420061e+00,-2.291500568e+00,-2.572415590e+00,-3.494145632e+00,-1.301725745e+00,3.000000000e+00,6.000000000e+00,6.000000000e+00,0.000000000e+00,5.643320084e-01,2.573753357e+00,-5.003531575e-01,1.000000000e+00,-1.753057480e+00,-3.504568100e+00,9.961985797e-02,2.573750734e+00,-3.033895493e+00,-2.048347235e+00,2.792001963e+00,1.301725745e+00,1.000000000e+00,1.000000000e+00,0.000000000e+00,3.000000000e+00,-4.000000000e+00,3.300000000e+01,1.000000000e+00,1.000000000e+00,-5.441205025e+00,-2.050197363e+00,-5.865550637e-01,-5.438413620e+00,1.000000000e+00,3.261919916e-01,9.647744894e-01
7,2,0,1.114040971e+00,4.906564057e-01,-8.569424152e-01,5.326802731e-01,-5.087112188e-01,-3.053563595e+00,-2.905398369e+00,-2.586682320e+00,-2.426096916e+00,-1.963425636e+00,-2.461437941e+00,-3.675378323e+00,2.114069223e+00,7.000000000e+00,6.000000000e+00,8.000000000e+00,0.000000000e+00,1.033733845e+00,2.480334759e+00,-3.704088628e-01,1.000000000e+00,-1.347592235e+00,-2.694909334e+00,2.799365483e-02,2.480332136e+00,-2.888539553e+00,-1.970945954e+00,2.914977551e+00,2.114069223e+00,1.000000000e+00,1.000000000e+00,0.000000000e+00,1.000000000e+00,5.000000000e+00,8.000000000e+00,2.000000000e+00,1.000000000e+00,-4.698985577e+00,-1.415020466e+00,-1.007972807e-01,-4.683402061e+00,1.000000000e+00,7.083587646e-01,9.783330560e-01
7,3,0,9.974929094e-01,4.585196078e-01,-1.078580618e+00,3.010645509e-01,-6.531762481e-01,-3.095267534e+00,-2.991067886e+00,-2.612358809e+00,-2.506246567e+00,-2.073512077e+00,-2.534297705e+00,-3.632912874e+00,1.912599802e+00,5.000000000e+00,7.000000000e+00,7.000000000e+00,0.000000000e+00,3.398786783e-01,2.243509769e+00,-5.440322161e-01,1.000000000e+00,-1.537090421e+00,-3.073544264e+00,3.103624098e-02,2.243501663e+00,-2.933496714e+00,-2.076027155e+00,2.645158291e+00,1.912599802e+00,1.000000000e+00,1.000000000e+00,0.000000000e+00,2.000000000e+00,-4.000000000e+00,2.900000000e+01,1.000000000e+00,1.000000000e+00,-4.927546024e+00,-1.377486587e+00,3.564204276e-01,-4.911190033e+00,1.000000000e+00,4.342942646e-07,9.859580398e-01
8,0,0,1.179059148e+00,1.092604995e+00,-6.964244246e-01,5.625556707e-01,-3.916859031e-01,-3.452420712e+00,-3.415493250e+00,-2.568300486e+00,-2.718453646e+00,-2.481875420e+00,-2.967653990e+00,-3.538604021e+00,6.521083713e-01,4.000000000e+00,7.000000000e+00,7.000000000e+00,0.000000000e+00,1.160914540e+00,3.062464476e+00,-2.825416923e-01,1.000000000e+00,-1.789004683e+00,-3.576388836e+00,-8.407095075e-01,3.062464476e+00,-4.632934093e+00,-1.875452995e+00,4.138278961e+00,6.521083713e-01,4.000000000e+00,0.000000000e+00,4.000000000e+00,3.000000000e+00,1.000000000e+00,9.000000000e+00,1.000000000e+00,1.000000000e+00,-5.063879490e+00,-2.310750246e+00,-1.039354324e+00,-5.062006474e+00,1.000000000e+00,4.342942646e-07,3.914519482e-07
8,1,1,1.221620560e+00,5.996918082e-01,-7.525902390e-01,5.911633968e-01,-3.630782068e-01,-3.176484346e+00,-3.016668558e+00,-2.700172424e+00,-2.507884026e+00,-2.078409433e+00,-2.573696136e+00,-3.796339989e+00,-2.110617399e+00,6.000000000e+00,6.000000000e+00,7.000000000e+00,0.000000000e+00,1.391413957e-01,2.149015665e+00,-2.539339960e-01,1.000000000e+00,-1.352274656e+00,-2.704303026e+00,1.008864403e+00,2.147873878e+00,-2.098796844e+00,-1.974172473e+00,1.568558216e+00,2.110617399e+00,3.000000000e+00,3.000000000e+00,0.000000000e+00,3.000000000e+00,-5.000000000e+00,2.000000000e+00,3.000000000e+00,1.000000000e+00,-5.522950172e+00,-1.549509764e+00,-3.696210682e-01,-5.514857292e+00,1.000000000e+00,4.342942646e-07,8.852899075e-01
9,0,1,1.502440691e+00,7.494344711e-01,-3.577681482e-01,1.032763124e+00,-8.629163727e-03,-3.275388956e+00,-2.911369801e+00,-2.729990721e+00,-2.348981380e+00,-1.977176666e+00,-2.609457731e+00,-4.024594307e+00,-2.419118166e+00,8.000000000e+00,7.000000000e+00,8.000000000e+00,0.000000000e+00,1.004996896e+00,2.480649471e+00,1.296733916e-01,1.000000000e+00,-1.107198000e+00,-2.214326382e+00,1.339990377e+00,2.479510307e+00,-1.758497477e+00,-1.860178232e+00,1.511376143e+00,2.419118166e+00,3.000000000e+00,3.000000000e+00,0.000000000e+00,1.000000000e+00,-5.000000000e+00,2.300000000e+01,1.000000000e+00,1.000000000e+00,-4.252552032e+00,-1.193919182e+00,-1.160105765e-01,-4.226084232e+00,1.000000000e+00,4.342942646e-07,2.257988453e-01
9,1,0,8.447275758e-01,3.075988591e-01,-1.181499600e+00,7.200202942e-01,-3.213715553e-01,-3.014080763e+00,-2.859322309e+00,-2.470790148e+00,-2.343664408e+00,-1.933752537e+00,-2.333561897e+00,-3.550114155e+00,-1.908162236e+00,6.000000000e+00,7.000000000e+00,8.000000000e+00,0.000000000e+00,1.651280165e+00,2.759430408e+00,-1.830691248e-01,1.000000000e+00,-1.489091516e+00,-2.977620125e+00,6.895802170e-02,2.759429455e+00,-2.582235098e+00,-2.026187658e+00,3.100360632e+00,1.908162236e+00,2.000000000e+00,2.000000000e+00,0.000000000e+00,2.000000000e+00,5.000000000e+00,2.600000000e+01,3.000000000e+00,1.000000000e+00,-4.950481415e+00,-1.351823926e+00,3.140628934e-01,-4.933234692e+00,1.000000000e+00,4.342942646e-07,9.973723888e-01
10,0,1,8.467513323e-01,7.427954674e-01,-1.093998432e+00,8.197761178e-01,-1.344659179e-01,-3.357067108e+00,-3.182508230e+00,-2.574721098e+00,-2.533308983e+00,-2.470799923e+00,-2.683265924e+00,-3.460755825e+00,7.198116183e-01,4.000000000e+00,7.000000000e+00,7.000000000e+00,0.000000000e+00,1.538467884e+00,3.240162373e+00,-2.532154135e-02,1.000000000e+00,-1.836769223e+00,-3.671480179e+00,-2.172273248e-01,3.240162134e+00,-3.492130041e+00,-1.940717220e+00,3.519674778e+00,7.198116183e-01,3.000000000e+00,0.000000000e+00,3.000000000e+00,3.000000000e+00,2.000000000e+00,7.000000000e+00,2.000000000e+00,1.000000000e+00,-4.671968937e+00,-2.250407219e+00,-8.322334290e-01,-4.669650078e+00,1.000000000e+00,4.342942646e-07,2.569678426e-01
10,1,1,8.747657537e-01,7.257255912e-01,-1.059797525e+00,3.042243123e-01,-7.371662259e-01,-3.354561567e+00,-2.318781137e+00,-2.636706352e+00,-1.825372696e+00,-2.487720966e+00,-2.660017014e+00,-3.503199577e+00,8.765628338e-01,5.000000000e+00,7.000000000e+00,8.000000000e+00,0.000000000e+00,-1.669236302e+00,1.604660392e+00,-5.988641977e-01,1.000000000e+00,-1.785501480e+00,-3.569363594e+00,6.522591710e-01,1.601939678e+00,-1.898833752e+00,-1.934530973e+00,2.872216702e-01,8.765628338e-01,4.000000000e+00,1.000000000e+00,3.000000000e+00,3.000000000e+00,2.000000000e+00,6.000000000e+00,1.000000000e+00,1.000000000e+00,-5.573243618e+00,-1.889409065e+00,-2.189612091e-01,-5.569752216e+00,1.000000000e+00,-3.379045427e-01,3.462780714e-01
10,2,0,6.840400696e-01,4.448136687e-01,-1.337937832e+00,2.970859706e-01,-5.480107665e-01,-3.173735380e+00,-3.114839554e+00,-2.576657295e+00,-2.576202869e+00,-2.337500334e+00,-2.466434956e+00,-3.412486076e+00,1.148092747e+00,3.000000000e+00,6.000000000e+00,6.000000000e+00,0.000000000e+00,2.057749033e-01,2.440482140e+00,-4.810641706e-01,1.000000000e+00,-1.782734394e+00,-3.563689470e+00,-1.131522298e+00,2.440482140e+00,-4.146579266e+00,-2.021941662e+00,3.808571339e+00,1.148092747e+00,4.000000000e+00,1.000000000e+00,3.000000000e+00,3.000000000e+00,2.000000000e+00,6.000000000e+00,1.000000000e+00,1.000000000e+00,-5.442313671e+00,-2.878656149e+00,-2.193526983e+00,-5.441898823e+00,1.000000000e+00,1.064350367e+00,9.882275462e-01
10,3,0,7.844157815e-01,4.406392872e-01,-1.278968334e+00,9.686207771e-01,1.437863428e-02,-3.151577711e+00,-3.047052145e+00,-2.524149418e+00,-2.454496384e+00,-2.180452347e+00,-2.503657579e+00,-3.494611979e+00,-1.428915501e+00,4.000000000e+00,7.000000000e+00,7.000000000e+00,0.000000000e+00,8.132126927e-01,2.587124348e+00,1.235229969e-01,1.000000000e+00,-1.719592810e+00,-3.437804222e+00,-9.204069376e-01,2.587124348e+00,-3.812838316e+00,-2.063342094e+00,3.780608177e+00,1.428915501e+00,1.000000000e+00,1.000000000e+00,0.000000000e+00,1.000000000e+00,-5.000000000e+00,3.300000000e+01,1.000000000e+00,1.000000000e+00,-4.636886597e+00,-1.579391956e+00,2.578333318e-01,-4.626079559e+00,1.000000000e+00,1.063954949e+00,9.888315201e-01
10,4,0,7.853215337e-01,2.951738834e-01,-1.221181870e+00,1.246758699e+00,1.328154802e-01,-2.993551970e+00,-2.860465288e+00,-2.452054739e+00,-2.351357698e+00,-1.961990237e+00,-2.301381826e+00,-3.482805490e+00,-1.794503093e+00,7.000000000e+00,7.000000000e+00,9.000000000e+00,0.000000000e+00,3.485487700e-01,2.136305094e+00,2.925162613e-01,1.000000000e+00,-1.516348600e+00,-3.032042503e+00,-5.138275623e-01,2.136304140e+00,-3.159829855e+00,-2.006466627e+00,3.039240122e+00,1.794503093e+00,1.000000000e+00,1.000000000e+00,0.000000000e+00,2.000000000e+00,5.000000000e+00,3.100000000e+01,3.000000000e+00,1.000000000e+00,-4.820371628e+00,-1.544033051e+00,-3.019124083e-02,-4.808935165e+00,1.000000000e+00,1.202617660e-01,9.976559877e-01
10,5,0,1.014521956e+00,2.704655230e-01,-1.006565332e+00,8.135730624e-01,-3.003695011e-01,-2.854848862e+00,-2.666049004e+00,-2.318614721e+00,-2.174265385e+00,-1.574632168e+00,-2.291325569e+00,-3.597493887e+00,-2.398175001e+00,8.000000000e+00,7.000000000e+00,9.000000000e+00,0.000000000e+00,1.845240712e+00,2.497268915e+00,-1.406689137e-01,1.000000000e+00,-1.277026892e+00,-2.553768158e+00,-1.089964151e+00,2.497268677e+00,-3.533279657e+00,-2.021046162e+00,4.186122894e+00,2.398175001e+00,1.000000000e+00,1.000000000e+00,0.000000000e+00,2.000000000e+00,5.000000000e+00,3.100000000e+01,3.000000000e+00,1.000000000e+00,-4.672620296e+00,-1.167750359e+00,2.796861529e-01,-4.645368576e+00,1.000000000e+00,1.194767803e-01,9.981148243e-01
11,0,1,1.332050800e+00,7.497502565e-01,-6.104621887e-01,8.402647376e-01,-2.011273056e-01,-3.299560547e+00,-3.123376369e+00,-2.783556223e+00,-2.574612141e+00,-2.201450825e+00,-2.692024469e+00,-3.879425049e+00,-2.016373396e+00,7.000000000e+00,6.000000000e+00,8.000000000e+00,0.000000000e+00,-8.409053683e-01,1.781679511e+00,-6.282480061e-02,1.000000000e+00,-1.360204220e+00,-2.720173597e+00,5.499846339e-01,1.780931115e+00,-2.774282694e+00,-1.942476869e+00,1.604156375e+00,2.016373396e+00,2.000000000e+00,2.000000000e+00,0.000000000e+00,3.000000000e+00,-5.000000000e+00,7.000000000e+00,3.000000000e+00,1.000000000e+00,-4.812667847e+00,-1.926735282e+00,-1.122767568e+00,-4.807887554e+00,1.000000000e+00,1.143772364e+00,2.243736237e-01
11,1,0,1.190992594e+00,7.380069494e-01,-8.198364377e-01,8.990262151e-01,-5.521586165e-02,-3.306286097e+00,-3.123868227e+00,-2.480859041e+00,-2.336034060e+00,-2.027958632e+00,-2.748534918e+00,-3.757659197e+00,1.703587532e+00,4.000000000e+00,6.000000000e+00,7.000000000e+00,0.000000000e+00,-2.656544745e-01,1.895184398e+00,5.392845720e-02,1.000000000e+00,-1.557830572e+00,-3.115065813e+00,-2.838748991e-01,1.895174861e+00,-3.357021570e+00,-2.010787487e+00,2.486993074e+00,1.703587532e+00,1.000000000e+00,1.000000000e+00,0.000000000e+00,2.000000000e+00,-4.000000000e+00,1.700000000e+01,2.000000000e+00,1.000000000e+00,-5.742598534e+00,-3.561418533e+00,-4.006124973e+00,-5.742545605e+00,1.000000000e+00,1.143101692e+00,2.808010280e-01
11,2,1,1.199392796e+00,6.006025076e-01,-7.605763674e-01,6.277859807e-01,-4.136056900e-01,-3.180831909e+00,-3.019975662e+00,-2.699107647e+00,-2.514291763e+00,-2.100480080e+00,-2.560369492e+00,-3.777670860e+00,-2.055659533e+00,7.000000000e+00,6.000000000e+00,8.000000000e+00,0.000000000e+00,-8.204905391e-01,1.690629601e+00,-2.753033042e-01,1.000000000e+00,-1.361171365e+00,-2.722086906e+00,3.238380253e-01,1.690228224e+00,-2.790929794e+00,-1.959932089e+00,1.780222058e+00,2.055659533e+00,4.000000000e+00,4.000000000e+00,0.000000000e+00,3.000000000e+00,-5.000000000e+00,1.000000000e+01,3.000000000e+00,1.000000000e+00,-5.673252583e+00,-1.540602922e+00,-3.835338354e-01,-5.666689396e+00,1.000000000e+00,4.342942646e-07,8.835828304e-01
12,0,1,7.788690329e-01,5.864979625e-01,-1.208871007e+00,1.499548554e-01,-8.042852283e-01,-3.274790049e+00,-3.142860889e+00,-2.572262287e+00,-2.515629768e+00,-2.379949331e+00,-2.573942184e+00,-3.466705799e+00,1.012001157e+00,4.000000000e+00,7.000000000e+00,7.000000000e+00,0.000000000e+00,1.640550017e+00,3.200328588e+00,-6.951413751e-01,1.000000000e+00,-1.795348644e+00,-3.588923216e+00,1.497555524e-01,3.200328350e+00,-2.952125788e+00,-1.987704873e+00,3.186191082e+00,1.012001157e+00,2.000000000e+00,0.000000000e+00,2.000000000e+00,3.000000000e+00,2.000000000e+00,3.000000000e+00,1.000000000e+00,1.000000000e+00,-5.512269020e+00,-2.395577908e+00,-1.204098821e+00,-5.511092663e+00,1.000000000e+00,-4.657002166e-02,9.073408246e-01
12,1,0,1.155048847e+00,4.364864230e-01,-7.683607936e-01,1.533977151e+00,4.200338423e-01,-3.037723064e+00,-2.832472086e+00,-2.566328287e+00,-2.390077114e+00,-1.847895145e+00,-2.359754086e+00,-3.754286289e+00,2.338433504e+00,9.000000000e+00,7.000000000e+00,9.000000000e+00,0.000000000e+00,3.169025779e-01,2.006377220e+00,5.797346830e-01,1.000000000e+00,-1.204842687e+00,-2.409542799e+00,-1.105717063e+00,2.006376982e+00,-3.928691626e+00,-1.923375726e+00,3.652999163e+00,2.338433504e+00,1.000000000e+00,1.000000000e+00,0.000000000e+00,1.000000000e+00,5.000000000e+00,3.000000000e+01,1.000000000e+00,1.000000000e+00,-4.344500065e+00,-1.179398179e+00,-4.754500464e-03,-4.317273617e+00,1.000000000e+00,4.342942646e-07,9.893966913e-01
13,0,0,9.752063751e-01,4.567676783e-01,-1.045659065e+00,9.916963577e-01,-4.969587550e-02,-3.104414463e+00,-2.985290051e+00,-2.616555214e+00,-2.502169847e+00,-2.098241806e+00,-2.477384329e+00,-3.621585131e+00,-1.863097787e+00,6.000000000e+00,7.000000000e+00,8.000000000e+00,0.000000000e+00,6.857842207e-01,2.441188335e+00,8.860664815e-02,1.000000000e+00,-1.502417684e+00,-3.004301071e+00,-5.853124261e-01,2.441188097e+00,-3.542870760e+00,-2.020824671e+00,3.429982901e+00,1.863097787e+00,2.000000000e+00,2.000000000e+00,0.000000000e+00,2.000000000e+00,5.000000000e+00,1.500000000e+01,3.000000000e+00,1.000000000e+00,-5.045595646e+00,-1.593740940e+00,-1.602318138e-01,-5.035867691e+00,1.000000000e+00,1.332435966e+00,9.862748384e-01
13,1,0,1.117704034e+00,4.172846973e-01,-8.936347365e-01,6.854059100e-01,-3.559859097e-01,-2.950987339e+00,-2.810380936e+00,-2.500940323e+00,-2.344069242e+00,-1.800630927e+00,-2.428400993e+00,-3.649851084e+00,2.295837879e+00,7.000000000e+00,7.000000000e+00,8.000000000e+00,0.000000000e+00,1.578922629e+00,2.590120554e+00,-2.176835090e-01,1.000000000e+00,-1.310913801e+00,-2.621554375e+00,-1.147706136e-01,2.590119600e+00,-2.875894308e+00,-2.011297703e+00,3.248272657e+00,2.295837879e+00,1.000000000e+00,1.000000000e+00,0.000000000e+00,2.000000000e+00,-5.000000000e+00,2.700000000e+01,3.000000000e+00,1.000000000e+00,-4.935590744e+00,-2.372658253e+00,-2.119929314e+00,-4.933911800e+00,1.000000000e+00,1.332173705e+00,9.916097522e-01
14,0,1,1.071941733e+00,6.458791494e-01,-9.584051371e-01,9.564354420e-01,2.193309832e-03,-3.280708790e+00,-3.190608501e+00,-2.709219933e+00,-2.643508673e+00,-2.283296347e+00,-2.675941229e+00,-3.705391645e+00,-1.637039781e+00,4.000000000e+00,6.000000000e+00,7.000000000e+00,0.000000000e+00,1.248740673e+00,2.907753229e+00,1.113376990e-01,1.000000000e+00,-1.604270697e+00,-3.207792521e+00,5.302485228e-01,2.907749414e+00,-2.759081125e+00,-2.030304432e+00,2.737764597e+00,1.637039781e+00,5.000000000e+00,5.000000000e+00,0.000000000e+00,3.000000000e+00,-4.000000000e+00,5.000000000e+00,1.000000000e+00,1.000000000e+00,-4.040943146e+00,-1.945010543e+00,-6.913212538e-01,-4.036096096e+00,1.000000000e+00,4.342942646e-07,7.596383691e-01
14,1,0,1.082254767e+00,5.422374010e-01,-9.372305274e-01,1.028313518e+00,-1.307878084e-02,-3.117179155e+00,-2.985545397e+00,-2.568896770e+00,-2.418193579e+00,-2.028993845e+00,-2.561462641e+00,-3.655795097e+00,1.915110707e+00,6.000000000e+00,7.000000000e+00,8.000000000e+00,0.000000000e+00,-2.486945629e+00,7.927396894e-01,1.252237856e-01,1.000000000e+00,-1.479458570e+00,-2.958443165e+00,9.013819695e-02,7.840253115e-01,-2.870084763e+00,-2.019443750e+00,1.083062172e+00,1.915110707e+00,1.000000000e+00,1.000000000e+00,0.000000000e+00,2.000000000e+00,-5.000000000e+00,1.000000000e+00,3.000000000e+00,1.000000000e+00,-4.877031326e+00,-1.663985133e+00,-3.500311077e-01,-4.868412971e+00,1.000000000e+00,4.342942646e-07,9.538868666e-01
14,2,0,1.006049991e+00,4.830838144e-01,-9.939520359e-01,1.374546647e+00,2.606034875e-01,-3.100187540e+00,-2.872698545e+00,-2.488749743e+00,-2.262622833e+00,-1.965877295e+00,-2.482846022e+00,-3.621878862e+00,-1.874031425e+00,7.000000000e+00,8.000000000e+00,9.000000000e+00,0.000000000e+00,6.938520819e-02,2.000610590e+00,4.203042686e-01,1.000000000e+00,-1.477027059e+00,-2.953577757e+00,-6.976132393e-01,2.000609636e+00,-3.442197323e+00,-1.999962926e+00,2.994613886e+00,1.874031425e+00,1.000000000e+00,1.000000000e+00,0.000000000e+00,2.000000000e+00,5.000000000e+00,2.000000000e+00,3.000000000e+00,1.000000000e+00,-4.021339893e+00,-2.472009420e+00,-1.993077755e+00,-4.019893169e+00,2.000000000e+00,4.342942646e-07,9.804887772e-01
14,3,1,8.887760639e-01,4.223765135e-01,-1.135486960e+00,2.892548442e-01,-5.558418632e-01,-3.130033731e+00,-2.979855061e+00,-2.545713186e+00,-2.419112444e+00,-2.079414129e+00,-2.446386814e+00,-3.595305681e+00,-1.736520886e+00,4.000000000e+00,6.000000000e+00,6.000000000e+00,0.000000000e+00,1.249008179e+00,2.703973532e+00,-4.888953269e-01,1.000000000e+00,-1.557853580e+00,-3.115035057e+00,3.522639275e-01,2.703969240e+00,-2.489205122e+00,-2.024223089e+00,2.691415071e+00,1.736520886e+00,3.000000000e+00,3.000000000e+00,0.000000000e+00,1.000000000e+00,-5.000000000e+00,2.100000000e+01,1.000000000e+00,1.000000000e+00,-5.101089001e+00,-2.124614716e+00,-1.140094638e+00,-5.098250389e+00,1.000000000e+00,1.156661272e+00,9.910809398e-01
14,4,0,8.172832727e-01,4.208441377e-01,-1.287214875e+00,1.098978043e+00,1.447357982e-01,-3.121024370e+00,-3.081524134e+00,-2.490423203e+00,-2.514732599e+00,-2.094064474e+00,-2.524933815e+00,-3.516608477e+00,1.563027620e+00,4.000000000e+00,7.000000000e+00,7.000000000e+00,0.000000000e+00,1.301343441e+00,2.744790077e+00,2.538802326e-01,1.000000000e+00,-1.708045006e+00,-3.414733410e+00,-3.309702575e-01,2.744790077e+00,-3.265888214e+00,-2.104451418e+00,3.496213198e+00,1.563027620e+00,1.000000000e+00,1.000000000e+00,0.000000000e+00,1.000000000e+00,5.000000000e+00,2.600000000e+01,1.000000000e+00,1.000000000e+00,-4.621129513e+00,-2.104781151e+00,-7.866858840e-01,-4.617872715e+00,1.000000000e+00,1.156859159e+00,9.912440777e-01
14,5,0,8.182690740e-01,3.244898319e-01,-1.248178720e+00,6.550424099e-01,-2.991993427e-01,-2.961132288e+00,-2.860809803e+00,-2.428338528e+00,-2.325404406e+00,-1.934638381e+00,-2.390513659e+00,-3.454071283e+00,-1.803335905e+00,5.000000000e+00,6.000000000e+00,7.000000000e+00,0.000000000e+00,1.168636799e+00,2.518993855e+00,-1.900550872e-01,1.000000000e+00,-1.572659850e+00,-3.144421339e+00,-1.494366884e+00,2.518993855e+00,-4.138352871e+00,-2.066404819e+00,4.401335716e+00,1.803335905e+00,3.000000000e+00,3.000000000e+00,0.000000000e+00,2.000000000e+00,4.000000000e+00,2.100000000e+01,4.000000000e+00,1.000000000e+00,-4.328988552e+00,-1.678124547e+00,-1.925187260e-01,-4.320160389e+00,1.000000000e+00,9.375708103e-01,9.969146252e-01
14,6,0,9.869878888e-01,3.158157468e-01,-1.030399442e+00,6.437491775e-01,-4.701929986e-01,-2.914684296e+00,-2.749665022e+00,-2.382843733e+00,-2.245549679e+00,-1.711753845e+00,-2.332962990e+00,-3.584541559e+00,-2.227013826e+00,8.000000000e+00,7.000000000e+00,9.000000000e+00,0.000000000e+00,1.168107390e+00,2.295830488e+00,-3.104925752e-01,1.000000000e+00,-1.346210003e+00,-2.692074537e+00,-4.760333598e-01,2.295830011e+00,-3.037003279e+00,-2.017346859e+00,3.305485725e+00,2.227013826e+00,1.000000000e+00,1.000000000e+00,0.000000000e+00,1.000000000e+00,-5.000000000e+00,3.200000000e+01,1.000000000e+00,1.000000000e+00,-4.108948231e+00,-1.581193089e+00,-4.468920827e-01,-4.097846508e+00,1.000000000e+00,9.378718138e-01,9.971610308e-01
15,0,0,7.595347762e-01,5.703936815e-01,-1.238608956e+00,7.123532891e-01,-1.327443123e-01,-3.260343790e+00,-3.211596012e+00,-2.537921906e+00,-2.588990450e+00,-2.348833799e+00,-2.568226576e+00,-3.449053526e+00,1.002273798e+00,3.000000000e+00,6.000000000e+00,6.000000000e+00,0.000000000e+00,9.746106863e-01,2.836236477e+00,-6.579758227e-02,1.000000000e+00,-1.808982015e+00,-3.616064787e+00,1.534112841e-01,2.836235523e+00,-3.005701542e+00,-1.998108029e+00,2.922934771e+00,1.002273798e+00,1.000000000e+00,0.000000000e+00,1.000000000e+00,3.000000000e+00,2.000000000e+00,9.000000000e+00,1.000000000e+00,1.000000000e+00,-5.408846855e+00,-2.072241783e+00,-5.338876843e-01,-5.406121254e+00,1.000000000e+00,4.342942646e-07,9.284126759e-01
15,1,0,9.761934280e-01,4.038521647e-01,-9.454125166e-01,1.068893313e+00,2.750098333e-02,-3.030401468e+00,-2.878782511e+00,-2.481793880e+00,-2.389190197e+00,-1.909548879e+00,-2.325282574e+00,-3.601470470e+00,1.992593646e+00,7.000000000e+00,6.000000000e+00,8.000000000e+00,0.000000000e+00,3.578663170e-01,2.088536739e+00,1.658035666e-01,1.000000000e+00,-1.349258661e+00,-2.698232412e+00,8.929917961e-02,2.088515043e+00,-2.703629971e+00,-1.921573520e+00,2.478841782e+00,1.992593646e+00,1.000000000e+00,1.000000000e+00,0.000000000e+00,1.000000000e+00,5.000000000e+00,2.000000000e+00,1.000000000e+00,1.000000000e+00,-5.907644749e+00,-2.923711538e+00,-3.150035620e+00,-5.907545567e+00,1.000000000e+00,6.209599972e-01,9.928358197e-01
15,2,1,7.322669029e-01,4.034840167e-01,-1.259067655e+00,8.576070666e-01,1.250936650e-02,-3.118182182e+00,-3.040596962e+00,-2.552392960e+00,-2.520817757e+00,-2.223692417e+00,-2.394511223e+00,-3.446320057e+00,1.390008688e+00,4.000000000e+00,6.000000000e+00,6.000000000e+00,0.000000000e+00,5.262110233e-01,2.487176418e+00,7.945612818e-02,1.000000000e+00,-1.662539244e+00,-3.323994875e+00,1.125287056e+00,2.486765862e+00,-1.799131274e+00,-1.991299748e+00,1.658665061e+00,1.390008688e+00,4.000000000e+00,4.000000000e+00,0.000000000e+00,3.000000000e+00,4.000000000e+00,2.000000000e+01,3.000000000e+00,1.000000000e+00,-4.251082420e+00,-1.891166329e+00,-4.683680236e-01,-4.245636940e+00,1.000000000e+00,6.207154393e-01,9.928662777e-01
15,3,0,6.015411615e-01,3.314656019e-01,-1.444059372e+00,7.914994359e-01,-1.627425253e-01,-3.081884861e+00,-3.021490574e+00,-2.467945099e+00,-2.459970951e+00,-2.197928429e+00,-2.376598835e+00,-3.351508379e+00,1.233604193e+00,4.000000000e+00,7.000000000e+00,7.000000000e+00,0.000000000e+00,1.101588964e+00,2.748791695e+00,-5.359818786e-02,1.000000000e+00,-1.775510907e+00,-3.549157143e+00,-3.699645773e-02,2.748790979e+00,-2.828265905e+00,-2.045564413e+00,3.047750950e+00,1.233604193e+00,1.000000000e+00,1.000000000e+00,0.000000000e+00,2.000000000e+00,-3.000000000e+00,3.000000000e+01,2.000000000e+00,1.000000000e+00,-4.512587547e+00,-2.289784431e+00,-1.024192691e+00,-4.510437489e+00,1.000000000e+00,4.342942646e-07,9.966970682e-01
16,0,1,1.050070405e+00,5.151645541e-01,-9.559296966e-01,1.206106067e+00,9.216297418e-02,-3.045274973e+00,-2.939922333e+00,-2.578768253e+00,-2.450044155e+00,-2.043979168e+00,-2.520883560e+00,-3.579012394e+00,-1.902812123e+00,7.000000000e+00,7.000000000e+00,9.000000000e+00,0.000000000e+00,1.227202773e+00,2.657628298e+00,2.518637478e-01,1.000000000e+00,-1.471085310e+00,-2.941675425e+00,-7.907782793e-01,2.657628298e+00,-3.753642321e+00,-2.005960226e+00,3.853793144e+00,1.902812123e+00,2.000000000e+00,2.000000000e+00,0.000000000e+00,1.000000000e+00,-5.000000000e+00,4.000000000e+00,1.000000000e+00,1.000000000e+00,-4.556613922e+00,-1.425821781e+00,5.854375660e-02,-4.541186810e+00,1.000000000e+00,1.096208811e+00,9.692522883e-01
16,1,0,1.220160365e+00,4.980993569e-01,-7.823367119e-01,6.203149557e-01,-4.936271310e-01,-3.065035820e+00,-2.892049074e+00,-2.604638577e+00,-2.414413214e+00,-1.882719040e+00,-2.500405073e+00,-3.784946680e+00,2.346639395e+00,8.000000000e+00,7.000000000e+00,9.000000000e+00,0.000000000e+00,8.839290142e-01,2.324722528e+00,-3.339267075e-01,1.000000000e+00,-1.280430317e+00,-2.560662746e+00,5.542154610e-02,2.324716330e+00,-2.856891394e+00,-2.002456188e+00,2.800969362e+00,2.346639395e+00,1.000000000e+00,1.000000000e+00,0.000000000e+00,1.000000000e+00,5.000000000e+00,2.000000000e+01,1.000000000e+00,1.000000000e+00,-4.711003304e+00,-1.305216670e+00,-5.460039247e-03,-4.691067219e+00,1.000000000e+00,8.049378395e-01,9.759450555e-01
16,2,0,8.966239095e-01,4.935400784e-01,-1.163148403e+00,8.453242779e-01,-1.960678250e-01,-3.175243139e+00,-3.069246531e+00,-2.579956293e+00,-2.490873337e+00,-2.176972389e+00,-2.552995682e+00,-3.577333450e+00,1.579707980e+00,5.000000000e+00,7.000000000e+00,8.000000000e+00,0.000000000e+00,-6.396083832e-01,1.857356787e+00,-5.776530132e-02,1.000000000e+00,-1.656674862e+00,-3.312329292e+00,2.944561839e-01,1.857194185e+00,-2.689878941e+00,-2.059728861e+00,1.876640081e+00,1.579707980e+00,3.000000000e+00,3.000000000e+00,0.000000000e+00,3.000000000e+00,4.000000000e+00,3.200000000e+01,4.000000000e+00,1.000000000e+00,-4.851265907e+00,-2.520988703e+00,-1.726233006e+00,-4.850052357e+00,1.000000000e+00,8.076083064e-01,9.774414897e-01
17,0,0,8.083840609e-01,4.773315191e-01,-1.253438711e+00,8.178911805e-01,-2.720648050e-02,-3.162653446e+00,-3.102199316e+00,-2.594150066e+00,-2.572388887e+00,-2.263188601e+00,-2.538779974e+00,-3.492984772e+00,-1.395921826e+00,3.000000000e+00,6.000000000e+00,6.000000000e+00,0.000000000e+00,-1.913239360e+00,1.306663871e+00,3.974019736e-02,1.000000000e+00,-1.730754375e+00,-3.460069418e+00,-5.410935283e-01,1.306620121e+00,-3.589287281e+00,-2.061780453e+00,2.156434298e+00,1.395921826e+00,1.000000000e+00,1.000000000e+00,0.000000000e+00,2.000000000e+00,4.000000000e+00,1.100000000e+01,3.000000000e+00,1.000000000e+00,-4.628386497e+00,-3.314338684e+00,-3.168694258e+00,-4.628185272e+00,1.000000000e+00,4.342942646e-07,9.819625020e-01
17,1,0,7.786235213e-01,4.517803192e-01,-1.286409855e+00,8.009946346e-01,-1.532473564e-01,-3.170602798e+00,-3.064668655e+00,-2.539773941e+00,-2.471106052e+00,-2.213010311e+00,-2.516449451e+00,-3.496724606e+00,-1.384948492e+00,4.000000000e+00,7.000000000e+00,7.000000000e+00,0.000000000e+00,-3.470694423e-01,2.039553881e+00,-4.410300404e-02,1.000000000e+00,-1.738174558e+00,-3.474868774e+00,-1.043850929e-01,2.039542675e+00,-3.026938200e+00,-2.064991474e+00,2.401918173e+00,1.384948492e+00,2.000000000e+00,2.000000000e+00,0.000000000e+00,2.000000000e+00,4.000000000e+00,1.100000000e+01,3.000000000e+00,1.000000000e+00,-4.868141651e+00,-1.536449552e+00,3.785729110e-01,-4.856601238e+00,1.000000000e+00,1.274507284e+00,9.871323109e-01
17,2,0,7.037934065e-01,4.211800396e-01,-1.339434147e+00,7.952133417e-01,-1.590286195e-01,-3.149884701e+00,-3.073956728e+00,-2.518419743e+00,-2.492171049e+00,-2.235874891e+00,-2.464027882e+00,-3.431936026e+00,1.267630577e+00,4.000000000e+00,7.000000000e+00,7.000000000e+00,0.000000000e+00,-1.532787442e+00,1.469731331e+00,-4.988428578e-02,1.000000000e+00,-1.760598302e+00,-3.519545555e+00,1.180270314e-02,1.469467521e+00,-2.901337385e+00,-2.043189049e+00,1.713890076e+00,1.267630577e+00,1.000000000e+00,1.000000000e+00,0.000000000e+00,2.000000000e+00,-3.000000000e+00,3.000000000e+01,3.000000000e+00,1.000000000e+00,-4.384929657e+00,-2.149438381e+00,-7.715719938e-01,-4.381936550e+00,1.000000000e+00,4.093168080e-01,9.912085533e-01
17,3,1,1.052989006e+00,4.139379859e-01,-9.220526218e-01,9.964594245e-01,-1.174834296e-01,-3.034752607e+00,-2.864889622e+00,-2.564353466e+00,-2.388741970e+00,-1.925425053e+00,-2.388794661e+00,-3.672227621e+00,2.151170492e+00,8.000000000e+00,7.000000000e+00,9.000000000e+00,0.000000000e+00,1.094776869e+00,2.472939491e+00,4.221720248e-02,1.000000000e+00,-1.335984707e+00,-2.671701908e+00,8.076488376e-01,2.472838163e+00,-1.995094299e+00,-1.975004315e+00,2.128559351e+00,2.151170492e+00,4.000000000e+00,4.000000000e+00,0.000000000e+00,3.000000000e+00,5.000000000e+00,1.500000000e+01,3.000000000e+00,1.000000000e+00,-4.088355541e+00,-1.457633138e+00,-2.124812007e-01,-4.073652267e+00,1.000000000e+00,4.091522992e-01,9.919371605e-01
18,0,1,1.585349083e+00,8.929014206e-01,-3.474703431e-01,8.686370850e-01,-1.727550328e-01,-3.299459457e+00,-3.048560381e+00,-2.594028473e+00,-2.492207766e+00,-1.901716709e+00,-2.825415134e+00,-3.988523245e+00,2.277098894e+00,7.000000000e+00,7.000000000e+00,8.000000000e+00,0.000000000e+00,6.818962693e-01,2.242770910e+00,-3.445250914e-02,1.000000000e+00,-1.240365148e+00,-2.480598211e+00,5.154467225e-01,2.242694616e+00,-2.869475842e+00,-1.932783246e+00,2.317798138e+00,2.277098894e+00,4.000000000e+00,4.000000000e+00,0.000000000e+00,1.000000000e+00,5.000000000e+00,1.300000000e+01,1.000000000e+00,1.000000000e+00,-5.836708546e+00,-1.604606867e+00,-7.498241067e-01,-5.833339214e+00,1.000000000e+00,4.342942646e-07,3.579288954e-03
18,1,1,1.073354721e+00,6.476853490e-01,-8.864373565e-01,-3.118541650e-02,-1.145123243e+00,-3.231306553e+00,-3.109142065e+00,-2.646445513e+00,-2.532044649e+00,-2.220896244e+00,-2.607229710e+00,-3.655746222e+00,1.636063218e+00,7.000000000e+00,7.000000000e+00,9.000000000e+00,0.000000000e+00,7.315449715e-01,2.586778164e+00,-9.854242206e-01,1.000000000e+00,-1.534111142e+00,-3.067669153e+00,7.645813227e-01,2.586729050e+00,-2.415183544e+00,-1.959756017e+00,2.133346796e+00,1.636063218e+00,4.000000000e+00,4.000000000e+00,0.000000000e+00,3.000000000e+00,4.000000000e+00,2.000000000e+01,3.000000000e+00,1.000000000e+00,-4.631502628e+00,-1.518801808e+00,4.707764369e-03,-4.619092941e+00,1.000000000e+00,4.342942646e-07,7.528402209e-01
18,2,1,9.326959252e-01,4.337385893e-01,-1.116487861e+00,7.512607574e-01,-2.901311815e-01,-3.000409603e+00,-2.941899300e+00,-2.289134026e+00,-2.368455172e+00,-1.790234208e+00,-2.482550859e+00,-3.498431206e+00,-1.815915704e+00,5.000000000e+00,6.000000000e+00,8.000000000e+00,0.000000000e+00,9.368814230e-01,2.258777142e+00,-1.518287063e-01,1.000000000e+00,-1.550216556e+00,-3.099672079e+00,5.448300838e-01,2.258696079e+00,-2.257386446e+00,-2.049140930e+00,2.292132616e+00,1.815915704e+00,4.000000000e+00,4.000000000e+00,0.000000000e+00,1.000000000e+00,-5.000000000e+00,1.400000000e+01,1.000000000e+00,1.000000000e+00,-5.303218842e+00,-1.993084311e+00,-8.945668340e-01,-5.299707890e+00,1.000000000e+00,1.410388470e+00,9.897521734e-01
18,3,0,1.141861796e+00,4.042296410e-01,-7.107766271e-01,5.171877742e-01,-5.242035985e-01,-2.951798677e+00,-2.614712000e+00,-2.263938189e+00,-2.015992165e+00,-1.526371241e+00,-2.256747246e+00,-3.687698364e+00,2.383131981e+00,8.000000000e+00,6.000000000e+00,8.000000000e+00,0.000000000e+00,1.478046060e+00,2.265410423e+00,-3.859012723e-01,1.000000000e+00,-1.115002751e+00,-2.229898691e+00,-2.698013783e-01,2.265408754e+00,-2.689856291e+00,-1.852609634e+00,3.024778605e+00,2.383131981e+00,1.000000000e+00,1.000000000e+00,0.000000000e+00,2.000000000e+00,-5.000000000e+00,3.200000000e+01,3.000000000e+00,1.000000000e+00,-4.825497627e+00,-1.173620224e+00,-5.695668608e-02,-4.799144268e+00,1.000000000e+00,1.410063744e+00,9.928043485e-01
19,0,1,1.444726586e+00,7.680984735e-01,-4.749040604e-01,1.187497497e+00,7.355437428e-02,-3.249869108e+00,-2.713552237e+00,-2.591163874e+00,-2.122276783e+00,-1.914669514e+00,-2.687498569e+00,-3.923612118e+00,2.239868164e+00,8.000000000e+00,7.000000000e+00,9.000000000e+00,0.000000000e+00,1.260573506e+00,2.545000553e+00,2.332551032e-01,1.000000000e+00,-1.242996097e+00,-2.485854626e+00,4.459788203e-01,2.544986725e+00,-2.444333076e+00,-1.919595718e+00,2.306616545e+00,2.239868164e+00,4.000000000e+00,4.000000000e+00,0.000000000e+00,1.000000000e+00,5.000000000e+00,3.000000000e+01,1.000000000e+00,1.000000000e+00,-4.628121853e+00,-2.063530684e+00,-1.648606062e+00,-4.624544144e+00,1.000000000e+00,4.342942646e-07,1.511745900e-01
19,1,1,1.088179469e+00,6.414532661e-01,-9.364044070e-01,7.045249343e-01,-1.405726373e-01,-3.219919205e+00,-3.121742010e+00,-2.689239979e+00,-2.566627502e+00,-2.242650270e+00,-2.665741444e+00,-3.665352106e+00,1.688171148e+00,4.000000000e+00,6.000000000e+00,6.000000000e+00,0.000000000e+00,1.279860020e+00,2.882685900e+00,-7.362590730e-02,1.000000000e+00,-1.577844858e+00,-3.155003548e+00,1.007615566e+00,2.882647276e+00,-2.200556517e+00,-2.024541616e+00,2.199077845e+00,1.688171148e+00,2.000000000e+00,2.000000000e+00,0.000000000e+00,2.000000000e+00,-4.000000000e+00,2.700000000e+01,3.000000000e+00,1.000000000e+00,-5.451436043e+00,-2.221380711e+00,-1.281943202e+00,-5.449569225e+00,2.000000000e+00,4.342942646e-07,7.756376266e-01
19,2,0,9.379702806e-01,4.997661412e-01,-1.034693956e+00,5.450603962e-01,-4.963311255e-01,-3.174807072e+00,-3.033569574e+00,-2.577522993e+00,-2.470641375e+00,-2.139423132e+00,-2.472207785e+00,-3.611880541e+00,-1.667129159e+00,6.000000000e+00,7.000000000e+00,8.000000000e+00,0.000000000e+00,-1.453425169e+00,1.412773371e+00,-3.580287695e-01,1.000000000e+00,-1.534449816e+00,-3.068322420e+00,-7.256464362e-01,1.412761807e+00,-3.694032192e+00,-1.972628236e+00,2.469015121e+00,1.667129159e+00,1.000000000e+00,1.000000000e+00,0.000000000e+00,1.000000000e+00,-5.000000000e+00,1.500000000e+01,1.000000000e+00,1.000000000e+00,-5.911400318e+00,-1.943676710e+00,-8.283298016e-01,-5.910489082e+00,1.000000000e+00,4.342942646e-07,9.753699899e-01
19,3,0,7.988868356e-01,4.332150519e-01,-1.247685671e+00,7.711173296e-01,-2.702746391e-01,-3.134791851e+00,-3.036363840e+00,-2.522736549e+00,-2.457463026e+00,-2.157146931e+00,-2.479445934e+00,-3.499681711e+00,-1.485118747e+00,5.000000000e+00,7.000000000e+00,8.000000000e+00,0.000000000e+00,2.130873315e-02,2.167877913e+00,-1.319721490e-01,1.000000000e+00,-1.680887341e+00,-3.360600948e+00,1.399379522e-01,2.167858839e+00,-2.750620127e+00,-2.046531916e+00,2.328209162e+00,1.485118747e+00,1.000000000e+00,1.000000000e+00,0.000000000e+00,1.000000000e+00,-5.000000000e+00,1.500000000e+01,1.000000000e+00,1.000000000e+00,-5.372158051e+00,-2.048495054e+00,-7.430011630e-01,-5.369199276e+00,1.000000000e+00,4.342942646e-07,9.898183942e-01
19,4,1,9.475731850e-01,3.534011245e-01,-1.029239178e+00,6.919701695e-01,-2.622716725e-01,-2.987127781e+00,-2.845269918e+00,-2.541239500e+00,-2.390437603e+00,-1.947180033e+00,-2.329999685e+00,-3.580067158e+00,2.044667482e+00,6.000000000e+00,6.000000000e+00,7.000000000e+00,0.000000000e+00,1.046030641e+00,2.470403433e+00,-1.531273872e-01,1.000000000e+00,-1.382634282e+00,-2.764911413e+00,9.469352365e-01,2.470208406e+00,-1.796982765e+00,-1.976775885e+00,1.966586947e+00,2.044667482e+00,4.000000000e+00,4.000000000e+00,0.000000000e+00,2.000000000e+00,-5.000000000e+00,2.700000000e+01,4.000000000e+00,1.000000000e+00,-4.147545815e+00,-1.301281810e+00,2.072341144e-01,-4.126659393e+00,1.000000000e+00,8.066749573e-01,9.958783388e-01
19,5,0,1.028151512e+00,3.352103233e-01,-8.399063945e-01,8.229374290e-01,-2.184546292e-01,-2.929790020e+00,-2.624084711e+00,-2.320712566e+00,-2.083084106e+00,-1.627843738e+00,-2.203137636e+00,-3.621281385e+00,2.278259754e+00,8.000000000e+00,6.000000000e+00,8.000000000e+00,0.000000000e+00,2.050712824e+00,2.653218985e+00,-8.015213162e-02,1.000000000e+00,-1.175113082e+00,-2.350077629e+00,-9.655929357e-02,2.653218269e+00,-2.514764547e+00,-1.868028879e+00,3.204987049e+00,2.278259754e+00,1.000000000e+00,1.000000000e+00,0.000000000e+00,1.000000000e+00,5.000000000e+00,6.000000000e+00,1.000000000e+00,1.000000000e+00,-3.906405210e+00,-8.380926847e-01,8.102976084e-01,-3.847975969e+00,1.000000000e+00,8.019990325e-01,9.965724945e-01
20,0,0,1.254482508e+00,8.542351127e-01,-7.353202105e-01,7.731012106e-01,-1.811407655e-01,-3.428657293e+00,-3.406355619e+00,-2.698476791e+00,-2.781997919e+00,-2.298360109e+00,-2.843698978e+00,-3.827144861e+00,1.572593093e+00,5.000000000e+00,6.000000000e+00,7.000000000e+00,0.000000000e+00,1.012573123e+00,2.804735422e+00,-7.199643552e-02,1.000000000e+00,-1.589540720e+00,-3.178421736e+00,3.495959938e-01,2.804732561e+00,-3.286060095e+00,-1.989762664e+00,2.938833952e+00,1.572593093e+00,1.000000000e+00,1.000000000e+00,0.000000000e+00,2.000000000e+00,-4.000000000e+00,1.000000000e+01,1.000000000e+00,1.000000000e+00,-5.383909225e+00,-1.855258942e+00,-5.192576647e-01,-5.379340172e+00,1.000000000e+00,4.342942646e-07,1.341783535e-02
20,1,1,7.471263409e-01,7.255250812e-01,-1.142975807e+00,6.397656798e-01,-3.144760430e-01,-3.197339058e+00,-3.242431641e+00,-2.381349325e+00,-2.594622612e+00,-2.359753132e+00,-2.615408659e+00,-3.218905449e+00,-3.180215955e-01,4.000000000e+00,7.000000000e+00,7.000000000e+00,0.000000000e+00,7.084581852e-01,2.714108467e+00,-2.053317875e-01,1.000000000e+00,-1.868474603e+00,-3.734604836e+00,8.503356576e-01,2.714067698e+00,-2.469854832e+00,-1.890074253e+00,2.098649025e+00,3.180215955e-01,3.000000000e+00,0.000000000e+00,3.000000000e+00,3.000000000e+00,-1.000000000e+00,6.000000000e+00,1.000000000e+00,1.000000000e+00,-4.869647503e+00,-3.282667398e+00,-2.830146551e+00,-4.869438171e+00,1.000000000e+00,4.342942646e-07,3.473900855e-01
20,2,1,1.295758367e+00,6.574420333e-01,-6.549811959e-01,5.696474314e-01,-5.442945361e-01,-3.200347185e+00,-3.025969982e+00,-2.721224546e+00,-2.511299849e+00,-2.083084345e+00,-2.607972860e+00,-3.836363316e+00,-2.149432421e+00,8.000000000e+00,7.000000000e+00,9.000000000e+00,0.000000000e+00,-2.348104239e+00,9.092186093e-01,-3.845941424e-01,1.000000000e+00,-1.312416196e+00,-2.624632835e+00,-5.964231491e-01,9.090069532e-01,-3.762785196e+00,-1.950702786e+00,1.933179259e+00,2.149432421e+00,4.000000000e+00,4.000000000e+00,0.000000000e+00,2.000000000e+00,5.000000000e+00,1.300000000e+01,3.000000000e+00,1.000000000e+00,-5.416816235e+00,-1.965660214e+00,-1.297091126e+00,-5.413357258e+00,1.000000000e+00,-4.434981197e-02,7.133939862e-01
20,3,0,9.020713568e-01,6.233667135e-01,-1.112531304e+00,7.743777037e-01,-2.670142949e-01,-3.266601086e+00,-3.198952675e+00,-2.627741337e+00,-2.618284225e+00,-2.349123955e+00,-2.637650490e+00,-3.544584274e+00,-1.257063389e+00,4.000000000e+00,7.000000000e+00,8.000000000e+00,0.000000000e+00,1.576251388e+00,3.137346745e+00,-1.287118047e-01,1.000000000e+00,-1.735879779e+00,-3.470386505e+00,-5.407596380e-02,3.137346745e+00,-3.295050144e+00,-2.014563322e+00,3.460462332e+00,1.257063389e+00,2.000000000e+00,1.000000000e+00,1.000000000e+00,3.000000000e+00,-2.000000000e+00,5.000000000e+00,1.000000000e+00,1.000000000e+00,-5.392265320e+00,-2.487176418e+00,-1.505622387e+00,-5.391201496e+00,1.000000000e+00,4.342942646e-07,8.317009211e-01
20,4,0,6.773335934e-01,5.204776525e-01,-1.300236225e+00,7.300617695e-01,-2.241801172e-01,-3.237423897e+00,-3.194415569e+00,-2.530434847e+00,-2.579623938e+00,-2.373623610e+00,-2.497756004e+00,-3.393953562e+00,-9.018748999e-01,4.000000000e+00,7.000000000e+00,7.000000000e+00,0.000000000e+00,1.609100103e-01,2.454181194e+00,-1.150358096e-01,1.000000000e+00,-1.820693612e+00,-3.639384031e+00,-6.095275879e-01,2.454180956e+00,-3.707575083e+00,-1.977537155e+00,3.269102097e+00,9.018748999e-01,1.000000000e+00,0.000000000e+00,1.000000000e+00,3.000000000e+00,-2.000000000e+00,5.000000000e+00,1.000000000e+00,1.000000000e+00,-5.566524982e+00,-3.129688025e+00,-2.619565487e+00,-5.566321850e+00,1.000000000e+00,4.342942646e-07,9.667565823e-01
20,5,0,4.928749800e-01,3.781339228e-01,-1.383288383e+00,6.053168774e-01,-2.397805452e-01,-3.141591549e+00,-3.120172262e+00,-2.453306913e+00,-2.542476654e+00,-2.338594437e+00,-2.254075050e+00,-3.256150961e+00,-7.593038678e-01,4.000000000e+00,6.000000000e+00,6.000000000e+00,0.000000000e+00,-2.549166441e+00,1.073583603e+00,-1.728338748e-01,1.000000000e+00,-1.761407375e+00,-3.521265984e+00,4.982288480e-01,1.057666421e+00,-2.422418356e+00,-1.876140952e+00,7.633287311e-01,7.593038678e-01,1.000000000e+00,0.000000000e+00,1.000000000e+00,3.000000000e+00,-1.000000000e+00,6.000000000e+00,3.000000000e+00,1.000000000e+00,-4.674648285e+00,-1.718642473e+00,6.908991188e-02,-4.666810989e+00,2.000000000e+00,4.342942646e-07,9.946373105e-01
20,6,0,9.187275767e-01,3.518680930e-01,-1.017751217e+00,1.059048772e+00,1.765642874e-02,-2.967498302e+00,-2.813164711e+00,-2.500056028e+00,-2.350715160e+00,-1.933296680e+00,-2.288139105e+00,-3.533275843e+00,-1.979486823e+00,7.000000000e+00,6.000000000e+00,8.000000000e+00,0.000000000e+00,4.727334380e-01,2.169701338e+00,1.559590101e-01,1.000000000e+00,-1.369613528e+00,-2.738881111e+00,-4.898303151e-01,2.169700384e+00,-3.191836119e+00,-1.936445832e+00,3.076709986e+00,1.979486823e+00,1.000000000e+00,1.000000000e+00,0.000000000e+00,1.000000000e+00,-5.000000000e+00,6.000000000e+00,1.000000000e+00,1.000000000e+00,-5.705439091e+00,-1.874481320e+00,-1.021295071e+00,-5.702592850e+00,1.000000000e+00,5.413045883e-01,9.959430099e-01
20,7,0,3.706193566e-01,3.425627947e-01,-1.547106862e+00,9.229797125e-01,-3.126235306e-02,-3.067920685e+00,-3.078165293e+00,-2.280672550e+00,-2.466552496e+00,-2.252621412e+00,-2.260109425e+00,-3.095943213e+00,-3.633335233e-01,4.000000000e+00,7.000000000e+00,7.000000000e+00,0.000000000e+00,3.196173906e-01,2.412507534e+00,7.788196206e-02,1.000000000e+00,-1.889651060e+00,-3.776649475e+00,-2.373364449e+00,2.412507534e+00,-5.121142864e+00,-1.917705417e+00,4.970893860e+00,3.633335233e-01,2.000000000e+00,0.000000000e+00,2.000000000e+00,3.000000000e+00,-1.000000000e+00,6.000000000e+00,1.000000000e+00,1.000000000e+00,-4.332149982e+00,-2.219010592e+00,-6.640226841e-01,-4.329591274e+00,1.000000000e+00,6.978648901e-01,9.963105321e-01
21,0,0,1.321539164e+00,6.566016674e-01,-6.812798977e-01,8.215657473e-01,-2.923768163e-01,-3.186478138e+00,-3.032597065e+00,-2.696502447e+00,-2.513246298e+00,-2.031734467e+00,-2.659183025e+00,-3.849004984e+00,2.212314844e+00,8.000000000e+00,7.000000000e+00,9.000000000e+00,0.000000000e+00,1.021340370e+00,2.542452335e+00,-1.326762438e-01,1.000000000e+00,-1.337874174e+00,-2.675519943e+00,-1.223035157e-01,2.542451143e+00,-3.291443110e+00,-2.002777338e+00,3.146174669e+00,2.212314844e+00,1.000000000e+00,1.000000000e+00,0.000000000e+00,1.000000000e+00,5.000000000e+00,3.400000000e+01,1.000000000e+00,1.000000000e+00,-4.779097080e+00,-3.053284168e+00,-3.431376934e+00,-4.778736591e+00,2.000000000e+00,4.342942646e-07,7.169724107e-01
21,1,0,1.317170858e+00,5.591407418e-01,-5.534369946e-01,7.979819775e-01,-3.159605563e-01,-3.120705366e+00,-2.747082233e+00,-2.590100765e+00,-2.211254358e+00,-1.832210183e+00,-2.429612875e+00,-3.876032591e+00,2.430868864e+00,9.000000000e+00,7.000000000e+00,9.000000000e+00,0.000000000e+00,1.478354037e-01,1.906157970e+00,-1.562599689e-01,1.000000000e+00,-1.112573624e+00,-2.225065470e+00,-7.717795372e-01,1.906157017e+00,-3.540736437e+00,-1.870577097e+00,3.056607008e+00,2.430868864e+00,0.000000000e+00,0.000000000e+00,0.000000000e+00,0.000000000e+00,-1.000000000e+00,-1.000000000e+00,-1.000000000e+00,0.000000000e+00,-9.999956489e-01,4.342942646e-07,1.000000000e+00,-6.989678144e-01,1.000000000e+00,1.087502003e+00,9.400709867e-01
21,2,1,6.854871511e-01,5.512455106e-01,-1.291372180e+00,2.907337248e-01,-6.635070443e-01,-3.254793167e+00,-3.191126585e+00,-2.539602757e+00,-2.572781324e+00,-2.405400991e+00,-2.527817249e+00,-3.388751984e+00,8.273224831e-01,4.000000000e+00,7.000000000e+00,7.000000000e+00,0.000000000e+00,1.186909676e+00,2.998976946e+00,-5.543630123e-01,1.000000000e+00,-1.842595816e+00,-3.683004618e+00,9.774683714e-01,2.998957396e+00,-2.146660089e+00,-1.976826668e+00,2.188904047e+00,8.273224831e-01,2.000000000e+00,0.000000000e+00,2.000000000e+00,3.000000000e+00,2.000000000e+00,7.000000000e+00,1.000000000e+00,1.000000000e+00,-4.916157246e+00,-2.115333080e+00,-5.521597862e-01,-4.913113117e+00,1.000000000e+00,4.342942646e-07,9.470173717e-01
21,3,0,9.377276301e-01,3.147663772e-01,-1.042836905e+00,1.149217606e+00,3.527460247e-02,-2.824713230e+00,-2.693972111e+00,-2.379100323e+00,-2.235961914e+00,-1.756218076e+00,-2.295011997e+00,-3.446748257e+00,-2.113065720e+00,8.000000000e+00,7.000000000e+00,9.000000000e+00,0.000000000e+00,1.899175167e+00,2.705831766e+00,1.949753463e-01,1.000000000e+00,-1.357598066e+00,-2.714752436e+00,1.172415167e-01,2.705830336e+00,-2.433443785e+00,-1.980527878e+00,3.068325758e+00,2.113065720e+00,1.000000000e+00,1.000000000e+00,0.000000000e+00,1.000000000e+00,-5.000000000e+00,1.100000000e+01,1.000000000e+00,1.000000000e+00,-4.169995785e+00,-1.021745324e+00,7.585294247e-01,-4.131093979e+00,2.000000000e+00,-4.130362988e+00,9.971892238e-01
22,0,1,1.457035065e+00,7.874370813e-01,-5.123539567e-01,4.633918703e-01,-6.505497098e-01,-3.321815014e+00,-3.090684175e+00,-2.825896025e+00,-2.538810968e+00,-2.156526804e+00,-2.756560802e+00,-3.988079071e+00,2.223303556e+00,8.000000000e+00,7.000000000e+00,9.000000000e+00,0.000000000e+00,-6.268153787e-01,1.843964219e+00,-4.908494651e-01,1.000000000e+00,-1.299783707e+00,-2.599393368e+00,6.632339358e-01,1.843017340e+00,-2.662964344e+00,-1.969350100e+00,1.562123179e+00,2.223303556e+00,3.000000000e+00,3.000000000e+00,0.000000000e+00,1.000000000e+00,5.000000000e+00,1.400000000e+01,2.000000000e+00,1.000000000e+00,-5.556740284e+00,-1.843883991e+00,-1.075706482e+00,-5.552779198e+00,1.000000000e+00,4.342942646e-07,9.454715997e-02
22,1,1,5.796061158e-01,5.756909251e-01,-1.329106212e+00,9.644735456e-01,1.023141388e-02,-3.137021065e+00,-3.157391787e+00,-2.335199356e+00,-2.510217428e+00,-2.331284761e+00,-2.484266520e+00,-3.140930891e+00,1.344791055e-01,4.000000000e+00,7.000000000e+00,7.000000000e+00,0.000000000e+00,1.238448739e+00,2.950617313e+00,1.193757802e-01,1.000000000e+00,-1.904771209e+00,-3.806806564e+00,9.957613349e-01,2.950590611e+00,-2.090234041e+00,-1.908686161e+00,2.133795261e+00,1.344791055e-01,1.000000000e+00,0.000000000e+00,1.000000000e+00,3.000000000e+00,0.000000000e+00,5.000000000e+00,2.000000000e+00,1.000000000e+00,-4.937012196e+00,-1.684949756e+00,4.577994645e-01,-4.928894043e+00,1.000000000e+00,4.342942646e-07,9.221042395e-01
22,2,0,5.320792794e-01,5.149703026e-01,-1.371186018e+00,8.453397751e-01,-1.089022681e-01,-3.160325766e+00,-3.201641083e+00,-2.321610212e+00,-2.579824686e+00,-2.304504633e+00,-2.418085337e+00,-3.177409410e+00,2.825419605e-01,4.000000000e+00,7.000000000e+00,7.000000000e+00,0.000000000e+00,1.302903414e+00,2.956044197e+00,2.420698584e-04,1.000000000e+00,-1.886132836e+00,-3.769723177e+00,-2.921249485e-03,2.956043959e+00,-3.097338200e+00,-1.903240561e+00,3.234197140e+00,2.825419605e-01,1.000000000e+00,0.000000000e+00,1.000000000e+00,3.000000000e+00,0.000000000e+00,5.000000000e+00,2.000000000e+00,1.000000000e+00,-4.741382122e+00,-1.771806002e+00,2.141034901e-01,-4.734497547e+00,1.000000000e+00,6.410835385e-01,9.693394303e-01
22,3,1,8.953858614e-01,4.839246869e-01,-1.113669395e+00,8.768703938e-01,-1.645217538e-01,-3.164661884e+00,-3.082206488e+00,-2.531978607e+00,-2.520415545e+00,-2.120608091e+00,-2.492715359e+00,-3.575122118e+00,-1.600671053e+00,5.000000000e+00,6.000000000e+00,8.000000000e+00,0.000000000e+00,7.191733718e-01,2.483186722e+00,-2.621921152e-02,1.000000000e+00,-1.597582459e+00,-3.194384098e+00,1.584626317e+00,2.479694366e+00,-1.419846296e+00,-2.009016752e+00,1.294958472e+00,1.600671053e+00,0.000000000e+00,0.000000000e+00,0.000000000e+00,0.000000000e+00,-1.000000000e+00,-1.000000000e+00,-1.000000000e+00,0.000000000e+00,-9.999956489e-01,4.342942646e-07,1.000000000e+00,-6.989678144e-01,1.000000000e+00,4.342942646e-07,9.802619219e-01
22,4,0,7.411987782e-01,-1.798614860e-02,-1.190773845e+00,6.192750335e-01,-4.946671128e-01,-2.598361254e+00,-2.381977558e+00,-2.152416706e+00,-2.000802040e+00,-1.393282413e+00,-1.913660765e+00,-3.356730461e+00,-2.433569908e+00,9.000000000e+00,7.000000000e+00,9.000000000e+00,0.000000000e+00,1.811860055e-01,1.485255122e+00,-3.349666893e-01,1.000000000e+00,-1.172787428e+00,-2.345195532e+00,3.980779350e-01,1.483796835e+00,-1.584764361e+00,-1.931942225e+00,1.693253994e+00,2.433569908e+00,0.000000000e+00,0.000000000e+00,0.000000000e+00,0.000000000e+00,-1.000000000e+00,-1.000000000e+00,-1.000000000e+00,0.000000000e+00,-9.999956489e-01,4.342942646e-07,1.000000000e+00,-6.989678144e-01,0.000000000e+00,4.342942646e-07,9.996907711e-01
23,0,1,9.032484293e-01,5.794864893e-01,-1.121835828e+00,4.957409203e-01,-5.456503630e-01,-3.219850779e+00,-3.105689049e+00,-2.569888115e+00,-2.491656065e+00,-2.246211052e+00,-2.604247808e+00,-3.542815685e+00,1.376896739e+00,4.000000000e+00,7.000000000e+00,8.000000000e+00,0.000000000e+00,1.703544617e+00,3.098060369e+00,-4.073480964e-01,1.000000000e+00,-1.701306105e+00,-3.401406288e+00,2.979149520e-01,3.098059893e+00,-2.773104668e+00,-2.025043964e+00,3.045580387e+00,1.376896739e+00,4.000000000e+00,4.000000000e+00,0.000000000e+00,3.000000000e+00,4.000000000e+00,9.000000000e+00,1.000000000e+00,1.000000000e+00,-4.944822788e+00,-2.402130127e+00,-1.398365736e+00,-4.943257332e+00,1.000000000e+00,4.342942646e-07,9.172229171e-01
23,1,0,7.233246565e-01,3.959839344e-01,-1.343517065e+00,9.766115546e-01,1.315137595e-01,-3.119461060e+00,-3.100417852e+00,-2.552725792e+00,-2.606245518e+00,-2.225467205e+00,-2.462416172e+00,-3.446158886e+00,1.386247039e+00,3.000000000e+00,6.000000000e+00,6.000000000e+00,0.000000000e+00,1.628994823e+00,3.040037870e+00,1.984605342e-01,1.000000000e+00,-1.739486456e+00,-3.477421999e+00,1.690704226e-01,3.040037394e+00,-2.833038568e+00,-2.066800594e+00,3.251729250e+00,1.386247039e+00,1.000000000e+00,1.000000000e+00,0.000000000e+00,2.000000000e+00,-3.000000000e+00,2.600000000e+01,3.000000000e+00,1.000000000e+00,-4.566689491e+00,-2.347242594e+00,-1.211738586e+00,-4.564813614e+00,1.000000000e+00,4.342942646e-07,9.934548736e-01
23,2,0,8.107619882e-01,3.413595259e-01,-1.196458220e+00,6.714281440e-01,-4.425141215e-01,-3.049156666e+00,-2.892830133e+00,-2.497632265e+00,-2.343544483e+00,-2.028320074e+00,-2.348307610e+00,-3.517613173e+00,1.743874907e+00,7.000000000e+00,7.000000000e+00,9.000000000e+00,0.000000000e+00,2.012769222e+00,3.034750938e+00,-2.828136683e-01,1.000000000e+00,-1.537809372e+00,-3.074950457e+00,-1.044645999e-02,3.034750938e+00,-2.695230961e+00,-2.007182837e+00,3.360373497e+00,1.743874907e+00,1.000000000e+00,1.000000000e+00,0.000000000e+00,1.000000000e+00,5.000000000e+00,2.000000000e+01,1.000000000e+00,1.000000000e+00,-5.782333374e+00,-1.963509202e+00,-8.419486880e-01,-5.780475616e+00,1.000000000e+00,4.342942646e-07,9.963550568e-01
24,0,1,1.222083926e+00,8.410527110e-01,-8.467284441e-01,7.921801209e-01,-1.620618552e-01,-3.386044502e+00,-3.346381426e+00,-2.692097664e+00,-2.743833542e+00,-2.311191320e+00,-2.909443855e+00,-3.765594482e+00,-1.524155974e+00,4.000000000e+00,7.000000000e+00,7.000000000e+00,0.000000000e+00,9.177702665e-01,2.770169973e+00,-5.291752517e-02,1.000000000e+00,-1.687762976e+00,-3.374466896e+00,4.678979814e-01,2.770164490e+00,-3.116660833e+00,-2.068764687e+00,2.734978914e+00,1.524155974e+00,4.000000000e+00,4.000000000e+00,0.000000000e+00,3.000000000e+00,-4.000000000e+00,2.000000000e+00,3.000000000e+00,1.000000000e+00,-5.834793091e+00,-2.316062450e+00,-1.252524137e+00,-5.834129810e+00,1.000000000e+00,4.342942646e-07,2.042824030e-02
24,1,0,4.401369691e-01,3.156588376e-01,-1.533980370e+00,7.778330445e-01,-1.764089167e-01,-3.094964504e+00,-3.091635227e+00,-2.463725567e+00,-2.576296329e+00,-2.339278936e+00,-2.289401054e+00,-3.219263315e+00,-7.937610745e-01,4.000000000e+00,7.000000000e+00,7.000000000e+00,0.000000000e+00,1.805925846e+00,3.242337227e+00,-6.726457924e-02,1.000000000e+00,-1.849623084e+00,-3.696836233e+00,4.350471795e-01,3.242336512e+00,-2.456947327e+00,-1.974091172e+00,3.044315815e+00,7.937610745e-01,3.000000000e+00,0.000000000e+00,3.000000000e+00,3.000000000e+00,-2.000000000e+00,0.000000000e+00,2.000000000e+00,1.000000000e+00,-4.961944103e+00,-2.535022020e+00,-1.373553634e+00,-4.960795403e+00,1.000000000e+00,4.342942646e-07,9.971652627e-01
25,0,1,1.241693020e+00,7.889250517e-01,-7.334071994e-01,8.535720110e-01,-2.603706419e-01,-3.322370768e+00,-3.214399099e+00,-2.775391579e+00,-2.655476332e+00,-2.322791576e+00,-2.763727665e+00,-3.773466587e+00,1.703051925e+00,7.000000000e+00,7.000000000e+00,9.000000000e+00,0.000000000e+00,-4.940046966e-01,2.080714941e+00,-1.006700322e-01,1.000000000e+00,-1.522320151e+00,-3.044140577e+00,1.304965854e+00,2.074528694e+00,-2.139572382e+00,-1.975061655e+00,1.102343440e+00,1.703051925e+00,4.000000000e+00,4.000000000e+00,0.000000000e+00,1.000000000e+00,5.000000000e+00,1.000000000e+00,1.000000000e+00,1.000000000e+00,-4.261389256e+00,-2.376963139e+00,-1.713079572e+00,-4.259603500e+00,1.000000000e+00,4.342942646e-07,9.100604057e-02
25,1,1,8.331288099e-01,6.202095747e-01,-1.173444390e+00,2.536205649e-01,-7.006199956e-01,-3.303163767e+00,-3.200671196e+00,-2.629745483e+00,-2.610476017e+00,-2.416898251e+00,-2.626476049e+00,-3.515530825e+00,1.072758555e+00,4.000000000e+00,7.000000000e+00,7.000000000e+00,0.000000000e+00,-3.009008467e-01,2.268682480e+00,-5.914760232e-01,1.000000000e+00,-1.793633342e+00,-3.585515738e+00,1.377123356e+00,2.265074730e+00,-1.853708386e+00,-2.006535769e+00,1.081585526e+00,1.072758555e+00,3.000000000e+00,2.000000000e+00,1.000000000e+00,3.000000000e+00,2.000000000e+00,0.000000000e+00,1.000000000e+00,1.000000000e+00,-5.374977589e+00,-1.588014007e+00,4.339813292e-01,-5.366506100e+00,1.000000000e+00,4.342942646e-07,8.400486112e-01
25,2,0,4.771962464e-01,3.410239220e-01,-1.407231927e+00,7.896124125e-01,-5.548520759e-02,-3.112439632e+00,-3.088407040e+00,-2.437899828e+00,-2.520152330e+00,-2.301759481e+00,-2.225201607e+00,-3.248404741e+00,8.338525295e-01,4.000000000e+00,6.000000000e+00,6.000000000e+00,0.000000000e+00,-5.318335891e-01,2.035929441e+00,1.146147028e-02,1.000000000e+00,-1.748242378e+00,-3.494985104e+00,-6.867953539e-01,2.035928726e+00,-3.546585798e+00,-1.884405732e+00,2.940476894e+00,8.338525295e-01,1.000000000e+00,1.000000000e+00,0.000000000e+00,2.000000000e+00,-3.000000000e+00,1.000000000e+00,1.000000000e+00,1.000000000e+00,-4.650124073e+00,-1.769306540e+00,-5.677955225e-02,-4.643124104e+00,1.000000000e+00,4.342942646e-07,9.963673353e-01
25,3,0,6.379132867e-01,3.053837717e-01,-1.082956791e+00,-3.187376559e-01,-7.958571315e-01,-3.027238131e+00,-2.853885412e+00,-2.499283075e+00,-2.419612408e+00,-2.166826963e+00,-2.026123285e+00,-3.359236002e+00,1.399765134e+00,4.000000000e+00,4.000000000e+00,4.000000000e+00,0.000000000e+00,9.244762063e-01,2.629129171e+00,-9.207949638e-01,1.000000000e+00,-1.388334990e+00,-2.776341915e+00,-6.780283898e-02,2.629128218e+00,-2.792643785e+00,-1.720852256e+00,2.949634314e+00,1.399765134e+00,2.000000000e+00,2.000000000e+00,0.000000000e+00,3.000000000e+00,4.000000000e+00,2.000000000e+00,2.000000000e+00,1.000000000e+00,-4.067563534e+00,-1.996718168e+00,-1.225531340e+00,-4.063260555e+00,1.000000000e+00,8.098430037e-01,9.974259734e-01
26,0,1,1.262002468e+00,6.207253933e-01,-6.716739535e-01,1.086128950e+00,4.473658651e-02,-3.187933922e+00,-2.987504244e+00,-2.619633675e+00,-2.463548183e+00,-1.978496313e+00,-2.554214716e+00,-3.826955557e+00,2.156436205e+00,7.000000000e+00,6.000000000e+00,8.000000000e+00,0.000000000e+00,1.287435651e+00,2.622256279e+00,1.830392182e-01,1.000000000e+00,-1.292392731e+00,-2.584602356e+00,1.108711679e-02,2.622255087e+00,-3.072799206e+00,-1.933641195e+00,3.096182346e+00,2.156436205e+00,4.000000000e+00,4.000000000e+00,0.000000000e+00,3.000000000e+00,5.000000000e+00,1.400000000e+01,3.000000000e+00,1.000000000e+00,-4.858802795e+00,-1.357374549e+00,-1.672963500e-01,-4.841459274e+00,1.000000000e+00,7.887046337e-01,8.387122750e-01
26,1,1,6.348619461e-01,6.138545275e-01,-1.268215060e+00,7.182802558e-01,-2.359616458e-01,-3.224014521e+00,-3.273737907e+00,-2.498983622e+00,-2.680264235e+00,-2.477982521e+00,-2.516755342e+00,-3.244986057e+00,3.135485053e-01,4.000000000e+00,7.000000000e+00,7.000000000e+00,0.000000000e+00,1.116018414e+00,3.036192417e+00,-1.268173307e-01,1.000000000e+00,-1.882044315e+00,-3.761598110e+00,1.399015665e+00,3.036077023e+00,-1.895277023e+00,-1.903050065e+00,1.839412212e+00,3.135485053e-01,3.000000000e+00,0.000000000e+00,3.000000000e+00,3.000000000e+00,1.000000000e+00,2.000000000e+00,1.000000000e+00,1.000000000e+00,-5.561809063e+00,-2.442667484e+00,-1.118276238e+00,-5.560814857e+00,1.000000000e+00,7.879980803e-01,8.556674719e-01
26,2,0,6.906585097e-01,4.053656161e-01,-1.077432156e+00,3.354791999e-01,-1.416416913e-01,-3.094781637e+00,-2.841049910e+00,-2.273564100e+00,-2.153744221e+00,-1.988310456e+00,-2.173301935e+00,-3.379573107e+00,1.274854183e+00,3.000000000e+00,4.000000000e+00,4.000000000e+00,0.000000000e+00,6.123048067e-01,2.294507027e+00,-2.665801942e-01,1.000000000e+00,-1.482789636e+00,-2.965110064e+00,-7.002614439e-02,2.294502974e+00,-2.629013300e+00,-1.768070221e+00,2.529910564e+00,1.274854183e+00,1.000000000e+00,1.000000000e+00,0.000000000e+00,2.000000000e+00,-3.000000000e+00,1.000000000e+00,3.000000000e+00,1.000000000e+00,-4.497875690e+00,-1.521112800e+00,-1.024251729e-01,-4.485387325e+00,1.000000000e+00,5.941467285e-01,9.927088022e-01
26,3,0,4.111316204e-01,3.806720674e-01,-1.511404514e+00,5.770164132e-01,-3.772251606e-01,-3.118305206e+00,-3.184009314e+00,-2.404438496e+00,-2.606103420e+00,-2.373986483e+00,-2.303034544e+00,-3.148723125e+00,3.789213300e-01,4.000000000e+00,7.000000000e+00,7.000000000e+00,0.000000000e+00,1.863649845e+00,3.305914164e+00,-2.680809200e-01,1.000000000e+00,-1.892056465e+00,-3.781447411e+00,-6.696916819e-01,3.305914164e+00,-3.654678822e+00,-1.922513604e+00,4.206978321e+00,3.789213300e-01,2.000000000e+00,0.000000000e+00,2.000000000e+00,3.000000000e+00,1.000000000e+00,2.000000000e+00,2.000000000e+00,1.000000000e+00,-5.720955849e+00,-1.935553670e+00,-9.701758623e-02,-5.718574524e+00,1.000000000e+00,5.944063663e-01,9.944857955e-01
26,4,0,6.122081876e-01,3.190640509e-01,-1.433671474e+00,6.807085872e-01,-2.735332549e-01,-3.058003187e+00,-2.995773315e+00,-2.439569473e+00,-2.422404051e+00,-2.146484137e+00,-2.364461660e+00,-3.350669146e+00,-1.295926452e+00,4.000000000e+00,7.000000000e+00,7.000000000e+00,0.000000000e+00,7.467594743e-01,2.519925356e+00,-1.643889546e-01,1.000000000e+00,-1.752722502e+00,-3.503713608e+00,-1.664450020e-01,2.519924402e+00,-2.907677412e+00,-2.045843124e+00,2.962175608e+00,1.295926452e+00,1.000000000e+00,1.000000000e+00,0.000000000e+00,3.000000000e+00,-4.000000000e+00,3.000000000e+01,1.000000000e+00,1.000000000e+00,-5.277718544e+00,-2.368873119e+00,-1.228726149e+00,-5.276216030e+00,1.000000000e+00,1.000284910e+00,9.970717430e-01
26,5,0,3.604925573e-01,3.130465448e-01,-1.524577856e+00,1.442396641e+00,4.010039568e-01,-3.031761646e+00,-3.119980335e+00,-2.405432701e+00,-2.619679928e+00,-2.357997894e+00,-2.197888851e+00,-3.079153776e+00,4.759925306e-01,4.000000000e+00,7.000000000e+00,8.000000000e+00,0.000000000e+00,-1.438370943e+00,1.640172839e+00,5.393066406e-01,1.000000000e+00,-1.837608695e+00,-3.673052788e+00,5.999059081e-01,1.638361335e+00,-2.332908154e+00,-1.885051370e+00,1.300174117e+00,4.759925306e-01,1.000000000e+00,0.000000000e+00,1.000000000e+00,3.000000000e+00,1.000000000e+00,2.000000000e+00,1.000000000e+00,1.000000000e+00,-5.476895332e+00,-1.912228465e+00,-1.598158628e-01,-5.473189831e+00,1.000000000e+00,9.994553924e-01,9.972345233e-01
27,0,1,1.756048322e+00,1.165274024e+00,-1.435299870e-02,1.633713841e+00,5.923212171e-01,-3.589483261e+00,-3.314670801e+00,-2.974482536e+00,-2.696921349e+00,-2.384012699e+00,-2.935298443e+00,-4.175395489e+00,2.036575079e+00,7.000000000e+00,6.000000000e+00,8.000000000e+00,0.000000000e+00,5.762941241e-01,2.672356129e+00,7.306239009e-01,1.000000000e+00,-1.179620862e+00,-2.359152555e+00,1.042784929e+00,2.672236443e+00,-2.819339991e+00,-1.770376086e+00,1.942451715e+00,2.036575079e+00,0.000000000e+00,0.000000000e+00,0.000000000e+00,0.000000000e+00,-1.000000000e+00,-1.000000000e+00,-1.000000000e+00,0.000000000e+00,-9.999956489e-01,4.342942646e-07,1.000000000e+00,-6.989678144e-01,1.000000000e+00,4.342942646e-07,4.311441870e-09
27,1,0,8.007901907e-01,4.118424058e-01,-1.253269434e+00,1.306753457e-01,-9.832641482e-01,-2.926665783e+00,-2.879002333e+00,-2.266676188e+00,-2.377073765e+00,-1.877775669e+00,-2.465241909e+00,-3.315082550e+00,1.544162750e+00,5.000000000e+00,7.000000000e+00,9.000000000e+00,0.000000000e+00,-9.136900902e-01,1.421228886e+00,-8.235645890e-01,1.000000000e+00,-1.665099263e+00,-3.328771114e+00,-1.097527612e-02,1.420931935e+00,-2.799721241e+00,-2.054018259e+00,1.931170106e+00,1.544162750e+00,0.000000000e+00,0.000000000e+00,0.000000000e+00,0.000000000e+00,-1.000000000e+00,-1.000000000e+00,-1.000000000e+00,0.000000000e+00,-9.999956489e-01,4.342942646e-07,1.000000000e+00,-6.989678144e-01,0.000000000e+00,4.342942646e-07,9.921343327e-01
27,2,0,8.598728180e-01,3.277148902e-01,-1.160444617e+00,1.465736389e+00,4.243437350e-01,-3.007461786e+00,-2.882412672e+00,-2.521663904e+00,-2.414339304e+00,-1.989607811e+00,-2.347760677e+00,-3.538558245e+00,1.896195054e+00,6.000000000e+00,7.000000000e+00,8.000000000e+00,0.000000000e+00,3.458754420e-01,2.162592173e+00,5.626463890e-01,1.000000000e+00,-1.488152266e+00,-2.975739241e+00,-1.485582441e-01,2.162587166e+00,-2.890388012e+00,-2.020278215e+00,2.735788822e+00,1.896195054e+00,1.000000000e+00,1.000000000e+00,0.000000000e+00,3.000000000e+00,4.000000000e+00,3.200000000e+01,1.000000000e+00,1.000000000e+00,-5.585609913e+00,-1.863718867e+00,-7.391989231e-01,-5.581970692e+00,1.000000000e+00,1.193915963e+00,9.968163371e-01
27,3,0,8.437756300e-01,3.250792623e-01,-1.134884119e+00,1.334830284e+00,4.897323549e-01,-3.023151636e+00,-2.872859240e+00,-2.477326155e+00,-2.374192476e+00,-1.958720684e+00,-2.303510189e+00,-3.540795088e+00,-1.863720536e+00,5.000000000e+00,6.000000000e+00,6.000000000e+00,0.000000000e+00,1.706381917e+00,2.811951160e+00,5.566791296e-01,1.000000000e+00,-1.459956646e+00,-2.919430256e+00,-1.010069549e-01,2.811950922e+00,-2.800107479e+00,-1.978624344e+00,3.328363895e+00,1.863720536e+00,1.000000000e+00,1.000000000e+00,0.000000000e+00,1.000000000e+00,-5.000000000e+00,3.200000000e+01,1.000000000e+00,1.000000000e+00,-5.030556679e+00,-2.280925989e+00,-1.637501240e+00,-5.028531075e+00,1.000000000e+00,1.193783760e+00,9.968968630e-01
28,0,0,1.149531126e+00,7.395195961e-01,-7.912799716e-01,1.057211161e+00,1.581881754e-02,-3.330758095e+00,-3.248405933e+00,-2.684841394e+00,-2.663670540e+00,-2.274958372e+00,-2.680079222e+00,-3.739311457e+00,-1.597048521e+00,6.000000000e+00,6.000000000e+00,8.000000000e+00,0.000000000e+00,1.583971858e+00,3.067026377e+00,1.541214138e-01,1.000000000e+00,-1.530787468e+00,-3.061058283e+00,1.474400610e-01,3.067026138e+00,-3.255168438e+00,-1.940775990e+00,3.308274269e+00,1.597048521e+00,1.000000000e+00,1.000000000e+00,0.000000000e+00,2.000000000e+00,4.000000000e+00,3.200000000e+01,1.000000000e+00,1.000000000e+00,-4.793653011e+00,-2.020754099e+00,-9.882312417e-01,-4.789787769e+00,1.000000000e+00,4.492969513e-01,2.731568813e-01
28,1,1,7.434706688e-01,7.284794450e-01,-1.152953148e+00,5.292866826e-01,-4.249548316e-01,-3.267498970e+00,-3.199032307e+00,-2.404393911e+00,-2.543389559e+00,-2.389406443e+00,-2.624701738e+00,-3.282462120e+00,-2.642632127e-01,4.000000000e+00,7.000000000e+00,7.000000000e+00,0.000000000e+00,9.105483890e-01,2.844825268e+00,-3.158106208e-01,1.000000000e+00,-1.881405592e+00,-3.760344744e+00,1.114668965e+00,2.844749928e+00,-2.157289743e+00,-1.896395683e+00,1.884098172e+00,2.642632127e-01,2.000000000e+00,0.000000000e+00,2.000000000e+00,3.000000000e+00,-1.000000000e+00,0.000000000e+00,3.000000000e+00,1.000000000e+00,-5.293430328e+00,-1.713470817e+00,3.192509711e-01,-5.286732674e+00,1.000000000e+00,3.682370484e-02,3.311266899e-01
28,2,1,8.193995953e-01,7.260292768e-01,-1.123427272e+00,7.493978143e-01,-2.919941247e-01,-3.355460644e+00,-3.233265400e+00,-2.612088680e+00,-2.621066809e+00,-2.518752813e+00,-2.668585777e+00,-3.448594809e+00,-6.794629097e-01,4.000000000e+00,7.000000000e+00,8.000000000e+00,0.000000000e+00,9.182474613e-01,2.978043079e+00,-1.536916494e-01,1.000000000e+00,-1.849431515e+00,-3.696685553e+00,1.204474211e+00,2.977981567e+00,-2.142743349e+00,-1.942794681e+00,1.875848293e+00,6.794629097e-01,4.000000000e+00,0.000000000e+00,4.000000000e+00,3.000000000e+00,-1.000000000e+00,4.000000000e+00,1.000000000e+00,1.000000000e+00,-4.761427879e+00,-1.706015348e+00,2.699244320e-01,-4.753449440e+00,1.000000000e+00,3.851773590e-02,3.445957005e-01
28,3,0,1.002584100e+00,6.252298951e-01,-1.085420728e+00,6.465377212e-01,-3.077040017e-01,-3.139575481e+00,-3.176469088e+00,-2.390981436e+00,-2.609544277e+00,-2.013689280e+00,-2.712768078e+00,-3.516101122e+00,-1.514837623e+00,4.000000000e+00,7.000000000e+00,7.000000000e+00,0.000000000e+00,-2.989379764e-01,1.864279866e+00,-1.985597312e-01,1.000000000e+00,-1.710633397e+00,-3.419920444e+00,-1.966322660e-01,1.864263535e+00,-3.430412292e+00,-2.087956905e+00,2.656605482e+00,1.514837623e+00,1.000000000e+00,1.000000000e+00,0.000000000e+00,2.000000000e+00,4.000000000e+00,2.400000000e+01,2.000000000e+00,1.000000000e+00,-4.953415871e+00,-1.838776469e+00,-2.436189502e-01,-4.947724342e+00,1.000000000e+00,4.342942646e-07,8.265837431e-01
28,4,0,1.211210012e+00,4.518974423e-01,-6.278882623e-01,6.218680739e-01,-4.195235968e-01,-2.989958763e+00,-1.533380389e+00,-2.384616613e+00,-1.004589438e+00,-1.625390887e+00,-2.290880680e+00,-3.747262239e+00,2.433867931e+00,8.000000000e+00,6.000000000e+00,8.000000000e+00,0.000000000e+00,1.676987171e+00,2.463902712e+00,-2.812212408e-01,1.000000000e+00,-1.079782248e+00,-2.159480572e+00,-2.501183033e+00,2.463902712e+00,-3.953888893e+00,-1.839070082e+00,4.343018532e+00,2.433867931e+00,0.000000000e+00,0.000000000e+00,0.000000000e+00,0.000000000e+00,-1.000000000e+00,-1.000000000e+00,-1.000000000e+00,0.000000000e+00,-9.999956489e-01,4.342942646e-07,1.000000000e+00,-6.989678144e-01,0.000000000e+00,4.342942646e-07,9.871129394e-01
28,5,0,8.054407239e-01,4.199632704e-01,-1.175466299e+00,1.260652065e+00,3.064096272e-01,-3.131634712e+00,-3.026371241e+00,-2.527372360e+00,-2.471728563e+00,-2.141980886e+00,-2.400615215e+00,-3.516272306e+00,1.535401821e+00,5.000000000e+00,6.000000000e+00,7.000000000e+00,0.000000000e+00,1.262335062e+00,2.773209095e+00,4.155540466e-01,1.000000000e+00,-1.595418811e+00,-3.190046310e+00,7.493390143e-02,2.773208380e+00,-2.816601992e+00,-1.980872035e+00,3.027982712e+00,1.535401821e+00,1.000000000e+00,1.000000000e+00,0.000000000e+00,1.000000000e+00,5.000000000e+00,1.000000000e+00,3.000000000e+00,1.000000000e+00,-4.466892719e+00,-2.005831718e+00,-8.122655749e-01,-4.462753773e+00,1.000000000e+00,4.342942646e-07,9.913362265e-01
29,0,1,7.229327559e-01,7.206714153e-01,-1.169445753e+00,6.340858340e-01,-3.201559186e-01,-3.195472240e+00,-3.258316755e+00,-2.330911160e+00,-2.590051889e+00,-2.328650236e+00,-2.612872362e+00,-3.197730064e+00,1.021375880e-01,4.000000000e+00,7.000000000e+00,7.000000000e+00,0.000000000e+00,2.070889711e+00,3.364187479e+00,-2.110116333e-01,1.000000000e+00,-1.890089631e+00,-3.777631044e+00,1.920944452e-01,3.364187479e+00,-3.118227720e+00,-1.892350912e+00,3.433462858e+00,1.021375880e-01,4.000000000e+00,0.000000000e+00,4.000000000e+00,3.000000000e+00,0.000000000e+00,0.000000000e+00,1.000000000e+00,1.000000000e+00,-5.900548935e+00,-2.323710680e+00,-8.632234931e-01,-5.900127411e+00,1.000000000e+00,4.342942646e-07,3.746345043e-01
29,1,0,7.992045879e-01,6.374502778e-01,-1.169796824e+00,6.031241417e-01,-3.511175513e-01,-3.308218718e+00,-3.211401939e+00,-2.611561537e+00,-2.618328094e+00,-2.449862719e+00,-2.606169462e+00,-3.469574690e+00,-9.175187349e-01,4.000000000e+00,7.000000000e+00,7.000000000e+00,0.000000000e+00,-1.135160495e-02,2.444308996e+00,-2.419732958e-01,1.000000000e+00,-1.807225466e+00,-3.612610102e+00,-1.545960188e+00,2.444308996e+00,-4.775246620e+00,-1.968967319e+00,4.152511597e+00,9.175187349e-01,3.000000000e+00,0.000000000e+00,3.000000000e+00,3.000000000e+00,-2.000000000e+00,7.000000000e+00,1.000000000e+00,1.000000000e+00,-4.968578339e+00,-2.201620579e+00,-7.943120599e-01,-4.966109753e+00,1.000000000e+00,4.342942646e-07,7.893133163e-01
29,2,0,1.031682968e+00,5.613458753e-01,-1.023618102e+00,1.355082154e+00,3.136895597e-01,-3.215687037e+00,-3.127343178e+00,-2.689785004e+00,-2.640894651e+00,-2.219588518e+00,-2.616366863e+00,-3.684632301e+00,-1.746162415e+00,5.000000000e+00,7.000000000e+00,8.000000000e+00,0.000000000e+00,1.144554019e+00,2.791937351e+00,4.519922137e-01,1.000000000e+00,-1.584951758e+00,-3.169190168e+00,-1.066932797e+00,2.791937351e+00,-4.261367321e+00,-2.055256367e+00,4.278088093e+00,1.746162415e+00,2.000000000e+00,2.000000000e+00,0.000000000e+00,3.000000000e+00,-4.000000000e+00,1.100000000e+01,1.000000000e+00,1.000000000e+00,-4.839963436e+00,-1.871583223e+00,-5.848883390e-01,-4.834564209e+00,1.000000000e+00,2.133960836e-02,9.379585385e-01
29,3,0,6.744825244e-01,5.341296792e-01,-1.295993924e+00,6.529656053e-01,-3.012761772e-01,-3.238894701e+00,-3.181373119e+00,-2.513936520e+00,-2.561308384e+00,-2.373622656e+00,-2.504318953e+00,-3.378960609e+00,-8.478792310e-01,4.000000000e+00,7.000000000e+00,7.000000000e+00,0.000000000e+00,9.033253789e-01,2.825387955e+00,-1.921319366e-01,1.000000000e+00,-1.830102682e+00,-3.658126354e+00,-6.526580453e-01,2.825387955e+00,-3.745830536e+00,-1.970444441e+00,3.665078640e+00,8.478792310e-01,2.000000000e+00,0.000000000e+00,2.000000000e+00,3.000000000e+00,-2.000000000e+00,7.000000000e+00,2.000000000e+00,1.000000000e+00,-4.948637962e+00,-1.867238641e+00,-8.598839492e-02,-4.943299294e+00,1.000000000e+00,4.342942646e-07,9.592373371e-01
29,4,0,7.559995055e-01,4.740310907e-01,-1.279207945e+00,3.445230424e-01,-5.005738139e-01,-3.190802097e+00,-3.111116409e+00,-2.544055700e+00,-2.520167112e+00,-2.262160063e+00,-2.508896589e+00,-3.472154856e+00,1.265889525e+00,3.000000000e+00,6.000000000e+00,6.000000000e+00,0.000000000e+00,8.851141334e-01,2.704797029e+00,-4.336272478e-01,1.000000000e+00,-1.753222466e+00,-3.504893303e+00,1.067349408e-02,2.704796076e+00,-2.983250856e+00,-2.035168648e+00,2.952054262e+00,1.265889525e+00,1.000000000e+00,1.000000000e+00,0.000000000e+00,2.000000000e+00,-3.000000000e+00,3.100000000e+01,1.000000000e+00,1.000000000e+00,-4.952839375e+00,-2.473377705e+00,-1.443422318e+00,-4.951512814e+00,1.000000000e+00,4.342942646e-07,9.827500582e-01
29,5,0,4.353333116e-01,4.352936149e-01,-1.461030722e+00,7.624494433e-01,-1.917925328e-01,-3.073050976e+00,-3.126002550e+00,-2.275278807e+00,-2.500006199e+00,-2.275239229e+00,-2.331576586e+00,-3.073090792e+00,1.351787522e-02,4.000000000e+00,7.000000000e+00,7.000000000e+00,0.000000000e+00,1.666089177e+00,3.108365774e+00,-8.264819533e-02,1.000000000e+00,-1.896302462e+00,-3.789987087e+00,-4.113111794e-01,3.108365774e+00,-3.345785141e+00,-1.896342039e+00,3.744146109e+00,1.351787522e-02,1.000000000e+00,0.000000000e+00,1.000000000e+00,3.000000000e+00,0.000000000e+00,0.000000000e+00,4.000000000e+00,1.000000000e+00,-5.203927994e+00,-2.671362162e+00,-1.552291512e+00,-5.203151703e+00,1.000000000e+00,4.342942646e-07,9.895527363e-01
29,6,0,9.964359999e-01,3.654983938e-01,-9.857245684e-01,9.766109586e-01,-6.478130072e-02,-2.949489355e+00,-2.842288971e+00,-2.310453176e+00,-2.354503393e+00,-1.679583430e+00,-2.347435951e+00,-3.579162598e+00,-2.131966114e+00,7.000000000e+00,7.000000000e+00,8.000000000e+00,0.000000000e+00,1.667960525e+00,2.513584375e+00,7.352124900e-02,1.000000000e+00,-1.351217270e+00,-2.702104807e+00,-1.092690349e+00,2.513584375e+00,-3.809982538e+00,-1.982123137e+00,4.280063152e+00,2.131966114e+00,1.000000000e+00,1.000000000e+00,0.000000000e+00,1.000000000e+00,-5.000000000e+00,1.000000000e+00,1.000000000e+00,1.000000000e+00,-4.663258076e+00,-1.506732345e+00,-3.376691341e-01,-4.650547028e+00,1.000000000e+00,4.342942646e-07,9.953206182e-01
30,0,1,6.641504765e-01,6.264213920e-01,-1.165634632e+00,9.731056094e-01,1.280077994e-01,-3.256459475e+00,-3.282300711e+00,-2.396115303e+00,-2.686344385e+00,-2.358395100e+00,-2.456048012e+00,-3.294117451e+00,4.228929281e-01,4.000000000e+00,6.000000000e+00,6.000000000e+00,0.000000000e+00,1.418937445e+00,3.068053722e+00,1.949545592e-01,1.000000000e+00,-1.792035341e+00,-3.582420349e+00,1.432847977e+00,3.067937136e+00,-1.880095840e+00,-1.829761982e+00,1.963142753e+00,4.228929281e-01,0.000000000e+00,0.000000000e+00,0.000000000e+00,0.000000000e+00,-1.000000000e+00,-1.000000000e+00,-1.000000000e+00,0.000000000e+00,-9.999956489e-01,4.342942646e-07,1.000000000e+00,-6.989678144e-01,1.000000000e+00,4.342942646e-07,8.232355714e-01
30,1,1,8.174248338e-01,6.172766089e-01,-1.156468511e+00,9.401035905e-01,-1.012886167e-01,-3.265454769e+00,-3.236742020e+00,-2.600867510e+00,-2.662477255e+00,-2.400783300e+00,-2.590871334e+00,-3.465134859e+00,1.035218000e+00,4.000000000e+00,7.000000000e+00,8.000000000e+00,0.000000000e+00,1.428411722e+00,3.115155458e+00,3.701389953e-02,1.000000000e+00,-1.773725390e+00,-3.545838118e+00,1.401615739e+00,3.115074158e+00,-1.878304958e+00,-1.973858714e+00,1.975234866e+00,1.035218000e+00,1.000000000e+00,1.000000000e+00,0.000000000e+00,3.000000000e+00,4.000000000e+00,1.200000000e+01,2.000000000e+00,1.000000000e+00,-4.797907829e+00,-1.704960227e+00,1.205721200e-01,-4.789952278e+00,1.000000000e+00,2.650175095e-01,8.474493623e-01
30,2,0,7.605187893e-01,5.639244914e-01,-1.241838813e+00,3.167759478e-01,-6.374649405e-01,-3.262376547e+00,-3.209014654e+00,-2.602986813e+00,-2.638410568e+00,-2.406455755e+00,-2.565972090e+00,-3.458515882e+00,1.024643540e+00,4.000000000e+00,7.000000000e+00,7.000000000e+00,0.000000000e+00,-1.045748711e+00,1.883785367e+00,-5.283208489e-01,1.000000000e+00,-1.805742979e+00,-3.609612942e+00,2.970803380e-01,1.883639693e+00,-2.905094624e+00,-2.002321482e+00,1.818497300e+00,1.024643540e+00,1.000000000e+00,0.000000000e+00,1.000000000e+00,3.000000000e+00,2.000000000e+00,1.000000000e+01,1.000000000e+00,1.000000000e+00,-5.812707424e+00,-1.829906583e+00,-3.538463637e-02,-5.810462475e+00,1.000000000e+00,4.342942646e-07,9.353857636e-01
30,3,0,8.327924609e-01,4.989501834e-01,-8.426764607e-01,6.103682518e-01,-8.860135078e-02,-3.197238684e+00,-2.993013382e+00,-2.603756428e+00,-2.524448156e+00,-2.270007849e+00,-2.174324036e+00,-3.530290365e+00,-1.403177977e+00,5.000000000e+00,4.000000000e+00,5.000000000e+00,0.000000000e+00,9.597527981e-01,2.749964952e+00,-8.860135078e-02,1.000000000e+00,-1.341620088e+00,-2.683016539e+00,-4.802607596e-01,2.749964952e+00,-3.502422094e+00,-1.675451279e+00,3.484292746e+00,1.403177977e+00,0.000000000e+00,0.000000000e+00,0.000000000e+00,0.000000000e+00,-1.000000000e+00,-1.000000000e+00,-1.000000000e+00,0.000000000e+00,-9.999956489e-01,4.342942646e-07,1.000000000e+00,-6.989678144e-01,1.000000000e+00,4.342942646e-07,9.756534696e-01
30,4,0,6.333240271e-01,3.261093497e-01,-1.428776264e+00,-1.115563661e-01,-9.566510320e-01,-3.057045221e+00,-3.002829313e+00,-2.520380974e+00,-2.507920504e+00,-2.213239431e+00,-2.387707472e+00,-3.363750696e+00,1.333363414e+00,3.000000000e+00,6.000000000e+00,6.000000000e+00,0.000000000e+00,1.382346392e+00,2.904483318e+00,-8.897048831e-01,1.000000000e+00,-1.754872322e+00,-3.507985353e+00,-1.128347278e+00,2.904483318e+00,-3.958557129e+00,-2.062061787e+00,4.325710773e+00,1.333363414e+00,1.000000000e+00,0.000000000e+00,1.000000000e+00,3.000000000e+00,2.000000000e+00,1.000000000e+01,1.000000000e+00,1.000000000e+00,-5.923895836e+00,-2.541424274e+00,-1.570841074e+00,-5.923695087e+00,1.000000000e+00,4.342942646e-07,9.968656898e-01
31,0,1,8.002264500e-01,4.839175940e-01,-1.167799711e+00,8.117204309e-01,-1.425216049e-01,-3.188163280e+00,-3.093926668e+00,-2.597377062e+00,-2.554903984e+00,-2.281157017e+00,-2.451686621e+00,-3.503754854e+00,-1.357351422e+00,5.000000000e+00,6.000000000e+00,7.000000000e+00,0.000000000e+00,1.586074829e+00,3.074277401e+00,-3.337724507e-02,1.000000000e+00,-1.651703954e+00,-3.302434206e+00,-6.422662735e-01,3.074277401e+00,-3.679165840e+00,-1.967992187e+00,3.989681959e+00,1.357351422e+00,4.000000000e+00,4.000000000e+00,0.000000000e+00,3.000000000e+00,-4.000000000e+00,2.500000000e+01,2.000000000e+00,1.000000000e+00,-4.524763584e+00,-1.427302241e+00,4.169401824e-01,-4.509348392e+00,1.000000000e+00,4.342942646e-07,9.802638888e-01
32,0,1,1.455754042e+00,8.356936574e-01,-4.695194364e-01,5.052420497e-01,-5.361493230e-01,-3.369384766e+00,-3.139042139e+00,-2.851921082e+00,-2.578611135e+00,-2.232095480e+00,-2.760702610e+00,-3.986235142e+00,2.106186390e+00,7.000000000e+00,6.000000000e+00,8.000000000e+00,0.000000000e+00,-8.908116221e-01,1.795108914e+00,-3.978470266e-01,1.000000000e+00,-1.305205584e+00,-2.610236406e+00,1.132515788e+00,1.784588218e+00,-2.281870365e+00,-1.925238013e+00,9.986665845e-01,2.106186390e+00,4.000000000e+00,4.000000000e+00,0.000000000e+00,3.000000000e+00,5.000000000e+00,1.300000000e+01,4.000000000e+00,1.000000000e+00,-5.223305225e+00,-1.829069972e+00,-1.060544491e+00,-5.217977524e+00,1.000000000e+00,4.342942646e-07,2.412480302e-02
32,1,0,7.520381212e-01,3.332670033e-01,-1.304788351e+00,7.018586397e-01,-4.120836854e-01,-2.823227406e+00,-2.761444807e+00,-2.238691092e+00,-2.262642145e+00,-1.819966197e+00,-2.389206886e+00,-3.241529703e+00,1.618904471e+00,5.000000000e+00,7.000000000e+00,9.000000000e+00,0.000000000e+00,1.308822870e+00,2.474407673e+00,-2.523832023e-01,1.000000000e+00,-1.638044953e+00,-3.274521112e+00,-1.373739690e-01,2.474406242e+00,-2.733127832e+00,-2.056785583e+00,3.054398298e+00,1.618904471e+00,4.000000000e+00,4.000000000e+00,0.000000000e+00,3.000000000e+00,4.000000000e+00,2.500000000e+01,1.000000000e+00,1.000000000e+00,-5.215799809e+00,-3.001776695e+00,-2.727201939e+00,-5.215439320e+00,1.000000000e+00,4.342942646e-07,9.966378212e-01
33,0,1,1.983614087e+00,1.336740613e+00,2.926012278e-01,7.297149897e-01,-3.842273951e-01,-3.621403456e+00,-3.280743122e+00,-3.031528234e+00,-2.661536217e+00,-2.385016680e+00,-3.027289629e+00,-4.262082577e+00,2.169667244e+00,8.000000000e+00,7.000000000e+00,9.000000000e+00,0.000000000e+00,1.455407858e+00,3.112829208e+00,-2.245269120e-01,1.000000000e+00,-1.044134855e+00,-2.088224649e+00,7.673234940e-01,3.112824917e+00,-3.230413914e+00,-1.690991640e+00,2.622080564e+00,2.169667244e+00,4.000000000e+00,4.000000000e+00,0.000000000e+00,3.000000000e+00,5.000000000e+00,1.100000000e+01,3.000000000e+00,1.000000000e+00,-5.983303070e+00,-8.990276456e-01,1.870064586e-01,-5.981241226e+00,1.000000000e+00,4.342942646e-07,2.061153470e-09
33,1,1,1.176487923e+00,6.062549353e-01,-7.760947943e-01,3.244387805e-01,-6.298021674e-01,-3.206472635e+00,-2.961507797e+00,-2.648020267e+00,-2.380849123e+00,-2.077928543e+00,-2.558637619e+00,-3.774811506e+00,1.987554193e+00,6.000000000e+00,6.000000000e+00,7.000000000e+00,0.000000000e+00,1.484068990e+00,2.820118189e+00,-5.206580162e-01,1.000000000e+00,-1.382341743e+00,-2.764406681e+00,1.220642447e+00,2.819980860e+00,-1.766540527e+00,-1.952546477e+00,1.902305245e+00,1.987554193e+00,4.000000000e+00,4.000000000e+00,0.000000000e+00,1.000000000e+00,5.000000000e+00,2.300000000e+01,1.000000000e+00,1.000000000e+00,-4.657712936e+00,-2.234385729e+00,-1.699117422e+00,-4.655303478e+00,1.000000000e+00,4.342942646e-07,8.724007607e-01
33,2,0,1.052212000e+00,5.202752948e-01,-8.764322996e-01,1.033129573e+00,-8.262678050e-03,-3.104058027e+00,-2.967627525e+00,-2.617809057e+00,-2.492895603e+00,-2.085999727e+00,-2.448724508e+00,-3.634670258e+00,-1.895662069e+00,7.000000000e+00,6.000000000e+00,8.000000000e+00,0.000000000e+00,3.074184060e-01,2.239783525e+00,1.300398856e-01,1.000000000e+00,-1.396699905e+00,-2.793075323e+00,2.767799497e-01,2.239757776e+00,-2.736289501e+00,-1.928610682e+00,2.369884968e+00,1.895662069e+00,1.000000000e+00,1.000000000e+00,0.000000000e+00,2.000000000e+00,5.000000000e+00,1.500000000e+01,3.000000000e+00,1.000000000e+00,-5.561701775e+00,-1.403380513e+00,-4.701101780e-02,-5.550934315e+00,1.000000000e+00,2.023730129e-01,9.668557644e-01
33,3,0,1.178960323e+00,4.801550508e-01,-8.119125366e-01,8.565996289e-01,-2.573430240e-01,-3.089677572e+00,-2.854782104e+00,-2.545575380e+00,-2.310842991e+00,-1.846892118e+00,-2.470849276e+00,-3.786353827e+00,-2.292044878e+00,8.000000000e+00,7.000000000e+00,9.000000000e+00,0.000000000e+00,-1.297725081e+00,1.200096011e+00,-9.764242172e-02,1.000000000e+00,-1.292061806e+00,-2.583920956e+00,2.128110379e-01,1.197781324e+00,-2.578111410e+00,-1.990833282e+00,1.448925257e+00,2.292044878e+00,1.000000000e+00,1.000000000e+00,0.000000000e+00,1.000000000e+00,-5.000000000e+00,1.100000000e+01,1.000000000e+00,1.000000000e+00,-4.369143486e+00,-2.154240847e+00,-1.730508924e+00,-4.366180897e+00,1.000000000e+00,2.041430026e-01,9.812557101e-01
33,4,0,7.504170537e-01,4.353195727e-01,-1.203203678e+00,1.112581015e+00,2.674830854e-01,-3.145875454e+00,-3.035107374e+00,-2.516597986e+00,-2.455807209e+00,-2.201574087e+00,-2.388680696e+00,-3.460325718e+00,1.354165077e+00,4.000000000e+00,6.000000000e+00,6.000000000e+00,0.000000000e+00,-1.175301313e+00,1.614148021e+00,3.344298005e-01,1.000000000e+00,-1.638511062e+00,-3.276078939e+00,1.266572177e-01,1.613917828e+00,-2.764341116e+00,-1.953588605e+00,1.741456270e+00,1.354165077e+00,1.000000000e+00,1.000000000e+00,0.000000000e+00,2.000000000e+00,-4.000000000e+00,2.200000000e+01,2.000000000e+00,1.000000000e+00,-4.196873188e+00,-1.378168106e+00,5.578472018e-01,-4.179337502e+00,1.000000000e+00,4.342942646e-07,9.895493984e-01
33,5,0,9.428976178e-01,3.830890954e-01,-9.965298772e-01,9.598951340e-01,-1.540476531e-01,-2.957511187e+00,-2.798175097e+00,-2.420004606e+00,-2.280189276e+00,-1.860278487e+00,-2.322289705e+00,-3.516285658e+00,1.962608695e+00,8.000000000e+00,7.000000000e+00,9.000000000e+00,0.000000000e+00,6.934745312e-01,2.207048416e+00,5.652991589e-03,1.000000000e+00,-1.379612684e+00,-2.758857012e+00,-4.434220493e-01,2.207047224e+00,-3.106229305e+00,-1.939394116e+00,3.070202589e+00,1.962608695e+00,1.000000000e+00,1.000000000e+00,0.000000000e+00,1.000000000e+00,5.000000000e+00,3.200000000e+01,1.000000000e+00,1.000000000e+00,-4.524168015e+00,-2.394223928e+00,-2.032866478e+00,-4.522478104e+00,1.000000000e+00,4.342942646e-07,9.943367839e-01
34,0,1,1.043311596e+00,8.004822135e-01,-9.643260241e-01,6.266928315e-01,-2.184045911e-01,-3.398481846e+00,-3.308648825e+00,-2.670120955e+00,-2.708061695e+00,-2.427378893e+00,-2.807766199e+00,-3.640497446e+00,1.158224702e+00,3.000000000e+00,6.000000000e+00,6.000000000e+00,0.000000000e+00,-3.078409910e+00,9.195789695e-01,-1.514579356e-01,1.000000000e+00,-1.764786959e+00,-3.528078318e+00,5.547708869e-01,8.747915626e-01,-2.953604460e+00,-2.007597446e+00,6.007475853e-01,1.158224702e+00,4.000000000e+00,3.000000000e+00,1.000000000e+00,3.000000000e+00,2.000000000e+00,3.000000000e+00,1.000000000e+00,1.000000000e+00,-4.774682045e+00,-2.037887573e+00,-5.382481217e-01,-4.770955086e+00,1.000000000e+00,4.342942646e-07,6.703426689e-02
34,1,1,5.926419497e-01,5.869306922e-01,-1.303927302e+00,9.822870493e-01,2.804486081e-02,-3.160277843e+00,-3.228694677e+00,-2.347399235e+00,-2.632597208e+00,-2.341689110e+00,-2.483360052e+00,-3.165980816e+00,1.625324339e-01,4.000000000e+00,7.000000000e+00,7.000000000e+00,0.000000000e+00,-2.915620327e+00,9.077728391e-01,1.371892542e-01,1.000000000e+00,-1.890832782e+00,-3.779097557e+00,4.833362699e-01,8.746124506e-01,-2.736141443e+00,-1.896543503e+00,6.822142601e-01,1.625324339e-01,2.000000000e+00,0.000000000e+00,2.000000000e+00,3.000000000e+00,0.000000000e+00,6.000000000e+00,1.000000000e+00,1.000000000e+00,-5.122761250e+00,-1.877437711e+00,1.535123494e-02,-5.117794991e+00,1.000000000e+00,4.342942646e-07,9.066918492e-01
34,2,0,6.806703210e-01,4.499620795e-01,-1.232663035e+00,1.784581691e-01,-5.205107331e-01,-3.096999407e+00,-3.012550116e+00,-2.483612776e+00,-2.456328154e+00,-2.252959013e+00,-2.362992287e+00,-3.327327251e+00,1.123969555e+00,3.000000000e+00,5.000000000e+00,5.000000000e+00,0.000000000e+00,9.713996053e-01,2.738736391e+00,-5.205107331e-01,1.000000000e+00,-1.682611346e+00,-3.364049196e+00,-5.137638450e-01,2.738736391e+00,-3.419038296e+00,-1.913305044e+00,3.455512285e+00,1.123969555e+00,2.000000000e+00,2.000000000e+00,0.000000000e+00,3.000000000e+00,4.000000000e+00,1.000000000e+01,2.000000000e+00,1.000000000e+00,-5.783261299e+00,-1.518272400e+00,3.554333448e-01,-5.778118134e+00,1.000000000e+00,4.342942646e-07,9.874292016e-01
34,3,0,9.399166107e-01,3.808514774e-01,-9.937855005e-01,9.547435045e-01,-8.664871752e-02,-3.011811733e+00,-2.856789112e+00,-2.537283659e+00,-2.386348963e+00,-1.978326797e+00,-2.314361811e+00,-3.569707632e+00,1.960827827e+00,7.000000000e+00,6.000000000e+00,8.000000000e+00,0.000000000e+00,1.024266601e+00,2.490501642e+00,5.165379867e-02,1.000000000e+00,-1.374630928e+00,-2.748932123e+00,-3.607879281e-01,2.490501404e+00,-3.127512217e+00,-1.933669209e+00,3.259134293e+00,1.960827827e+00,1.000000000e+00,1.000000000e+00,0.000000000e+00,1.000000000e+00,5.000000000e+00,2.100000000e+01,1.000000000e+00,1.000000000e+00,-5.567657471e+00,-1.578144193e+00,-3.837865293e-01,-5.560484886e+00,1.000000000e+00,7.918156385e-01,9.944749475e-01
34,4,0,7.609215975e-01,3.754039407e-01,-1.250645280e+00,2.975308001e-01,-6.567100286e-01,-3.076719761e+00,-2.990658998e+00,-2.555286407e+00,-2.502193213e+00,-2.169860601e+00,-2.386646748e+00,-3.461497068e+00,-1.535503268e+00,5.000000000e+00,6.000000000e+00,7.000000000e+00,0.000000000e+00,1.409977555e+00,2.874913692e+00,-5.475659370e-01,1.000000000e+00,-1.626038432e+00,-3.251112700e+00,1.002026275e-01,2.874913216e+00,-2.777272463e+00,-2.011529922e+00,3.107007980e+00,1.535503268e+00,1.000000000e+00,1.000000000e+00,0.000000000e+00,1.000000000e+00,-5.000000000e+00,5.000000000e+00,1.000000000e+00,1.000000000e+00,-5.447876453e+00,-1.581286311e+00,1.125897169e-01,-5.439758301e+00,1.000000000e+00,7.132738829e-01,9.947946668e-01
34,5,0,3.671947122e-01,3.654280007e-01,-1.538633227e+00,1.011670470e+00,5.742828920e-02,-3.048377514e+00,-3.182356596e+00,-2.240066290e+00,-2.580558062e+00,-2.238299847e+00,-2.271180391e+00,-3.050142288e+00,9.026091546e-02,4.000000000e+00,7.000000000e+00,7.000000000e+00,0.000000000e+00,1.660716891e+00,3.068733454e+00,1.665726751e-01,1.000000000e+00,-1.904041171e+00,-3.805360079e+00,-3.624652326e-01,3.068733454e+00,-3.307734489e+00,-1.905807734e+00,3.773167133e+00,9.026091546e-02,2.000000000e+00,0.000000000e+00,2.000000000e+00,3.000000000e+00,0.000000000e+00,6.000000000e+00,1.000000000e+00,1.000000000e+00,-5.713269234e+00,-1.773493171e+00,2.466044873e-01,-5.709747791e+00,1.000000000e+00,4.342942646e-07,9.953240752e-01
34,6,0,9.685291648e-01,3.245503008e-01,-9.731658101e-01,4.536113143e-01,-5.877798796e-01,-2.986176968e+00,-2.616655350e+00,-2.174732685e+00,-1.937296867e+00,-1.530803800e+00,-2.266082764e+00,-3.628725767e+00,-2.162825584e+00,7.000000000e+00,6.000000000e+00,8.000000000e+00,0.000000000e+00,2.128649473e+00,2.595421553e+00,-4.494776428e-01,1.000000000e+00,-1.297711372e+00,-2.595182657e+00,1.185542464e+00,2.595092297e+00,-1.076336980e+00,-1.941661239e+00,1.816063523e+00,2.162825584e+00,4.000000000e+00,4.000000000e+00,0.000000000e+00,1.000000000e+00,-5.000000000e+00,1.900000000e+01,1.000000000e+00,1.000000000e+00,-4.009538651e+00,-1.314895868e+00,8.747251704e-03,-3.989205122e+00,1.000000000e+00,9.802184105e-01,9.969127178e-01
35,0,0,1.244773149e+00,6.024445891e-01,-7.385520935e-01,1.175605878e-01,-9.238287807e-01,-3.157272100e+00,-2.999183416e+00,-2.683298111e+00,-2.489319563e+00,-2.041131496e+00,-2.585556746e+00,-3.797492027e+00,2.158922911e+00,7.000000000e+00,6.000000000e+00,8.000000000e+00,0.000000000e+00,6.262609363e-01,2.354311466e+00,-7.855271101e-01,1.000000000e+00,-1.340989470e+00,-2.681741238e+00,-1.610105932e-01,2.354309320e+00,-3.252132654e+00,-1.983285904e+00,2.963401079e+00,2.158922911e+00,1.000000000e+00,1.000000000e+00,0.000000000e+00,1.000000000e+00,5.000000000e+00,2.600000000e+01,1.000000000e+00,1.000000000e+00,-5.394945621e+00,-1.838223815e+00,-9.818075895e-01,-5.390233517e+00,1.000000000e+00,1.012860775e+00,8.800512552e-01
35,1,1,6.419861317e-01,5.842474103e-01,-1.278305054e+00,6.456689835e-01,-3.085727990e-01,-3.169577837e+00,-3.206729412e+00,-2.380316496e+00,-2.575852871e+00,-2.322590828e+00,-2.504284859e+00,-3.227225304e+00,-5.271498561e-01,4.000000000e+00,7.000000000e+00,7.000000000e+00,0.000000000e+00,9.126343131e-01,2.779051065e+00,-1.994284987e-01,1.000000000e+00,-1.862528801e+00,-3.722698450e+00,1.049668670e+00,2.778975725e+00,-2.110539198e+00,-1.920263052e+00,1.982626796e+00,5.271498561e-01,2.000000000e+00,0.000000000e+00,2.000000000e+00,3.000000000e+00,-1.000000000e+00,1.000000000e+01,1.000000000e+00,1.000000000e+00,-5.227690220e+00,-1.814121246e+00,8.359822631e-02,-5.222187996e+00,1.000000000e+00,4.342942646e-07,9.106407762e-01
35,2,0,1.134160399e+00,4.550910890e-01,-8.596194386e-01,1.068536416e-01,-1.007085681e+00,-3.068197727e+00,-2.861994267e+00,-2.539200068e+00,-2.334371090e+00,-1.860249400e+00,-2.448687315e+00,-3.745352507e+00,-2.245617867e+00,8.000000000e+00,7.000000000e+00,9.000000000e+00,0.000000000e+00,-1.675523400e+00,1.023710012e+00,-8.473861217e-01,1.000000000e+00,-1.314704657e+00,-2.629177570e+00,-7.954061776e-02,1.022356033e+00,-2.868775845e+00,-1.993740320e+00,1.575968504e+00,2.245617867e+00,1.000000000e+00,1.000000000e+00,0.000000000e+00,1.000000000e+00,-5.000000000e+00,3.400000000e+01,1.000000000e+00,1.000000000e+00,-5.292342663e+00,-1.596865058e+00,-5.860373974e-01,-5.283597469e+00,1.000000000e+00,3.455251455e-01,9.865702987e-01
35,3,0,5.689679384e-01,4.197549522e-01,-1.410036683e+00,5.290589929e-01,-4.251825213e-01,-3.157135963e+00,-3.135583878e+00,-2.515356541e+00,-2.599319696e+00,-2.366184950e+00,-2.398423433e+00,-3.306093454e+00,-8.771275878e-01,4.000000000e+00,7.000000000e+00,7.000000000e+00,0.000000000e+00,6.244010329e-01,2.678486347e+00,-3.160383105e-01,1.000000000e+00,-1.829773188e+00,-3.657389164e+00,-4.895567894e-01,2.678486347e+00,-3.507405996e+00,-1.978974342e+00,3.400718212e+00,8.771275878e-01,1.000000000e+00,0.000000000e+00,1.000000000e+00,3.000000000e+00,-2.000000000e+00,8.000000000e+00,1.000000000e+00,1.000000000e+00,-4.938200951e+00,-1.985419273e+00,-3.022884130e-01,-4.934118748e+00,1.000000000e+00,4.342942646e-07,9.913579226e-01
35,4,0,6.235061884e-01,3.589252532e-01,-1.413947821e+00,7.300486565e-01,-1.150489375e-01,-3.097276688e+00,-3.044333458e+00,-2.531701803e+00,-2.533569336e+00,-2.267188311e+00,-2.395939827e+00,-3.361401796e+00,-1.218567848e+00,3.000000000e+00,6.000000000e+00,6.000000000e+00,0.000000000e+00,5.536175892e-02,2.294949770e+00,-4.810221493e-02,1.000000000e+00,-1.772858262e+00,-3.543903828e+00,-4.861305356e-01,2.294949293e+00,-3.377737284e+00,-2.037417889e+00,3.047075987e+00,1.218567848e+00,1.000000000e+00,1.000000000e+00,0.000000000e+00,2.000000000e+00,4.000000000e+00,3.200000000e+01,1.000000000e+00,1.000000000e+00,-4.121832371e+00,-2.760840654e+00,-1.977877378e+00,-4.121089935e+00,1.000000000e+00,1.131037593e+00,9.956342578e-01
35,5,0,1.082029104e+00,3.326565027e-01,-7.899383307e-01,8.663195968e-01,-1.750724912e-01,-2.949742794e+00,-2.657468557e+00,-2.430835724e+00,-2.222699642e+00,-1.681559324e+00,-2.204510450e+00,-3.697333813e+00,2.410617113e+00,8.000000000e+00,6.000000000e+00,8.000000000e+00,0.000000000e+00,1.472775102e+00,2.417969704e+00,-3.676997125e-02,1.000000000e+00,-1.122591615e+00,-2.245071650e+00,-7.915982604e-02,2.417967558e+00,-2.634401321e+00,-1.871937633e+00,3.038232803e+00,2.410617113e+00,1.000000000e+00,1.000000000e+00,0.000000000e+00,1.000000000e+00,5.000000000e+00,3.300000000e+01,1.000000000e+00,1.000000000e+00,-4.069724560e+00,-1.778566599e+00,-1.297398567e+00,-4.062636375e+00,1.000000000e+00,1.134815454e+00,9.966579676e-01
35,6,0,4.441531599e-01,3.322781026e-01,-1.512259960e+00,8.323734403e-01,-1.218685657e-01,-3.063066721e+00,-3.096267700e+00,-2.378605843e+00,-2.510938883e+00,-2.266754150e+00,-2.288301945e+00,-3.174794197e+00,-7.489537597e-01,4.000000000e+00,6.000000000e+00,7.000000000e+00,0.000000000e+00,5.931219086e-02,2.296491146e+00,-1.272422262e-02,1.000000000e+00,-1.844521523e+00,-3.686669111e+00,-3.617655039e-01,2.296490192e+00,-3.204428196e+00,-1.956387877e+00,2.902178049e+00,7.489537597e-01,1.000000000e+00,0.000000000e+00,1.000000000e+00,3.000000000e+00,-2.000000000e+00,8.000000000e+00,1.000000000e+00,1.000000000e+00,-4.583245754e+00,-2.485697985e+00,-1.279707432e+00,-4.581883430e+00,1.000000000e+00,7.509901524e-01,9.966705441e-01
35,7,0,8.498928547e-01,3.301312923e-01,-1.176230550e+00,6.670566201e-01,-4.468856454e-01,-2.936595917e+00,-2.838643789e+00,-2.461977243e+00,-2.362678051e+00,-1.942303419e+00,-2.355890989e+00,-3.455491304e+00,-1.866293669e+00,7.000000000e+00,7.000000000e+00,9.000000000e+00,0.000000000e+00,7.551085353e-01,2.320051670e+00,-2.871851623e-01,1.000000000e+00,-1.506354213e+00,-3.012018204e+00,7.820406556e-01,2.319869280e+00,-1.910833120e+00,-2.026083946e+00,1.958248734e+00,1.866293669e+00,1.000000000e+00,1.000000000e+00,0.000000000e+00,2.000000000e+00,4.000000000e+00,3.200000000e+01,1.000000000e+00,1.000000000e+00,-4.356217861e+00,-2.087085962e+00,-1.154399633e+00,-4.352758884e+00,1.000000000e+00,5.555071831e-01,9.967400432e-01
36,0,1,1.170423150e+00,5.642070770e-01,-7.922022343e-01,3.391461670e-01,-7.022445798e-01,-3.121648550e+00,-2.957160473e+00,-2.554407835e+00,-2.410034657e+00,-1.948309064e+00,-2.526628971e+00,-3.726121902e+00,-2.073317528e+00,7.000000000e+00,6.000000000e+00,8.000000000e+00,0.000000000e+00,1.271844745e+00,2.584269762e+00,-5.639424324e-01,1.000000000e+00,-1.356402040e+00,-2.712539673e+00,-1.069092751e+00,2.584269762e+00,-4.038677692e+00,-1.962588310e+00,4.113859177e+00,2.073317528e+00,4.000000000e+00,4.000000000e+00,0.000000000e+00,3.000000000e+00,-5.000000000e+00,5.000000000e+00,3.000000000e+00,1.000000000e+00,-4.798563480e+00,-1.161640286e+00,4.515578151e-01,-4.771382332e+00,1.000000000e+00,4.342942646e-07,9.350969791e-01
36,1,0,1.210874438e+00,4.335668385e-01,-4.392573535e-01,4.923498929e-01,-4.618915319e-01,-3.082761526e+00,-2.556099892e+00,-2.553719997e+00,-2.112237215e+00,-1.776541710e+00,-2.083639145e+00,-3.857455969e+00,-2.475918770e+00,7.000000000e+00,5.000000000e+00,7.000000000e+00,0.000000000e+00,-1.836956739e+00,8.586769104e-01,-3.527473211e-01,1.000000000e+00,-8.728219867e-01,-1.745618224e+00,-3.680338562e-01,8.579111099e-01,-2.913538933e+00,-1.650113463e+00,1.561540246e+00,2.475918770e+00,0.000000000e+00,0.000000000e+00,0.000000000e+00,0.000000000e+00,-1.000000000e+00,-1.000000000e+00,-1.000000000e+00,0.000000000e+00,-9.999956489e-01,4.342942646e-07,1.000000000e+00,-6.989678144e-01,1.000000000e+00,1.321886420e+00,9.897740483e-01
36,2,0,8.199290037e-01,3.215101659e-01,-1.222652555e+00,9.429363608e-01,-1.710063964e-01,-2.860536337e+00,-2.795328140e+00,-2.279280186e+00,-2.323114157e+00,-1.780917406e+00,-2.363544703e+00,-3.358278036e+00,1.814608216e+00,6.000000000e+00,7.000000000e+00,9.000000000e+00,0.000000000e+00,4.453351498e-01,2.003612995e+00,-1.130571775e-02,1.000000000e+00,-1.544154525e+00,-3.087354422e+00,-5.215882659e-01,2.003611088e+00,-3.165668726e+00,-2.042540789e+00,3.067158937e+00,1.814608216e+00,1.000000000e+00,1.000000000e+00,0.000000000e+00,1.000000000e+00,5.000000000e+00,2.900000000e+01,1.000000000e+00,1.000000000e+00,-5.146025181e+00,-2.869910955e+00,-2.653101683e+00,-5.145521641e+00,1.000000000e+00,1.088707328e+00,9.970021844e-01
36,3,0,7.651211023e-01,3.209415674e-01,-1.274912000e+00,5.273968577e-01,-3.177004158e-01,-3.059635162e+00,-2.945222855e+00,-2.476976633e+00,-2.401418209e+00,-2.032880545e+00,-2.360660076e+00,-3.502928257e+00,-1.681889653e+00,4.000000000e+00,6.000000000e+00,6.000000000e+00,0.000000000e+00,1.256167650e+00,2.661012411e+00,-2.507537603e-01,1.000000000e+00,-1.595844388e+00,-3.190825701e+00,9.097329527e-02,2.661010742e+00,-2.631309986e+00,-2.039993763e+00,2.938549280e+00,1.681889653e+00,2.000000000e+00,2.000000000e+00,0.000000000e+00,2.000000000e+00,4.000000000e+00,2.500000000e+01,2.000000000e+00,1.000000000e+00,-4.666778564e+00,-1.833587408e+00,-4.626746476e-01,-4.660746098e+00,1.000000000e+00,1.089946389e+00,9.970185757e-01
37,0,1,5.209890604e-01,4.284846783e-01,-1.439608693e+00,3.842850626e-01,-5.699560642e-01,-3.128952026e+00,-3.149059057e+00,-2.395906925e+00,-2.591525078e+00,-2.303423166e+00,-2.388761997e+00,-3.221317530e+00,-6.760836244e-01,4.000000000e+00,7.000000000e+00,7.000000000e+00,0.000000000e+00,1.820756197e+00,3.213888645e+00,-4.608119130e-01,1.000000000e+00,-1.868072987e+00,-3.733625889e+00,1.547926664e-01,3.213888645e+00,-2.865068674e+00,-1.960569978e+00,3.347161770e+00,6.760836244e-01,1.000000000e+00,0.000000000e+00,1.000000000e+00,3.000000000e+00,-1.000000000e+00,1.000000000e+00,1.000000000e+00,1.000000000e+00,-5.745317459e+00,-2.701503038e+00,-1.665485024e+00,-5.744934559e+00,1.000000000e+00,4.342942646e-07,9.903936982e-01
37,1,0,6.683893800e-01,3.683007360e-01,-1.380905390e+00,8.241350651e-01,-2.096259221e-02,-3.091201067e+00,-3.036031961e+00,-2.538699865e+00,-2.530261517e+00,-2.238686085e+00,-2.417156696e+00,-3.390756607e+00,1.314454317e+00,3.000000000e+00,6.000000000e+00,6.000000000e+00,0.000000000e+00,1.191385627e+00,2.834454536e+00,4.598413780e-02,1.000000000e+00,-1.749191880e+00,-3.496731758e+00,2.945888601e-02,2.834453821e+00,-2.868929625e+00,-2.049256563e+00,3.096505404e+00,1.314454317e+00,1.000000000e+00,0.000000000e+00,1.000000000e+00,3.000000000e+00,2.000000000e+00,2.000000000e+00,1.000000000e+00,1.000000000e+00,-5.277674198e+00,-2.431447983e+00,-1.361466646e+00,-5.276373386e+00,1.000000000e+00,4.342942646e-07,9.951785803e-01
38,0,0,7.544320822e-01,4.493772984e-01,-1.285186410e+00,4.110051095e-01,-5.432360768e-01,-3.124580145e+00,-3.046978712e+00,-2.498636484e+00,-2.459206343e+00,-2.193650961e+00,-2.488599062e+00,-3.429046154e+00,-1.327642798e+00,4.000000000e+00,6.000000000e+00,7.000000000e+00,0.000000000e+00,1.980653048e+00,3.184045315e+00,-4.340919256e-01,1.000000000e+00,-1.734548211e+00,-3.467596054e+00,-7.821840048e-02,3.184045315e+00,-2.986506224e+00,-2.039579391e+00,3.527727127e+00,1.327642798e+00,0.000000000e+00,0.000000000e+00,0.000000000e+00,0.000000000e+00,-1.000000000e+00,-1.000000000e+00,-1.000000000e+00,0.000000000e+00,-9.999956489e-01,4.342942646e-07,1.000000000e+00,-6.989678144e-01,1.000000000e+00,4.342942646e-07,9.875230193e-01
38,1,1,1.125843167e+00,4.049473107e-01,-8.852374554e-01,1.752077937e+00,6.381346583e-01,-2.970929623e+00,-2.815674782e+00,-2.521319151e+00,-2.364035606e+00,-1.800540090e+00,-2.415827036e+00,-3.690099001e+00,-2.343906641e+00,8.000000000e+00,7.000000000e+00,9.000000000e+00,0.000000000e+00,1.263561726e+00,2.432523489e+00,7.978354692e-01,1.000000000e+00,-1.290179491e+00,-2.580119848e+00,9.023243189e-01,2.432334423e+00,-1.866726756e+00,-2.011039495e+00,2.093565941e+00,2.343906641e+00,4.000000000e+00,4.000000000e+00,0.000000000e+00,1.000000000e+00,-5.000000000e+00,1.900000000e+01,1.000000000e+00,1.000000000e+00,-4.365749359e+00,-1.361351728e+00,-1.037035137e-01,-4.347671032e+00,1.000000000e+00,7.333868742e-01,9.927442074e-01
38,2,0,1.154626250e+00,3.965615332e-01,-7.764761448e-01,6.857498884e-01,-4.281924069e-01,-2.947098732e+00,-2.741591930e+00,-2.481181383e+00,-2.316182852e+00,-1.723225117e+00,-2.327514648e+00,-3.703348875e+00,-2.430949926e+00,9.000000000e+00,7.000000000e+00,9.000000000e+00,0.000000000e+00,7.309484482e-01,2.088726521e+00,-2.684919238e-01,1.000000000e+00,-1.173033714e+00,-2.345924377e+00,-2.615284622e-01,2.088721991e+00,-2.973954439e+00,-1.931067824e+00,2.943111897e+00,2.430949926e+00,0.000000000e+00,0.000000000e+00,0.000000000e+00,0.000000000e+00,-1.000000000e+00,-1.000000000e+00,-1.000000000e+00,0.000000000e+00,-9.999956489e-01,4.342942646e-07,1.000000000e+00,-6.989678144e-01,0.000000000e+00,5.553365946e-01,9.934117198e-01
38,3,0,9.111166596e-01,3.662050068e-01,-1.024076819e+00,8.446234465e-01,-1.967686266e-01,-2.963426828e+00,-2.819488049e+00,-2.497879505e+00,-2.349178791e+00,-1.953065634e+00,-2.301173925e+00,-3.507338762e+00,-1.926874399e+00,7.000000000e+00,6.000000000e+00,8.000000000e+00,0.000000000e+00,-7.506766170e-02,1.915571690e+00,-5.846611038e-02,1.000000000e+00,-1.390275717e+00,-2.780168533e+00,-6.620137095e-01,1.915570140e+00,-3.376461744e+00,-1.935160756e+00,2.973311663e+00,1.926874399e+00,1.000000000e+00,1.000000000e+00,0.000000000e+00,1.000000000e+00,-5.000000000e+00,5.000000000e+00,1.000000000e+00,1.000000000e+00,-4.616858006e+00,-2.309666872e+00,-1.843154550e+00,-4.614822388e+00,1.000000000e+00,4.342942646e-07,9.952853322e-01
38,4,0,9.250517488e-01,2.936758697e-01,-1.067433357e+00,1.437645912e+00,3.237026036e-01,-2.896162510e+00,-2.757545233e+00,-2.447007895e+00,-2.313384295e+00,-1.815724850e+00,-2.285907507e+00,-3.526418447e+00,2.133004189e+00,8.000000000e+00,7.000000000e+00,9.000000000e+00,0.000000000e+00,-7.536491752e-01,1.438941479e+00,4.834034145e-01,1.000000000e+00,-1.361104131e+00,-2.721824646e+00,-6.346995234e-01,1.438925982e+00,-3.241093397e+00,-1.992447495e+00,2.570962191e+00,2.133004189e+00,1.000000000e+00,1.000000000e+00,0.000000000e+00,1.000000000e+00,5.000000000e+00,1.800000000e+01,1.000000000e+00,1.000000000e+00,-4.832192421e+00,-1.774885654e+00,-8.128834367e-01,-4.825448036e+00,1.000000000e+00,4.342942646e-07,9.976875782e-01
39,0,1,1.627054334e+00,1.284215450e+00,-3.730652630e-01,9.586985111e-01,4.456365947e-03,-3.623208761e+00,-3.637252092e+00,-2.769715548e+00,-2.963877678e+00,-2.427016258e+00,-3.283481121e+00,-3.963860750e+00,1.426492810e+00,4.000000000e+00,7.000000000e+00,7.000000000e+00,0.000000000e+00,8.851263523e-01,2.870029449e+00,1.136007532e-01,1.000000000e+00,-1.657261848e+00,-3.313648224e+00,1.482449532e+00,2.869664669e+00,-2.765789986e+00,-2.000077248e+00,1.924347162e+00,1.426492810e+00,3.000000000e+00,3.000000000e+00,0.000000000e+00,3.000000000e+00,4.000000000e+00,2.800000000e+01,2.000000000e+00,1.000000000e+00,-5.670615196e+00,-2.029826403e+00,-7.532508373e-01,-5.668465614e+00,1.000000000e+00,4.342942646e-07,2.061153470e-09
39,1,0,1.280722976e+00,6.286014318e-01,-6.385782361e-01,5.744917989e-01,-4.668997824e-01,-3.131949425e+00,-2.656877995e+00,-2.343376398e+00,-1.946772933e+00,-1.691329122e+00,-2.547712564e+00,-3.782022715e+00,2.182067394e+00,7.000000000e+00,6.000000000e+00,8.000000000e+00,0.000000000e+00,1.591812015e+00,2.487256765e+00,-3.285974264e-01,1.000000000e+00,-1.267173409e+00,-2.534175873e+00,-4.719657600e-01,2.487256527e+00,-3.046895504e+00,-1.919266939e+00,3.214570284e+00,2.182067394e+00,3.000000000e+00,3.000000000e+00,0.000000000e+00,2.000000000e+00,-5.000000000e+00,2.000000000e+01,4.000000000e+00,1.000000000e+00,-5.255737782e+00,-1.853506804e+00,-1.160451055e+00,-5.250778198e+00,1.000000000e+00,3.151892126e-01,8.169537187e-01
39,2,1,1.081798434e+00,6.132621765e-01,-9.280868173e-01,3.517234325e-01,-6.896673441e-01,-3.224930525e+00,-3.012893438e+00,-2.390860319e+00,-2.230706215e+00,-1.922394276e+00,-2.622886419e+00,-3.692054033e+00,1.741754174e+00,5.000000000e+00,6.000000000e+00,8.000000000e+00,0.000000000e+00,9.503256679e-01,2.399326086e+00,-5.513651967e-01,1.000000000e+00,-1.541337490e+00,-3.082098246e+00,1.409518838e+00,2.397038221e+00,-1.434511423e+00,-2.009844542e+00,1.295866013e+00,1.741754174e+00,4.000000000e+00,4.000000000e+00,0.000000000e+00,3.000000000e+00,5.000000000e+00,1.700000000e+01,3.000000000e+00,1.000000000e+00,-4.144904613e+00,-1.227449536e+00,5.778107047e-01,-4.120253563e+00,1.000000000e+00,3.211460412e-01,8.570457101e-01
39,3,0,6.605630517e-01,6.084640622e-01,-1.269592524e+00,9.839366078e-01,2.969446592e-02,-3.221937418e+00,-3.270979404e+00,-2.405374289e+00,-2.673258543e+00,-2.353287935e+00,-2.538382530e+00,-3.273944139e+00,4.996706247e-01,4.000000000e+00,7.000000000e+00,7.000000000e+00,0.000000000e+00,2.899523377e-01,2.498361826e+00,1.388388425e-01,1.000000000e+00,-1.878031611e+00,-3.753565073e+00,-6.667489409e-01,2.498361826e+00,-3.944836378e+00,-1.930126429e+00,3.484240770e+00,4.996706247e-01,1.000000000e+00,0.000000000e+00,1.000000000e+00,3.000000000e+00,1.000000000e+00,5.000000000e+00,1.000000000e+00,1.000000000e+00,-4.434155941e+00,-3.119618416e+00,-2.483461618e+00,-4.433835506e+00,1.000000000e+00,4.342942646e-07,8.677443862e-01
39,4,0,8.368527293e-01,3.442069888e-01,-1.178987265e+00,7.371498942e-01,-3.042420447e-01,-3.032431841e+00,-2.883762360e+00,-2.487846375e+00,-2.336650133e+00,-1.995291233e+00,-2.359767675e+00,-3.524091721e+00,-1.800579786e+00,6.000000000e+00,7.000000000e+00,8.000000000e+00,0.000000000e+00,1.812415361e+00,2.901543140e+00,-1.659395546e-01,1.000000000e+00,-1.523186088e+00,-3.045732260e+00,3.160762191e-01,2.901541710e+00,-2.364774704e+00,-2.015801430e+00,2.926830292e+00,1.800579786e+00,1.000000000e+00,1.000000000e+00,0.000000000e+00,1.000000000e+00,-5.000000000e+00,2.000000000e+01,1.000000000e+00,1.000000000e+00,-5.622944832e+00,-2.359522820e+00,-1.669020057e+00,-5.621845245e+00,1.000000000e+00,4.219596088e-01,9.962486625e-01
39,5,0,5.421922207e-01,3.337707818e-01,-1.467687130e+00,7.198729515e-01,-1.252246350e-01,-3.072848797e+00,-3.054040670e+00,-2.481176138e+00,-2.536299229e+00,-2.272804737e+00,-2.343183994e+00,-3.280954123e+00,1.059616089e+00,3.000000000e+00,6.000000000e+00,6.000000000e+00,0.000000000e+00,8.625763059e-01,2.704175234e+00,-5.827790871e-02,1.000000000e+00,-1.801442862e+00,-3.600822210e+00,1.217902601e-01,2.704173803e+00,-2.748186111e+00,-2.009847641e+00,2.845833540e+00,1.059616089e+00,1.000000000e+00,0.000000000e+00,1.000000000e+00,3.000000000e+00,2.000000000e+00,4.000000000e+00,1.000000000e+00,1.000000000e+00,-5.024062634e+00,-3.781124353e+00,-3.960728645e+00,-5.023998737e+00,1.000000000e+00,9.334363937e-01,9.966210127e-01
39,6,0,9.945317507e-01,3.241382539e-01,-1.010566592e+00,4.636163116e-01,-4.906250238e-01,-2.854003906e+00,-2.720811605e+00,-2.408151150e+00,-2.271136761e+00,-1.737844706e+00,-2.328958988e+00,-3.523256540e+00,-2.225178957e+00,6.000000000e+00,6.000000000e+00,7.000000000e+00,0.000000000e+00,1.808271289e+00,2.642005444e+00,-3.814808428e-01,1.000000000e+00,-1.334699869e+00,-2.669026136e+00,5.236596987e-02,2.642004013e+00,-2.542838573e+00,-2.005059004e+00,3.122915983e+00,2.225178957e+00,1.000000000e+00,1.000000000e+00,0.000000000e+00,1.000000000e+00,-5.000000000e+00,2.800000000e+01,1.000000000e+00,1.000000000e+00,-4.510372162e+00,-1.415387630e+00,-1.941284388e-01,-4.494518280e+00,2.000000000e+00,-7.648985386e-01,9.969250560e-01
39,7,0,9.641115069e-01,3.125978708e-01,-1.009260893e+00,2.871440053e-01,-6.670967937e-01,-2.893835068e+00,-2.637932301e+00,-2.163827658e+00,-1.975055575e+00,-1.512363076e+00,-2.285742760e+00,-3.544165850e+00,-2.180631638e+00,6.000000000e+00,6.000000000e+00,7.000000000e+00,0.000000000e+00,1.575242162e+00,2.299998283e+00,-5.579527020e-01,1.000000000e+00,-1.321853876e+00,-2.643386841e+00,-1.286291122e+00,2.299998283e+00,-3.572368145e+00,-1.973335981e+00,4.048224926e+00,2.180631638e+00,2.000000000e+00,2.000000000e+00,0.000000000e+00,1.000000000e+00,-5.000000000e+00,3.100000000e+01,1.000000000e+00,1.000000000e+00,-4.754873753e+00,-2.384195328e+00,-2.121225119e+00,-4.753186226e+00,2.000000000e+00,-7.542865276e-01,9.972462654e-01
40,0,1,5.874162912e-01,5.539224148e-01,-1.328658104e+00,3.539314866e-01,-6.003094912e-01,-3.197598219e+00,-3.239353418e+00,-2.449108124e+00,-2.603226423e+00,-2.415623426e+00,-2.469805241e+00,-3.231037140e+00,-3.978074491e-01,4.000000000e+00,7.000000000e+00,7.000000000e+00,0.000000000e+00,8.883509636e-01,2.859931231e+00,-4.911654294e-01,1.000000000e+00,-1.882556558e+00,-3.762585640e+00,9.548540711e-01,2.859897614e+00,-2.202399731e+00,-1.916047692e+00,2.092688560e+00,3.978074491e-01,2.000000000e+00,0.000000000e+00,2.000000000e+00,3.000000000e+00,-1.000000000e+00,7.000000000e+00,1.000000000e+00,1.000000000e+00,-5.313691139e+00,-1.857048512e+00,3.903261945e-02,-5.308925152e+00,1.000000000e+00,4.342942646e-07,9.447657466e-01
40,1,0,8.390374184e-01,5.015661120e-01,-1.148288608e+00,9.237568378e-01,7.865905017e-02,-3.079475880e+00,-3.105353355e+00,-2.352336407e+00,-2.564349413e+00,-2.014917850e+00,-2.488528252e+00,-3.416334867e+00,1.412598252e+00,4.000000000e+00,6.000000000e+00,6.000000000e+00,0.000000000e+00,1.017923951e+00,2.523924828e+00,1.456057876e-01,1.000000000e+00,-1.649841309e+00,-3.298620701e+00,-5.957018733e-01,2.523924828e+00,-3.659789562e+00,-1.987290025e+00,3.668546677e+00,1.412598252e+00,1.000000000e+00,1.000000000e+00,0.000000000e+00,2.000000000e+00,-3.000000000e+00,9.000000000e+00,2.000000000e+00,1.000000000e+00,-5.693098545e+00,-1.807288051e+00,-3.283415437e-01,-5.689682484e+00,1.000000000e+00,4.342942646e-07,9.747314453e-01
40,2,0,8.305725455e-01,3.251557052e-01,-1.184667349e+00,9.968295097e-01,-4.456275329e-02,-3.041719198e+00,-2.888177156e+00,-2.479619026e+00,-2.357725382e+00,-1.974292159e+00,-2.340138197e+00,-3.546084404e+00,-1.831585288e+00,6.000000000e+00,7.000000000e+00,8.000000000e+00,0.000000000e+00,4.087685049e-01,2.178721905e+00,9.373980016e-02,1.000000000e+00,-1.509815454e+00,-3.019036293e+00,-1.107315496e-01,2.178716183e+00,-2.793442011e+00,-2.015201569e+00,2.672811985e+00,1.831585288e+00,1.000000000e+00,1.000000000e+00,0.000000000e+00,1.000000000e+00,-5.000000000e+00,1.500000000e+01,1.000000000e+00,1.000000000e+00,-4.303481579e+00,-1.710385084e+00,-3.840675950e-01,-4.295269966e+00,1.000000000e+00,4.342942646e-07,9.968945980e-01
41,0,1,1.221702099e+00,9.981915355e-01,-7.472260594e-01,8.051394820e-01,-1.491025090e-01,-3.488481998e+00,-3.202528000e+00,-2.672814131e+00,-2.541203737e+00,-2.449385881e+00,-2.966674328e+00,-3.711093187e+00,-1.103389859e+00,4.000000000e+00,7.000000000e+00,7.000000000e+00,0.000000000e+00,-1.729308605e+00,1.586584687e+00,-3.995819017e-02,1.000000000e+00,-1.745395780e+00,-3.489452124e+00,7.690604329e-01,1.581493855e+00,-2.770230055e+00,-1.968890190e+00,9.042543173e-01,1.103389859e+00,2.000000000e+00,1.000000000e+00,1.000000000e+00,3.000000000e+00,-2.000000000e+00,0.000000000e+00,1.000000000e+00,1.000000000e+00,-5.774452686e+00,-2.278209209e+00,-1.070302844e+00,-5.773526669e+00,1.000000000e+00,4.342942646e-07,4.933204764e-05
41,1,1,1.645773411e+00,9.236980081e-01,-1.227563843e-01,8.411765695e-01,-2.727660239e-01,-3.401787043e+00,-3.028450727e+00,-2.835697412e+00,-2.453780890e+00,-2.113863230e+00,-2.692010403e+00,-4.119206905e+00,-2.346672773e+00,9.000000000e+00,7.000000000e+00,9.000000000e+00,0.000000000e+00,8.161017299e-01,2.521975994e+00,-1.130654141e-01,1.000000000e+00,-1.046450138e+00,-2.092852116e+00,2.764836252e-01,2.521969080e+00,-3.100571156e+00,-1.768504739e+00,2.585404873e+00,2.346672773e+00,2.000000000e+00,2.000000000e+00,0.000000000e+00,1.000000000e+00,-5.000000000e+00,6.000000000e+00,1.000000000e+00,1.000000000e+00,-5.499513149e+00,-1.214454055e+00,-3.874662220e-01,-5.481748581e+00,1.000000000e+00,3.706762791e-01,1.137792598e-03
41,2,1,7.515830398e-01,6.167912483e-01,-1.215993881e+00,8.948907256e-01,-1.465014070e-01,-3.284481049e+00,-3.238606691e+00,-2.595414639e+00,-2.645620346e+00,-2.460668564e+00,-2.584083319e+00,-3.418968678e+00,-8.291866779e-01,4.000000000e+00,7.000000000e+00,8.000000000e+00,0.000000000e+00,-1.953453302e+00,1.518675208e+00,-8.198862895e-03,1.000000000e+00,-1.832762599e+00,-3.663453579e+00,1.223673344e+00,1.454158783e+00,-2.038882971e+00,-1.967543721e+00,4.154925942e-01,8.291866779e-01,3.000000000e+00,0.000000000e+00,3.000000000e+00,3.000000000e+00,-2.000000000e+00,9.000000000e+00,1.000000000e+00,1.000000000e+00,-5.386635303e+00,-2.501135349e+00,-1.339687109e+00,-5.385600567e+00,1.000000000e+00,4.342942646e-07,8.486417532e-01
41,3,0,1.282367468e+00,6.138859391e-01,-6.989396214e-01,1.756016970e+00,6.420737505e-01,-3.200365543e+00,-2.997688770e+00,-2.601839304e+00,-2.455369234e+00,-1.933494329e+00,-2.594989300e+00,-3.866332531e+00,-2.220671654e+00,8.000000000e+00,7.000000000e+00,9.000000000e+00,0.000000000e+00,3.494936526e-01,2.108279943e+00,8.017745018e-01,1.000000000e+00,-1.312818766e+00,-2.625437021e+00,-4.212118685e-01,2.108278036e+00,-3.489249945e+00,-1.981267691e+00,3.051126003e+00,2.220671654e+00,1.000000000e+00,1.000000000e+00,0.000000000e+00,1.000000000e+00,-5.000000000e+00,1.100000000e+01,1.000000000e+00,1.000000000e+00,-4.922749043e+00,-1.218407989e+00,2.430095971e-01,-4.899326324e+00,1.000000000e+00,9.138844013e-01,8.555939794e-01
41,4,0,1.105599165e+00,4.040144682e-01,-8.950999379e-01,8.764797449e-01,-2.374629378e-01,-3.014288902e+00,-2.810073137e+00,-2.473282576e+00,-2.286324501e+00,-1.771801114e+00,-2.404529333e+00,-3.714068413e+00,2.298575878e+00,8.000000000e+00,7.000000000e+00,9.000000000e+00,0.000000000e+00,3.709532320e-01,1.957317710e+00,-7.776231319e-02,1.000000000e+00,-1.299109101e+00,-2.597985983e+00,-1.111816987e-01,1.957301855e+00,-2.801330090e+00,-2.000659227e+00,2.582957268e+00,2.298575878e+00,1.000000000e+00,1.000000000e+00,0.000000000e+00,2.000000000e+00,-5.000000000e+00,8.000000000e+00,3.000000000e+00,1.000000000e+00,-4.932876110e+00,-1.646471262e+00,-6.749160886e-01,-4.924005508e+00,1.000000000e+00,6.511756182e-01,9.928223491e-01
41,5,0,7.510107756e-01,2.847155333e-01,-1.287650108e+00,1.430567861e+00,3.166245818e-01,-2.835586786e+00,-2.737912178e+00,-2.288377762e+00,-2.188192129e+00,-1.822137833e+00,-2.322724104e+00,-3.301309586e+00,1.736265540e+00,6.000000000e+00,7.000000000e+00,9.000000000e+00,0.000000000e+00,8.631033301e-01,2.253718615e+00,4.763253629e-01,1.000000000e+00,-1.572357655e+00,-3.143573761e+00,-1.113864183e+00,2.253718376e+00,-3.585170031e+00,-2.038621902e+00,3.732810497e+00,1.736265540e+00,1.000000000e+00,1.000000000e+00,0.000000000e+00,2.000000000e+00,-5.000000000e+00,3.200000000e+01,3.000000000e+00,1.000000000e+00,-3.976904869e+00,-1.286614418e+00,6.175981760e-01,-3.955220938e+00,1.000000000e+00,4.342942646e-07,9.978657365e-01
41,6,0,1.016014218e+00,2.811110914e-01,-9.010162354e-01,2.906998992e-01,-8.232408166e-01,-2.894866228e+00,-2.650518179e+00,-2.370895863e+00,-2.193477869e+00,-1.636075616e+00,-2.197997808e+00,-3.628261328e+00,2.376739979e+00,9.000000000e+00,7.000000000e+00,9.000000000e+00,0.000000000e+00,2.288595736e-01,1.750589728e+00,-6.635408401e-01,1.000000000e+00,-1.182124019e+00,-2.364082098e+00,8.310854435e-03,1.750518560e+00,-2.466218948e+00,-1.916998029e+00,2.299592972e+00,2.376739979e+00,1.000000000e+00,1.000000000e+00,0.000000000e+00,2.000000000e+00,-5.000000000e+00,3.200000000e+01,3.000000000e+00,1.000000000e+00,-3.611738205e+00,-8.569778800e-01,7.802940607e-01,-3.555430889e+00,1.000000000e+00,2.370032072e-01,9.979324341e-01
42,0,1,1.019003868e+00,5.644357204e-01,-9.658280611e-01,6.783958673e-01,-4.355463982e-01,-3.223764420e+00,-3.083894968e+00,-2.662615061e+00,-2.544608116e+00,-2.208176613e+00,-2.549039841e+00,-3.676990986e+00,-1.707480311e+00,7.000000000e+00,7.000000000e+00,9.000000000e+00,0.000000000e+00,7.683546543e-01,2.592615366e+00,-2.758459449e-01,1.000000000e+00,-1.530253053e+00,-3.059958696e+00,1.117029786e+00,2.592372179e+00,-1.992123604e+00,-1.984794021e+00,1.811844587e+00,1.707480311e+00,4.000000000e+00,4.000000000e+00,0.000000000e+00,3.000000000e+00,-5.000000000e+00,2.000000000e+00,3.000000000e+00,1.000000000e+00,-4.982825279e+00,-1.523785591e+00,3.933499381e-02,-4.971229553e+00,1.000000000e+00,4.342942646e-07,9.348621964e-01
42,1,0,5.382100344e-01,3.938873112e-01,-1.415009618e+00,9.296051860e-01,-1.117869839e-01,-3.144248724e+00,-3.150537968e+00,-2.507647753e+00,-2.661472559e+00,-2.363364458e+00,-2.346796989e+00,-3.288332939e+00,-8.610624075e-01,5.000000000e+00,7.000000000e+00,8.000000000e+00,0.000000000e+00,1.082988143e+00,2.904960632e+00,2.651552297e-02,1.000000000e+00,-1.808879972e+00,-3.615794897e+00,4.503124058e-01,2.904958010e+00,-2.605071545e+00,-1.953191876e+00,2.752782106e+00,8.610624075e-01,1.000000000e+00,0.000000000e+00,1.000000000e+00,3.000000000e+00,-2.000000000e+00,1.000000000e+00,1.000000000e+00,1.000000000e+00,-4.457572460e+00,-2.487721682e+00,-1.360704780e+00,-4.456202984e+00,1.000000000e+00,4.342942646e-07,9.936089516e-01
42,2,0,5.195369720e-01,2.747941315e-01,-1.424019337e+00,8.181114197e-01,1.191416681e-01,-3.036028147e+00,-2.980318069e+00,-2.479613543e+00,-2.502677441e+00,-2.234926939e+00,-2.217980146e+00,-3.280414104e+00,-1.163589478e+00,3.000000000e+00,5.000000000e+00,5.000000000e+00,0.000000000e+00,1.742832959e-01,2.322149038e+00,1.191416681e-01,1.000000000e+00,-1.698802948e+00,-3.396256685e+00,1.140912995e-01,2.322140694e+00,-2.663318396e+00,-1.943529606e+00,2.475757599e+00,1.163589478e+00,0.000000000e+00,0.000000000e+00,0.000000000e+00,0.000000000e+00,-1.000000000e+00,-1.000000000e+00,-1.000000000e+00,0.000000000e+00,-9.999956489e-01,4.342942646e-07,1.000000000e+00,-6.989678144e-01,1.000000000e+00,4.342942646e-07,9.980431795e-01
43,0,0,7.689906955e-01,5.103076100e-01,-1.258390903e+00,8.547559381e-01,9.658218361e-03,-3.194570780e+00,-3.097049952e+00,-2.531400919e+00,-2.483353138e+00,-2.272783995e+00,-2.537335157e+00,-3.452700615e+00,1.202339292e+00,3.000000000e+00,6.000000000e+00,6.000000000e+00,0.000000000e+00,1.757091641e+00,3.151411533e+00,7.660493255e-02,1.000000000e+00,-1.768680692e+00,-3.535706758e+00,2.095236927e-01,3.151411295e+00,-2.784005165e+00,-2.027343273e+00,3.152426243e+00,1.202339292e+00,1.000000000e+00,0.000000000e+00,1.000000000e+00,3.000000000e+00,2.000000000e+00,1.000000000e+01,1.000000000e+00,1.000000000e+00,-4.716175556e+00,-2.440916300e+00,-1.341498733e+00,-4.714686871e+00,1.000000000e+00,4.342942646e-07,9.713502526e-01
43,1,0,6.526439190e-01,4.131717384e-01,-1.346104026e+00,8.645939827e-01,-1.767981201e-01,-2.948225260e+00,-3.006642580e+00,-1.988260508e+00,-2.264887094e+00,-1.748806000e+00,-2.411211252e+00,-3.187413931e+00,-1.148785353e+00,3.000000000e+00,6.000000000e+00,8.000000000e+00,0.000000000e+00,4.813946486e-01,1.989550710e+00,-3.849561512e-02,1.000000000e+00,-1.759260178e+00,-3.516535521e+00,2.321013436e-02,1.989525437e+00,-2.654732466e+00,-1.998714328e+00,2.482376337e+00,1.148785353e+00,1.000000000e+00,0.000000000e+00,1.000000000e+00,3.000000000e+00,-2.000000000e+00,9.000000000e+00,1.000000000e+00,1.000000000e+00,-5.679563046e+00,-1.981533170e+00,-4.535935223e-01,-5.677204609e+00,2.000000000e+00,-5.335214615e+00,9.920098782e-01
43,2,0,4.087549448e-01,3.196980953e-01,-1.547466278e+00,9.780169129e-01,1.329191178e-01,-3.053965569e+00,-3.077975512e+00,-2.312707663e+00,-2.498108864e+00,-2.223667383e+00,-2.275544167e+00,-3.142910480e+00,6.625027657e-01,3.000000000e+00,6.000000000e+00,6.000000000e+00,0.000000000e+00,1.711372852e+00,3.079426765e+00,1.998658478e-01,1.000000000e+00,-1.867147326e+00,-3.731702805e+00,1.334309876e-01,3.079426527e+00,-2.684302807e+00,-1.956197143e+00,3.220400810e+00,6.625027657e-01,1.000000000e+00,0.000000000e+00,1.000000000e+00,3.000000000e+00,2.000000000e+00,1.000000000e+01,1.000000000e+00,1.000000000e+00,-5.260310173e+00,-2.549417257e+00,-1.362319589e+00,-5.259308815e+00,1.000000000e+00,4.342942646e-07,9.970538616e-01
44,0,1,8.372246623e-01,7.753202319e-01,-1.082315922e+00,7.927318215e-01,-1.615101397e-01,-3.301799059e+00,-3.257499933e+00,-2.434084177e+00,-2.591073513e+00,-2.372195482e+00,-2.694581509e+00,-3.363570213e+00,-5.466994047e-01,4.000000000e+00,7.000000000e+00,7.000000000e+00,0.000000000e+00,1.308013558e+00,3.026305199e+00,-5.236582085e-02,1.000000000e+00,-1.857610106e+00,-3.712965012e+00,3.286950588e-01,3.026304245e+00,-3.037394762e+00,-1.919509649e+00,2.916475058e+00,5.466994047e-01,4.000000000e+00,0.000000000e+00,4.000000000e+00,3.000000000e+00,-1.000000000e+00,0.000000000e+00,1.000000000e+00,1.000000000e+00,-5.143781185e+00,-2.187178850e+00,-6.535443664e-01,-5.141358852e+00,1.000000000e+00,4.342942646e-07,1.276355386e-01
44,1,1,6.636054516e-01,6.500923038e-01,-1.229714870e+00,9.057144523e-01,-4.852763191e-02,-3.224065304e+00,-3.291238785e+00,-2.383859873e+00,-2.680233955e+00,-2.370349884e+00,-2.543241262e+00,-3.237555504e+00,2.507557273e-01,4.000000000e+00,7.000000000e+00,7.000000000e+00,0.000000000e+00,1.301131725e+00,3.021017790e+00,6.061669812e-02,1.000000000e+00,-1.879781485e+00,-3.757112503e+00,-2.171887755e-01,3.021017551e+00,-3.546193361e+00,-1.893293500e+00,3.547854185e+00,2.507557273e-01,1.000000000e+00,0.000000000e+00,1.000000000e+00,3.000000000e+00,1.000000000e+00,5.000000000e+00,3.000000000e+00,1.000000000e+00,-5.730391026e+00,-2.145085573e+00,-5.244219303e-01,-5.728955746e+00,1.000000000e+00,4.342942646e-07,7.435364723e-01
44,2,1,6.072925329e-01,5.455712676e-01,-1.090283632e+00,5.391228199e-01,-1.598466933e-01,-3.270737410e+00,-3.175144434e+00,-2.542225361e+00,-2.605754852e+00,-2.480524302e+00,-2.243047953e+00,-3.332335234e+00,5.458523035e-01,4.000000000e+00,5.000000000e+00,5.000000000e+00,0.000000000e+00,1.290241838e+00,3.125777006e+00,-1.598466933e-01,1.000000000e+00,-1.635841370e+00,-3.270880461e+00,4.570404589e-01,3.125776052e+00,-2.694246054e+00,-1.697559714e+00,2.793948889e+00,5.458523035e-01,1.000000000e+00,0.000000000e+00,1.000000000e+00,3.000000000e+00,1.000000000e+00,3.000000000e+00,2.000000000e+00,1.000000000e+00,-4.852082253e+00,-2.266458273e+00,-1.256634474e+00,-4.849904060e+00,1.000000000e+00,4.342942646e-07,9.514656067e-01
44,3,0,4.823848903e-01,4.675192237e-01,-1.436057091e+00,8.613649011e-01,-9.287711978e-02,-3.145911694e+00,-3.206861734e+00,-2.331660509e+00,-2.632471323e+00,-2.316797972e+00,-2.385820389e+00,-3.160756350e+00,2.631416321e-01,4.000000000e+00,7.000000000e+00,7.000000000e+00,0.000000000e+00,-4.344286919e+00,1.921482980e-01,1.626721956e-02,1.000000000e+00,-1.903553247e+00,-3.804352522e+00,-8.499781042e-02,1.210960299e-01,-3.184510469e+00,-1.918417573e+00,5.216373205e-01,2.631416321e-01,1.000000000e+00,0.000000000e+00,1.000000000e+00,3.000000000e+00,1.000000000e+00,5.000000000e+00,3.000000000e+00,1.000000000e+00,-4.945699692e+00,-2.975982666e+00,-2.144633770e+00,-4.945281506e+00,1.000000000e+00,4.342942646e-07,9.841904044e-01
44,4,0,7.870197296e-01,3.720402122e-01,-1.236078024e+00,6.226069331e-01,-2.224905044e-01,-3.058953762e+00,-2.995254755e+00,-2.549520493e+00,-2.536084890e+00,-2.134635687e+00,-2.394806147e+00,-3.473138094e+00,-1.609453559e+00,4.000000000e+00,6.000000000e+00,6.000000000e+00,0.000000000e+00,7.331611961e-02,2.171363831e+00,-1.555437893e-01,1.000000000e+00,-1.608108044e+00,-3.215306282e+00,6.228046864e-02,2.171350718e+00,-2.845689774e+00,-2.023059607e+00,2.510480642e+00,1.609453559e+00,1.000000000e+00,1.000000000e+00,0.000000000e+00,2.000000000e+00,3.000000000e+00,1.600000000e+01,4.000000000e+00,1.000000000e+00,-4.704590797e+00,-2.308508635e+00,-1.405189633e+00,-4.702569485e+00,1.000000000e+00,4.342942646e-07,9.949808717e-01
44,5,0,9.510226250e-01,3.152524531e-01,-1.046814442e+00,7.079841495e-01,-2.462577224e-01,-2.895492077e+00,-2.759464741e+00,-2.444217682e+00,-2.307711840e+00,-1.808540225e+00,-2.312829018e+00,-3.530129194e+00,-2.143407345e+00,6.000000000e+00,6.000000000e+00,7.000000000e+00,0.000000000e+00,9.573163390e-01,2.287227631e+00,-1.371134073e-01,1.000000000e+00,-1.362061620e+00,-2.723737240e+00,-2.895702124e-01,2.287226200e+00,-2.912268400e+00,-1.997798800e+00,3.075857401e+00,2.143407345e+00,1.000000000e+00,1.000000000e+00,0.000000000e+00,1.000000000e+00,-5.000000000e+00,5.000000000e+00,1.000000000e+00,1.000000000e+00,-5.025753021e+00,-1.560782075e+00,-3.732382059e-01,-5.015209675e+00,1.000000000e+00,4.342942646e-07,9.971761703e-01
45,0,1,8.055458069e-01,7.931493521e-01,-1.076585293e+00,-4.868391156e-02,-1.002922535e+00,-3.226617098e+00,-3.194357157e+00,-2.394863129e+00,-2.537728310e+00,-2.382469654e+00,-2.675056696e+00,-3.238992214e+00,-2.400689274e-01,4.000000000e+00,7.000000000e+00,7.000000000e+00,0.000000000e+00,8.136889935e-01,2.789436817e+00,-8.937790394e-01,1.000000000e+00,-1.869707584e+00,-3.737079144e+00,8.943678141e-01,2.789401531e+00,-2.436540842e+00,-1.882103086e+00,2.050318480e+00,2.400689274e-01,2.000000000e+00,0.000000000e+00,2.000000000e+00,3.000000000e+00,-1.000000000e+00,7.000000000e+00,3.000000000e+00,1.000000000e+00,-5.797016144e+00,-1.792958021e+00,1.676139683e-01,-5.794412136e+00,1.000000000e+00,4.342942646e-07,8.153668046e-02
45,1,0,5.852296948e-01,5.146567822e-01,-1.364458680e+00,7.682044506e-01,-1.860375255e-01,-3.230180264e+00,-3.186835766e+00,-2.525249720e+00,-2.606831074e+00,-2.454698801e+00,-2.464109182e+00,-3.300622940e+00,-5.856461525e-01,4.000000000e+00,7.000000000e+00,7.000000000e+00,0.000000000e+00,5.779675841e-01,2.743806124e+00,-7.689318806e-02,1.000000000e+00,-1.879092336e+00,-3.755650043e+00,-6.062207222e-01,2.743806124e+00,-3.725571156e+00,-1.949659586e+00,3.501503944e+00,5.856461525e-01,2.000000000e+00,0.000000000e+00,2.000000000e+00,3.000000000e+00,-1.000000000e+00,7.000000000e+00,3.000000000e+00,1.000000000e+00,-5.190312862e+00,-2.497604370e+00,-1.234458804e+00,-5.189147949e+00,1.000000000e+00,4.869830236e-02,9.694794416e-01
45,2,1,5.412729383e-01,5.145053864e-01,-1.376364112e+00,7.388162613e-01,-2.154256403e-01,-3.166877985e+00,-3.187430382e+00,-2.359720469e+00,-2.562782764e+00,-2.332958937e+00,-2.431964636e+00,-3.193605185e+00,3.547146618e-01,4.000000000e+00,7.000000000e+00,7.000000000e+00,0.000000000e+00,8.023793697e-01,2.734393120e+00,-1.062813178e-01,1.000000000e+00,-1.890845776e+00,-3.779069662e+00,1.248104692e+00,2.734161615e+00,-1.829312801e+00,-1.917611241e+00,1.715937257e+00,3.547146618e-01,1.000000000e+00,0.000000000e+00,1.000000000e+00,3.000000000e+00,1.000000000e+00,6.000000000e+00,2.000000000e+00,1.000000000e+00,-4.661509991e+00,-1.888473511e+00,1.604681462e-02,-4.656186104e+00,1.000000000e+00,5.089024082e-02,9.695469141e-01
45,3,0,4.806219041e-01,4.668356478e-01,-1.397303224e+00,5.271551609e-01,-5.867866874e-01,-3.152673960e+00,-3.264539719e+00,-2.340949059e+00,-2.733716011e+00,-2.327165842e+00,-2.344640017e+00,-3.166440248e+00,2.533034980e-01,6.000000000e+00,7.000000000e+00,9.000000000e+00,0.000000000e+00,1.321309924e+00,2.987912893e+00,-4.270863235e-01,1.000000000e+00,-1.864117622e+00,-3.725946665e+00,-1.655435681e+00,2.987912893e+00,-4.826120853e+00,-1.877902865e+00,5.039544106e+00,2.533034980e-01,1.000000000e+00,0.000000000e+00,1.000000000e+00,3.000000000e+00,1.000000000e+00,6.000000000e+00,2.000000000e+00,1.000000000e+00,-4.868742466e+00,-2.091600180e+00,-4.620124400e-01,-4.865498066e+00,1.000000000e+00,1.023166895e+00,9.843333364e-01
45,4,0,9.451775551e-01,4.516489506e-01,-1.101402640e+00,6.309480071e-01,-3.232936859e-01,-3.063837767e+00,-2.952247381e+00,-2.498090506e+00,-2.381932259e+00,-2.004654884e+00,-2.497912884e+00,-3.556303263e+00,1.802726626e+00,5.000000000e+00,6.000000000e+00,7.000000000e+00,0.000000000e+00,8.452830315e-01,2.427350283e+00,-2.141494602e-01,1.000000000e+00,-1.553041458e+00,-3.105375051e+00,3.050974309e-01,2.427337885e+00,-2.528441668e+00,-2.046537399e+00,2.499526978e+00,1.802726626e+00,2.000000000e+00,2.000000000e+00,0.000000000e+00,3.000000000e+00,5.000000000e+00,1.600000000e+01,3.000000000e+00,1.000000000e+00,-4.311201096e+00,-2.228826284e+00,-1.356788874e+00,-4.308697224e+00,1.000000000e+00,1.021934152e+00,9.871540666e-01
45,5,0,6.770165563e-01,4.322597086e-01,-1.306533933e+00,5.607555509e-01,-4.806359708e-01,-3.130331516e+00,-3.087486982e+00,-2.531569958e+00,-2.547540188e+00,-2.286876678e+00,-2.415464640e+00,-3.374644756e+00,-1.163628578e+00,4.000000000e+00,7.000000000e+00,8.000000000e+00,0.000000000e+00,8.357124329e-01,2.704816818e+00,-3.423336148e-01,1.000000000e+00,-1.738778472e+00,-3.476061821e+00,-1.223952055e+00,2.704816818e+00,-4.197022438e+00,-1.983517528e+00,4.186949730e+00,1.163628578e+00,1.000000000e+00,0.000000000e+00,1.000000000e+00,3.000000000e+00,-2.000000000e+00,1.100000000e+01,1.000000000e+00,1.000000000e+00,-5.787550926e+00,-2.172211647e+00,-8.727666736e-01,-5.786422253e+00,1.000000000e+00,1.065733910e+00,9.899377823e-01
45,6,0,9.737794995e-01,3.790005744e-01,-1.018473983e+00,1.546763778e+00,5.925212502e-01,-3.011829615e+00,-2.859343767e+00,-2.481765270e+00,-2.363674879e+00,-1.887084246e+00,-2.371036768e+00,-3.605301380e+00,2.046112537e+00,6.000000000e+00,6.000000000e+00,7.000000000e+00,0.000000000e+00,-3.244329691e-01,1.725067139e+00,7.016656995e-01,1.000000000e+00,-1.397468209e+00,-2.794567347e+00,1.927588582e-01,1.724879980e+00,-2.549862862e+00,-1.992215395e+00,2.008714437e+00,2.046112537e+00,2.000000000e+00,2.000000000e+00,0.000000000e+00,3.000000000e+00,5.000000000e+00,1.600000000e+01,3.000000000e+00,1.000000000e+00,-4.471639633e+00,-1.741674662e+00,-6.725490093e-01,-4.464066982e+00,1.000000000e+00,9.998579025e-01,9.945861101e-01
45,7,0,5.534736514e-01,3.530639708e-01,-1.453615546e+00,6.992407441e-01,-2.550011277e-01,-3.113543272e+00,-3.068841934e+00,-2.521570683e+00,-2.540474892e+00,-2.321214437e+00,-2.359748363e+00,-3.313622236e+00,-1.035993695e+00,4.000000000e+00,7.000000000e+00,7.000000000e+00,0.000000000e+00,9.690847397e-01,2.805847645e+00,-1.458568275e-01,1.000000000e+00,-1.806663632e+00,-3.611287355e+00,-9.956004024e-01,2.805847645e+00,-3.885941744e+00,-2.007057190e+00,4.019282818e+00,1.035993695e+00,1.000000000e+00,0.000000000e+00,1.000000000e+00,3.000000000e+00,-2.000000000e+00,1.000000000e+01,1.000000000e+00,1.000000000e+00,-4.815954208e+00,-2.692029238e+00,-1.772839665e+00,-4.815130711e+00,1.000000000e+00,6.253058314e-01,9.958926439e-01
45,8,0,9.980037212e-01,3.508787453e-01,-9.668669105e-01,7.872285843e-01,-3.267139494e-01,-2.936979294e+00,-2.751859426e+00,-2.387943506e+00,-2.241812468e+00,-1.740900636e+00,-2.315544605e+00,-3.582814932e+00,-2.170262337e+00,8.000000000e+00,7.000000000e+00,9.000000000e+00,0.000000000e+00,1.545196056e+00,2.513523102e+00,-1.670133770e-01,1.000000000e+00,-1.317740440e+00,-2.635192633e+00,-2.455710918e-01,2.513522625e+00,-2.838039398e+00,-1.964834690e+00,3.259924650e+00,2.170262337e+00,1.000000000e+00,1.000000000e+00,0.000000000e+00,1.000000000e+00,-5.000000000e+00,2.800000000e+01,1.000000000e+00,1.000000000e+00,-4.667571068e+00,-1.778413773e+00,-9.067886472e-01,-4.660728455e+00,1.000000000e+00,5.693861246e-01,9.959841967e-01
45,9,0,7.108446360e-01,3.170893192e-01,-1.355975866e+00,8.403476477e-01,-4.749993328e-03,-2.922080755e+00,-2.793820381e+00,-2.139546394e+00,-2.051198483e+00,-1.745826483e+00,-2.383238792e+00,-3.315300703e+00,1.556276321e+00,3.000000000e+00,6.000000000e+00,6.000000000e+00,0.000000000e+00,-1.523724198e-01,1.669863582e+00,6.219671667e-02,1.000000000e+00,-1.673054218e+00,-3.344612598e+00,2.122125179e-01,1.669599533e+00,-2.156062126e+00,-2.066779613e+00,1.762753844e+00,1.556276321e+00,2.000000000e+00,2.000000000e+00,0.000000000e+00,3.000000000e+00,5.000000000e+00,1.600000000e+01,3.000000000e+00,1.000000000e+00,-4.522343636e+00,-2.205782175e+00,-1.070939898e+00,-4.519737720e+00,1.000000000e+00,1.404821277e+00,9.971264005e-01
45,10,0,1.054879904e+00,3.039955497e-01,-8.852110505e-01,4.142355919e-01,-6.997057796e-01,-2.903036594e+00,-2.667746782e+00,-2.368427038e+00,-2.196998835e+00,-1.617625833e+00,-2.243935108e+00,-3.652313948e+00,-2.414154291e+00,9.000000000e+00,7.000000000e+00,9.000000000e+00,0.000000000e+00,-1.746534824e+00,7.497214675e-01,-5.400055647e-01,1.000000000e+00,-1.189203024e+00,-2.378237247e+00,-4.125186056e-02,7.439597249e-01,-2.542163134e+00,-1.940056562e+00,1.364560008e+00,2.414154291e+00,1.000000000e+00,1.000000000e+00,0.000000000e+00,1.000000000e+00,-5.000000000e+00,2.000000000e+01,1.000000000e+00,1.000000000e+00,-4.634396076e+00,-1.099899411e+00,2.505154610e-01,-4.602572918e+00,1.000000000e+00,5.695427656e-01,9.974588752e-01
46,0,1,9.811922312e-01,9.701156020e-01,-8.846650720e-01,8.503524661e-01,-1.038895473e-01,-3.262763977e+00,-3.363379478e+00,-2.387708902e+00,-2.713159084e+00,-2.376634836e+00,-2.835662365e+00,-3.273820162e+00,2.268146724e-01,4.000000000e+00,7.000000000e+00,7.000000000e+00,0.000000000e+00,1.009106040e+00,2.881324768e+00,5.254772492e-03,1.000000000e+00,-1.854752898e+00,-3.707332134e+00,1.028110981e+00,2.881282091e+00,-2.655191660e+00,-1.865828753e+00,2.189795732e+00,2.268146724e-01,3.000000000e+00,0.000000000e+00,3.000000000e+00,3.000000000e+00,0.000000000e+00,1.000000000e+00,1.000000000e+00,1.000000000e+00,-5.024722099e+00,-2.370089531e+00,-1.027098656e+00,-5.023069382e+00,1.000000000e+00,4.342942646e-07,1.716208062e-04
46,1,0,8.796501756e-01,4.145823419e-01,-1.086286068e+00,7.755886316e-01,-2.658033371e-01,-3.086198568e+00,-2.933978796e+00,-2.517807484e+00,-2.376080275e+00,-2.052833557e+00,-2.380290508e+00,-3.550251722e+00,-1.733257651e+00,6.000000000e+00,6.000000000e+00,8.000000000e+00,0.000000000e+00,1.725902438e+00,2.915833950e+00,-1.275008619e-01,1.000000000e+00,-1.500859857e+00,-3.001182318e+00,-1.908004880e-01,2.915833950e+00,-2.981150866e+00,-1.965901494e+00,3.429775715e+00,1.733257651e+00,1.000000000e+00,1.000000000e+00,0.000000000e+00,2.000000000e+00,5.000000000e+00,2.600000000e+01,3.000000000e+00,1.000000000e+00,-5.457073212e+00,-2.821562052e+00,-2.643070459e+00,-5.456606388e+00,1.000000000e+00,5.439962745e-01,9.918752313e-01
46,2,0,7.334913611e-01,4.019652009e-01,-1.332859397e+00,1.127522469e+00,1.732801795e-01,-3.106575251e+00,-3.048098326e+00,-2.560395479e+00,-2.539080620e+00,-2.228953838e+00,-2.467891693e+00,-3.437465906e+00,-1.397154570e+00,4.000000000e+00,7.000000000e+00,7.000000000e+00,0.000000000e+00,6.925411224e-01,2.575302601e+00,2.824245989e-01,1.000000000e+00,-1.734810114e+00,-3.468083620e+00,3.121474981e-01,2.575296164e+00,-2.628863811e+00,-2.066309452e+00,2.573279381e+00,1.397154570e+00,1.000000000e+00,1.000000000e+00,0.000000000e+00,3.000000000e+00,-4.000000000e+00,1.000000000e+01,1.000000000e+00,1.000000000e+00,-4.448770046e+00,-2.501603842e+00,-1.531061172e+00,-4.447442532e+00,1.000000000e+00,5.424523354e-01,9.929903746e-01
46,3,0,8.158089519e-01,2.993304729e-01,-1.194711566e+00,9.014254212e-01,-2.125173062e-01,-2.839356422e+00,-2.726497412e+00,-2.318319082e+00,-2.203076601e+00,-1.801903129e+00,-2.309368134e+00,-3.355149984e+00,-1.858360529e+00,7.000000000e+00,7.000000000e+00,9.000000000e+00,0.000000000e+00,8.806387782e-01,2.242251635e+00,-5.281668901e-02,1.000000000e+00,-1.494035125e+00,-2.987274647e+00,-3.111826777e-01,2.242249966e+00,-2.813376665e+00,-2.010482788e+00,2.954506636e+00,1.858360529e+00,1.000000000e+00,1.000000000e+00,0.000000000e+00,1.000000000e+00,-5.000000000e+00,2.000000000e+00,1.000000000e+00,1.000000000e+00,-4.639491081e+00,-1.715982080e+00,-4.270448089e-01,-4.631576061e+00,2.000000000e+00,4.342942646e-07,9.975656271e-01
47,0,1,1.011730313e+00,9.868909121e-01,-8.638226390e-01,7.448767424e-01,-2.093651891e-01,-3.354802847e+00,-3.290060520e+00,-2.464307785e+00,-2.654824495e+00,-2.439475536e+00,-2.862107992e+00,-3.379584312e+00,3.414488733e-01,4.000000000e+00,7.000000000e+00,7.000000000e+00,0.000000000e+00,1.426908255e+00,3.153049231e+00,-1.002208591e-01,1.000000000e+00,-1.850685835e+00,-3.699232101e+00,-1.855252534e-01,3.153048992e+00,-3.824528694e+00,-1.875523567e+00,3.553699970e+00,3.414488733e-01,4.000000000e+00,0.000000000e+00,4.000000000e+00,3.000000000e+00,1.000000000e+00,7.000000000e+00,1.000000000e+00,1.000000000e+00,-5.185570717e+00,-2.318101406e+00,-9.391109943e-01,-5.183806896e+00,1.000000000e+00,4.342942646e-07,8.227828221e-05
47,1,0,1.103859067e+00,5.663279891e-01,-9.149008989e-01,7.817827463e-01,-3.943075240e-01,-3.143191576e+00,-3.018831253e+00,-2.590425253e+00,-2.459879875e+00,-2.053014278e+00,-2.584830284e+00,-3.679247141e+00,1.909130216e+00,8.000000000e+00,8.000000000e+00,1.000000000e+01,0.000000000e+00,-1.306813359e-01,1.987745523e+00,-2.182165980e-01,1.000000000e+00,-1.481219292e+00,-2.961972713e+00,3.686487302e-02,1.987718344e+00,-2.989044905e+00,-2.018718243e+00,2.357680321e+00,1.909130216e+00,1.000000000e+00,1.000000000e+00,0.000000000e+00,1.000000000e+00,5.000000000e+00,1.600000000e+01,1.000000000e+00,1.000000000e+00,-4.784764767e+00,-1.466917038e+00,-5.404266994e-04,-4.771065712e+00,1.000000000e+00,6.158291698e-01,9.328841567e-01
47,2,1,6.288762093e-01,5.645947456e-01,-1.310513377e+00,6.579223871e-01,-2.963193953e-01,-3.222041130e+00,-3.216515541e+00,-2.520502090e+00,-2.629495144e+00,-2.456240416e+00,-2.503742218e+00,-3.286206961e+00,5.575995445e-01,4.000000000e+00,7.000000000e+00,7.000000000e+00,0.000000000e+00,1.427927613e+00,3.170328379e+00,-1.871751398e-01,1.000000000e+00,-1.875084281e+00,-3.747685671e+00,-4.027876556e-01,3.170328379e+00,-3.595349550e+00,-1.939360738e+00,3.745964766e+00,5.575995445e-01,2.000000000e+00,0.000000000e+00,2.000000000e+00,3.000000000e+00,1.000000000e+00,7.000000000e+00,1.000000000e+00,1.000000000e+00,-5.372809410e+00,-2.444108248e+00,-1.141335845e+00,-5.371617794e+00,1.000000000e+00,6.154401898e-01,9.346984029e-01
48,0,0,1.270682335e+00,7.672238350e-01,-7.248985171e-01,4.747087955e-01,-6.392328143e-01,-3.297888041e+00,-3.182731867e+00,-2.757550478e+00,-2.626574039e+00,-2.254262686e+00,-2.762507677e+00,-3.799464226e+00,1.826836944e+00,7.000000000e+00,7.000000000e+00,9.000000000e+00,0.000000000e+00,2.669471502e-01,2.387815952e+00,-4.795325398e-01,1.000000000e+00,-1.492111206e+00,-2.983783007e+00,-1.026159972e-01,2.387813568e+00,-3.495237589e+00,-1.995540142e+00,2.862614632e+00,1.826836944e+00,3.000000000e+00,3.000000000e+00,0.000000000e+00,3.000000000e+00,5.000000000e+00,3.000000000e+00,4.000000000e+00,1.000000000e+00,-4.203630924e+00,-1.085072398e+00,8.886067271e-01,-4.169847012e+00,1.000000000e+00,4.342942646e-07,1.542266607e-01
48,1,1,8.942544460e-01,6.161377430e-01,-1.062469244e+00,1.147246242e+00,1.930039823e-01,-3.296835899e+00,-3.199327469e+00,-2.666501045e+00,-2.631453037e+00,-2.388479710e+00,-2.572613239e+00,-3.574181557e+00,-1.255470872e+00,4.000000000e+00,6.000000000e+00,7.000000000e+00,0.000000000e+00,2.173397303e+00,3.475284576e+00,3.021484017e-01,1.000000000e+00,-1.678591132e+00,-3.356145859e+00,-5.929740518e-02,3.475284576e+00,-3.306194782e+00,-1.956689477e+00,3.777422428e+00,1.255470872e+00,3.000000000e+00,3.000000000e+00,0.000000000e+00,3.000000000e+00,-4.000000000e+00,2.400000000e+01,1.000000000e+00,1.000000000e+00,-5.170996666e+00,-2.783676624e+00,-2.212013960e+00,-5.170389175e+00,1.000000000e+00,1.063512802e+00,8.502332568e-01
48,2,0,8.369143009e-01,5.899015665e-01,-1.175870419e+00,1.308053851e+00,1.941106617e-01,-3.287110090e+00,-3.205682278e+00,-2.592516661e+00,-2.584705830e+00,-2.345577717e+00,-2.602385521e+00,-3.533478737e+00,1.169938207e+00,5.000000000e+00,7.000000000e+00,9.000000000e+00,0.000000000e+00,4.787884951e-01,2.585074186e+00,3.538114130e-01,1.000000000e+00,-1.765753031e+00,-3.529949665e+00,4.000082910e-01,2.585064888e+00,-2.774507761e+00,-2.012746572e+00,2.424189568e+00,1.169938207e+00,4.000000000e+00,4.000000000e+00,0.000000000e+00,3.000000000e+00,4.000000000e+00,1.000000000e+00,2.000000000e+00,1.000000000e+00,-4.327976227e+00,-1.914564490e+00,-2.870045304e-01,-4.322832584e+00,1.000000000e+00,4.342942646e-07,9.021074772e-01
48,3,0,7.037625313e-01,5.247638822e-01,-1.256254315e+00,7.981355786e-01,-2.432564050e-01,-3.199184656e+00,-3.160972118e+00,-2.553179979e+00,-2.594978571e+00,-2.374233723e+00,-2.484478712e+00,-3.377833128e+00,-9.713816047e-01,4.000000000e+00,7.000000000e+00,8.000000000e+00,0.000000000e+00,-5.308747292e-01,2.108920574e+00,-1.049539074e-01,1.000000000e+00,-1.780999660e+00,-3.560293913e+00,2.091509104e-01,2.108886242e+00,-2.910409212e+00,-1.959985137e+00,2.120442867e+00,9.713816047e-01,1.000000000e+00,0.000000000e+00,1.000000000e+00,3.000000000e+00,-2.000000000e+00,4.000000000e+00,1.000000000e+00,1.000000000e+00,-5.632609844e+00,-2.912932873e+00,-2.265505075e+00,-5.632307053e+00,1.000000000e+00,7.335571647e-01,9.645772576e-01
48,4,1,8.147226572e-01,5.209515691e-01,-1.224996090e+00,4.634693861e-01,-5.779218078e-01,-3.174511909e+00,-3.138725758e+00,-2.529934883e+00,-2.542402744e+00,-2.236236095e+00,-2.560296535e+00,-3.467655897e+00,1.297603369e+00,4.000000000e+00,7.000000000e+00,8.000000000e+00,0.000000000e+00,6.280419230e-01,2.550339937e+00,-4.396195710e-01,1.000000000e+00,-1.745930552e+00,-3.490341425e+00,3.942382932e-01,2.550329208e+00,-2.669064760e+00,-2.039678574e+00,2.462273359e+00,1.297603369e+00,3.000000000e+00,3.000000000e+00,0.000000000e+00,3.000000000e+00,4.000000000e+00,1.000000000e+00,2.000000000e+00,1.000000000e+00,-5.833584309e+00,-2.736481905e+00,-1.983077049e+00,-5.833331108e+00,2.000000000e+00,7.333306670e-01,9.665232301e-01
48,5,0,7.079738379e-01,4.861480892e-01,-1.306517243e+00,4.568740726e-01,-4.973672330e-01,-3.202358723e+00,-3.139121056e+00,-2.576185942e+00,-2.575819731e+00,-2.354425669e+00,-2.500300407e+00,-3.423723459e+00,1.098546147e+00,4.000000000e+00,7.000000000e+00,7.000000000e+00,0.000000000e+00,4.797017276e-01,2.594375610e+00,-3.882230520e-01,1.000000000e+00,-1.792647004e+00,-3.583470583e+00,-4.601709545e-03,2.594374180e+00,-3.066227436e+00,-2.014455080e+00,2.820270300e+00,1.098546147e+00,4.000000000e+00,4.000000000e+00,0.000000000e+00,3.000000000e+00,4.000000000e+00,1.000000000e+00,2.000000000e+00,1.000000000e+00,-5.466192245e+00,-2.002690077e+00,-4.114441276e-01,-5.463150024e+00,1.000000000e+00,1.050198674e+00,9.796473980e-01
48,6,0,5.896193385e-01,3.925987780e-01,-1.419003963e+00,5.482152104e-01,-4.060263336e-01,-3.146294355e+00,-3.116624832e+00,-2.537303925e+00,-2.591588497e+00,-2.340337992e+00,-2.400847673e+00,-3.342965841e+00,-1.025914788e+00,4.000000000e+00,7.000000000e+00,7.000000000e+00,0.000000000e+00,-1.709107399e+00,1.485868931e+00,-2.968821228e-01,1.000000000e+00,-1.811585784e+00,-3.621132612e+00,-1.174800158e+00,1.485867858e+00,-4.152942657e+00,-2.008590221e+00,2.909469843e+00,1.025914788e+00,0.000000000e+00,0.000000000e+00,0.000000000e+00,0.000000000e+00,-1.000000000e+00,-1.000000000e+00,-1.000000000e+00,0.000000000e+00,-9.999956489e-01,4.342942646e-07,1.000000000e+00,-6.989678144e-01,0.000000000e+00,4.342942646e-07,9.937014580e-01
48,7,0,7.483286262e-01,3.720050752e-01,-1.259974599e+00,6.346408725e-01,-3.196008801e-01,-3.087657928e+00,-3.015726328e+00,-2.567423344e+00,-2.532391787e+00,-2.191192865e+00,-2.379993200e+00,-3.463249445e+00,-1.512222886e+00,5.000000000e+00,6.000000000e+00,7.000000000e+00,0.000000000e+00,1.132558212e-01,2.247888327e+00,-2.104565799e-01,1.000000000e+00,-1.631968737e+00,-3.262959957e+00,-7.162455320e-01,2.247888088e+00,-3.618982315e+00,-2.008266926e+00,3.304645777e+00,1.512222886e+00,2.000000000e+00,2.000000000e+00,0.000000000e+00,3.000000000e+00,-4.000000000e+00,2.400000000e+01,1.000000000e+00,1.000000000e+00,-3.470769405e+00,-1.336805940e+00,6.312885880e-01,-3.451275349e+00,1.000000000e+00,1.060790777e+00,9.949827194e-01
48,8,0,5.788084269e-01,3.544977009e-01,-1.358926535e+00,1.481921554e+00,6.368235350e-01,-3.096701384e+00,-3.039483547e+00,-2.513354540e+00,-2.533185482e+00,-2.289101124e+00,-2.291918516e+00,-3.320645332e+00,1.105687380e+00,4.000000000e+00,6.000000000e+00,6.000000000e+00,0.000000000e+00,6.998506188e-01,2.639110565e+00,7.037702799e-01,1.000000000e+00,-1.713411450e+00,-3.425470829e+00,-2.199726105e+00,2.639110565e+00,-5.037495613e+00,-1.937707186e+00,5.060175896e+00,1.105687380e+00,3.000000000e+00,3.000000000e+00,0.000000000e+00,3.000000000e+00,4.000000000e+00,2.000000000e+00,3.000000000e+00,1.000000000e+00,-3.531798363e+00,-1.660990596e+00,1.240154430e-01,-3.522452593e+00,1.000000000e+00,4.342942646e-07,9.958311915e-01
48,9,0,1.007156491e+00,3.041000366e-01,-1.009912014e+00,9.725427032e-01,-1.414001137e-01,-2.895070314e+00,-2.722389936e+00,-2.376839876e+00,-2.232954741e+00,-1.673866034e+00,-2.320938587e+00,-3.596748590e+00,-2.302033663e+00,8.000000000e+00,7.000000000e+00,9.000000000e+00,0.000000000e+00,1.373723388e+00,2.360753775e+00,1.830053329e-02,1.000000000e+00,-1.314007282e+00,-2.627704859e+00,7.869052887e-02,2.360747814e+00,-2.458313704e+00,-2.017027855e+00,2.841137886e+00,2.302033663e+00,1.000000000e+00,1.000000000e+00,0.000000000e+00,1.000000000e+00,-5.000000000e+00,1.900000000e+01,1.000000000e+00,1.000000000e+00,-4.655265808e+00,-1.282760262e+00,1.090137959e-01,-4.634163380e+00,1.000000000e+00,4.342942646e-07,9.974563718e-01
49,0,0,1.231980801e+00,6.894012690e-01,-6.388774514e-01,8.713496476e-02,-9.542541504e-01,-3.290453434e+00,-3.034737349e+00,-2.704727888e+00,-2.448899508e+00,-2.162305593e+00,-2.560079813e+00,-3.830929041e+00,1.921270132e+00,7.000000000e+00,6.000000000e+00,8.000000000e+00,0.000000000e+00,1.339357734e+00,2.832047462e+00,-8.159525394e-01,1.000000000e+00,-1.328271270e+00,-2.656340361e+00,-1.030607000e-01,2.832047224e+00,-3.240727425e+00,-1.870827675e+00,3.221606731e+00,1.921270132e+00,1.000000000e+00,1.000000000e+00,0.000000000e+00,2.000000000e+00,-5.000000000e+00,3.000000000e+00,3.000000000e+00,1.000000000e+00,-5.100533962e+00,-1.340541601e+00,1.604456827e-02,-5.083543777e+00,1.000000000e+00,1.053760409e+00,5.542657375e-01
49,1,1,8.047153354e-01,6.813862920e-01,-1.151211023e+00,6.965234876e-01,-2.577183247e-01,-3.335557938e+00,-3.228964806e+00,-2.600519896e+00,-2.620670319e+00,-2.477233648e+00,-2.637037992e+00,-3.458578348e+00,-7.897484899e-01,4.000000000e+00,7.000000000e+00,7.000000000e+00,0.000000000e+00,1.750424027e+00,3.352576017e+00,-1.485740244e-01,1.000000000e+00,-1.832573771e+00,-3.663110495e+00,-4.203824326e-02,3.352576017e+00,-3.343318224e+00,-1.955893397e+00,3.537902594e+00,7.897484899e-01,2.000000000e+00,0.000000000e+00,2.000000000e+00,3.000000000e+00,-1.000000000e+00,6.000000000e+00,1.000000000e+00,1.000000000e+00,-5.046362877e+00,-2.644846678e+00,-1.622882843e+00,-5.045489788e+00,1.000000000e+00,4.342942646e-07,5.979174376e-01
49,2,1,6.611576080e-01,6.434928775e-01,-1.246369958e+00,7.477583289e-01,-2.064835727e-01,-3.169159174e+00,-3.192936420e+00,-2.363285065e+00,-2.550469160e+00,-2.345624208e+00,-2.550826550e+00,-3.186797380e+00,2.871553600e-01,4.000000000e+00,7.000000000e+00,7.000000000e+00,0.000000000e+00,1.747136116e+00,3.219288588e+00,-9.733925015e-02,1.000000000e+00,-1.889836550e+00,-3.777086735e+00,2.238221169e-01,3.219288349e+00,-2.969888926e+00,-1.907499909e+00,3.200277328e+00,2.871553600e-01,2.000000000e+00,0.000000000e+00,2.000000000e+00,3.000000000e+00,1.000000000e+00,9.000000000e+00,2.000000000e+00,1.000000000e+00,-5.262864113e+00,-2.235969067e+00,-6.973742247e-01,-5.260808945e+00,1.000000000e+00,4.342942646e-07,7.683803439e-01
49,3,0,4.647413194e-01,4.274932742e-01,-1.464213729e+00,6.846081018e-01,-2.696337104e-01,-3.179178476e+00,-3.160689116e+00,-2.484239817e+00,-2.593188763e+00,-2.447002649e+00,-2.356271267e+00,-3.216367722e+00,-4.201111197e-01,4.000000000e+00,7.000000000e+00,7.000000000e+00,0.000000000e+00,3.878496587e-01,2.641048908e+00,-1.604893804e-01,1.000000000e+00,-1.891685486e+00,-3.780719042e+00,-1.605552673e+00,2.641048908e+00,-4.608426094e+00,-1.928930521e+00,4.386041641e+00,4.201111197e-01,1.000000000e+00,0.000000000e+00,1.000000000e+00,3.000000000e+00,-2.000000000e+00,6.000000000e+00,2.000000000e+00,1.000000000e+00,-4.825543404e+00,-2.127698183e+00,-4.785214365e-01,-4.822534084e+00,1.000000000e+00,4.342942646e-07,9.905093908e-01
49,4,0,3.552613854e-01,3.211258352e-01,-1.561182261e+00,6.341637373e-01,-3.200779855e-01,-3.068720102e+00,-3.071260452e+00,-2.389806747e+00,-2.471963167e+00,-2.355679274e+00,-2.237376213e+00,-3.102814198e+00,4.016984403e-01,4.000000000e+00,7.000000000e+00,7.000000000e+00,0.000000000e+00,1.312031269e+00,3.011793613e+00,-2.109337151e-01,1.000000000e+00,-1.882290483e+00,-3.761995792e+00,-1.108746082e-01,3.011793375e+00,-2.903744698e+00,-1.916423321e+00,3.238816500e+00,4.016984403e-01,2.000000000e+00,0.000000000e+00,2.000000000e+00,3.000000000e+00,1.000000000e+00,9.000000000e+00,2.000000000e+00,1.000000000e+00,-5.884118080e+00,-3.334013700e+00,-2.905308485e+00,-5.884070873e+00,1.000000000e+00,4.342942646e-07,9.970132113e-01
50,0,1,5.531468987e-01,5.496338606e-01,-1.351607084e+00,1.012709737e+00,5.846749619e-02,-3.146431923e+00,-3.249478340e+00,-2.332965136e+00,-2.657966852e+00,-2.329452753e+00,-2.454262495e+00,-3.149940014e+00,-1.273657233e-01,4.000000000e+00,7.000000000e+00,7.000000000e+00,0.000000000e+00,1.187856793e+00,2.923478365e+00,1.676118523e-01,1.000000000e+00,-1.901215911e+00,-3.799742699e+00,6.343175173e-01,2.923472643e+00,-2.573318243e+00,-1.904728651e+00,2.617728472e+00,1.273657233e-01,2.000000000e+00,0.000000000e+00,2.000000000e+00,3.000000000e+00,0.000000000e+00,6.000000000e+00,1.000000000e+00,1.000000000e+00,-4.778138161e+00,-2.312176466e+00,-8.177849054e-01,-4.776153564e+00,1.000000000e+00,4.342942646e-07,9.483245611e-01
50,1,0,1.141969681e+00,5.227076411e-01,-8.231173754e-01,7.709069252e-01,-3.430356085e-01,-3.115525723e+00,-2.949945450e+00,-2.627750397e+00,-2.449621201e+00,-2.008628607e+00,-2.487605095e+00,-3.732999802e+00,2.104292870e+00,8.000000000e+00,7.000000000e+00,9.000000000e+00,0.000000000e+00,8.108208179e-01,2.414084435e+00,-1.833350360e-01,1.000000000e+00,-1.345818281e+00,-2.691383123e+00,-1.843162924e-01,2.414083004e+00,-3.156145334e+00,-1.965049982e+00,3.039283752e+00,2.104292870e+00,2.000000000e+00,2.000000000e+00,0.000000000e+00,2.000000000e+00,-5.000000000e+00,3.100000000e+01,3.000000000e+00,1.000000000e+00,-4.636582851e+00,-1.894966483e+00,-1.087207794e+00,-4.631323338e+00,1.000000000e+00,6.747620702e-01,9.656420946e-01
50,2,0,8.857514262e-01,4.678811729e-01,-1.085499167e+00,1.188436151e+00,1.470437348e-01,-3.160802126e+00,-3.043696880e+00,-2.608575344e+00,-2.530138493e+00,-2.190814257e+00,-2.438904762e+00,-3.577656269e+00,1.616660237e+00,6.000000000e+00,7.000000000e+00,8.000000000e+00,0.000000000e+00,1.379594445e+00,2.880679607e+00,2.853463590e-01,1.000000000e+00,-1.553369999e+00,-3.106103659e+00,2.763920724e-01,2.880678177e+00,-2.721546173e+00,-1.971215367e+00,2.943612814e+00,1.616660237e+00,1.000000000e+00,1.000000000e+00,0.000000000e+00,2.000000000e+00,-4.000000000e+00,2.500000000e+01,4.000000000e+00,1.000000000e+00,-5.368419647e+00,-1.506613135e+00,1.209986359e-01,-5.358174801e+00,1.000000000e+00,2.340154797e-01,9.841140509e-01
50,3,0,6.437119246e-01,3.845871091e-01,-1.385357738e+00,4.493201971e-01,-5.049211383e-01,-3.123209000e+00,-3.066681862e+00,-2.540904999e+00,-2.540245056e+00,-2.281847954e+00,-2.413258076e+00,-3.381863356e+00,-1.203557968e+00,4.000000000e+00,7.000000000e+00,7.000000000e+00,0.000000000e+00,9.320096970e-01,2.747935772e+00,-3.957769573e-01,1.000000000e+00,-1.769929528e+00,-3.538111925e+00,-1.080137372e+00,2.747935772e+00,-4.000752926e+00,-2.029033661e+00,4.084734440e+00,1.203557968e+00,1.000000000e+00,1.000000000e+00,0.000000000e+00,2.000000000e+00,4.000000000e+00,8.000000000e+00,1.000000000e+00,1.000000000e+00,-4.875928402e+00,-1.518847346e+00,5.288930535e-01,-4.863934040e+00,1.000000000e+00,4.342942646e-07,9.942420125e-01
50,4,0,1.110817909e+00,3.649936318e-01,-5.717703104e-01,1.065133095e+00,1.108908355e-01,-2.986932516e+00,-2.589923620e+00,-2.517022133e+00,-2.200197697e+00,-1.771314740e+00,-2.047518253e+00,-3.730835199e+00,2.402312756e+00,7.000000000e+00,5.000000000e+00,7.000000000e+00,0.000000000e+00,9.484022856e-01,2.245541811e+00,2.200352252e-01,1.000000000e+00,-9.367616773e-01,-1.873481750e+00,-7.098168731e-01,2.245541573e+00,-3.274261475e+00,-1.682568908e+00,3.383933544e+00,2.402312756e+00,1.000000000e+00,1.000000000e+00,0.000000000e+00,2.000000000e+00,-5.000000000e+00,2.500000000e+01,3.000000000e+00,1.000000000e+00,-1.667355895e+00,-8.307994604e-01,3.506779075e-01,-1.607553601e+00,1.000000000e+00,7.618171722e-02,9.953456521e-01
50,5,0,6.525450349e-01,3.558782041e-01,-1.394638300e+00,1.224217296e+00,2.699749172e-01,-3.089227438e+00,-3.031625271e+00,-2.524654150e+00,-2.514030457e+00,-2.228059292e+00,-2.402623415e+00,-3.385371923e+00,1.305337787e+00,4.000000000e+00,7.000000000e+00,7.000000000e+00,0.000000000e+00,4.635003209e-01,2.459882736e+00,3.791193366e-01,1.000000000e+00,-1.750502586e+00,-3.499341726e+00,-1.006061673e+00,2.459882736e+00,-3.872863531e+00,-2.047145605e+00,3.750551939e+00,1.305337787e+00,1.000000000e+00,1.000000000e+00,0.000000000e+00,1.000000000e+00,5.000000000e+00,2.100000000e+01,1.000000000e+00,1.000000000e+00,-4.507093430e+00,-2.068214178e+00,-6.428650022e-01,-4.503516197e+00,1.000000000e+00,4.342942646e-07,9.957709908e-01
50,6,0,4.800423980e-01,3.234298527e-01,-1.514724851e+00,7.530563325e-02,-7.697902322e-01,-3.073800802e+00,-3.056604147e+00,-2.418110609e+00,-2.479133844e+00,-2.261532545e+00,-2.317744970e+00,-3.230189800e+00,-9.010933042e-01,3.000000000e+00,6.000000000e+00,6.000000000e+00,0.000000000e+00,5.007081032e-01,2.511965990e+00,-7.028437853e-01,1.000000000e+00,-1.838138700e+00,-3.673907042e+00,-6.156921983e-01,2.511965752e+00,-3.417251825e+00,-1.994738460e+00,3.344772577e+00,9.010933042e-01,1.000000000e+00,1.000000000e+00,0.000000000e+00,2.000000000e+00,4.000000000e+00,8.000000000e+00,1.000000000e+00,1.000000000e+00,-4.873390198e+00,-2.045384884e+00,-4.066692889e-01,-4.869785786e+00,1.000000000e+00,7.147568464e-01,9.969461560e-01
50,7,0,3.414950371e-01,3.226207197e-01,-1.574230790e+00,8.919568658e-01,-6.228519976e-02,-3.031428337e+00,-3.108326435e+00,-2.292164803e+00,-2.558306217e+00,-2.273293972e+00,-2.238190174e+00,-3.050282001e+00,2.969610095e-01,4.000000000e+00,7.000000000e+00,7.000000000e+00,0.000000000e+00,4.078896046e-01,2.477321386e+00,4.685915262e-02,1.000000000e+00,-1.896833181e+00,-3.790946245e+00,-8.957105130e-02,2.477319717e+00,-2.970249891e+00,-1.915706038e+00,2.851786137e+00,2.969610095e-01,1.000000000e+00,0.000000000e+00,1.000000000e+00,3.000000000e+00,0.000000000e+00,6.000000000e+00,1.000000000e+00,1.000000000e+00,-5.197885036e+00,-2.407483816e+00,-1.024841428e+00,-5.196456432e+00,1.000000000e+00,7.167306542e-01,9.969698787e-01
51,0,1,1.469979525e+00,1.162453175e+00,-4.770627916e-01,8.862497807e-01,-1.551423818e-01,-3.635745525e+00,-3.284611940e+00,-2.827541351e+00,-2.652442455e+00,-2.520163298e+00,-3.108921766e+00,-3.941342592e+00,-1.334187984e+00,5.000000000e+00,7.000000000e+00,8.000000000e+00,0.000000000e+00,-1.232699037e+00,1.903976798e+00,-1.683983020e-02,1.000000000e+00,-1.639498234e+00,-3.278192997e+00,8.623281121e-02,1.903926492e+00,-3.726538181e+00,-1.947005272e+00,1.949864626e+00,1.334187984e+00,4.000000000e+00,4.000000000e+00,0.000000000e+00,3.000000000e+00,-4.000000000e+00,8.000000000e+00,1.000000000e+00,1.000000000e+00,-4.886218548e+00,-1.748162508e+00,-2.327123582e-01,-4.879117966e+00,1.000000000e+00,4.342942646e-07,5.210729626e-09
51,1,1,6.797094345e-01,6.185453534e-01,-1.145588279e+00,1.310917497e+00,4.658195674e-01,-3.270473957e+00,-3.282536030e+00,-2.450675964e+00,-2.694752455e+00,-2.389527798e+00,-2.443676710e+00,-3.331515551e+00,-5.432677269e-01,4.000000000e+00,6.000000000e+00,6.000000000e+00,0.000000000e+00,1.072496176e+00,2.925882578e+00,5.327663422e-01,1.000000000e+00,-1.764114380e+00,-3.526764393e+00,-3.630322516e-01,2.925882578e+00,-3.674488783e+00,-1.825274587e+00,3.593752861e+00,5.432677269e-01,1.000000000e+00,0.000000000e+00,1.000000000e+00,3.000000000e+00,-1.000000000e+00,1.100000000e+01,3.000000000e+00,1.000000000e+00,-5.093985081e+00,-2.141829967e+00,-7.617411613e-01,-5.091250420e+00,1.000000000e+00,4.342942646e-07,8.442890644e-01
51,2,0,7.377140522e-01,3.186199665e-01,-1.213070393e+00,5.397738814e-01,-3.053234518e-01,-2.995596409e+00,-1.924447179e+00,-1.962364793e+00,-9.158799052e-01,-1.543295264e+00,-2.269111872e+00,-3.413992405e+00,1.619708657e+00,4.000000000e+00,4.000000000e+00,6.000000000e+00,0.000000000e+00,2.490835190e-01,1.667831659e+00,-2.383767664e-01,1.000000000e+00,-1.531682491e+00,-3.062673807e+00,-9.606063962e-01,1.667830467e+00,-2.195045710e+00,-1.950752735e+00,2.000981331e+00,1.619708657e+00,1.000000000e+00,1.000000000e+00,0.000000000e+00,1.000000000e+00,5.000000000e+00,2.900000000e+01,1.000000000e+00,1.000000000e+00,-4.516984463e+00,-1.700654387e+00,-3.204787076e-01,-4.508696556e+00,1.000000000e+00,4.342942646e-07,9.970840812e-01
51,3,0,8.575840592e-01,2.101489007e-01,-9.784289002e-01,5.684707165e-01,-3.857709169e-01,-2.811435461e+00,-2.554031610e+00,-2.294550419e+00,-2.094032049e+00,-1.647181273e+00,-2.046000719e+00,-3.457903862e+00,-2.170995474e+00,7.000000000e+00,5.000000000e+00,7.000000000e+00,0.000000000e+00,1.146102309e+00,2.220251799e+00,-2.766266763e-01,1.000000000e+00,-1.188575029e+00,-2.376943111e+00,-1.374238729e+00,2.220251799e+00,-3.676416874e+00,-1.835987210e+00,4.040111065e+00,2.170995474e+00,0.000000000e+00,0.000000000e+00,0.000000000e+00,0.000000000e+00,-1.000000000e+00,-1.000000000e+00,-1.000000000e+00,0.000000000e+00,-9.999956489e-01,4.342942646e-07,1.000000000e+00,-6.989678144e-01,0.000000000e+00,4.342942646e-07,9.988366961e-01
52,0,0,1.095680594e+00,5.217885375e-01,-8.389389515e-01,9.634462595e-01,-1.504965276e-01,-3.087863207e+00,-2.913644314e+00,-2.528181314e+00,-2.364714384e+00,-1.954396844e+00,-2.456216097e+00,-3.660296202e+00,1.996299028e+00,8.000000000e+00,7.000000000e+00,9.000000000e+00,0.000000000e+00,8.583810329e-01,2.383626938e+00,9.204104543e-03,1.000000000e+00,-1.360720515e+00,-2.721161366e+00,-3.922943771e-01,2.383626223e+00,-3.278074265e+00,-1.934585214e+00,3.186052799e+00,1.996299028e+00,2.000000000e+00,2.000000000e+00,0.000000000e+00,2.000000000e+00,-5.000000000e+00,3.100000000e+01,3.000000000e+00,1.000000000e+00,-5.544437885e+00,-1.300959349e+00,1.640843004e-01,-5.530552387e+00,1.000000000e+00,4.342942646e-07,9.661064744e-01
52,1,0,9.251251817e-01,4.511461854e-01,-1.023885727e+00,1.409087420e+00,3.676947653e-01,-3.088855743e+00,-2.841515779e+00,-2.266011000e+00,-2.108667850e+00,-1.792085171e+00,-2.399938583e+00,-3.561781645e+00,1.755069733e+00,6.000000000e+00,6.000000000e+00,8.000000000e+00,0.000000000e+00,6.302957535e-01,2.110767126e+00,5.059974194e-01,1.000000000e+00,-1.475023389e+00,-2.949572086e+00,1.270626307e+00,2.106185198e+00,-1.289234877e+00,-1.948976994e+00,1.152167201e+00,1.755069733e+00,1.000000000e+00,1.000000000e+00,0.000000000e+00,1.000000000e+00,5.000000000e+00,3.200000000e+01,1.000000000e+00,1.000000000e+00,-4.343822956e+00,-2.324171305e+00,-1.702538490e+00,-4.341814995e+00,1.000000000e+00,4.342942646e-07,9.872367382e-01
52,2,0,9.878605604e-01,4.307641685e-01,-9.434260726e-01,4.022041261e-01,-6.391869187e-01,-3.119777918e+00,-2.868026972e+00,-2.615355968e+00,-2.360858202e+00,-2.058389187e+00,-2.361890078e+00,-3.675385237e+00,1.956110477e+00,7.000000000e+00,6.000000000e+00,8.000000000e+00,0.000000000e+00,2.004037857e+00,3.060459852e+00,-5.008846521e-01,1.000000000e+00,-1.374183655e+00,-2.748080015e+00,6.332630515e-01,3.060456991e+00,-2.158396482e+00,-1.931253433e+00,2.729689837e+00,1.956110477e+00,0.000000000e+00,0.000000000e+00,0.000000000e+00,0.000000000e+00,-1.000000000e+00,-1.000000000e+00,-1.000000000e+00,0.000000000e+00,-9.999956489e-01,4.342942646e-07,1.000000000e+00,-6.989678144e-01,2.000000000e+00,1.400808692e+00,9.901213646e-01
52,3,0,1.055792093e+00,3.603399992e-01,-9.648218751e-01,3.832819760e-01,-7.306592464e-01,-2.924017906e+00,-2.781488180e+00,-2.461084127e+00,-2.323389292e+00,-1.765732050e+00,-2.380721569e+00,-3.618028879e+00,-2.284163475e+00,8.000000000e+00,7.000000000e+00,9.000000000e+00,0.000000000e+00,1.345938563e+00,2.438727617e+00,-5.709590912e-01,1.000000000e+00,-1.325156569e+00,-2.650005341e+00,-2.239354551e-01,2.438726664e+00,-2.907405615e+00,-2.020572662e+00,3.220232964e+00,2.284163475e+00,1.000000000e+00,1.000000000e+00,0.000000000e+00,1.000000000e+00,-5.000000000e+00,1.400000000e+01,1.000000000e+00,1.000000000e+00,-4.788716793e+00,-1.460044026e+00,-2.391333133e-01,-4.774810791e+00,1.000000000e+00,1.407864809e+00,9.955689311e-01
52,4,0,9.034669399e-01,3.584505916e-01,-1.101217031e+00,2.296463549e-01,-8.842939138e-01,-2.937630415e+00,-2.807147264e+00,-2.393430948e+00,-2.275775433e+00,-1.848491073e+00,-2.362819433e+00,-3.481704235e+00,1.927125931e+00,7.000000000e+00,7.000000000e+00,9.000000000e+00,0.000000000e+00,8.585883975e-01,2.277851820e+00,-7.245941162e-01,1.000000000e+00,-1.459660411e+00,-2.918765068e+00,4.187311828e-01,2.277810335e+00,-2.215505362e+00,-2.004645586e+00,2.286383390e+00,1.927125931e+00,1.000000000e+00,1.000000000e+00,0.000000000e+00,1.000000000e+00,5.000000000e+00,3.200000000e+01,1.000000000e+00,1.000000000e+00,-4.018464088e+00,-1.540197253e+00,-1.857624948e-01,-4.006249428e+00,2.000000000e+00,-9.243261218e-01,9.956558943e-01
52,5,0,9.397609830e-01,3.582113385e-01,-1.017742872e+00,1.326765418e+00,2.853729129e-01,-3.050009012e+00,-2.943499565e+00,-2.536592007e+00,-2.478287697e+00,-1.955152512e+00,-2.315539122e+00,-3.630188942e+00,2.014582157e+00,7.000000000e+00,6.000000000e+00,8.000000000e+00,0.000000000e+00,1.042824984e+00,2.476604462e+00,4.236755371e-01,1.000000000e+00,-1.375948310e+00,-2.751581192e+00,-4.877564907e-01,2.476604223e+00,-3.323471785e+00,-1.957469106e+00,3.487187147e+00,2.014582157e+00,2.000000000e+00,2.000000000e+00,0.000000000e+00,1.000000000e+00,5.000000000e+00,1.600000000e+01,3.000000000e+00,1.000000000e+00,-5.594102383e+00,-4.050103664e+00,-5.268928051e+00,-5.594079018e+00,2.000000000e+00,-9.398422837e-01,9.956667423e-01
53,0,1,1.471824408e+00,8.258966208e-01,-4.979239106e-01,9.682065845e-01,-1.457362026e-01,-3.357553244e+00,-3.076333284e+00,-2.796305180e+00,-2.469146967e+00,-2.150588036e+00,-2.795357466e+00,-4.000105858e+00,-2.167432070e+00,8.000000000e+00,7.000000000e+00,9.000000000e+00,0.000000000e+00,9.732998908e-02,2.199667215e+00,1.396442577e-02,1.000000000e+00,-1.323812723e+00,-2.647433281e+00,8.618817925e-01,2.199208260e+00,-2.433171988e+00,-1.969709158e+00,1.655934691e+00,2.167432070e+00,4.000000000e+00,4.000000000e+00,0.000000000e+00,3.000000000e+00,-5.000000000e+00,3.000000000e+00,3.000000000e+00,1.000000000e+00,-4.865453720e+00,-1.394149542e+00,-1.750349104e-01,-4.849511623e+00,1.000000000e+00,4.342942646e-07,3.246774152e-02
53,1,0,7.262399793e-01,5.394738913e-01,-1.262968063e+00,3.045296967e-01,-6.497111320e-01,-3.237486601e+00,-3.229139328e+00,-2.501235485e+00,-2.609714746e+00,-2.314517498e+00,-2.528374672e+00,-3.423849583e+00,-9.950878620e-01,4.000000000e+00,7.000000000e+00,7.000000000e+00,0.000000000e+00,-3.960350990e+00,3.412829936e-01,-5.405671000e-01,1.000000000e+00,-1.802422166e+00,-3.602986574e+00,-2.937974632e-01,3.293012679e-01,-3.441960335e+00,-1.989173532e+00,9.180362225e-01,9.950878620e-01,1.000000000e+00,1.000000000e+00,0.000000000e+00,2.000000000e+00,4.000000000e+00,1.500000000e+01,2.000000000e+00,1.000000000e+00,-5.481401443e+00,-2.126765966e+00,-6.552088857e-01,-5.479146957e+00,1.000000000e+00,3.163432479e-01,9.557930827e-01
53,2,0,7.332375050e-01,5.306577682e-01,-1.240272403e+00,1.087683797e+00,-2.625922114e-02,-3.226097107e+00,-3.189656496e+00,-2.565057278e+00,-2.634242296e+00,-2.362537146e+00,-2.503875017e+00,-3.428242683e+00,-1.042419553e+00,5.000000000e+00,7.000000000e+00,9.000000000e+00,0.000000000e+00,2.183546305e+00,3.454410315e+00,1.334414929e-01,1.000000000e+00,-1.770911932e+00,-3.540204525e+00,1.509030163e-01,3.454410315e+00,-3.013736010e+00,-1.973476529e+00,3.575167418e+00,1.042419553e+00,1.000000000e+00,1.000000000e+00,0.000000000e+00,2.000000000e+00,4.000000000e+00,1.500000000e+01,2.000000000e+00,1.000000000e+00,-4.511403084e+00,-1.826745272e+00,-1.245208681e-01,-4.505186558e+00,1.000000000e+00,3.167471886e-01,9.613149166e-01
53,3,0,8.064333200e-01,3.486919701e-01,-1.236785889e+00,2.722466588e-01,-5.728499889e-01,-3.051039219e+00,-2.945541620e+00,-2.553183317e+00,-2.458890200e+00,-2.095543146e+00,-2.391588449e+00,-3.507868528e+00,1.715279818e+00,4.000000000e+00,6.000000000e+00,6.000000000e+00,0.000000000e+00,1.658872485e+00,2.925033569e+00,-5.059034228e-01,1.000000000e+00,-1.585468531e+00,-3.170104504e+00,-1.267668843e+00,2.925033569e+00,-4.070248604e+00,-2.043178797e+00,4.553819656e+00,1.715279818e+00,2.000000000e+00,2.000000000e+00,0.000000000e+00,1.000000000e+00,5.000000000e+00,1.800000000e+01,1.000000000e+00,1.000000000e+00,-4.617234707e+00,-1.691688895e+00,-2.299370319e-01,-4.608850002e+00,1.000000000e+00,4.342942646e-07,9.960733652e-01
54,0,1,1.017820358e+00,9.282939434e-01,-8.982173800e-01,4.757479727e-01,-4.784933925e-01,-3.412219286e+00,-3.208514214e+00,-2.588220119e+00,-2.544769049e+00,-2.498725176e+00,-2.843982697e+00,-3.501488924e+00,-6.643648148e-01,4.000000000e+00,7.000000000e+00,7.000000000e+00,0.000000000e+00,1.789855599e+00,3.393790007e+00,-3.693492115e-01,1.000000000e+00,-1.826485515e+00,-3.651031256e+00,-1.601378173e-01,3.393790007e+00,-3.631490707e+00,-1.916005373e+00,3.599767447e+00,6.643648148e-01,4.000000000e+00,0.000000000e+00,4.000000000e+00,3.000000000e+00,-1.000000000e+00,4.000000000e+00,1.000000000e+00,1.000000000e+00,-5.380212784e+00,-2.587010622e+00,-1.519062996e+00,-5.379359722e+00,1.000000000e+00,4.342942646e-07,9.519757587e-04
54,1,1,6.419404745e-01,6.359079480e-01,-1.251757264e+00,7.258413434e-01,-2.284005582e-01,-3.216342926e+00,-3.293237925e+00,-2.321636915e+00,-2.637771368e+00,-2.315605640e+00,-2.529453039e+00,-3.222365379e+00,1.670620143e-01,4.000000000e+00,7.000000000e+00,7.000000000e+00,0.000000000e+00,1.785399556e+00,3.208395720e+00,-1.192562431e-01,1.000000000e+00,-1.887639165e+00,-3.772751331e+00,5.179147124e-01,3.208395004e+00,-2.755705833e+00,-1.893671274e+00,3.012687922e+00,1.670620143e-01,2.000000000e+00,0.000000000e+00,2.000000000e+00,3.000000000e+00,0.000000000e+00,2.000000000e+00,1.000000000e+00,1.000000000e+00,-5.490028858e+00,-1.602036715e+00,5.497893095e-01,-5.482590675e+00,1.000000000e+00,1.058657289e+00,7.943844795e-01
54,2,1,8.746001720e-01,6.227229238e-01,-1.118988276e+00,1.001500130e+00,-3.989218175e-02,-3.257592916e+00,-3.281954765e+00,-2.545310736e+00,-2.660111427e+00,-2.293500662e+00,-2.615999460e+00,-3.508852959e+00,-1.183491945e+00,4.000000000e+00,7.000000000e+00,8.000000000e+00,0.000000000e+00,1.780679822e+00,3.183928251e+00,9.841038287e-02,1.000000000e+00,-1.741692781e+00,-3.481975794e+00,7.285845280e-01,3.183925390e+00,-2.554292679e+00,-1.993551373e+00,2.822027922e+00,1.183491945e+00,4.000000000e+00,4.000000000e+00,0.000000000e+00,3.000000000e+00,-4.000000000e+00,2.500000000e+01,2.000000000e+00,1.000000000e+00,-4.603930950e+00,-2.247827768e+00,-1.007449269e+00,-4.601582050e+00,1.000000000e+00,1.058320522e+00,8.334359527e-01
54,3,0,9.877632260e-01,5.179112554e-01,-1.003170490e+00,4.162916541e-01,-6.976497769e-01,-3.189511776e+00,-3.056815624e+00,-2.644768953e+00,-2.536130905e+00,-2.175043821e+00,-2.508620977e+00,-3.658055305e+00,-1.744975090e+00,7.000000000e+00,7.000000000e+00,9.000000000e+00,0.000000000e+00,3.063817567e-04,2.175265074e+00,-5.379495621e-01,1.000000000e+00,-1.521071553e+00,-3.041605711e+00,-1.911274195e-01,2.175261021e+00,-3.244556189e+00,-1.990895629e+00,2.727328777e+00,1.744975090e+00,1.000000000e+00,1.000000000e+00,0.000000000e+00,2.000000000e+00,4.000000000e+00,3.100000000e+01,4.000000000e+00,1.000000000e+00,-4.785583973e+00,-1.854583025e+00,-6.791097522e-01,-4.779921532e+00,1.000000000e+00,1.339877129e+00,9.679894447e-01
54,4,0,1.198063612e+00,4.479067624e-01,-7.286327481e-01,5.471390486e-01,-5.668028593e-01,-3.022784472e+00,-2.801202536e+00,-2.549577475e+00,-2.364966631e+00,-1.799547195e+00,-2.374459743e+00,-3.770829439e+00,2.412451982e+00,9.000000000e+00,7.000000000e+00,9.000000000e+00,0.000000000e+00,-1.236543536e+00,1.181484222e+00,-4.071024954e-01,1.000000000e+00,-1.176535130e+00,-2.352942944e+00,-3.365567327e-01,1.181284308e+00,-3.148919344e+00,-1.926661849e+00,2.083116293e+00,2.412451982e+00,1.000000000e+00,1.000000000e+00,0.000000000e+00,3.000000000e+00,5.000000000e+00,9.000000000e+00,4.000000000e+00,1.000000000e+00,-4.760878563e+00,-9.206225276e-01,6.229184270e-01,-4.714332104e+00,1.000000000e+00,1.111914039e+00,9.877552390e-01
54,5,0,3.799282014e-01,3.670971990e-01,-1.535609126e+00,9.147891998e-01,6.969143450e-02,-3.052221537e+00,-3.125315905e+00,-2.284037828e+00,-2.524251461e+00,-2.271209240e+00,-2.282503366e+00,-3.065037727e+00,2.442808002e-01,3.000000000e+00,6.000000000e+00,6.000000000e+00,0.000000000e+00,1.878390074e+00,3.210485458e+00,1.366381943e-01,1.000000000e+00,-1.902686238e+00,-3.802613974e+00,1.483904868e-01,3.210485458e+00,-2.742863178e+00,-1.915516138e+00,3.315098286e+00,2.442808002e-01,1.000000000e+00,0.000000000e+00,1.000000000e+00,3.000000000e+00,0.000000000e+00,8.000000000e+00,1.000000000e+00,1.000000000e+00,-5.077883720e+00,-2.189757586e+00,-5.685777068e-01,-5.075421333e+00,2.000000000e+00,-4.422334671e+00,9.952402115e-01
54,6,0,3.325600922e-01,3.162492216e-01,-1.580231786e+00,6.446930766e-01,-3.095486462e-01,-3.022535801e+00,-3.100950241e+00,-2.258850574e+00,-2.510590076e+00,-2.242542505e+00,-2.228895903e+00,-3.038829088e+00,2.757887542e-01,4.000000000e+00,7.000000000e+00,7.000000000e+00,0.000000000e+00,4.633922577e-01,2.474314928e+00,-2.004043758e-01,1.000000000e+00,-1.896462917e+00,-3.790219307e+00,-2.611464858e-01,2.474314213e+00,-3.087595463e+00,-1.912772536e+00,3.003317118e+00,2.757887542e-01,2.000000000e+00,0.000000000e+00,2.000000000e+00,3.000000000e+00,0.000000000e+00,2.000000000e+00,1.000000000e+00,1.000000000e+00,-4.575390339e+00,-2.368398666e+00,-9.477122426e-01,-4.573604584e+00,1.000000000e+00,3.863834441e-01,9.971492887e-01
54,7,0,8.140410185e-01,3.121227920e-01,-1.239838123e+00,7.288799286e-01,-1.162176579e-01,-3.000308514e+00,-2.878568888e+00,-2.456187487e+00,-2.354458570e+00,-1.954354167e+00,-2.365660906e+00,-3.501281738e+00,-1.823101521e+00,4.000000000e+00,6.000000000e+00,6.000000000e+00,0.000000000e+00,1.882418871e+00,2.895603418e+00,-4.927093908e-02,1.000000000e+00,-1.551952839e+00,-3.103137970e+00,1.920579076e-01,2.895602703e+00,-2.474492073e+00,-2.053837538e+00,3.103645325e+00,1.823101521e+00,1.000000000e+00,1.000000000e+00,0.000000000e+00,1.000000000e+00,-5.000000000e+00,2.500000000e+01,1.000000000e+00,1.000000000e+00,-4.801548481e+00,-1.697562099e+00,-2.736257315e-01,-4.793462276e+00,1.000000000e+00,9.323685765e-01,9.972585440e-01
54,8,0,4.214821756e-01,3.090509176e-01,-1.549381733e+00,3.249294758e-01,-6.293114424e-01,-3.100267649e+00,-3.066640139e+00,-2.436951160e+00,-2.491292953e+00,-2.324546814e+00,-2.279559851e+00,-3.212537289e+00,-7.509703040e-01,4.000000000e+00,7.000000000e+00,7.000000000e+00,0.000000000e+00,5.906857848e-01,2.619981527e+00,-5.201673508e-01,1.000000000e+00,-1.858416319e+00,-3.714352608e+00,-3.988914192e-01,2.619981289e+00,-3.198683977e+00,-1.970838547e+00,3.185325623e+00,7.509703040e-01,4.000000000e+00,0.000000000e+00,4.000000000e+00,3.000000000e+00,-1.000000000e+00,4.000000000e+00,1.000000000e+00,1.000000000e+00,-5.424130440e+00,-2.527311087e+00,-1.340584278e+00,-5.423184395e+00,1.000000000e+00,3.894086182e-01,9.973364472e-01
55,0,1,6.752314568e-01,6.743882298e-01,-1.211962104e+00,7.184036374e-01,-2.358382493e-01,-3.170979500e+00,-3.284115553e+00,-2.320983887e+00,-2.628871202e+00,-2.320140839e+00,-2.561428070e+00,-3.171821594e+00,-6.233446673e-02,4.000000000e+00,7.000000000e+00,7.000000000e+00,0.000000000e+00,2.089625120e+00,3.365044594e+00,-1.266939491e-01,1.000000000e+00,-1.886323810e+00,-3.770146608e+00,5.971990824e-01,3.365043879e+00,-2.706024408e+00,-1.887166858e+00,3.076622725e+00,6.233446673e-02,3.000000000e+00,0.000000000e+00,3.000000000e+00,3.000000000e+00,0.000000000e+00,2.000000000e+00,1.000000000e+00,1.000000000e+00,-5.679271698e+00,-1.928234220e+00,-7.352058589e-02,-5.676604748e+00,1.000000000e+00,4.342942646e-07,6.342046857e-01
55,1,1,6.068484187e-01,5.932366252e-01,-1.295810223e+00,4.736889303e-01,-4.805524349e-01,-3.148024559e+00,-3.155900002e+00,-2.346072912e+00,-2.508337021e+00,-2.332464218e+00,-2.495727777e+00,-3.161616802e+00,-2.516788244e-01,4.000000000e+00,7.000000000e+00,7.000000000e+00,0.000000000e+00,2.089335442e+00,3.377225399e+00,-3.714082241e-01,1.000000000e+00,-1.889021635e+00,-3.775473356e+00,5.520315766e-01,3.377224922e+00,-2.549528122e+00,-1.902632356e+00,3.001073837e+00,2.516788244e-01,2.000000000e+00,0.000000000e+00,2.000000000e+00,3.000000000e+00,0.000000000e+00,2.000000000e+00,1.000000000e+00,1.000000000e+00,-5.772540569e+00,-2.467697144e+00,-1.160485506e+00,-5.771938324e+00,1.000000000e+00,4.342942646e-07,8.966825008e-01
55,2,0,5.522925854e-01,5.520671010e-01,-1.357660890e+00,6.888880730e-01,-1.562094837e-01,-3.135742426e+00,-3.222786188e+00,-2.330147266e+00,-2.625445604e+00,-2.329921722e+00,-2.461903572e+00,-3.135967493e+00,3.222320601e-02,3.000000000e+00,6.000000000e+00,6.000000000e+00,0.000000000e+00,8.775848746e-01,2.768813133e+00,-8.926277608e-02,1.000000000e+00,-1.909702420e+00,-3.816618443e+00,5.604929328e-01,2.768804789e+00,-2.617023230e+00,-1.909927845e+00,2.503875971e+00,3.222320601e-02,2.000000000e+00,0.000000000e+00,2.000000000e+00,3.000000000e+00,0.000000000e+00,2.000000000e+00,1.000000000e+00,1.000000000e+00,-5.174760342e+00,-3.142725945e+00,-2.467680693e+00,-5.174494743e+00,1.000000000e+00,4.342942646e-07,9.463371634e-01
55,3,0,1.060272217e+00,5.096208453e-01,-8.523690104e-01,8.484362364e-01,-1.929558367e-01,-3.067365170e+00,-2.935128212e+00,-2.348921537e+00,-2.375319958e+00,-1.798339605e+00,-2.422072887e+00,-3.616723537e+00,-1.940655231e+00,7.000000000e+00,6.000000000e+00,8.000000000e+00,0.000000000e+00,1.118711591e+00,2.357722998e+00,-5.465330184e-02,1.000000000e+00,-1.361982942e+00,-2.723678112e+00,-5.586072803e-01,2.357722759e+00,-3.442447662e+00,-1.912608862e+00,3.493014336e+00,1.940655231e+00,2.000000000e+00,2.000000000e+00,0.000000000e+00,2.000000000e+00,5.000000000e+00,8.000000000e+00,3.000000000e+00,1.000000000e+00,-4.999503613e+00,-1.376315951e+00,8.639771491e-03,-4.983372211e+00,2.000000000e+00,6.000906825e-01,9.716336727e-01
55,4,0,1.096501589e+00,4.883190095e-01,-8.773444891e-01,1.004658937e+00,-1.092838645e-01,-3.102493525e+00,-2.937170744e+00,-2.620157719e+00,-2.442281246e+00,-2.012111664e+00,-2.461974144e+00,-3.708998442e+00,2.077990770e+00,8.000000000e+00,7.000000000e+00,9.000000000e+00,0.000000000e+00,1.187596440e+00,2.605955839e+00,5.041678622e-02,1.000000000e+00,-1.365656614e+00,-2.731030941e+00,6.849712133e-02,2.605953932e+00,-2.861907721e+00,-1.973808646e+00,2.967600107e+00,2.077990770e+00,1.000000000e+00,1.000000000e+00,0.000000000e+00,1.000000000e+00,5.000000000e+00,1.100000000e+01,2.000000000e+00,1.000000000e+00,-4.850013733e+00,-2.303047180e+00,-1.870570779e+00,-4.848010063e+00,1.000000000e+00,1.256529450e+00,9.790261984e-01
55,5,0,5.199818015e-01,4.223304689e-01,-1.441344023e+00,6.520287991e-01,-3.022129238e-01,-3.138361692e+00,-3.138080835e+00,-2.492379904e+00,-2.573147058e+00,-2.394755602e+00,-2.383341789e+00,-3.235862494e+00,-6.959879398e-01,4.000000000e+00,7.000000000e+00,7.000000000e+00,0.000000000e+00,1.136116266e+00,2.962921619e+00,-1.930686682e-01,1.000000000e+00,-1.863654494e+00,-3.724840403e+00,-9.818738103e-01,2.962921619e+00,-3.973413706e+00,-1.961297989e+00,4.121689320e+00,6.959879398e-01,1.000000000e+00,0.000000000e+00,1.000000000e+00,3.000000000e+00,-2.000000000e+00,4.000000000e+00,1.000000000e+00,1.000000000e+00,-4.820862293e+00,-2.130839348e+00,-5.408242941e-01,-4.817872524e+00,1.000000000e+00,5.792407990e-01,9.910858274e-01
55,6,0,8.792202473e-01,4.152133465e-01,-1.111662745e+00,8.106607795e-01,-3.032818139e-01,-2.973880529e+00,-2.875288486e+00,-2.497722626e+00,-2.387348652e+00,-2.033805370e+00,-2.405747414e+00,-3.437106609e+00,-1.730656862e+00,7.000000000e+00,7.000000000e+00,9.000000000e+00,0.000000000e+00,-1.186924458e+00,1.440472960e+00,-1.435812265e-01,1.000000000e+00,-1.526867032e+00,-3.053028345e+00,-2.128988206e-01,1.440365791e+00,-3.015117645e+00,-1.990846157e+00,2.006694794e+00,1.730656862e+00,1.000000000e+00,1.000000000e+00,0.000000000e+00,1.000000000e+00,-5.000000000e+00,1.600000000e+01,1.000000000e+00,1.000000000e+00,-4.902301788e+00,-1.685357571e+00,-2.988816798e-01,-4.894132614e+00,1.000000000e+00,5.814453959e-01,9.918141365e-01
55,7,0,5.249508619e-01,4.082733691e-01,-1.445794463e+00,7.751129270e-01,-1.791290343e-01,-3.165394545e+00,-3.155969143e+00,-2.512854576e+00,-2.617600679e+00,-2.396210432e+00,-2.378712177e+00,-3.281876326e+00,7.662413716e-01,4.000000000e+00,7.000000000e+00,7.000000000e+00,0.000000000e+00,4.573818147e-01,2.625009298e+00,-6.998468935e-02,1.000000000e+00,-1.854048610e+00,-3.705733776e+00,-1.046721816e+00,2.625009298e+00,-4.067675591e+00,-1.970716715e+00,3.891197205e+00,7.662413716e-01,1.000000000e+00,0.000000000e+00,1.000000000e+00,3.000000000e+00,2.000000000e+00,1.000000000e+00,1.000000000e+00,1.000000000e+00,-4.935098171e+00,-3.045684099e+00,-2.383288145e+00,-4.934741497e+00,1.000000000e+00,6.662939787e-01,9.924573898e-01
55,8,0,5.480416417e-01,3.536783457e-01,-1.423265219e+00,8.058446646e-01,-2.355473489e-01,-3.082548141e+00,-3.077435255e+00,-2.484695435e+00,-2.570265055e+00,-2.290380001e+00,-2.324591160e+00,-3.276615143e+00,1.017975569e+00,5.000000000e+00,7.000000000e+00,8.000000000e+00,0.000000000e+00,1.516667485e+00,3.048798561e+00,-9.724484384e-02,1.000000000e+00,-1.776928782e+00,-3.552045107e+00,-1.568563104e+00,3.048798561e+00,-4.479385376e+00,-1.971277595e+00,4.891398907e+00,1.017975569e+00,1.000000000e+00,0.000000000e+00,1.000000000e+00,3.000000000e+00,2.000000000e+00,1.000000000e+00,1.000000000e+00,1.000000000e+00,-4.483279228e+00,-2.462085485e+00,-1.373494387e+00,-4.481829166e+00,1.000000000e+00,8.054651618e-01,9.958664179e-01
55,9,0,4.883064926e-01,3.363883197e-01,-1.497694016e+00,7.964777350e-01,-1.577642411e-01,-3.099375963e+00,-3.072021961e+00,-2.476463556e+00,-2.535161018e+00,-2.324583769e+00,-2.321990013e+00,-3.251065493e+00,-8.859356046e-01,4.000000000e+00,7.000000000e+00,7.000000000e+00,0.000000000e+00,-1.308578610e+00,1.670398474e+00,-4.861989245e-02,1.000000000e+00,-1.834066033e+00,-3.665853739e+00,-2.835609615e-01,1.670371532e+00,-3.154639482e+00,-1.985972047e+00,2.164282084e+00,8.859356046e-01,1.000000000e+00,0.000000000e+00,1.000000000e+00,3.000000000e+00,-2.000000000e+00,4.000000000e+00,1.000000000e+00,1.000000000e+00,-4.965471745e+00,-2.088067055e+00,-5.009281039e-01,-4.962265491e+00,1.000000000e+00,8.039384484e-01,9.965319633e-01
56,0,1,8.341342211e-01,7.329970002e-01,-1.099924564e+00,9.388989806e-01,-1.024932042e-01,-3.353054762e+00,-3.183069468e+00,-2.582536936e+00,-2.537769079e+00,-2.481434345e+00,-2.666785955e+00,-3.453935385e+00,-7.092328072e-01,4.000000000e+00,7.000000000e+00,8.000000000e+00,0.000000000e+00,8.961156011e-01,2.929629087e+00,3.580931202e-02,1.000000000e+00,-1.832897305e+00,-3.663773298e+00,9.446093440e-01,2.929605722e+00,-2.326214552e+00,-1.934026957e+00,2.041332483e+00,7.092328072e-01,3.000000000e+00,0.000000000e+00,3.000000000e+00,3.000000000e+00,-1.000000000e+00,2.000000000e+00,1.000000000e+00,1.000000000e+00,-5.838263988e+00,-1.950772166e+00,-2.259850651e-01,-5.836754322e+00,1.000000000e+00,4.342942646e-07,3.068243265e-01
56,1,0,1.169830084e+00,5.127575397e-01,-8.067296743e-01,6.829996705e-01,-4.309426546e-01,-3.088494539e+00,-2.929487705e+00,-2.628527164e+00,-2.453353643e+00,-1.971598744e+00,-2.489126205e+00,-3.743686199e+00,2.193757772e+00,8.000000000e+00,7.000000000e+00,9.000000000e+00,0.000000000e+00,1.375039458e+00,2.659162521e+00,-2.712422013e-01,1.000000000e+00,-1.319480896e+00,-2.638731003e+00,2.955674529e-01,2.659158468e+00,-2.670463800e+00,-1.976521492e+00,2.845366478e+00,2.193757772e+00,1.000000000e+00,1.000000000e+00,0.000000000e+00,1.000000000e+00,5.000000000e+00,1.000000000e+01,1.000000000e+00,1.000000000e+00,-3.432111740e+00,-8.016604185e-01,9.083237648e-01,-3.368607044e+00,1.000000000e+00,4.342942646e-07,9.703128934e-01
56,2,0,8.019447327e-01,3.041310310e-01,-1.207293272e+00,8.840789795e-01,-1.573131680e-01,-3.018484354e+00,-2.830277920e+00,-2.472325802e+00,-2.280926704e+00,-1.974599957e+00,-2.313097954e+00,-3.515326500e+00,-1.813138962e+00,6.000000000e+00,7.000000000e+00,8.000000000e+00,0.000000000e+00,1.977588415e+00,2.963435173e+00,-1.901062019e-02,1.000000000e+00,-1.511416912e+00,-3.022216320e+00,-6.562077999e-01,2.963435173e+00,-3.240593672e+00,-2.009200573e+00,3.925637960e+00,1.813138962e+00,1.000000000e+00,1.000000000e+00,0.000000000e+00,1.000000000e+00,-5.000000000e+00,2.000000000e+00,1.000000000e+00,1.000000000e+00,-4.315731049e+00,-2.144696951e+00,-1.272846818e+00,-4.312694550e+00,1.000000000e+00,4.342942646e-07,9.974556565e-01
57,0,1,1.086191416e+00,8.814094067e-01,-8.890594244e-01,1.005787015e+00,-3.560522571e-02,-3.449071169e+00,-3.248076439e+00,-2.714676380e+00,-2.627195597e+00,-2.509979010e+00,-2.856293678e+00,-3.653117895e+00,-1.048919559e+00,4.000000000e+00,7.000000000e+00,8.000000000e+00,0.000000000e+00,6.213481426e-01,2.820800781e+00,1.026973277e-01,1.000000000e+00,-1.770446539e+00,-3.539379835e+00,7.730668783e-01,2.820783377e+00,-2.735486031e+00,-1.975213170e+00,2.164945841e+00,1.048919559e+00,4.000000000e+00,2.000000000e+00,2.000000000e+00,3.000000000e+00,-2.000000000e+00,4.000000000e+00,1.000000000e+00,1.000000000e+00,-5.760169029e+00,-1.998871207e+00,-4.481321573e-01,-5.758325577e+00,1.000000000e+00,4.342942646e-07,5.373620428e-03
57,1,1,8.781977892e-01,4.931094050e-01,-1.179107547e+00,1.058911800e+00,1.751950756e-02,-3.173348904e+00,-3.082261562e+00,-2.613564968e+00,-2.547039270e+00,-2.228581667e+00,-2.550088167e+00,-3.557514429e+00,-1.534418583e+00,5.000000000e+00,7.000000000e+00,8.000000000e+00,0.000000000e+00,6.345272660e-01,2.546192408e+00,1.558220834e-01,1.000000000e+00,-1.672202826e+00,-3.343309402e+00,1.153238893e+00,2.545836449e+00,-1.887029290e+00,-2.057262421e+00,1.711124301e+00,1.534418583e+00,4.000000000e+00,4.000000000e+00,0.000000000e+00,3.000000000e+00,-4.000000000e+00,2.400000000e+01,1.000000000e+00,1.000000000e+00,-4.492110252e+00,-1.787086129e+00,-2.438444495e-01,-4.485293865e+00,1.000000000e+00,4.342942646e-07,9.775772691e-01
57,2,0,1.070071697e+00,3.784711361e-01,-9.447700381e-01,1.709541798e+00,5.955985785e-01,-2.939022064e+00,-2.793033838e+00,-2.473557949e+00,-2.332143784e+00,-1.782060266e+00,-2.393087149e+00,-3.629147291e+00,-2.275106907e+00,8.000000000e+00,7.000000000e+00,9.000000000e+00,0.000000000e+00,1.412886620e+00,2.488532305e+00,7.552993894e-01,1.000000000e+00,-1.323235750e+00,-2.646175385e+00,2.275150642e-02,2.488529682e+00,-2.687745333e+00,-2.014800549e+00,3.015840530e+00,2.275106907e+00,1.000000000e+00,1.000000000e+00,0.000000000e+00,1.000000000e+00,-5.000000000e+00,9.000000000e+00,1.000000000e+00,1.000000000e+00,-4.419591427e+00,-2.181302547e+00,-1.710485458e+00,-4.416815281e+00,1.000000000e+00,1.099853992e+00,9.946175218e-01
57,3,0,6.234933138e-01,3.471609652e-01,-1.322741151e+00,7.133870721e-01,-1.317104995e-01,-3.099680424e+00,-2.998201847e+00,-2.462725878e+00,-2.421052217e+00,-2.186453104e+00,-2.293103695e+00,-3.375526905e+00,1.250632167e+00,4.000000000e+00,6.000000000e+00,6.000000000e+00,0.000000000e+00,-3.160437942e-01,2.028566599e+00,-6.476378441e-02,1.000000000e+00,-1.669890761e+00,-3.338658571e+00,3.705869317e-01,2.028461695e+00,-2.397632122e+00,-1.946205258e+00,1.892473102e+00,1.250632167e+00,1.000000000e+00,0.000000000e+00,1.000000000e+00,3.000000000e+00,2.000000000e+00,1.000000000e+00,1.000000000e+00,1.000000000e+00,-4.936151505e+00,-1.776049495e+00,-2.267534286e-01,-4.929556847e+00,1.000000000e+00,4.342942646e-07,9.961342812e-01
58,0,1,2.090249062e+00,1.548929572e+00,4.200794697e-01,1.546459436e+00,4.325161278e-01,-3.687010765e+00,-3.545277596e+00,-3.016953468e+00,-2.926938772e+00,-2.475956202e+00,-3.218379021e+00,-4.223126888e+00,-1.918240666e+00,7.000000000e+00,7.000000000e+00,9.000000000e+00,0.000000000e+00,1.239038944e+00,3.095681906e+00,5.922169685e-01,1.000000000e+00,-1.128844500e+00,-2.257620573e+00,1.397517800e+00,3.095594645e+00,-3.078197718e+00,-1.670149207e+00,2.149282217e+00,1.918240666e+00,0.000000000e+00,0.000000000e+00,0.000000000e+00,0.000000000e+00,-1.000000000e+00,-1.000000000e+00,-1.000000000e+00,0.000000000e+00,-9.999956489e-01,4.342942646e-07,1.000000000e+00,-6.989678144e-01,1.000000000e+00,4.342942646e-07,2.061153470e-09
58,1,1,1.319504619e+00,8.518815637e-01,-6.732541919e-01,5.134544373e-01,-3.316428661e-01,-3.431546926e+00,-3.210135221e+00,-2.772949934e+00,-2.568525791e+00,-2.305496693e+00,-2.844309568e+00,-3.896905899e+00,-1.739517689e+00,4.000000000e+00,6.000000000e+00,6.000000000e+00,0.000000000e+00,1.234046102e+00,2.922613144e+00,-2.646962106e-01,1.000000000e+00,-1.525123239e+00,-3.049758911e+00,7.016263604e-01,2.922605276e+00,-2.718714714e+00,-1.992718220e+00,2.484049320e+00,1.739517689e+00,4.000000000e+00,4.000000000e+00,0.000000000e+00,3.000000000e+00,-4.000000000e+00,4.000000000e+00,4.000000000e+00,1.000000000e+00,-5.107692719e+00,-1.822783947e+00,-5.821875334e-01,-5.102035522e+00,1.000000000e+00,4.342942646e-07,1.448015310e-02
58,2,0,1.095058560e+00,5.001716018e-01,-8.689606190e-01,5.707091689e-01,-3.835324347e-01,-3.119519472e+00,-2.930462599e+00,-2.575488806e+00,-2.386061668e+00,-1.980723858e+00,-2.464003563e+00,-3.712731361e+00,2.046369553e+00,6.000000000e+00,6.000000000e+00,7.000000000e+00,0.000000000e+00,1.111452222e+00,2.536491394e+00,-2.743882239e-01,1.000000000e+00,-1.369125128e+00,-2.737968922e+00,-6.190661192e-01,2.536491394e+00,-3.504018307e+00,-1.963982463e+00,3.560521841e+00,2.046369553e+00,3.000000000e+00,3.000000000e+00,0.000000000e+00,3.000000000e+00,5.000000000e+00,1.100000000e+01,3.000000000e+00,1.000000000e+00,-5.145133495e+00,-1.481629491e+00,-2.532048523e-01,-5.132979870e+00,1.000000000e+00,1.254245043e+00,9.752277732e-01
58,3,0,1.014593363e+00,3.584622443e-01,-9.739810824e-01,8.004283905e-01,-3.135141432e-01,-2.967409134e+00,-2.790430069e+00,-2.438498497e+00,-2.284492970e+00,-1.782460093e+00,-2.346833467e+00,-3.622120142e+00,2.191535473e+00,8.000000000e+00,7.000000000e+00,9.000000000e+00,0.000000000e+00,2.348055840e-01,1.899894476e+00,-1.538135856e-01,1.000000000e+00,-1.332437992e+00,-2.664582968e+00,-3.757854104e-01,1.899888396e+00,-3.018371820e+00,-1.988536358e+00,2.777566433e+00,2.191535473e+00,2.000000000e+00,2.000000000e+00,0.000000000e+00,3.000000000e+00,5.000000000e+00,1.100000000e+01,3.000000000e+00,1.000000000e+00,-4.582936287e+00,-1.890844941e+00,-1.105618000e+00,-4.577599525e+00,1.000000000e+00,1.127697229e+00,9.956554174e-01
58,4,0,5.420657396e-01,3.194292188e-01,-1.400354505e+00,5.473766923e-01,-2.977206409e-01,-3.083734751e+00,-3.022751331e+00,-2.511487246e+00,-2.510830164e+00,-2.288907290e+00,-2.261520863e+00,-3.306018591e+00,-1.100878596e+00,4.000000000e+00,6.000000000e+00,6.000000000e+00,0.000000000e+00,9.746940136e-01,2.776338577e+00,-2.307739854e-01,1.000000000e+00,-1.719771504e+00,-3.438136101e+00,-4.993495643e-01,2.776338577e+00,-3.328824043e+00,-1.942392945e+00,3.497224331e+00,1.100878596e+00,2.000000000e+00,2.000000000e+00,0.000000000e+00,3.000000000e+00,-4.000000000e+00,2.200000000e+01,1.000000000e+00,1.000000000e+00,-5.353977680e+00,-2.463523388e+00,-1.484705925e+00,-5.352823257e+00,1.000000000e+00,4.342942646e-07,9.970614314e-01
58,5,0,7.212663889e-01,2.913203537e-01,-1.300374031e+00,7.091166973e-01,-1.359808743e-01,-3.033712626e+00,-2.925678253e+00,-2.468378782e+00,-2.402649403e+00,-2.038512945e+00,-2.312636137e+00,-3.462865591e+00,-1.646678448e+00,4.000000000e+00,6.000000000e+00,6.000000000e+00,0.000000000e+00,-1.836993933e+00,1.120066404e+00,-6.903412938e-02,1.000000000e+00,-1.591685891e+00,-3.182500362e+00,-8.766991496e-01,1.120044351e+00,-3.569168091e+00,-2.021603584e+00,2.360119820e+00,1.646678448e+00,0.000000000e+00,0.000000000e+00,0.000000000e+00,0.000000000e+00,-1.000000000e+00,-1.000000000e+00,-1.000000000e+00,0.000000000e+00,-9.999956489e-01,4.342942646e-07,1.000000000e+00,-6.989678144e-01,0.000000000e+00,4.342942646e-07,9.977362156e-01
59,0,1,9.047192335e-01,6.407592297e-01,-1.126651764e+00,6.146389246e-01,-2.304585576e-01,-3.277178764e+00,-3.136799574e+00,-2.591145039e+00,-2.505473852e+00,-2.327262163e+00,-2.671786308e+00,-3.540451527e+00,1.216863871e+00,3.000000000e+00,6.000000000e+00,6.000000000e+00,0.000000000e+00,1.277685881e+00,2.966262341e+00,-1.635118723e-01,1.000000000e+00,-1.767391205e+00,-3.533202887e+00,1.329709291e+00,2.966146469e+00,-1.816634417e+00,-2.031330109e+00,1.814689159e+00,1.216863871e+00,3.000000000e+00,3.000000000e+00,0.000000000e+00,3.000000000e+00,4.000000000e+00,3.000000000e+00,2.000000000e+00,1.000000000e+00,-4.665250778e+00,-1.669915199e+00,1.765855104e-01,-4.656483173e+00,1.000000000e+00,4.342942646e-07,7.780622244e-01
59,1,0,8.145099878e-01,5.507601500e-01,-9.628268480e-01,6.935728788e-01,-5.396785215e-03,-3.243716002e+00,-3.142605543e+00,-2.610181570e+00,-2.624903440e+00,-2.346512318e+00,-2.327955723e+00,-3.506830215e+00,1.216286778e+00,4.000000000e+00,5.000000000e+00,5.000000000e+00,0.000000000e+00,1.531794786e+00,3.112506390e+00,-5.396785215e-03,1.000000000e+00,-1.513576746e+00,-3.026667118e+00,1.302501708e-01,3.112506151e+00,-3.045114994e+00,-1.777314663e+00,3.260598421e+00,1.216286778e+00,1.000000000e+00,1.000000000e+00,0.000000000e+00,2.000000000e+00,-4.000000000e+00,2.200000000e+01,1.000000000e+00,1.000000000e+00,-5.361786366e+00,-1.710164189e+00,-3.760941923e-01,-5.355317593e+00,1.000000000e+00,4.342942646e-07,9.474148154e-01
59,2,1,6.733729243e-01,4.275174737e-01,-1.223302841e+00,6.350058317e-01,-2.100916058e-01,-3.155560493e+00,-2.973835468e+00,-2.287732363e+00,-2.218400240e+00,-2.041913509e+00,-2.323965073e+00,-3.400943279e+00,1.166703343e+00,4.000000000e+00,5.000000000e+00,6.000000000e+00,0.000000000e+00,1.296770453e+00,2.690515280e+00,-1.431449205e-01,1.000000000e+00,-1.650807858e+00,-3.300642490e+00,1.263139844e+00,2.690211535e+00,-1.382838964e+00,-1.896648645e+00,1.603578687e+00,1.166703343e+00,1.000000000e+00,1.000000000e+00,0.000000000e+00,2.000000000e+00,-4.000000000e+00,2.200000000e+01,1.000000000e+00,1.000000000e+00,-4.561020374e+00,-2.124436140e+00,-9.538263083e-01,-4.557889938e+00,1.000000000e+00,4.342942646e-07,9.905065894e-01
59,3,0,1.029012680e+00,3.618909717e-01,-9.219836593e-01,9.142066240e-01,-1.271855235e-01,-2.977407217e+00,-1.675650716e+00,-2.312100649e+00,-1.073132396e+00,-1.645048618e+00,-2.312716722e+00,-3.643028259e+00,2.217465878e+00,7.000000000e+00,6.000000000e+00,8.000000000e+00,0.000000000e+00,1.786102891e+00,2.538118839e+00,1.111699268e-02,1.000000000e+00,-1.283869743e+00,-2.567510843e+00,-8.713256717e-01,2.538118839e+00,-2.306269169e+00,-1.950961351e+00,2.837479115e+00,2.217465878e+00,3.000000000e+00,3.000000000e+00,0.000000000e+00,2.000000000e+00,-5.000000000e+00,3.300000000e+01,3.000000000e+00,1.000000000e+00,-5.225015163e+00,-2.298155546e+00,-2.024299383e+00,-5.223200321e+00,1.000000000e+00,6.560177207e-01,9.954960346e-01
59,4,0,6.726274490e-01,3.288854063e-01,-1.370589495e+00,9.020521045e-01,-1.393400431e-01,-3.045214653e+00,-2.981464148e+00,-2.518050194e+00,-2.489895582e+00,-2.174386263e+00,-2.371659994e+00,-3.388375521e+00,1.428826451e+00,5.000000000e+00,7.000000000e+00,8.000000000e+00,0.000000000e+00,7.739728093e-01,2.561438799e+00,-1.037505339e-03,1.000000000e+00,-1.699463010e+00,-3.397533417e+00,-1.530614868e-02,2.561437130e+00,-2.833925247e+00,-2.043179035e+00,2.892183542e+00,1.428826451e+00,1.000000000e+00,1.000000000e+00,0.000000000e+00,2.000000000e+00,-4.000000000e+00,2.100000000e+01,1.000000000e+00,1.000000000e+00,-4.567269325e+00,-1.957650542e+00,-5.067812204e-01,-4.562682629e+00,1.000000000e+00,4.342942646e-07,9.967796206e-01
60,0,0,8.644449711e-01,6.249616146e-01,-1.161239505e+00,1.000237942e+00,4.599568993e-02,-3.293576241e+00,-3.306210756e+00,-2.625247240e+00,-2.777591467e+00,-2.385841608e+00,-2.650318384e+00,-3.532431841e+00,-1.148816824e+00,4.000000000e+00,7.000000000e+00,7.000000000e+00,0.000000000e+00,9.178799391e-01,2.844887495e+00,1.551400870e-01,1.000000000e+00,-1.786180615e+00,-3.570655823e+00,5.532101169e-02,2.844887018e+00,-3.346527100e+00,-2.025644779e+00,3.181241989e+00,1.148816824e+00,0.000000000e+00,0.000000000e+00,0.000000000e+00,0.000000000e+00,-1.000000000e+00,-1.000000000e+00,-1.000000000e+00,0.000000000e+00,-9.999956489e-01,4.342942646e-07,1.000000000e+00,-6.989678144e-01,1.000000000e+00,1.007661462e+00,8.273295760e-01
60,1,1,6.276502013e-01,6.231722236e-01,-1.215684891e+00,7.313262820e-01,-3.826161027e-01,-3.262394190e+00,-3.109855175e+00,-2.508853197e+00,-2.468981743e+00,-2.504376650e+00,-2.466380835e+00,-3.266864061e+00,-1.438495964e-01,6.000000000e+00,7.000000000e+00,9.000000000e+00,0.000000000e+00,3.440542519e-01,2.676532745e+00,-2.229156047e-01,1.000000000e+00,-1.838834047e+00,-3.675658941e+00,8.753396273e-01,2.676478624e+00,-2.216870546e+00,-1.843311667e+00,1.765716076e+00,1.438495964e-01,1.000000000e+00,0.000000000e+00,1.000000000e+00,3.000000000e+00,0.000000000e+00,5.000000000e+00,2.000000000e+00,1.000000000e+00,-5.442529202e+00,-2.551630735e+00,-1.428265810e+00,-5.441648960e+00,1.000000000e+00,9.804776907e-01,8.322269320e-01
60,2,0,9.372827411e-01,4.789339304e-01,-1.044409633e+00,1.317598820e-01,-9.821796417e-01,-3.030054092e+00,-2.918091297e+00,-2.486042738e+00,-2.374197006e+00,-2.027780533e+00,-2.460320950e+00,-3.487532139e+00,1.716772079e+00,7.000000000e+00,7.000000000e+00,9.000000000e+00,0.000000000e+00,-6.058043242e-02,1.997548938e+00,-8.224800825e-01,1.000000000e+00,-1.523333788e+00,-3.046028852e+00,-7.023174316e-02,1.997533083e+00,-2.923101902e+00,-1.981655717e+00,2.414117575e+00,1.716772079e+00,1.000000000e+00,1.000000000e+00,0.000000000e+00,1.000000000e+00,5.000000000e+00,4.000000000e+00,1.000000000e+00,1.000000000e+00,-4.928552151e+00,-1.787483931e+00,-5.140385628e-01,-4.922117233e+00,1.000000000e+00,4.342942646e-07,9.815651774e-01
60,3,0,7.475526333e-01,3.340750039e-01,-1.130448580e+00,6.083589196e-01,-2.367384881e-01,-3.022488832e+00,-2.888037443e+00,-2.521307230e+00,-2.430072308e+00,-2.107918262e+00,-2.211869955e+00,-3.435239315e+00,-1.605705857e+00,5.000000000e+00,5.000000000e+00,6.000000000e+00,0.000000000e+00,-5.496087298e-02,2.080496073e+00,-1.697918177e-01,1.000000000e+00,-1.464516640e+00,-2.928549051e+00,-3.036813438e-01,2.080492496e+00,-3.067438841e+00,-1.877974153e+00,2.706154585e+00,1.605705857e+00,1.000000000e+00,1.000000000e+00,0.000000000e+00,3.000000000e+00,-4.000000000e+00,8.000000000e+00,1.000000000e+00,1.000000000e+00,-4.182162285e+00,-1.512253523e+00,-1.217761487e-01,-4.169209480e+00,1.000000000e+00,2.033980936e-01,9.966108203e-01
60,4,0,7.324647903e-01,3.065166771e-01,-1.291867971e+00,2.291696966e-01,-7.250708342e-01,-3.024147987e+00,-2.925334930e+00,-2.524394989e+00,-2.444022655e+00,-2.098537683e+00,-2.330502748e+00,-3.449331522e+00,-1.636755466e+00,5.000000000e+00,6.000000000e+00,7.000000000e+00,0.000000000e+00,-9.903917313e-01,1.603732824e+00,-6.159268618e-01,1.000000000e+00,-1.598375678e+00,-3.195841551e+00,2.495151907e-01,1.603307486e+00,-2.501007318e+00,-2.024295330e+00,1.699275851e+00,1.636755466e+00,1.000000000e+00,1.000000000e+00,0.000000000e+00,3.000000000e+00,-4.000000000e+00,2.500000000e+01,1.000000000e+00,1.000000000e+00,-5.148882866e+00,-2.542419434e+00,-1.885828972e+00,-5.147814751e+00,2.000000000e+00,-1.897117853e+00,9.973987341e-01
60,5,0,7.711983919e-01,3.006671965e-01,-1.220640779e+00,3.833188117e-01,-6.580721140e-01,-3.005070210e+00,-2.897101641e+00,-2.520359039e+00,-2.441879272e+00,-2.049922943e+00,-2.292221546e+00,-3.474743366e+00,-1.746637344e+00,6.000000000e+00,7.000000000e+00,8.000000000e+00,0.000000000e+00,1.109518409e+00,2.604731321e+00,-5.197699070e-01,1.000000000e+00,-1.521300554e+00,-3.041944742e+00,-1.470428407e-01,2.604730606e+00,-2.889373064e+00,-1.991803765e+00,3.143633366e+00,1.746637344e+00,3.000000000e+00,3.000000000e+00,0.000000000e+00,3.000000000e+00,-5.000000000e+00,1.300000000e+01,3.000000000e+00,1.000000000e+00,-4.407079697e+00,-1.507040739e+00,5.597483367e-02,-4.394108295e+00,2.000000000e+00,-1.837746024e+00,9.975355864e-01
60,6,0,1.028100729e+00,2.924255431e-01,-8.302677274e-01,8.216081262e-01,-2.197839171e-01,-2.935683966e+00,-2.633762598e+00,-2.408685923e+00,-2.181272984e+00,-1.673101187e+00,-2.150685787e+00,-3.669699192e+00,-2.378548622e+00,8.000000000e+00,6.000000000e+00,8.000000000e+00,0.000000000e+00,9.314564466e-01,2.138864040e+00,-8.148138225e-02,1.000000000e+00,-1.122690201e+00,-2.245265961e+00,6.785708666e-02,2.138848543e+00,-2.405796766e+00,-1.858340025e+00,2.579152346e+00,2.378548622e+00,1.000000000e+00,1.000000000e+00,0.000000000e+00,2.000000000e+00,5.000000000e+00,3.300000000e+01,3.000000000e+00,1.000000000e+00,-4.398147106e+00,-1.306910157e+00,-3.245079517e-01,-4.377747536e+00,1.000000000e+00,7.679772973e-01,9.977135658e-01
60,7,0,7.986688614e-01,2.807734609e-01,-1.212021947e+00,1.030682564e+00,-8.326024562e-02,-2.816646338e+00,-2.715729952e+00,-2.365730762e+00,-2.247078180e+00,-1.847905278e+00,-2.290943623e+00,-3.333889008e+00,1.861785054e+00,7.000000000e+00,7.000000000e+00,9.000000000e+00,0.000000000e+00,1.149587393e+00,2.422731161e+00,7.644040883e-02,1.000000000e+00,-1.492788911e+00,-2.984742403e+00,-1.094751135e-01,2.422729254e+00,-2.637215137e+00,-2.010653496e+00,2.931325197e+00,1.861785054e+00,1.000000000e+00,1.000000000e+00,0.000000000e+00,2.000000000e+00,-5.000000000e+00,3.300000000e+01,3.000000000e+00,1.000000000e+00,-4.832943439e+00,-1.219997048e+00,5.995764732e-01,-4.809216022e+00,1.000000000e+00,1.267714262e+00,9.979385734e-01
61,0,1,1.016425133e+00,7.589612007e-01,-9.815748334e-01,6.036602855e-01,-4.377313256e-01,-3.364053011e+00,-3.392613888e+00,-2.673251867e+00,-2.851236343e+00,-2.415879488e+00,-2.756632328e+00,-3.620705128e+00,1.198972702e+00,4.000000000e+00,7.000000000e+00,8.000000000e+00,0.000000000e+00,8.259142041e-01,2.829113722e+00,-2.994289696e-01,1.000000000e+00,-1.740516305e+00,-3.479682684e+00,1.299733162e+00,2.828924179e+00,-2.310683966e+00,-1.997961044e+00,1.964727521e+00,1.198972702e+00,3.000000000e+00,3.000000000e+00,0.000000000e+00,3.000000000e+00,4.000000000e+00,2.100000000e+01,2.000000000e+00,1.000000000e+00,-5.183805466e+00,-1.364256024e+00,7.909283638e-01,-5.168183804e+00,1.000000000e+00,4.342942646e-07,1.852309406e-01
61,1,1,7.890088558e-01,6.738230586e-01,-1.167220354e+00,7.792718410e-01,-1.749700755e-01,-3.179394484e+00,-3.172457218e+00,-2.479470730e+00,-2.528519392e+00,-2.364315510e+00,-2.629685640e+00,-3.294381142e+00,7.609009147e-01,4.000000000e+00,7.000000000e+00,7.000000000e+00,0.000000000e+00,8.406333327e-01,2.784760237e+00,-6.582574546e-02,1.000000000e+00,-1.841019511e+00,-3.679828882e+00,9.740779400e-01,2.784708261e+00,-2.228337765e+00,-1.956196427e+00,1.974864841e+00,7.609009147e-01,2.000000000e+00,0.000000000e+00,2.000000000e+00,3.000000000e+00,2.000000000e+00,6.000000000e+00,1.000000000e+00,1.000000000e+00,-5.165099144e+00,-2.181168556e+00,-6.746259332e-01,-5.162663460e+00,1.000000000e+00,4.342942646e-07,6.370510459e-01
61,2,0,9.850000143e-01,4.832864106e-01,-1.025828242e+00,1.161442041e+00,4.749903455e-02,-3.051170826e+00,-2.955693007e+00,-2.579088211e+00,-2.483494520e+00,-2.077487469e+00,-2.493822813e+00,-3.551823139e+00,1.822604895e+00,7.000000000e+00,7.000000000e+00,9.000000000e+00,0.000000000e+00,-4.362647831e-01,1.860473990e+00,2.071997821e-01,1.000000000e+00,-1.509105086e+00,-3.017624855e+00,7.421501279e-01,1.859211087e+00,-2.224690199e+00,-2.010788441e+00,1.523124576e+00,1.822604895e+00,3.000000000e+00,3.000000000e+00,0.000000000e+00,1.000000000e+00,5.000000000e+00,1.000000000e+01,1.000000000e+00,1.000000000e+00,-4.578670502e+00,-1.195675135e+00,6.840684414e-01,-4.552827835e+00,1.000000000e+00,4.342942646e-07,9.804343581e-01
61,3,0,6.242619753e-01,4.327413738e-01,-1.374245405e+00,4.344184995e-01,-5.198227167e-01,-3.173037052e+00,-3.086237907e+00,-2.510165691e+00,-2.482975245e+00,-2.318695307e+00,-2.430906534e+00,-3.364199400e+00,1.009444594e+00,4.000000000e+00,7.000000000e+00,7.000000000e+00,0.000000000e+00,5.406652689e-01,2.589118958e+00,-4.106785953e-01,1.000000000e+00,-1.806969047e+00,-3.611977816e+00,-2.669855393e-02,2.589117527e+00,-2.942167521e+00,-1.998474360e+00,2.779997826e+00,1.009444594e+00,1.000000000e+00,0.000000000e+00,1.000000000e+00,3.000000000e+00,2.000000000e+00,2.000000000e+00,1.000000000e+00,1.000000000e+00,-5.350360394e+00,-1.822063923e+00,-1.700848341e-02,-5.345313549e+00,1.000000000e+00,4.342942646e-07,9.898777604e-01
61,4,0,7.899929285e-01,3.576796949e-01,-1.181125283e+00,1.264679193e+00,1.507360935e-01,-2.940334797e+00,-2.841743708e+00,-2.459664822e+00,-2.358413935e+00,-2.027430534e+00,-2.328417540e+00,-3.372002840e+00,-1.652546883e+00,7.000000000e+00,7.000000000e+00,9.000000000e+00,0.000000000e+00,7.150040865e-01,2.384984016e+00,3.104368746e-01,1.000000000e+00,-1.538796425e+00,-3.076809883e+00,1.334082186e-01,2.384977102e+00,-2.582618475e+00,-1.971084237e+00,2.582532644e+00,1.652546883e+00,1.000000000e+00,1.000000000e+00,0.000000000e+00,1.000000000e+00,-5.000000000e+00,2.500000000e+01,1.000000000e+00,1.000000000e+00,-5.168944836e+00,-1.568594217e+00,-8.273980021e-02,-5.159061909e+00,1.000000000e+00,4.342942646e-07,9.956907630e-01
62,0,1,1.587276697e+00,9.688527584e-01,-2.911627889e-01,7.131493092e-01,-4.007930458e-01,-3.463288069e+00,-3.205827236e+00,-2.915277243e+00,-2.618204355e+00,-2.297124624e+00,-2.846979618e+00,-4.077750683e+00,-2.102304459e+00,8.000000000e+00,7.000000000e+00,9.000000000e+00,0.000000000e+00,1.617173195e+00,3.105890989e+00,-2.410925329e-01,1.000000000e+00,-1.260008454e+00,-2.519881010e+00,1.479226351e+00,3.105769873e+00,-2.107955694e+00,-1.878407478e+00,1.947711587e+00,2.102304459e+00,4.000000000e+00,4.000000000e+00,0.000000000e+00,3.000000000e+00,-5.000000000e+00,1.300000000e+01,3.000000000e+00,1.000000000e+00,-4.367639542e+00,-1.222009301e+00,2.540719509e-02,-4.342916489e+00,1.000000000e+00,4.342942646e-07,1.811792026e-04
63,0,1,1.089078069e+00,6.618542671e-01,-7.546569109e-01,4.624647796e-01,-2.365046442e-01,-3.298561096e+00,-3.082593441e+00,-2.656286716e+00,-2.490676880e+00,-2.229186296e+00,-2.505420446e+00,-3.724341154e+00,-1.639923215e+00,4.000000000e+00,5.000000000e+00,5.000000000e+00,0.000000000e+00,-2.450907946e+00,1.214324117e+00,-2.365046442e-01,1.000000000e+00,-1.416502357e+00,-2.832699537e+00,1.188211322e+00,7.414479852e-01,-1.964414239e+00,-1.843707085e+00,-1.852199286e-01,1.639923215e+00,3.000000000e+00,3.000000000e+00,0.000000000e+00,3.000000000e+00,-4.000000000e+00,2.000000000e+01,3.000000000e+00,1.000000000e+00,-4.690608501e+00,-1.398925662e+00,7.052882761e-02,-4.674431801e+00,1.000000000e+00,4.342942646e-07,6.940501928e-01
63,1,1,1.112518430e+00,5.398389697e-01,-8.191308379e-01,6.309955716e-01,-4.103960991e-01,-3.142467499e+00,-2.954746962e+00,-2.550907373e+00,-2.405373812e+00,-1.978341222e+00,-2.471307755e+00,-3.713499069e+00,-1.993401527e+00,7.000000000e+00,6.000000000e+00,8.000000000e+00,0.000000000e+00,-2.095878601e+00,1.357372403e+00,-2.720937133e-01,1.000000000e+00,-1.358962655e+00,-2.717663765e+00,1.357348800e+00,-6.238559484e-01,-1.587957621e+00,-1.931615114e+00,-1.554093957e+00,1.993401527e+00,3.000000000e+00,3.000000000e+00,0.000000000e+00,2.000000000e+00,5.000000000e+00,8.000000000e+00,3.000000000e+00,1.000000000e+00,-4.669298172e+00,-1.333806634e+00,1.094767358e-02,-4.650514603e+00,1.000000000e+00,4.342942646e-07,9.555463791e-01
63,2,0,9.539630413e-01,4.231925607e-01,-9.962403178e-01,1.352224588e+00,3.108319938e-01,-3.080511808e+00,-2.917166233e+00,-2.592704058e+00,-2.422647953e+00,-2.062053680e+00,-2.373203278e+00,-3.610032320e+00,-1.892852426e+00,7.000000000e+00,6.000000000e+00,8.000000000e+00,0.000000000e+00,1.662233114e+00,2.893220663e+00,4.491346776e-01,1.000000000e+00,-1.419425726e+00,-2.838480473e+00,1.135682315e-01,2.893220186e+00,-2.732152700e+00,-1.950169086e+00,3.140223026e+00,1.892852426e+00,1.000000000e+00,1.000000000e+00,0.000000000e+00,1.000000000e+00,-5.000000000e+00,2.800000000e+01,1.000000000e+00,1.000000000e+00,-4.399925709e+00,-1.468265653e+00,-1.267393082e-01,-4.385756493e+00,1.000000000e+00,4.342942646e-07,9.909925461e-01
63,3,0,7.500374913e-01,3.031002283e-01,-1.276028752e+00,3.291110396e-01,-5.159858465e-01,-3.036966801e+00,-2.924983025e+00,-2.476207018e+00,-2.401068926e+00,-2.029353380e+00,-2.328852415e+00,-3.483054399e+00,-1.688691497e+00,4.000000000e+00,6.000000000e+00,6.000000000e+00,0.000000000e+00,2.671027184e-01,2.162951469e+00,-4.490392208e-01,1.000000000e+00,-1.579120517e+00,-3.157419920e+00,-6.008277535e-01,2.162950993e+00,-3.304231882e+00,-2.026028156e+00,3.135123014e+00,1.688691497e+00,2.000000000e+00,2.000000000e+00,0.000000000e+00,3.000000000e+00,-4.000000000e+00,2.000000000e+01,3.000000000e+00,1.000000000e+00,-4.454547882e+00,-1.590556860e+00,-2.854923951e-04,-4.443850040e+00,1.000000000e+00,1.298450708e+00,9.974798560e-01
64,0,1,5.254338980e-01,5.197969675e-01,-1.379052520e+00,5.437841415e-01,-4.104574025e-01,-3.133583307e+00,-3.199670076e+00,-2.336133480e+00,-2.611685276e+00,-2.330497980e+00,-2.424159288e+00,-3.139212370e+00,1.614668667e-01,4.000000000e+00,7.000000000e+00,7.000000000e+00,0.000000000e+00,-2.052438706e-01,2.227973700e+00,-3.013131618e-01,1.000000000e+00,-1.898825169e+00,-3.794983387e+00,-1.549627818e-02,2.227966785e+00,-3.146547318e+00,-1.904461622e+00,2.524551392e+00,1.614668667e-01,1.000000000e+00,0.000000000e+00,1.000000000e+00,3.000000000e+00,0.000000000e+00,8.000000000e+00,1.000000000e+00,1.000000000e+00,-5.384273529e+00,-2.060957909e+00,-3.318108320e-01,-5.381422997e+00,1.000000000e+00,4.342942646e-07,9.670887589e-01
64,1,0,1.182553172e+00,4.558384418e-01,-7.173242569e-01,3.199498057e-01,-7.939910889e-01,-3.024510860e+00,-2.782237291e+00,-2.485632658e+00,-2.300495386e+00,-1.759025693e+00,-2.355578184e+00,-3.749240875e+00,-2.357550859e+00,9.000000000e+00,7.000000000e+00,9.000000000e+00,0.000000000e+00,4.067713767e-02,1.789091587e+00,-6.342910528e-01,1.000000000e+00,-1.173158407e+00,-2.346191883e+00,1.128043056e+00,1.778493881e+00,-1.628359079e+00,-1.899845123e+00,1.191975951e+00,2.357550859e+00,1.000000000e+00,1.000000000e+00,0.000000000e+00,1.000000000e+00,-5.000000000e+00,2.300000000e+01,1.000000000e+00,1.000000000e+00,-4.156923294e+00,-8.910788298e-01,4.591588378e-01,-4.105130672e+00,1.000000000e+00,5.760143399e-01,9.864395261e-01
64,2,0,9.023452401e-01,4.177893996e-01,-1.119510889e+00,1.364449143e+00,3.230566084e-01,-3.132404327e+00,-2.991907120e+00,-2.535626650e+00,-2.434049129e+00,-2.051171303e+00,-2.439406872e+00,-3.615752935e+00,1.780885339e+00,6.000000000e+00,7.000000000e+00,8.000000000e+00,0.000000000e+00,1.296884298e+00,2.699662209e+00,4.613592327e-01,1.000000000e+00,-1.537290812e+00,-3.073971748e+00,-2.836846709e-01,2.699661970e+00,-3.135048866e+00,-2.021816254e+00,3.366068125e+00,1.780885339e+00,1.000000000e+00,1.000000000e+00,0.000000000e+00,2.000000000e+00,-5.000000000e+00,3.200000000e+01,3.000000000e+00,1.000000000e+00,-4.723641872e+00,-1.157745481e+00,8.217148185e-01,-4.695940971e+00,1.000000000e+00,7.371660471e-01,9.915590286e-01
64,3,0,1.108175159e+00,4.162288308e-01,-8.969103694e-01,9.200166464e-01,-1.213755384e-01,-3.035044670e+00,-2.849825859e+00,-2.570974112e+00,-2.371563196e+00,-1.879156590e+00,-2.421128273e+00,-3.725149393e+00,-2.275920153e+00,7.000000000e+00,7.000000000e+00,8.000000000e+00,0.000000000e+00,7.200303078e-01,2.239207745e+00,1.692697778e-02,1.000000000e+00,-1.313133597e+00,-2.626026630e+00,-1.661782563e-01,2.239204407e+00,-2.953682423e+00,-2.005045176e+00,2.897709370e+00,2.275920153e+00,2.000000000e+00,2.000000000e+00,0.000000000e+00,2.000000000e+00,5.000000000e+00,3.100000000e+01,3.000000000e+00,1.000000000e+00,-4.678249836e+00,-1.755175114e+00,-8.992410302e-01,-4.671042919e+00,1.000000000e+00,5.801000595e-01,9.917146564e-01
64,4,0,1.050916076e+00,3.861574233e-01,-9.136014581e-01,5.759166479e-01,-4.654749036e-01,-2.967686176e+00,-2.783027172e+00,-2.433938026e+00,-2.284929037e+00,-1.769271493e+00,-2.350485802e+00,-3.630987406e+00,2.211893320e+00,7.000000000e+00,6.000000000e+00,8.000000000e+00,0.000000000e+00,1.501496077e+00,2.520045519e+00,-3.271725476e-01,1.000000000e+00,-1.299753666e+00,-2.599256516e+00,-3.299805522e-01,2.520045042e+00,-3.000716448e+00,-1.964481235e+00,3.365563393e+00,2.211893320e+00,1.000000000e+00,1.000000000e+00,0.000000000e+00,1.000000000e+00,5.000000000e+00,8.000000000e+00,1.000000000e+00,1.000000000e+00,-5.406177998e+00,-1.840201497e+00,-1.068293810e+00,-5.401527405e+00,2.000000000e+00,-1.307899475e+00,9.941405654e-01
64,5,0,1.063184619e+00,3.762725890e-01,-9.439094663e-01,6.849028468e-01,-4.290394485e-01,-2.980499983e+00,-2.802474737e+00,-2.455533981e+00,-2.296370506e+00,-1.768720150e+00,-2.383166313e+00,-3.665810823e+00,2.264078140e+00,8.000000000e+00,7.000000000e+00,9.000000000e+00,0.000000000e+00,6.735882163e-01,2.105548620e+00,-2.693389654e-01,1.000000000e+00,-1.320176721e+00,-2.640082598e+00,-7.144337147e-02,2.105539083e+00,-2.743931770e+00,-2.007053852e+00,2.704592228e+00,2.264078140e+00,1.000000000e+00,1.000000000e+00,0.000000000e+00,1.000000000e+00,5.000000000e+00,1.700000000e+01,2.000000000e+00,1.000000000e+00,-5.705091476e+00,-2.852693319e+00,-3.066345453e+00,-5.704791546e+00,1.000000000e+00,1.377907544e-01,9.947451353e-01
64,6,0,1.034382224e+00,3.588045835e-01,-9.816240668e-01,8.324456215e-01,-2.814970016e-01,-2.951143742e+00,-2.807985067e+00,-2.498427391e+00,-2.352569103e+00,-1.822957635e+00,-2.374587536e+00,-3.625273228e+00,2.237394333e+00,8.000000000e+00,7.000000000e+00,9.000000000e+00,0.000000000e+00,2.264597118e-01,1.936303139e+00,-1.217963919e-01,1.000000000e+00,-1.340423226e+00,-2.680532694e+00,2.570867836e-01,1.936207891e+00,-2.454261065e+00,-2.015965462e+00,2.208747625e+00,2.237394333e+00,1.000000000e+00,1.000000000e+00,0.000000000e+00,1.000000000e+00,5.000000000e+00,6.000000000e+00,1.000000000e+00,1.000000000e+00,-4.240283012e+00,-1.352855444e+00,-6.257747859e-02,-4.221747398e+00,2.000000000e+00,-1.319050550e+00,9.956398010e-01
65,0,1,1.377252817e+00,1.075424910e+00,-6.209008694e-01,8.136091828e-01,-1.406327933e-01,-3.537262678e+00,-3.340160847e+00,-2.768544436e+00,-2.715357780e+00,-2.466844320e+00,-3.073032618e+00,-3.837591648e+00,1.319078922e+00,4.000000000e+00,7.000000000e+00,7.000000000e+00,0.000000000e+00,1.623524189e+00,3.278743267e+00,-3.148843721e-02,1.000000000e+00,-1.696305871e+00,-3.391550064e+00,1.188575864e+00,3.278728962e+00,-2.602258444e+00,-1.998112321e+00,2.338750362e+00,1.319078922e+00,4.000000000e+00,4.000000000e+00,0.000000000e+00,3.000000000e+00,4.000000000e+00,9.000000000e+00,1.000000000e+00,1.000000000e+00,-5.525864601e+00,-2.220060587e+00,-1.042357564e+00,-5.524129868e+00,1.000000000e+00,4.342942646e-07,1.022451556e-06
65,1,1,1.077863097e+00,5.599647164e-01,-8.868151903e-01,8.661249280e-01,-1.752672046e-01,-3.159869194e+00,-2.340291023e+00,-2.324528456e+00,-1.554719448e+00,-1.806693792e+00,-2.524427176e+00,-3.676329613e+00,1.861792088e+00,6.000000000e+00,6.000000000e+00,8.000000000e+00,0.000000000e+00,1.588939548e+00,2.601143122e+00,-3.696466237e-02,1.000000000e+00,-1.446771145e+00,-2.893153191e+00,6.039315462e-01,2.601121187e+00,-1.510754228e+00,-1.964641690e+00,1.745199203e+00,1.861792088e+00,4.000000000e+00,4.000000000e+00,0.000000000e+00,2.000000000e+00,-5.000000000e+00,1.400000000e+01,3.000000000e+00,1.000000000e+00,-4.541147232e+00,-1.990430355e+00,-1.096207261e+00,-4.536883354e+00,1.000000000e+00,4.342942646e-07,9.392908216e-01
65,2,0,5.466334224e-01,3.919886947e-01,-1.434994221e+00,9.529136419e-01,-1.328504528e-03,-3.153319120e+00,-3.101449728e+00,-2.484079123e+00,-2.510442019e+00,-2.329474211e+00,-2.373279810e+00,-3.307699442e+00,-8.947585821e-01,4.000000000e+00,7.000000000e+00,7.000000000e+00,0.000000000e+00,9.265127182e-01,2.792823553e+00,1.078158319e-01,1.000000000e+00,-1.826965332e+00,-3.651791334e+00,-2.538144356e-03,2.792822838e+00,-2.904761076e+00,-1.981597662e+00,2.976236105e+00,8.947585821e-01,1.000000000e+00,0.000000000e+00,1.000000000e+00,3.000000000e+00,-2.000000000e+00,4.000000000e+00,1.000000000e+00,1.000000000e+00,-4.259219646e+00,-2.948686123e+00,-2.243102074e+00,-4.258740425e+00,1.000000000e+00,4.342942646e-07,9.937446713e-01
65,3,0,5.416575670e-01,3.525691628e-01,-1.465974331e+00,8.399099112e-01,-1.143320575e-01,-3.113373995e+00,-3.071155310e+00,-2.517300606e+00,-2.545699835e+00,-2.328262806e+00,-2.359790325e+00,-3.302154779e+00,1.002114654e+00,4.000000000e+00,7.000000000e+00,7.000000000e+00,0.000000000e+00,-4.450258017e-01,2.105842829e+00,-5.187734496e-03,1.000000000e+00,-1.818527341e+00,-3.634910345e+00,-4.620934427e-01,2.105841160e+00,-3.359521151e+00,-2.007600307e+00,2.784991026e+00,1.002114654e+00,2.000000000e+00,2.000000000e+00,0.000000000e+00,3.000000000e+00,4.000000000e+00,9.000000000e+00,1.000000000e+00,1.000000000e+00,-5.082927227e+00,-3.050023794e+00,-2.464557409e+00,-5.082587719e+00,1.000000000e+00,9.872144461e-01,9.959135652e-01
65,4,0,7.838859558e-01,3.317461610e-01,-1.243973374e+00,7.306536436e-01,-2.235882580e-01,-2.997391939e+00,-2.892575979e+00,-2.444007397e+00,-2.354429960e+00,-1.991945624e+00,-2.359241724e+00,-3.448741436e+00,1.701506495e+00,5.000000000e+00,6.000000000e+00,7.000000000e+00,0.000000000e+00,1.612217546e+00,2.798096895e+00,-1.144439653e-01,1.000000000e+00,-1.575710654e+00,-3.150567293e+00,-1.008063912e+00,2.798096895e+00,-3.692199469e+00,-2.027820587e+00,4.167706013e+00,1.701506495e+00,1.000000000e+00,1.000000000e+00,0.000000000e+00,1.000000000e+00,5.000000000e+00,1.500000000e+01,1.000000000e+00,1.000000000e+00,-4.636586189e+00,-2.347928762e+00,-1.540675998e+00,-4.634726048e+00,1.000000000e+00,9.880474210e-01,9.966879487e-01
66,0,1,8.806861043e-01,8.264773488e-01,-1.023919702e+00,5.673555732e-01,-3.868860006e-01,-3.314142942e+00,-3.345524073e+00,-2.557211876e+00,-2.730304480e+00,-2.503021717e+00,-2.730797529e+00,-3.368232489e+00,5.100966096e-01,4.000000000e+00,7.000000000e+00,7.000000000e+00,0.000000000e+00,5.350152850e-01,2.770667791e+00,-2.777417600e-01,1.000000000e+00,-1.850370765e+00,-3.698571920e+00,1.396648213e-02,2.770667315e+00,-3.541535378e+00,-1.904575467e+00,2.983853340e+00,5.100966096e-01,4.000000000e+00,0.000000000e+00,4.000000000e+00,3.000000000e+00,1.000000000e+00,1.000000000e+01,1.000000000e+00,1.000000000e+00,-4.981999874e+00,-2.552987337e+00,-1.407897949e+00,-4.980902672e+00,1.000000000e+00,4.342942646e-07,3.190942854e-02
66,1,1,1.044329047e+00,7.104498744e-01,-1.013302445e+00,1.172538042e+00,5.859495327e-02,-3.282253504e+00,-3.237701178e+00,-2.674980164e+00,-2.711092472e+00,-2.341211319e+00,-2.767701626e+00,-3.615171194e+00,1.403273940e+00,5.000000000e+00,7.000000000e+00,9.000000000e+00,0.000000000e+00,5.543991923e-01,2.618507147e+00,2.182956934e-01,1.000000000e+00,-1.723733664e+00,-3.446168900e+00,-6.937865168e-03,2.618505716e+00,-3.427540064e+00,-2.057586432e+00,2.995226622e+00,1.403273940e+00,4.000000000e+00,4.000000000e+00,0.000000000e+00,3.000000000e+00,4.000000000e+00,3.600000000e+01,2.000000000e+00,1.000000000e+00,-4.648710728e+00,-2.758699179e+00,-2.071843863e+00,-4.647988319e+00,1.000000000e+00,4.342942646e-07,4.334335923e-01
66,2,0,5.675104856e-01,3.103090823e-01,-1.432311893e+00,9.246617556e-01,-1.167304590e-01,-3.070526123e+00,-3.020682335e+00,-2.427253008e+00,-2.443690062e+00,-2.170103312e+00,-2.309722424e+00,-3.327314854e+00,1.198247433e+00,5.000000000e+00,7.000000000e+00,8.000000000e+00,0.000000000e+00,1.474804163e+00,2.907570362e+00,2.157207392e-02,1.000000000e+00,-1.742608428e+00,-3.483608484e+00,2.272214293e-01,2.907569408e+00,-2.526752234e+00,-1.999790668e+00,2.953919888e+00,1.198247433e+00,1.000000000e+00,0.000000000e+00,1.000000000e+00,3.000000000e+00,2.000000000e+00,6.000000000e+00,1.000000000e+00,1.000000000e+00,-5.116458416e+00,-2.028576136e+00,-5.638083220e-01,-5.112938404e+00,1.000000000e+00,4.342942646e-07,9.973049164e-01
66,3,0,8.644760847e-01,1.696395576e-01,-1.016911387e+00,7.537637353e-01,-2.876282334e-01,-2.812642336e+00,-2.582359314e+00,-2.353765488e+00,-2.179026842e+00,-1.659007072e+00,-2.050866365e+00,-3.506365538e+00,-2.282716274e+00,8.000000000e+00,6.000000000e+00,8.000000000e+00,0.000000000e+00,-2.986433804e-01,1.509813428e+00,-1.493257731e-01,1.000000000e+00,-1.186548591e+00,-2.372891903e+00,-1.198432520e-01,1.509693861e+00,-2.468447685e+00,-1.881358981e+00,2.149516821e+00,2.282716274e+00,0.000000000e+00,0.000000000e+00,0.000000000e+00,0.000000000e+00,-1.000000000e+00,-1.000000000e+00,-1.000000000e+00,0.000000000e+00,-9.999956489e-01,4.342942646e-07,1.000000000e+00,-6.989678144e-01,0.000000000e+00,4.342942646e-07,9.991284013e-01
67,0,0,1.179164767e+00,1.092717171e+00,-6.962710023e-01,6.956254840e-01,-2.586163580e-01,-3.453002214e+00,-3.415515423e+00,-2.583611727e+00,-2.718472481e+00,-2.497194290e+00,-2.967718363e+00,-3.539178610e+00,6.520820260e-01,4.000000000e+00,7.000000000e+00,7.000000000e+00,0.000000000e+00,1.160908341e+00,3.077785015e+00,-1.494720578e-01,1.000000000e+00,-1.788963556e+00,-3.576307058e+00,-8.327041268e-01,3.077785015e+00,-4.625395298e+00,-1.875405312e+00,4.130318165e+00,6.520820260e-01,4.000000000e+00,0.000000000e+00,4.000000000e+00,3.000000000e+00,1.000000000e+00,9.000000000e+00,1.000000000e+00,1.000000000e+00,-5.071522236e+00,-2.334216595e+00,-1.086603165e+00,-5.069751740e+00,1.000000000e+00,4.342942646e-07,3.889557263e-07
67,1,0,9.568610787e-01,6.907150149e-01,-1.022377133e+00,8.044754267e-01,-2.369165868e-01,-3.314929485e+00,-3.199256182e+00,-2.647175074e+00,-2.602035999e+00,-2.381117582e+00,-2.669659138e+00,-3.580317736e+00,-1.222858787e+00,5.000000000e+00,7.000000000e+00,8.000000000e+00,0.000000000e+00,9.830554128e-01,2.872749567e+00,-9.861408174e-02,1.000000000e+00,-1.713074207e+00,-3.424940825e+00,-3.769612312e-01,2.872749567e+00,-3.667860746e+00,-1.979201436e+00,3.470285892e+00,1.222858787e+00,1.000000000e+00,0.000000000e+00,1.000000000e+00,3.000000000e+00,-2.000000000e+00,6.000000000e+00,1.000000000e+00,1.000000000e+00,-4.742659092e+00,-4.091583729e+00,-4.742976189e+00,-4.742626190e+00,1.000000000e+00,4.342942646e-07,5.469326377e-01
67,2,1,7.113540769e-01,4.082687199e-01,-1.348193288e+00,9.275783896e-01,-2.666370571e-02,-3.127424002e+00,-3.051668644e+00,-2.502945900e+00,-2.467390776e+00,-2.199929953e+00,-2.467402935e+00,-3.429921865e+00,-1.322418571e+00,4.000000000e+00,6.000000000e+00,7.000000000e+00,0.000000000e+00,1.139187217e+00,2.769592285e+00,8.248063177e-02,1.000000000e+00,-1.756446600e+00,-3.511236191e+00,-5.672650337e-01,2.769592285e+00,-3.441850424e+00,-2.059507132e+00,3.603907824e+00,1.322418571e+00,4.000000000e+00,4.000000000e+00,0.000000000e+00,3.000000000e+00,-4.000000000e+00,1.000000000e+00,3.000000000e+00,1.000000000e+00,-4.139467239e+00,-3.040552378e+00,-2.568164587e+00,-4.139077663e+00,1.000000000e+00,4.342942646e-07,9.924577475e-01
67,3,0,7.616578937e-01,3.668754101e-01,-1.335727930e+00,9.544641972e-01,2.220448223e-04,-3.063848734e+00,-2.995670319e+00,-2.548508883e+00,-2.501055956e+00,-2.153818130e+00,-2.463800430e+00,-3.457886219e+00,-1.558861256e+00,4.000000000e+00,7.000000000e+00,7.000000000e+00,0.000000000e+00,-1.791135430e+00,1.259226441e+00,1.093663946e-01,1.000000000e+00,-1.702590585e+00,-3.403779507e+00,1.230584383e-01,1.258063436e+00,-2.744769335e+00,-2.097340822e+00,1.482215405e+00,1.558861256e+00,1.000000000e+00,1.000000000e+00,0.000000000e+00,3.000000000e+00,-4.000000000e+00,1.000000000e+00,3.000000000e+00,1.000000000e+00,-5.569862366e+00,-2.156926155e+00,-9.026762843e-01,-5.567964554e+00,1.000000000e+00,4.342942646e-07,9.952514172e-01
68,0,1,7.947875857e-01,7.824611664e-01,-1.103500128e+00,9.384394884e-01,-1.580263488e-02,-3.220639467e+00,-3.346224070e+00,-2.403203964e+00,-2.731583595e+00,-2.390880585e+00,-2.680520296e+00,-3.232944965e+00,-2.393832952e-01,4.000000000e+00,7.000000000e+00,7.000000000e+00,0.000000000e+00,1.074620962e+00,2.928297997e+00,9.334173054e-02,1.000000000e+00,-1.885933280e+00,-3.769346952e+00,-2.153533936e+00,2.928297997e+00,-5.501903057e+00,-1.898258686e+00,5.390585423e+00,2.393832952e-01,3.000000000e+00,0.000000000e+00,3.000000000e+00,3.000000000e+00,0.000000000e+00,6.000000000e+00,1.000000000e+00,1.000000000e+00,-5.544013023e+00,-1.816390038e+00,1.259410232e-01,-5.539726257e+00,1.000000000e+00,4.342942646e-07,1.071989313e-01
68,1,1,6.700025797e-01,6.634717584e-01,-1.230228543e+00,1.227661967e+00,2.734196186e-01,-3.226733923e+00,-3.256700993e+00,-2.359889984e+00,-2.642274141e+00,-2.353360653e+00,-2.563537121e+00,-3.233253717e+00,1.738586128e-01,4.000000000e+00,7.000000000e+00,7.000000000e+00,0.000000000e+00,-1.509275287e-01,2.279405355e+00,3.825640380e-01,1.000000000e+00,-1.893673420e+00,-3.784747601e+00,1.251686335e+00,2.277485609e+00,-2.054200888e+00,-1.900203824e+00,1.314794898e+00,1.738586128e-01,3.000000000e+00,0.000000000e+00,3.000000000e+00,3.000000000e+00,0.000000000e+00,3.000000000e+00,1.000000000e+00,1.000000000e+00,-4.604691029e+00,-1.627769470e+00,5.525498390e-01,-4.594979286e+00,1.000000000e+00,4.342942646e-07,6.867279410e-01
68,2,1,6.180053353e-01,6.098722816e-01,-1.285999894e+00,1.013398051e+00,5.915589631e-02,-3.151910543e+00,-3.242183447e+00,-2.316076040e+00,-2.595341206e+00,-2.307944536e+00,-2.513719320e+00,-3.160032034e+00,1.941352636e-01,4.000000000e+00,7.000000000e+00,7.000000000e+00,0.000000000e+00,-1.497202516e-01,2.234762430e+00,1.683002859e-01,1.000000000e+00,-1.895846248e+00,-3.789056063e+00,1.233455300e+00,2.232593060e+00,-1.971888542e+00,-1.903978586e+00,1.286607265e+00,1.941352636e-01,2.000000000e+00,0.000000000e+00,2.000000000e+00,3.000000000e+00,0.000000000e+00,3.000000000e+00,1.000000000e+00,1.000000000e+00,-5.713746071e+00,-2.604138136e+00,-1.419011116e+00,-5.713224888e+00,1.000000000e+00,4.342942646e-07,8.646888137e-01
68,3,0,8.972012401e-01,4.887706339e-01,-1.124725103e+00,7.326800823e-01,-1.124175340e-01,-3.174548149e+00,-3.092056274e+00,-2.623145580e+00,-2.582394838e+00,-2.214826107e+00,-2.510423422e+00,-3.581966639e+00,-1.593095899e+00,4.000000000e+00,6.000000000e+00,6.000000000e+00,0.000000000e+00,-2.930550814e+00,7.500454783e-01,-4.547080770e-02,1.000000000e+00,-1.613483667e+00,-3.226132631e+00,-4.823164046e-01,7.492994070e-01,-3.552097797e+00,-2.021886587e+00,1.598776698e+00,1.593095899e+00,1.000000000e+00,1.000000000e+00,0.000000000e+00,2.000000000e+00,4.000000000e+00,1.800000000e+01,4.000000000e+00,1.000000000e+00,-5.862557888e+00,-2.205907583e+00,-1.190333962e+00,-5.861825466e+00,1.000000000e+00,6.715447307e-01,9.788943529e-01
68,4,0,5.812141299e-01,4.725317657e-01,-1.382639289e+00,5.237801671e-01,-4.304613173e-01,-3.209270239e+00,-3.159884930e+00,-2.534483433e+00,-2.589272499e+00,-2.425834179e+00,-2.436110020e+00,-3.317752838e+00,-7.373037934e-01,4.000000000e+00,7.000000000e+00,7.000000000e+00,0.000000000e+00,-1.396147907e-01,2.356144190e+00,-3.213171065e-01,1.000000000e+00,-1.855150223e+00,-3.707973242e+00,-1.443193574e-02,2.356140375e+00,-3.075887918e+00,-1.963823915e+00,2.533889771e+00,7.373037934e-01,1.000000000e+00,0.000000000e+00,1.000000000e+00,3.000000000e+00,-2.000000000e+00,5.000000000e+00,1.000000000e+00,1.000000000e+00,-5.500190735e+00,-4.009781837e+00,-4.309105873e+00,-5.500161648e+00,1.000000000e+00,6.712716222e-01,9.830946326e-01
68,5,0,5.692893863e-01,4.454110861e-01,-1.396961451e+00,5.292872787e-01,-3.158099949e-01,-3.189352274e+00,-3.148416519e+00,-2.494816065e+00,-2.547067404e+00,-2.370971441e+00,-2.411370039e+00,-3.313009024e+00,-7.916682363e-01,3.000000000e+00,6.000000000e+00,6.000000000e+00,0.000000000e+00,1.735494494e+00,3.238820553e+00,-2.488633394e-01,1.000000000e+00,-1.842352867e+00,-3.682480335e+00,-3.555615246e-01,3.238820553e+00,-3.347226858e+00,-1.966221452e+00,3.770183086e+00,7.916682363e-01,1.000000000e+00,0.000000000e+00,1.000000000e+00,3.000000000e+00,-2.000000000e+00,5.000000000e+00,1.000000000e+00,1.000000000e+00,-5.379701138e+00,-2.073533297e+00,-4.550386369e-01,-5.376923084e+00,1.000000000e+00,4.342942646e-07,9.881380200e-01
68,6,0,3.950309753e-01,3.909288645e-01,-1.514531255e+00,7.572619915e-01,-1.969799399e-01,-3.064452887e+00,-3.152955770e+00,-2.314589262e+00,-2.591117620e+00,-2.310487986e+00,-2.300398827e+00,-3.068550348e+00,1.376608610e-01,4.000000000e+00,7.000000000e+00,7.000000000e+00,0.000000000e+00,3.316141665e-01,2.476383686e+00,-8.783559501e-02,1.000000000e+00,-1.905439138e+00,-3.808127880e+00,-2.060222864e+00,2.476383686e+00,-4.997056961e+00,-1.909541011e+00,4.798321724e+00,1.376608610e-01,2.000000000e+00,0.000000000e+00,2.000000000e+00,3.000000000e+00,0.000000000e+00,6.000000000e+00,1.000000000e+00,1.000000000e+00,-5.322353363e+00,-2.448542118e+00,-1.083277941e+00,-5.321134090e+00,1.000000000e+00,4.342942646e-07,9.938189387e-01
68,7,0,3.660951555e-01,3.650536835e-01,-1.533518553e+00,9.724135995e-01,1.817141101e-02,-3.047679663e+00,-3.099385738e+00,-2.267820358e+00,-2.488877296e+00,-2.266779184e+00,-2.264596701e+00,-3.048719883e+00,-6.928160042e-02,4.000000000e+00,7.000000000e+00,7.000000000e+00,0.000000000e+00,-1.046974301e+00,1.743461967e+00,1.273158193e-01,1.000000000e+00,-1.898552418e+00,-3.794454575e+00,1.537927687e-01,1.743318200e+00,-2.700054169e+00,-1.899593711e+00,1.811583281e+00,6.928160042e-02,3.000000000e+00,0.000000000e+00,3.000000000e+00,3.000000000e+00,0.000000000e+00,3.000000000e+00,1.000000000e+00,1.000000000e+00,-4.858883858e+00,-2.649548054e+00,-1.504239917e+00,-4.857982159e+00,1.000000000e+00,4.342942646e-07,9.953426123e-01
68,8,0,9.496838450e-01,3.151416183e-01,-1.041788697e+00,1.659531236e+00,6.181385517e-01,-2.897525072e+00,-2.765405178e+00,-2.444377422e+00,-2.302501440e+00,-1.809927583e+00,-2.306360722e+00,-3.530933142e+00,-2.140501022e+00,7.000000000e+00,7.000000000e+00,8.000000000e+00,0.000000000e+00,4.119431600e-02,1.830605865e+00,7.564412355e-01,1.000000000e+00,-1.356925011e+00,-2.713474989e+00,4.891084507e-02,1.830546498e+00,-2.568658590e+00,-1.991434813e+00,2.274191141e+00,2.140501022e+00,1.000000000e+00,1.000000000e+00,0.000000000e+00,1.000000000e+00,-5.000000000e+00,3.500000000e+01,1.000000000e+00,1.000000000e+00,-4.725826263e+00,-1.766125441e+00,-8.331848383e-01,-4.718837738e+00,1.000000000e+00,6.644134521e-01,9.971791506e-01
69,0,0,6.774697304e-01,6.530526280e-01,-1.225126505e+00,8.347114325e-01,-1.195305958e-01,-3.132453442e+00,-3.279465199e+00,-2.354153872e+00,-2.663689137e+00,-2.329742193e+00,-2.555428505e+00,-3.156836271e+00,3.384786248e-01,4.000000000e+00,7.000000000e+00,7.000000000e+00,0.000000000e+00,1.757336140e+00,3.208503008e+00,-1.038624626e-02,1.000000000e+00,-1.878153563e+00,-3.753830671e+00,-2.387689650e-01,3.208503008e+00,-3.554153204e+00,-1.902568698e+00,3.780980349e+00,3.384786248e-01,1.000000000e+00,0.000000000e+00,1.000000000e+00,3.000000000e+00,1.000000000e+00,7.000000000e+00,2.000000000e+00,1.000000000e+00,-4.749216557e+00,-1.679823995e+00,3.787163794e-01,-4.740732670e+00,1.000000000e+00,4.342942646e-07,7.317098379e-01
69,1,1,6.794731617e-01,5.374974608e-01,-1.288415790e+00,6.009742022e-01,-3.532674611e-01,-3.236553192e+00,-3.183654308e+00,-2.542265177e+00,-2.601574183e+00,-2.400331974e+00,-2.505099058e+00,-3.378239393e+00,8.532840610e-01,4.000000000e+00,7.000000000e+00,7.000000000e+00,0.000000000e+00,4.585875198e-02,2.423374414e+00,-2.441232055e-01,1.000000000e+00,-1.825892448e+00,-3.649743319e+00,1.703742743e-01,2.423367500e+00,-2.968466997e+00,-1.967857003e+00,2.454183102e+00,8.532840610e-01,2.000000000e+00,1.000000000e+00,1.000000000e+00,3.000000000e+00,2.000000000e+00,9.000000000e+00,1.000000000e+00,1.000000000e+00,-5.269798279e+00,-2.538491488e+00,-1.427937746e+00,-5.268776894e+00,1.000000000e+00,7.101805210e-01,9.571030140e-01
69,2,1,1.006049514e+00,4.661087692e-01,-1.018980861e+00,1.051751256e+00,-1.243394613e-01,-3.049343348e+00,-2.928618431e+00,-2.513936043e+00,-2.385504723e+00,-1.974096298e+00,-2.490861416e+00,-3.588085413e+00,1.914926410e+00,8.000000000e+00,8.000000000e+00,1.000000000e+01,0.000000000e+00,6.272377074e-02,2.005509853e+00,5.175155774e-02,1.000000000e+00,-1.485080838e+00,-2.969635487e+00,-1.095117480e-01,2.005496979e+00,-2.960834265e+00,-2.024989128e+00,2.526346684e+00,1.914926410e+00,3.000000000e+00,3.000000000e+00,0.000000000e+00,2.000000000e+00,-5.000000000e+00,7.000000000e+00,4.000000000e+00,1.000000000e+00,-4.354146957e+00,-2.192962885e+00,-1.421412826e+00,-4.351433754e+00,1.000000000e+00,9.193138480e-01,9.844837785e-01
69,3,0,8.352659345e-01,4.570765495e-01,-1.245983243e+00,8.075881600e-01,-2.338038832e-01,-3.137293339e+00,-3.036375999e+00,-2.507582903e+00,-2.433801174e+00,-2.129474878e+00,-2.537941456e+00,-3.514656067e+00,-1.516955853e+00,4.000000000e+00,7.000000000e+00,8.000000000e+00,0.000000000e+00,1.756039858e+00,3.007553339e+00,-9.550137818e-02,1.000000000e+00,-1.703045249e+00,-3.404788494e+00,-8.947660923e-01,3.007553339e+00,-3.783121347e+00,-2.081204414e+00,4.205784321e+00,1.516955853e+00,4.000000000e+00,4.000000000e+00,0.000000000e+00,3.000000000e+00,-4.000000000e+00,1.500000000e+01,1.000000000e+00,1.000000000e+00,-4.548251152e+00,-2.444909573e+00,-1.480790734e+00,-4.546750546e+00,1.000000000e+00,8.502969146e-01,9.862196445e-01
69,4,0,6.431953311e-01,3.816299736e-01,-1.341777563e+00,9.230690598e-01,-1.183231249e-01,-2.979526758e+00,-2.545522690e+00,-2.458428383e+00,-2.054906845e+00,-2.196919441e+00,-2.366045237e+00,-3.240749836e+00,1.210282087e+00,4.000000000e+00,6.000000000e+00,8.000000000e+00,0.000000000e+00,1.738451481e+00,3.066213608e+00,1.997938566e-02,1.000000000e+00,-1.723393798e+00,-3.445155382e+00,-9.377529621e-01,3.066213608e+00,-3.373315334e+00,-1.984940410e+00,3.861511707e+00,1.210282087e+00,1.000000000e+00,0.000000000e+00,1.000000000e+00,3.000000000e+00,2.000000000e+00,4.000000000e+00,1.000000000e+00,1.000000000e+00,-5.449741840e+00,-1.859071255e+00,-2.833032012e-01,-5.445447922e+00,1.000000000e+00,1.127400637e+00,9.944273233e-01
69,5,0,7.448396087e-01,2.929392755e-01,-1.290786982e+00,8.660734296e-01,2.097572945e-02,-2.999413729e+00,-2.903609991e+00,-2.503250122e+00,-2.427311182e+00,-2.051439285e+00,-2.328202248e+00,-3.450520754e+00,1.700917125e+00,4.000000000e+00,6.000000000e+00,6.000000000e+00,0.000000000e+00,1.055319548e+00,2.579148531e+00,8.792244643e-02,1.000000000e+00,-1.583717942e+00,-3.166551828e+00,-1.275892556e-01,2.579147816e+00,-2.847650528e+00,-2.035588026e+00,3.082520962e+00,1.700917125e+00,2.000000000e+00,2.000000000e+00,0.000000000e+00,1.000000000e+00,5.000000000e+00,4.000000000e+00,2.000000000e+00,1.000000000e+00,-4.020211220e+00,-1.474187851e+00,2.487162501e-01,-4.006023884e+00,1.000000000e+00,4.342942646e-07,9.977030158e-01
69,6,0,7.585254908e-01,2.277675569e-01,-1.168655038e+00,7.851439714e-01,-2.562480271e-01,-2.925871849e+00,-2.732803583e+00,-2.358786345e+00,-2.212682724e+00,-1.828098178e+00,-2.154719353e+00,-3.455754042e+00,-1.892822266e+00,7.000000000e+00,6.000000000e+00,8.000000000e+00,0.000000000e+00,1.465959787e+00,2.561108351e+00,-1.179455221e-01,1.000000000e+00,-1.396417975e+00,-2.792415380e+00,-4.736733809e-02,2.561106920e+00,-2.487755060e+00,-1.927150130e+00,2.993021965e+00,1.892822266e+00,0.000000000e+00,0.000000000e+00,0.000000000e+00,0.000000000e+00,-1.000000000e+00,-1.000000000e+00,-1.000000000e+00,0.000000000e+00,-9.999956489e-01,4.342942646e-07,1.000000000e+00,-6.989678144e-01,0.000000000e+00,4.342942646e-07,9.986696243e-01
70,0,1,9.065870643e-01,7.176221013e-01,-1.083882451e+00,9.690229297e-01,1.478078775e-02,-3.355519056e+00,-3.173995972e+00,-2.602924347e+00,-2.527629852e+00,-2.414020777e+00,-2.707777023e+00,-3.543947458e+00,1.001741767e+00,4.000000000e+00,7.000000000e+00,7.000000000e+00,0.000000000e+00,-1.421896577e+00,1.731285095e+00,1.239251420e-01,1.000000000e+00,-1.801482201e+00,-3.601184368e+00,1.468359232e+00,1.654468179e+00,-1.777013063e+00,-1.990432382e+00,2.997470498e-01,1.001741767e+00,3.000000000e+00,2.000000000e+00,1.000000000e+00,3.000000000e+00,2.000000000e+00,3.000000000e+00,1.000000000e+00,1.000000000e+00,-4.710056305e+00,-1.734621882e+00,1.178726181e-01,-4.702531338e+00,1.000000000e+00,4.342942646e-07,3.920190334e-01
70,1,0,4.758753479e-01,3.443427384e-01,-1.496699214e+00,6.496862173e-01,-1.954112351e-01,-3.114252329e+00,-3.061947823e+00,-2.446214199e+00,-2.465961456e+00,-2.314713240e+00,-2.316561222e+00,-3.245585203e+00,8.181024790e-01,3.000000000e+00,6.000000000e+00,6.000000000e+00,0.000000000e+00,1.625793099e+00,3.127699614e+00,-1.284645349e-01,1.000000000e+00,-1.841025233e+00,-3.679748774e+00,3.899880871e-02,3.127699375e+00,-2.771176100e+00,-1.972547293e+00,3.239870310e+00,8.181024790e-01,3.000000000e+00,2.000000000e+00,1.000000000e+00,3.000000000e+00,2.000000000e+00,3.000000000e+00,1.000000000e+00,1.000000000e+00,-5.512600422e+00,-2.391606331e+00,-1.097778797e+00,-5.511413574e+00,1.000000000e+00,4.342942646e-07,9.962434769e-01
71,0,1,1.359169602e+00,8.793241978e-01,-2.215989679e-01,1.591994762e-01,-6.858968139e-01,-3.450909615e+00,-3.064475536e+00,-2.773804426e+00,-2.486716747e+00,-2.294131756e+00,-2.459964275e+00,-3.928285837e+00,-1.769397616e+00,6.000000000e+00,5.000000000e+00,6.000000000e+00,0.000000000e+00,8.189532161e-01,2.703694582e+00,-6.189503074e-01,1.000000000e+00,-1.100918412e+00,-2.201774836e+00,1.287296116e-01,2.703693151e+00,-3.236695051e+00,-1.580752730e+00,2.767497540e+00,1.769397616e+00,4.000000000e+00,4.000000000e+00,0.000000000e+00,3.000000000e+00,-5.000000000e+00,6.000000000e+00,3.000000000e+00,1.000000000e+00,-5.086402893e+00,-1.217579603e+00,-1.790341437e-01,-5.063892365e+00,1.000000000e+00,4.342942646e-07,5.777678918e-03
71,1,1,9.588417411e-01,4.117874205e-01,-1.057103992e+00,7.151647210e-01,-3.262271583e-01,-3.049686909e+00,-2.926453114e+00,-2.571084023e+00,-2.454793930e+00,-2.024145603e+00,-2.427484512e+00,-3.595513821e+00,-1.932020664e+00,6.000000000e+00,7.000000000e+00,8.000000000e+00,0.000000000e+00,7.982046008e-01,2.423413992e+00,-1.879247129e-01,1.000000000e+00,-1.468883395e+00,-2.937278986e+00,8.274855018e-01,2.423274517e+00,-2.039171934e+00,-2.015905619e+00,2.026496887e+00,1.932020664e+00,3.000000000e+00,3.000000000e+00,0.000000000e+00,3.000000000e+00,-5.000000000e+00,1.100000000e+01,3.000000000e+00,1.000000000e+00,-4.640985966e+00,-1.775606871e+00,-5.987875462e-01,-4.634079456e+00,1.000000000e+00,4.342942646e-07,9.921395183e-01
71,2,0,6.254460812e-01,3.600954413e-01,-1.415410519e+00,7.931692004e-01,-5.192846060e-02,-3.095890760e+00,-3.050251007e+00,-2.529690266e+00,-2.542173624e+00,-2.264406919e+00,-2.400504589e+00,-3.360785484e+00,-1.220678806e+00,3.000000000e+00,6.000000000e+00,6.000000000e+00,0.000000000e+00,-3.043258376e-02,2.249270678e+00,1.501826197e-02,1.000000000e+00,-1.775491118e+00,-3.549144268e+00,-5.973811746e-01,2.249270201e+00,-3.498432398e+00,-2.040820122e+00,3.123892546e+00,1.220678806e+00,1.000000000e+00,1.000000000e+00,0.000000000e+00,1.000000000e+00,-5.000000000e+00,3.200000000e+01,1.000000000e+00,1.000000000e+00,-5.323230267e+00,-2.039137840e+00,-5.193624496e-01,-5.320108414e+00,2.000000000e+00,4.342942646e-07,9.955802560e-01
71,3,0,6.438520551e-01,3.310967684e-01,-1.422173738e+00,5.370121002e-01,-4.172293842e-01,-3.082060575e+00,-3.024035454e+00,-2.473732233e+00,-2.464221716e+00,-2.161043167e+00,-2.396661997e+00,-3.394262791e+00,-1.347996831e+00,4.000000000e+00,7.000000000e+00,7.000000000e+00,0.000000000e+00,1.774975657e-01,2.249867439e+00,-3.080852032e-01,1.000000000e+00,-1.753257036e+00,-3.504808903e+00,1.967065036e-01,2.249850512e+00,-2.598566055e+00,-2.065986633e+00,2.356306076e+00,1.347996831e+00,1.000000000e+00,1.000000000e+00,0.000000000e+00,1.000000000e+00,-5.000000000e+00,1.800000000e+01,1.000000000e+00,1.000000000e+00,-5.801753521e+00,-2.223611116e+00,-9.355955720e-01,-5.800803661e+00,2.000000000e+00,4.342942646e-07,9.967089891e-01
72,0,1,8.365190029e-01,8.126532435e-01,-1.058508277e+00,7.629364133e-01,-1.913055629e-01,-3.277929783e+00,-3.271883011e+00,-2.401219368e+00,-2.601189852e+00,-2.377359390e+00,-2.707429171e+00,-3.301748991e+00,3.345648646e-01,4.000000000e+00,7.000000000e+00,7.000000000e+00,0.000000000e+00,1.657138467e+00,3.206032276e+00,-8.216121793e-02,1.000000000e+00,-1.871134043e+00,-3.739905596e+00,-1.191469356e-01,3.206032038e+00,-3.531684160e+00,-1.894997954e+00,3.548851967e+00,3.345648646e-01,3.000000000e+00,0.000000000e+00,3.000000000e+00,3.000000000e+00,1.000000000e+00,1.000000000e+01,1.000000000e+00,1.000000000e+00,-5.601611137e+00,-2.040719271e+00,-3.470723033e-01,-5.599243641e+00,1.000000000e+00,4.342942646e-07,4.777884856e-02
72,1,1,1.167630672e+00,5.502775311e-01,-8.196178675e-01,1.632751703e+00,5.188083649e-01,-3.149492025e+00,-2.999453545e+00,-2.660579681e+00,-2.512114763e+00,-2.043377399e+00,-2.537322760e+00,-3.764923573e+00,2.099764347e+00,8.000000000e+00,7.000000000e+00,9.000000000e+00,0.000000000e+00,1.757124543e+00,2.922075748e+00,6.785091758e-01,1.000000000e+00,-1.369888067e+00,-2.739501476e+00,1.252751708e+00,2.921976089e+00,-1.809753776e+00,-1.987209320e+00,2.138047457e+00,2.099764347e+00,0.000000000e+00,0.000000000e+00,0.000000000e+00,0.000000000e+00,-1.000000000e+00,-1.000000000e+00,-1.000000000e+00,0.000000000e+00,-9.999956489e-01,4.342942646e-07,1.000000000e+00,-6.989678144e-01,0.000000000e+00,7.551164031e-01,9.478068352e-01
72,2,0,7.602966428e-01,5.366024971e-01,-1.250024199e+00,1.180953503e+00,2.267111093e-01,-3.239016294e+00,-3.183020592e+00,-2.545952082e+00,-2.572649002e+00,-2.322319508e+00,-2.546604633e+00,-3.462203264e+00,1.103917599e+00,4.000000000e+00,7.000000000e+00,7.000000000e+00,0.000000000e+00,3.687634468e-01,2.506793499e+00,3.358555436e-01,1.000000000e+00,-1.786607742e+00,-3.571473360e+00,-2.929615416e-02,2.506791592e+00,-3.138113022e+00,-2.010284185e+00,2.786315203e+00,1.103917599e+00,1.000000000e+00,1.000000000e+00,0.000000000e+00,2.000000000e+00,-4.000000000e+00,8.000000000e+00,1.000000000e+00,1.000000000e+00,-4.237151146e+00,-2.086769581e+00,-5.932338834e-01,-4.233670712e+00,1.000000000e+00,3.042160273e-01,9.576820135e-01
72,3,1,1.226742148e+00,5.054289699e-01,-6.112928987e-01,7.286615968e-01,-3.127303123e-01,-3.029538155e+00,-1.568871140e+00,-2.388592243e+00,-1.012637258e+00,-1.667364955e+00,-2.343338490e+00,-3.748873711e+00,2.344885349e+00,8.000000000e+00,6.000000000e+00,8.000000000e+00,0.000000000e+00,1.737878919e+00,2.536310673e+00,-1.744278669e-01,1.000000000e+00,-1.116717815e+00,-2.233341455e+00,-2.028320879e-01,2.536309958e+00,-1.720880508e+00,-1.838006735e+00,2.084392309e+00,2.344885349e+00,4.000000000e+00,4.000000000e+00,0.000000000e+00,2.000000000e+00,-5.000000000e+00,7.000000000e+00,3.000000000e+00,1.000000000e+00,-4.635204315e+00,-1.372869730e+00,-4.747017026e-01,-4.617942810e+00,1.000000000e+00,2.072692066e-01,9.732964039e-01
72,4,0,1.007154346e+00,4.817375541e-01,-1.003726602e+00,6.445516944e-01,-4.693905115e-01,-3.021314383e+00,-2.906685829e+00,-2.489261627e+00,-2.369157791e+00,-1.963938832e+00,-2.492320538e+00,-3.545659304e+00,1.879945040e+00,7.000000000e+00,7.000000000e+00,9.000000000e+00,0.000000000e+00,5.925242901e-01,2.260240793e+00,-3.096900880e-01,1.000000000e+00,-1.485455155e+00,-2.970363855e+00,-2.379443407e+00,2.260240793e+00,-5.162344456e+00,-2.010840893e+00,5.021372318e+00,1.879945040e+00,1.000000000e+00,1.000000000e+00,0.000000000e+00,1.000000000e+00,5.000000000e+00,1.000000000e+00,1.000000000e+00,1.000000000e+00,-4.319281578e+00,-3.572967052e+00,-4.171982288e+00,-4.319168568e+00,1.000000000e+00,1.062119842e+00,9.808456898e-01
72,5,0,8.587517738e-01,4.807468057e-01,-1.185761571e+00,5.646654367e-01,-5.492765307e-01,-3.092788458e+00,-3.013795137e+00,-2.521088600e+00,-2.454637051e+00,-2.143167496e+00,-2.524870396e+00,-3.470047712e+00,-1.516488194e+00,6.000000000e+00,7.000000000e+00,9.000000000e+00,0.000000000e+00,1.423406601e+00,2.854931116e+00,-3.895761669e-01,1.000000000e+00,-1.666494608e+00,-3.331845522e+00,-2.064787745e-01,2.854930878e+00,-3.141385078e+00,-2.044471979e+00,3.372744560e+00,1.516488194e+00,1.000000000e+00,1.000000000e+00,0.000000000e+00,1.000000000e+00,-5.000000000e+00,3.000000000e+00,1.000000000e+00,1.000000000e+00,-5.921385288e+00,-2.695944786e+00,-2.057491541e+00,-5.921240807e+00,1.000000000e+00,1.063909531e+00,9.811035395e-01
72,6,0,1.112522840e+00,4.147248566e-01,-9.009044766e-01,8.815749884e-01,-1.598170996e-01,-2.991550922e+00,-2.813148499e+00,-2.466446400e+00,-2.290029764e+00,-1.768749952e+00,-2.427946568e+00,-3.687654257e+00,-2.289677382e+00,7.000000000e+00,7.000000000e+00,8.000000000e+00,0.000000000e+00,1.268839836e+00,2.403196573e+00,-2.151457779e-02,1.000000000e+00,-1.315623641e+00,-2.630986929e+00,-2.107718438e-01,2.403195381e+00,-2.915254354e+00,-2.013386011e+00,3.135169268e+00,2.289677382e+00,4.000000000e+00,4.000000000e+00,0.000000000e+00,1.000000000e+00,-5.000000000e+00,2.100000000e+01,1.000000000e+00,1.000000000e+00,-4.294799805e+00,-1.480002403e+00,-2.995174229e-01,-4.280926704e+00,2.000000000e+00,-2.397150517e+00,9.918614626e-01
72,7,0,6.828353405e-01,3.986407816e-01,-1.358097315e+00,9.835366607e-01,2.929447405e-02,-3.134573221e+00,-3.039571285e+00,-2.491401196e+00,-2.441539288e+00,-2.207271338e+00,-2.439186335e+00,-3.418220997e+00,1.271895289e+00,4.000000000e+00,7.000000000e+00,7.000000000e+00,0.000000000e+00,-2.146865129e+00,1.133880734e+00,1.384388804e-01,1.000000000e+00,-1.756722927e+00,-3.511804819e+00,-1.248120308e+00,1.133876920e+00,-4.083137035e+00,-2.040894747e+00,2.614202261e+00,1.271895289e+00,1.000000000e+00,1.000000000e+00,0.000000000e+00,2.000000000e+00,-4.000000000e+00,8.000000000e+00,1.000000000e+00,1.000000000e+00,-5.832310677e+00,-2.791699648e+00,-2.071791649e+00,-5.832086086e+00,1.000000000e+00,4.342942646e-07,9.932532907e-01
72,8,0,5.397790670e-01,3.379512429e-01,-1.473312497e+00,9.277953506e-01,-2.644675225e-02,-3.096927881e+00,-3.057261467e+00,-2.492198229e+00,-2.525595665e+00,-2.290420532e+00,-2.350606441e+00,-3.298434496e+00,-1.040195465e+00,4.000000000e+00,7.000000000e+00,7.000000000e+00,0.000000000e+00,-2.793694139e-01,2.150820494e+00,8.269761503e-02,1.000000000e+00,-1.811248183e+00,-3.620385408e+00,-6.936032176e-01,2.150820017e+00,-3.555733442e+00,-2.013059616e+00,3.078942537e+00,1.040195465e+00,1.000000000e+00,1.000000000e+00,0.000000000e+00,2.000000000e+00,4.000000000e+00,5.000000000e+00,1.000000000e+00,1.000000000e+00,-5.843582153e+00,-2.007027388e+00,-4.000931382e-01,-5.842291832e+00,1.000000000e+00,1.072460771e+00,9.964775443e-01
72,9,0,8.798670173e-01,3.040523827e-01,-1.065320730e+00,5.230894685e-01,-5.183019638e-01,-2.895090103e+00,-2.749828815e+00,-2.428439617e+00,-2.291361094e+00,-1.852710366e+00,-2.248988867e+00,-3.469962597e+00,2.000891924e+00,7.000000000e+00,6.000000000e+00,8.000000000e+00,0.000000000e+00,-1.380902231e-01,1.783706427e+00,-3.799996078e-01,1.000000000e+00,-1.369367838e+00,-2.738339186e+00,-3.428275287e-01,1.783694267e+00,-2.937950134e+00,-1.945154667e+00,2.565040350e+00,2.000891924e+00,3.000000000e+00,3.000000000e+00,0.000000000e+00,1.000000000e+00,5.000000000e+00,4.000000000e+00,2.000000000e+00,1.000000000e+00,-5.059660912e+00,-1.418998122e+00,-6.551729143e-02,-5.045252323e+00,1.000000000e+00,1.072911263e+00,9.974575639e-01
72,10,0,8.068820834e-01,2.372255027e-01,-1.135023355e+00,4.132313728e-01,-6.281597018e-01,-2.867390871e+00,-2.688212872e+00,-2.314501524e+00,-2.180377960e+00,-1.744910121e+00,-2.178865433e+00,-3.436180353e+00,1.986176372e+00,7.000000000e+00,6.000000000e+00,8.000000000e+00,0.000000000e+00,-1.620661139e+00,9.348198175e-01,-4.898574650e-01,1.000000000e+00,-1.372244239e+00,-2.744062424e+00,-5.260425210e-01,9.345596433e-01,-2.943331480e+00,-1.941873312e+00,1.895891905e+00,1.986176372e+00,0.000000000e+00,0.000000000e+00,0.000000000e+00,0.000000000e+00,-1.000000000e+00,-1.000000000e+00,-1.000000000e+00,0.000000000e+00,-9.999956489e-01,4.342942646e-07,1.000000000e+00,-6.989678144e-01,0.000000000e+00,4.342942646e-07,9.985670447e-01
72,11,0,9.708120227e-01,2.307491153e-01,-9.561119676e-01,8.216903210e-01,-2.922522724e-01,-2.833987474e+00,-2.594779015e+00,-2.319819212e+00,-2.151456594e+00,-1.579830170e+00,-2.157508135e+00,-3.572720289e+00,-2.388824940e+00,9.000000000e+00,7.000000000e+00,9.000000000e+00,0.000000000e+00,-7.733554840e-01,1.195337296e+00,-1.325516999e-01,1.000000000e+00,-1.186858177e+00,-2.373520374e+00,2.102751881e-01,1.192998648e+00,-2.171927691e+00,-1.926891208e+00,1.554357290e+00,2.388824940e+00,0.000000000e+00,0.000000000e+00,0.000000000e+00,0.000000000e+00,-1.000000000e+00,-1.000000000e+00,-1.000000000e+00,0.000000000e+00,-9.999956489e-01,4.342942646e-07,1.000000000e+00,-6.989678144e-01,0.000000000e+00,4.342942646e-07,9.986383319e-01
73,0,1,9.809913635e-01,7.343172431e-01,-1.031636238e+00,5.858223513e-02,-8.956572413e-01,-3.361685038e+00,-3.224419594e+00,-2.656959057e+00,-2.616889477e+00,-2.410370350e+00,-2.746612549e+00,-3.607595921e+00,-1.168992162e+00,3.000000000e+00,6.000000000e+00,7.000000000e+00,0.000000000e+00,4.213630408e-02,2.431833744e+00,-7.865135074e-01,1.000000000e+00,-1.765932679e+00,-3.530346394e+00,1.095745921e+00,2.431371212e+00,-2.255562544e+00,-2.012587547e+00,1.542198420e+00,1.168992162e+00,3.000000000e+00,2.000000000e+00,1.000000000e+00,3.000000000e+00,-2.000000000e+00,5.000000000e+00,1.000000000e+00,1.000000000e+00,-5.391858578e+00,-2.603857517e+00,-1.673963428e+00,-5.391045094e+00,1.000000000e+00,4.342942646e-07,2.998660803e-01
73,1,1,6.582880020e-01,6.471710801e-01,-1.247785211e+00,8.706520200e-01,-8.359001577e-02,-3.209619284e+00,-3.241560698e+00,-2.329931259e+00,-2.583666086e+00,-2.318816662e+00,-2.553071022e+00,-3.220718145e+00,-2.272306383e-01,4.000000000e+00,7.000000000e+00,7.000000000e+00,0.000000000e+00,-1.229867786e-01,2.258373260e+00,2.555432357e-02,1.000000000e+00,-1.894929647e+00,-3.787233353e+00,1.156540871e+00,2.257010221e+00,-2.074411392e+00,-1.906045675e+00,1.365383387e+00,2.272306383e-01,3.000000000e+00,0.000000000e+00,3.000000000e+00,3.000000000e+00,0.000000000e+00,6.000000000e+00,1.000000000e+00,1.000000000e+00,-4.494444847e+00,-2.144557476e+00,-5.055107474e-01,-4.491439819e+00,2.000000000e+00,4.342942646e-07,7.547917962e-01
73,2,1,1.134652138e+00,4.893509448e-01,-8.689372540e-01,1.141697407e+00,2.775428630e-02,-3.087454319e+00,-2.938220263e+00,-2.613944292e+00,-2.461498022e+00,-1.968781471e+00,-2.492736816e+00,-3.730943203e+00,2.165951252e+00,8.000000000e+00,7.000000000e+00,9.000000000e+00,0.000000000e+00,6.304304004e-01,2.284038305e+00,1.874550283e-01,1.000000000e+00,-1.358281374e+00,-2.716284990e+00,-3.073889017e-01,2.284036875e+00,-3.257577658e+00,-2.003548861e+00,3.083973646e+00,2.165951252e+00,3.000000000e+00,3.000000000e+00,0.000000000e+00,3.000000000e+00,5.000000000e+00,9.000000000e+00,3.000000000e+00,1.000000000e+00,-5.674581528e+00,-1.404639244e+00,-1.262719184e-01,-5.665654182e+00,1.000000000e+00,4.342942646e-07,9.787234068e-01
74,0,1,1.333832979e+00,7.580893636e-01,-5.301162004e-01,4.167570472e-01,-5.374841690e-01,-3.305273533e+00,-3.073660135e+00,-2.737321854e+00,-2.500070810e+00,-2.161752701e+00,-2.621839285e+00,-3.878598928e+00,-2.000721931e+00,6.000000000e+00,6.000000000e+00,7.000000000e+00,0.000000000e+00,7.304350138e-01,2.527033806e+00,-4.283400178e-01,1.000000000e+00,-1.288198471e+00,-2.576231480e+00,-1.636449993e-01,2.527032852e+00,-3.420797348e+00,-1.863918781e+00,3.028871059e+00,2.000721931e+00,3.000000000e+00,3.000000000e+00,0.000000000e+00,1.000000000e+00,-5.000000000e+00,9.000000000e+00,2.000000000e+00,1.000000000e+00,-5.311134815e+00,-2.045031071e+00,-1.505865693e+00,-5.308032513e+00,1.000000000e+00,4.342942646e-07,1.887313277e-01
74,1,0,1.226291537e+00,6.077595949e-01,-7.362200618e-01,9.804985523e-01,-1.334442645e-01,-3.199639559e+00,-3.020102262e+00,-2.696764708e+00,-2.511982679e+00,-2.078397036e+00,-2.570072174e+00,-3.816007614e+00,-2.102560759e+00,8.000000000e+00,7.000000000e+00,9.000000000e+00,0.000000000e+00,1.137159467e+00,2.647029161e+00,2.625637874e-02,1.000000000e+00,-1.343972445e+00,-2.687712669e+00,-9.534720331e-02,2.647028446e+00,-3.214518785e+00,-1.962474227e+00,3.175875425e+00,2.102560759e+00,1.000000000e+00,1.000000000e+00,0.000000000e+00,2.000000000e+00,5.000000000e+00,1.000000000e+00,3.000000000e+00,1.000000000e+00,-5.246914864e+00,-2.000250816e+00,-1.303892374e+00,-5.243356228e+00,1.000000000e+00,4.342942646e-07,8.692472577e-01
74,2,1,1.073297024e+00,3.890156746e-01,-9.369900227e-01,1.640287519e+00,5.263442397e-01,-2.963735342e+00,-2.819214582e+00,-2.510448694e+00,-2.363578320e+00,-1.826278806e+00,-2.399087429e+00,-3.646487713e+00,-2.257887602e+00,8.000000000e+00,7.000000000e+00,9.000000000e+00,0.000000000e+00,7.308726311e-01,2.191751719e+00,6.860450506e-01,1.000000000e+00,-1.326000214e+00,-2.651713848e+00,-2.853909507e-02,2.191743851e+00,-2.780971289e+00,-2.010246515e+00,2.757546663e+00,2.257887602e+00,0.000000000e+00,0.000000000e+00,0.000000000e+00,0.000000000e+00,-1.000000000e+00,-1.000000000e+00,-1.000000000e+00,0.000000000e+00,-9.999956489e-01,4.342942646e-07,1.000000000e+00,-6.989678144e-01,1.000000000e+00,1.102835298e+00,9.939504862e-01
74,3,0,6.314732432e-01,3.843261003e-01,-1.316218019e+00,7.398788929e-01,-1.052186787e-01,-3.119874954e+00,-3.077200174e+00,-2.533222675e+00,-2.569355726e+00,-2.286139965e+00,-2.331719637e+00,-3.366583347e+00,1.170313597e+00,4.000000000e+00,6.000000000e+00,6.000000000e+00,0.000000000e+00,1.650842547e+00,3.111645460e+00,-3.827196360e-02,1.000000000e+00,-1.700531006e+00,-3.399800777e+00,2.985495329e-01,3.111644983e+00,-2.655097246e+00,-1.947661757e+00,3.096307755e+00,1.170313597e+00,1.000000000e+00,1.000000000e+00,0.000000000e+00,2.000000000e+00,-3.000000000e+00,2.000000000e+01,1.000000000e+00,1.000000000e+00,-4.847738743e+00,-1.695791364e+00,-7.844290696e-03,-4.839680672e+00,1.000000000e+00,2.506052554e-01,9.942586422e-01
74,4,0,1.121518612e+00,3.787803948e-01,-7.279284596e-01,6.610794663e-01,-3.803122938e-01,-2.950648069e+00,-1.589068055e+00,-2.307469606e+00,-1.007008791e+00,-1.564803481e+00,-2.228113174e+00,-3.691633701e+00,2.395088673e+00,8.000000000e+00,6.000000000e+00,8.000000000e+00,0.000000000e+00,1.444319367e+00,2.286978960e+00,-2.420099080e-01,1.000000000e+00,-1.106705427e+00,-2.213308096e+00,-1.447193265e+00,2.286978960e+00,-2.832703114e+00,-1.849418640e+00,3.176254511e+00,2.395088673e+00,1.000000000e+00,1.000000000e+00,0.000000000e+00,1.000000000e+00,5.000000000e+00,1.300000000e+01,1.000000000e+00,1.000000000e+00,-5.405500889e+00,-1.507978559e+00,-7.751666903e-01,-5.395562172e+00,1.000000000e+00,-3.537904620e-01,9.945992231e-01
74,5,0,9.989237189e-01,3.712581098e-01,-9.156194925e-01,1.058421612e+00,1.041793674e-01,-2.978791952e+00,-1.702244520e+00,-2.138046265e+00,-8.998708725e-01,-1.510426164e+00,-2.285636425e+00,-3.605118275e+00,-2.124215364e+00,6.000000000e+00,5.000000000e+00,7.000000000e+00,0.000000000e+00,2.489034384e-01,1.631336212e+00,2.133237720e-01,1.000000000e+00,-1.286872625e+00,-2.573514700e+00,1.430869401e-01,1.631106853e+00,-1.128039837e+00,-1.914511085e+00,8.774519563e-01,2.124215364e+00,1.000000000e+00,1.000000000e+00,0.000000000e+00,1.000000000e+00,-5.000000000e+00,1.100000000e+01,1.000000000e+00,1.000000000e+00,-4.303009510e+00,-8.542018533e-01,7.516241074e-01,-4.247218132e+00,1.000000000e+00,8.170077205e-01,9.950230122e-01
74,6,0,1.037476182e+00,3.069106042e-01,-9.784706831e-01,9.111202359e-01,-2.028224617e-01,-2.882714510e+00,-2.727881193e+00,-2.431868553e+00,-2.290699244e+00,-1.701398373e+00,-2.322636366e+00,-3.611831188e+00,2.366576672e+00,8.000000000e+00,7.000000000e+00,9.000000000e+00,0.000000000e+00,1.371905565e+00,2.387381554e+00,-4.312183708e-02,1.000000000e+00,-1.285376906e+00,-2.570475101e+00,1.980776638e-01,2.387372494e+00,-2.399507999e+00,-2.015906096e+00,2.778604984e+00,2.366576672e+00,1.000000000e+00,1.000000000e+00,0.000000000e+00,2.000000000e+00,-5.000000000e+00,3.000000000e+00,3.000000000e+00,1.000000000e+00,-4.182232857e+00,-1.767386317e+00,-9.490821362e-01,-4.174986839e+00,1.000000000e+00,9.566338062e-01,9.973891377e-01
74,7,0,1.013648748e+00,3.063451350e-01,-8.602052331e-01,8.922560811e-01,-1.491360515e-01,-2.913588047e+00,-1.599731326e+00,-2.267038107e+00,-1.013023973e+00,-1.559798717e+00,-2.180069685e+00,-3.619435787e+00,-2.312008858e+00,8.000000000e+00,6.000000000e+00,8.000000000e+00,0.000000000e+00,1.656505942e+00,2.388066769e+00,-1.083350461e-02,1.000000000e+00,-1.166546941e+00,-2.332946301e+00,-9.217111468e-01,2.388066769e+00,-2.241012573e+00,-1.873824596e+00,2.762958050e+00,2.312008858e+00,1.000000000e+00,1.000000000e+00,0.000000000e+00,1.000000000e+00,-5.000000000e+00,2.700000000e+01,1.000000000e+00,1.000000000e+00,-3.758955002e+00,-1.128091812e+00,1.441179067e-01,-3.727938890e+00,1.000000000e+00,8.202337027e-01,9.974028468e-01
75,0,0,4.062048495e-01,4.001677036e-01,-1.506768942e+00,1.347917318e+00,3.065247536e-01,-3.108472109e+00,-3.231264830e+00,-2.450906038e+00,-2.700828314e+00,-2.444870472e+00,-2.313042164e+00,-3.114501476e+00,-1.671265215e-01,4.000000000e+00,7.000000000e+00,8.000000000e+00,0.000000000e+00,1.468011737e+00,3.178997278e+00,4.448274076e-01,1.000000000e+00,-1.906915188e+00,-3.811057329e+00,-5.001999140e-01,3.178997278e+00,-3.599684000e+00,-1.912951946e+00,3.934563875e+00,1.671265215e-01,1.000000000e+00,0.000000000e+00,1.000000000e+00,3.000000000e+00,-1.000000000e+00,0.000000000e+00,2.000000000e+00,1.000000000e+00,-4.994707108e+00,-2.288765669e+00,-7.682519555e-01,-4.992699146e+00,1.000000000e+00,4.342942646e-07,9.931340218e-01
75,1,0,4.304045737e-01,3.545116782e-01,-1.518363118e+00,5.870103836e-01,-3.672312498e-01,-3.129218817e+00,-3.113344431e+00,-2.480585814e+00,-2.575313091e+00,-2.404713869e+00,-2.303009987e+00,-3.205000162e+00,-6.085444093e-01,4.000000000e+00,7.000000000e+00,7.000000000e+00,0.000000000e+00,7.434977293e-01,2.776572943e+00,-2.580870092e-01,1.000000000e+00,-1.872856379e+00,-3.743170977e+00,-5.131281018e-01,2.776572943e+00,-3.441914558e+00,-1.948743343e+00,3.459822655e+00,6.085444093e-01,1.000000000e+00,0.000000000e+00,1.000000000e+00,3.000000000e+00,-1.000000000e+00,1.100000000e+01,1.000000000e+00,1.000000000e+00,-5.575622559e+00,-2.269376993e+00,-7.977929711e-01,-5.574168682e+00,1.000000000e+00,4.342942646e-07,9.958305955e-01
76,0,1,1.112228632e+00,7.722330689e-01,-9.390011430e-01,8.542199135e-01,-1.000221372e-01,-3.341702700e+00,-3.283783436e+00,-2.670385599e+00,-2.682797909e+00,-2.330500364e+00,-2.823083639e+00,-3.680566788e+00,-1.419138193e+00,3.000000000e+00,6.000000000e+00,7.000000000e+00,0.000000000e+00,-1.230350137e+00,1.716350794e+00,9.122187272e-03,1.000000000e+00,-1.711215615e+00,-3.421235085e+00,5.809285045e-01,1.715183735e+00,-2.873986959e+00,-2.051184893e+00,1.486614585e+00,1.419138193e+00,4.000000000e+00,4.000000000e+00,0.000000000e+00,3.000000000e+00,-4.000000000e+00,3.000000000e+00,1.000000000e+00,1.000000000e+00,-4.843665123e+00,-1.891360283e+00,-3.713940680e-01,-4.838508129e+00,1.000000000e+00,4.342942646e-07,1.373375505e-01
76,1,1,8.017205000e-01,5.026612282e-01,-1.249727726e+00,2.301364690e-01,-7.241040468e-01,-3.200476646e+00,-3.121645451e+00,-2.596880913e+00,-2.566734552e+00,-2.297907114e+00,-2.553755999e+00,-3.498853683e+00,-1.311714411e+00,4.000000000e+00,7.000000000e+00,7.000000000e+00,0.000000000e+00,-1.302500010e+00,1.648081183e+00,-6.149600744e-01,1.000000000e+00,-1.752371907e+00,-3.503201723e+00,6.172764897e-01,1.646188736e+00,-2.452156544e+00,-2.051407099e+00,1.297775149e+00,1.311714411e+00,4.000000000e+00,4.000000000e+00,0.000000000e+00,3.000000000e+00,-4.000000000e+00,1.000000000e+00,1.000000000e+00,1.000000000e+00,-5.203968048e+00,-1.939017773e+00,-3.632647097e-01,-5.199790478e+00,1.000000000e+00,4.342942646e-07,9.743335843e-01
76,2,0,9.533536434e-01,3.625861406e-01,-1.003849387e+00,5.986733437e-01,-4.427182674e-01,-3.050493002e+00,-2.840485096e+00,-2.494259119e+00,-2.326317787e+00,-1.903592110e+00,-2.319616079e+00,-3.639849424e+00,-2.036559105e+00,7.000000000e+00,7.000000000e+00,8.000000000e+00,0.000000000e+00,1.272215128e+00,2.539734602e+00,-3.044158816e-01,1.000000000e+00,-1.366429806e+00,-2.732558250e+00,-7.518240213e-01,2.539734602e+00,-3.439625502e+00,-1.957168221e+00,3.713824034e+00,2.036559105e+00,2.000000000e+00,2.000000000e+00,0.000000000e+00,2.000000000e+00,5.000000000e+00,2.600000000e+01,4.000000000e+00,1.000000000e+00,-4.191756248e+00,-1.047876716e+00,7.186146379e-01,-4.155060291e+00,1.000000000e+00,4.342942646e-07,9.954628348e-01
77,0,0,1.148149490e+00,4.595349133e-01,-8.489766121e-01,9.399089217e-01,-1.740338504e-01,-3.043708086e+00,-2.878396988e+00,-2.586603642e+00,-2.404664993e+00,-1.898122191e+00,-2.456469536e+00,-3.730462074e+00,2.268083811e+00,8.000000000e+00,7.000000000e+00,9.000000000e+00,0.000000000e+00,-2.590789199e-01,1.768768311e+00,-1.433317363e-02,1.000000000e+00,-1.308505654e+00,-2.616778851e+00,2.130192071e-01,1.768600345e+00,-2.651096582e+00,-1.997086167e+00,2.062132835e+00,2.268083811e+00,1.000000000e+00,1.000000000e+00,0.000000000e+00,1.000000000e+00,5.000000000e+00,4.000000000e+00,1.000000000e+00,1.000000000e+00,-5.625120163e+00,-1.613742232e+00,-6.313738823e-01,-5.619052410e+00,1.000000000e+00,2.641252577e-01,9.857705832e-01
77,1,1,9.096201658e-01,4.576607645e-01,-1.062844872e+00,4.783304781e-02,-9.935557842e-01,-3.092628956e+00,-2.964420319e+00,-2.520277262e+00,-2.411550045e+00,-2.068411112e+00,-2.429877758e+00,-3.543605089e+00,1.701062441e+00,6.000000000e+00,6.000000000e+00,8.000000000e+00,0.000000000e+00,1.431028008e+00,2.783975840e+00,-8.552542329e-01,1.000000000e+00,-1.520496130e+00,-3.040408134e+00,-2.163349837e-01,2.783975601e+00,-3.085129738e+00,-1.972429395e+00,3.343327284e+00,1.701062441e+00,4.000000000e+00,4.000000000e+00,0.000000000e+00,3.000000000e+00,5.000000000e+00,1.100000000e+01,4.000000000e+00,1.000000000e+00,-5.387125492e+00,-2.059601784e+00,-1.085815430e+00,-5.384272099e+00,1.000000000e+00,2.331444025e-01,9.861143827e-01
77,2,1,9.328436852e-01,4.338897765e-01,-1.116309524e+00,7.901055813e-01,-2.512863874e-01,-3.000505686e+00,-2.941994905e+00,-2.289204121e+00,-2.368512154e+00,-1.790307641e+00,-2.482671499e+00,-3.498523712e+00,-1.815907359e+00,5.000000000e+00,6.000000000e+00,8.000000000e+00,0.000000000e+00,9.375454187e-01,2.259179354e+00,-1.129839122e-01,1.000000000e+00,-1.550189495e+00,-3.099618196e+00,5.355663300e-01,2.259101868e+00,-2.266856670e+00,-2.049110413e+00,2.301784992e+00,1.815907359e+00,4.000000000e+00,4.000000000e+00,0.000000000e+00,1.000000000e+00,-5.000000000e+00,1.400000000e+01,1.000000000e+00,1.000000000e+00,-5.304467678e+00,-1.978307366e+00,-8.653668761e-01,-5.300837994e+00,1.000000000e+00,1.250204802e+00,9.897330403e-01
77,3,0,1.141878724e+00,4.042465687e-01,-7.107428312e-01,5.173616409e-01,-5.240297914e-01,-2.951798677e+00,-2.614712000e+00,-2.263938189e+00,-2.015992165e+00,-1.526371241e+00,-2.256747246e+00,-3.687698603e+00,2.383131981e+00,8.000000000e+00,6.000000000e+00,8.000000000e+00,0.000000000e+00,1.478046298e+00,2.265410662e+00,-3.857274652e-01,1.000000000e+00,-1.114985824e+00,-2.229864836e+00,-2.702306807e-01,2.265408754e+00,-2.690302134e+00,-1.852592707e+00,3.025207758e+00,2.383131981e+00,1.000000000e+00,1.000000000e+00,0.000000000e+00,2.000000000e+00,-5.000000000e+00,3.200000000e+01,3.000000000e+00,1.000000000e+00,-4.825831890e+00,-1.173855424e+00,-5.749472603e-02,-4.799493313e+00,1.000000000e+00,2.304334193e-01,9.928029180e-01
78,0,0,7.336558104e-01,4.984175861e-01,-1.250430346e+00,5.946563482e-01,-4.467352927e-01,-3.183279037e+00,-3.128807545e+00,-2.562023878e+00,-2.570029736e+00,-2.326851845e+00,-2.482185841e+00,-3.418041468e+00,1.136828423e+00,4.000000000e+00,7.000000000e+00,8.000000000e+00,0.000000000e+00,1.461729169e+00,3.057808638e+00,-3.084329069e-01,1.000000000e+00,-1.748831034e+00,-3.496153831e+00,-2.970626354e-01,3.057808638e+00,-3.364665270e+00,-1.984051943e+00,3.597799301e+00,1.136828423e+00,1.000000000e+00,0.000000000e+00,1.000000000e+00,3.000000000e+00,2.000000000e+00,1.000000000e+00,1.000000000e+00,1.000000000e+00,-5.556355953e+00,-1.938452959e+00,-3.692040741e-01,-5.553165436e+00,1.000000000e+00,4.342942646e-07,9.758363962e-01
78,1,0,1.110942125e+00,4.686308205e-01,-8.553094268e-01,1.048153758e+00,-6.578911841e-02,-3.091780901e+00,-2.876835823e+00,-2.553442717e+00,-2.340080500e+00,-1.911251307e+00,-2.434707403e+00,-3.732278109e+00,-2.158882141e+00,8.000000000e+00,7.000000000e+00,9.000000000e+00,0.000000000e+00,5.650663972e-01,2.193825722e+00,9.391153604e-02,1.000000000e+00,-1.323934078e+00,-2.647633791e+00,-5.874548107e-02,2.193819046e+00,-2.867232084e+00,-1.966214657e+00,2.681344748e+00,2.158882141e+00,3.000000000e+00,3.000000000e+00,0.000000000e+00,3.000000000e+00,-5.000000000e+00,4.000000000e+00,4.000000000e+00,1.000000000e+00,-5.030031204e+00,-1.337086320e+00,-6.538092345e-02,-5.012545109e+00,1.000000000e+00,9.698081017e-01,9.839546680e-01
78,2,0,1.017240763e+00,3.945274353e-01,-9.576100707e-01,3.367012739e-01,-7.772396803e-01,-2.970810413e+00,-2.840489626e+00,-2.323309898e+00,-2.319883585e+00,-1.700665832e+00,-2.369162083e+00,-3.592228413e+00,-2.112477779e+00,8.000000000e+00,7.000000000e+00,9.000000000e+00,0.000000000e+00,6.082805395e-01,2.004828215e+00,-6.175396442e-01,1.000000000e+00,-1.352131605e+00,-2.703944445e+00,-1.009892225e+00,2.004827976e+00,-3.722101927e+00,-1.974813938e+00,3.633083820e+00,2.112477779e+00,1.000000000e+00,1.000000000e+00,0.000000000e+00,2.000000000e+00,5.000000000e+00,2.000000000e+01,3.000000000e+00,1.000000000e+00,-4.565227985e+00,-1.359617591e+00,2.382961288e-02,-4.547325134e+00,1.000000000e+00,1.343178153e+00,9.935623407e-01
78,3,0,9.300006628e-01,3.799513578e-01,-1.031139851e+00,7.584734559e-01,-1.957684904e-01,-2.979990244e+00,-2.825898170e+00,-2.415057898e+00,-2.289768219e+00,-1.865089417e+00,-2.340855837e+00,-3.528983831e+00,1.939210296e+00,6.000000000e+00,6.000000000e+00,7.000000000e+00,0.000000000e+00,-3.251505196e-01,1.702552557e+00,-8.662416041e-02,1.000000000e+00,-1.411084533e+00,-2.821758032e+00,-5.111089349e-01,1.702544451e+00,-3.180256128e+00,-1.961105466e+00,2.638111591e+00,1.939210296e+00,1.000000000e+00,1.000000000e+00,0.000000000e+00,2.000000000e+00,-5.000000000e+00,7.000000000e+00,4.000000000e+00,1.000000000e+00,-4.462384701e+00,-1.193980455e+00,4.916422665e-01,-4.436211109e+00,2.000000000e+00,-7.407324910e-01,9.945293069e-01
78,4,0,5.834629536e-01,3.325740099e-01,-1.433830976e+00,1.012013197e+00,5.777102709e-02,-3.081128597e+00,-3.029859304e+00,-2.505418062e+00,-2.511880875e+00,-2.254590034e+00,-2.349434137e+00,-3.331608534e+00,1.180744052e+00,4.000000000e+00,6.000000000e+00,7.000000000e+00,0.000000000e+00,2.752801180e-01,2.392309904e+00,1.669154167e-01,1.000000000e+00,-1.766391039e+00,-3.531007290e+00,-5.727955699e-02,2.392307043e+00,-2.901529551e+00,-2.017260313e+00,2.706779957e+00,1.180744052e+00,1.000000000e+00,0.000000000e+00,1.000000000e+00,3.000000000e+00,2.000000000e+00,1.000000000e+00,1.000000000e+00,1.000000000e+00,-4.575389862e+00,-1.917896271e+00,-3.134604394e-01,-4.570370197e+00,1.000000000e+00,9.000576138e-01,9.966607094e-01
78,5,0,1.013122201e+00,2.943846583e-01,-8.627772331e-01,4.776721597e-01,-5.637190938e-01,-2.908744812e+00,-1.602824092e+00,-2.270982504e+00,-1.026661754e+00,-1.552310348e+00,-2.170157433e+00,-3.625995159e+00,2.338844538e+00,8.000000000e+00,6.000000000e+00,8.000000000e+00,0.000000000e+00,1.648948789e+00,2.376799345e+00,-4.254168272e-01,1.000000000e+00,-1.157158613e+00,-2.314174652e+00,-7.923402786e-01,2.376799107e+00,-2.113337517e+00,-1.875869989e+00,2.643454075e+00,2.338844538e+00,1.000000000e+00,1.000000000e+00,0.000000000e+00,1.000000000e+00,5.000000000e+00,1.400000000e+01,1.000000000e+00,1.000000000e+00,-4.477138519e+00,-1.135983109e+00,1.083007902e-01,-4.447380543e+00,2.000000000e+00,8.989453316e-01,9.976727366e-01
79,0,1,6.891605258e-01,6.855102777e-01,-1.103818536e+00,5.889682174e-01,-1.100013852e-01,-3.176813602e+00,-3.297683001e+00,-2.334222317e+00,-2.684174061e+00,-2.330572844e+00,-2.478357792e+00,-3.180458307e+00,1.298353672e-01,3.000000000e+00,5.000000000e+00,5.000000000e+00,0.000000000e+00,1.013378978e+00,2.837357521e+00,-1.100013852e-01,1.000000000e+00,-1.789307356e+00,-3.577019215e+00,3.869104385e-01,2.837354660e+00,-2.982566833e+00,-1.792957425e+00,2.804076672e+00,1.298353672e-01,4.000000000e+00,0.000000000e+00,4.000000000e+00,3.000000000e+00,0.000000000e+00,9.000000000e+00,1.000000000e+00,1.000000000e+00,-5.111993790e+00,-1.858885050e+00,-1.511014700e-01,-5.106792927e+00,1.000000000e+00,4.342942646e-07,5.757061243e-01
79,1,1,7.652752995e-01,6.572744250e-01,-1.194602847e+00,6.771516204e-01,-2.770901620e-01,-3.321764469e+00,-3.275335550e+00,-2.583612680e+00,-2.673125029e+00,-2.475648403e+00,-2.616881847e+00,-3.429508209e+00,-7.348000407e-01,4.000000000e+00,7.000000000e+00,7.000000000e+00,0.000000000e+00,8.656229377e-01,2.908591032e+00,-1.679458618e-01,1.000000000e+00,-1.851852894e+00,-3.701480865e+00,3.902656436e-01,2.908589125e+00,-2.939960480e+00,-1.959845304e+00,2.715791702e+00,7.348000407e-01,3.000000000e+00,1.000000000e+00,2.000000000e+00,3.000000000e+00,-3.000000000e+00,1.700000000e+01,1.000000000e+00,1.000000000e+00,-5.733994961e+00,-2.613306284e+00,-1.525299549e+00,-5.733510971e+00,1.000000000e+00,4.342942646e-07,7.141104341e-01
79,2,1,1.050363421e+00,5.855680108e-01,-9.512537718e-01,1.082984686e+00,-3.095827252e-02,-3.239105701e+00,-3.100614548e+00,-2.675745010e+00,-2.557592392e+00,-2.211085081e+00,-2.586946011e+00,-3.702460527e+00,-1.732589960e+00,7.000000000e+00,7.000000000e+00,9.000000000e+00,0.000000000e+00,8.763138056e-01,2.649316311e+00,1.287424266e-01,1.000000000e+00,-1.536810637e+00,-3.073061943e+00,3.343786597e-01,2.649311304e+00,-2.808658838e+00,-2.001577616e+00,2.661453962e+00,1.732589960e+00,3.000000000e+00,3.000000000e+00,0.000000000e+00,3.000000000e+00,-4.000000000e+00,2.700000000e+01,4.000000000e+00,1.000000000e+00,-5.710112095e+00,-2.727190733e+00,-2.382714510e+00,-5.709716320e+00,1.000000000e+00,4.342942646e-07,9.087195396e-01
79,3,0,3.430917859e-01,3.047545552e-01,-1.583863378e+00,9.984012842e-01,4.415907711e-02,-3.096099377e+00,-3.091503382e+00,-2.444200039e+00,-2.560476065e+00,-2.405873060e+00,-2.231517315e+00,-3.134386539e+00,-4.263861477e-01,4.000000000e+00,7.000000000e+00,7.000000000e+00,0.000000000e+00,6.933680177e-01,2.752668142e+00,1.533034444e-01,1.000000000e+00,-1.888600707e+00,-3.774542093e+00,7.267110050e-02,2.752667189e+00,-2.792448044e+00,-1.926934838e+00,2.834513187e+00,4.263861477e-01,1.000000000e+00,0.000000000e+00,1.000000000e+00,3.000000000e+00,-2.000000000e+00,5.000000000e+00,3.000000000e+00,1.000000000e+00,-5.225140572e+00,-2.064819574e+00,-3.599192500e-01,-5.222039700e+00,1.000000000e+00,4.342942646e-07,9.974409342e-01
80,0,0,8.447880745e-01,4.375314415e-01,-1.043022037e+00,7.113107443e-01,-1.337868422e-01,-3.148110151e+00,-3.000462294e+00,-2.536020756e+00,-2.450316668e+00,-2.128854990e+00,-2.325169563e+00,-3.554418564e+00,1.590158939e+00,5.000000000e+00,6.000000000e+00,6.000000000e+00,0.000000000e+00,1.477205873e+00,2.867516756e+00,-6.684009731e-02,1.000000000e+00,-1.480545044e+00,-2.960634708e+00,1.424212605e-01,2.867516041e+00,-2.745307684e+00,-1.887781262e+00,3.046532869e+00,1.590158939e+00,1.000000000e+00,1.000000000e+00,0.000000000e+00,1.000000000e+00,5.000000000e+00,9.000000000e+00,1.000000000e+00,1.000000000e+00,-4.049600124e+00,-1.720762730e+00,-4.968192875e-01,-4.041508198e+00,1.000000000e+00,4.342942646e-07,9.892577529e-01
81,0,1,9.004629850e-01,7.988231778e-01,-1.041787744e+00,8.831053376e-01,-7.113674283e-02,-3.382354259e+00,-3.369576693e+00,-2.557519913e+00,-2.694633722e+00,-2.455912828e+00,-2.740772724e+00,-3.483717918e+00,7.111275196e-01,4.000000000e+00,7.000000000e+00,7.000000000e+00,0.000000000e+00,1.531950116e+00,3.222013950e+00,3.800758347e-02,1.000000000e+00,-1.840585470e+00,-3.679085255e+00,8.068324327e-01,3.222010851e+00,-2.686628342e+00,-1.942217469e+00,2.653956652e+00,7.111275196e-01,3.000000000e+00,0.000000000e+00,3.000000000e+00,3.000000000e+00,1.000000000e+00,8.000000000e+00,1.000000000e+00,1.000000000e+00,-5.263376713e+00,-2.167446613e+00,-6.596738696e-01,-5.260971546e+00,1.000000000e+00,4.342942646e-07,7.011030614e-02
81,1,1,1.144610882e+00,6.283448339e-01,-8.494081497e-01,7.415528297e-01,-3.723896146e-01,-3.180787563e+00,-3.067969084e+00,-2.626236677e+00,-2.499946833e+00,-2.110098362e+00,-2.622107744e+00,-3.695552826e+00,1.857846737e+00,7.000000000e+00,7.000000000e+00,9.000000000e+00,0.000000000e+00,-7.671382427e-01,1.726670146e+00,-2.126890719e-01,1.000000000e+00,-1.477743030e+00,-2.955043077e+00,6.589227915e-02,1.726566553e+00,-3.062035561e+00,-1.993979335e+00,2.050486565e+00,1.857846737e+00,4.000000000e+00,4.000000000e+00,0.000000000e+00,3.000000000e+00,5.000000000e+00,8.000000000e+00,4.000000000e+00,1.000000000e+00,-5.466985226e+00,-2.130686045e+00,-1.299517155e+00,-5.464719296e+00,1.000000000e+00,4.342942646e-07,8.177036047e-01
81,2,0,1.138066888e+00,3.871849775e-01,-7.866942286e-01,2.571787834e-01,-7.842115164e-01,-3.003899336e+00,-2.718901157e+00,-2.459048033e+00,-2.209312439e+00,-1.708268881e+00,-2.311813593e+00,-3.752755165e+00,2.414148569e+00,8.000000000e+00,7.000000000e+00,8.000000000e+00,0.000000000e+00,7.918381095e-01,2.104218006e+00,-6.459095478e-01,1.000000000e+00,-1.173875213e+00,-2.347620726e+00,-9.635946900e-02,2.104209423e+00,-2.692713261e+00,-1.924727201e+00,2.701573133e+00,2.414148569e+00,4.000000000e+00,4.000000000e+00,0.000000000e+00,3.000000000e+00,5.000000000e+00,5.000000000e+00,4.000000000e+00,1.000000000e+00,-5.339283466e+00,-1.916744709e+00,-1.475200295e+00,-5.335191250e+00,1.000000000e+00,6.535621881e-01,9.940730929e-01
81,3,0,1.005502820e+00,3.486668169e-01,-9.658057094e-01,7.291914225e-01,-3.847509921e-01,-2.959114552e+00,-2.776833534e+00,-2.434336901e+00,-2.278789997e+00,-1.777592778e+00,-2.319782495e+00,-3.614554405e+00,2.193199635e+00,8.000000000e+00,7.000000000e+00,9.000000000e+00,0.000000000e+00,-8.322982788e-01,1.361696482e+00,-2.250504941e-01,1.000000000e+00,-1.314467430e+00,-2.628662109e+00,-1.048704907e-01,1.361443043e+00,-2.732175827e+00,-1.971271992e+00,1.967462659e+00,2.193199635e+00,1.000000000e+00,1.000000000e+00,0.000000000e+00,1.000000000e+00,5.000000000e+00,2.200000000e+01,1.000000000e+00,1.000000000e+00,-3.666626453e+00,-1.005410194e+00,5.363171101e-01,-3.625904322e+00,1.000000000e+00,6.522324681e-01,9.960743189e-01
81,4,0,6.248016357e-01,3.181125522e-01,-1.344227672e+00,5.439057946e-01,-3.011915088e-01,-3.051415205e+00,-2.975208521e+00,-2.511471272e+00,-2.486356020e+00,-2.204853535e+00,-2.286794186e+00,-3.357602835e+00,1.331972241e+00,4.000000000e+00,6.000000000e+00,6.000000000e+00,0.000000000e+00,8.251736760e-01,2.617509842e+00,-2.342448384e-01,1.000000000e+00,-1.662329555e+00,-3.323510408e+00,-8.159744143e-01,2.617509842e+00,-3.618769646e+00,-1.968998313e+00,3.714182615e+00,1.331972241e+00,1.000000000e+00,0.000000000e+00,1.000000000e+00,3.000000000e+00,2.000000000e+00,1.000000000e+01,1.000000000e+00,1.000000000e+00,-4.852190018e+00,-2.065517902e+00,-8.138720393e-01,-4.848735332e+00,1.000000000e+00,7.945185900e-01,9.970982075e-01
81,5,0,9.258753061e-01,3.056995571e-01,-1.050721884e+00,1.055513501e+00,1.412111614e-02,-2.956727743e+00,-2.767286062e+00,-2.414539814e+00,-2.250315428e+00,-1.794449449e+00,-2.282089472e+00,-3.575658798e+00,-2.106460333e+00,7.000000000e+00,6.000000000e+00,8.000000000e+00,0.000000000e+00,4.692463204e-02,1.818222523e+00,1.524237245e-01,1.000000000e+00,-1.356416345e+00,-2.712499380e+00,4.045866430e-01,1.817898989e+00,-2.151443958e+00,-1.976560950e+00,1.869198203e+00,2.106460333e+00,0.000000000e+00,0.000000000e+00,0.000000000e+00,0.000000000e+00,-1.000000000e+00,-1.000000000e+00,-1.000000000e+00,0.000000000e+00,-9.999956489e-01,4.342942646e-07,1.000000000e+00,-6.989678144e-01,1.000000000e+00,1.358941197e+00,9.974184036e-01
82,0,1,1.355166435e+00,7.368478179e-01,-5.490841269e-01,8.103960156e-01,-2.309959978e-01,-3.209504128e+00,-2.695461512e+00,-2.390467644e+00,-1.966141939e+00,-1.772230029e+00,-2.640880585e+00,-3.825610399e+00,-2.102054596e+00,7.000000000e+00,6.000000000e+00,8.000000000e+00,0.000000000e+00,1.727121949e+00,2.635816813e+00,-9.269350022e-02,1.000000000e+00,-1.285925031e+00,-2.571675777e+00,-1.525001287e+00,2.635816813e+00,-4.220765114e+00,-1.904217124e+00,4.353415489e+00,2.102054596e+00,4.000000000e+00,4.000000000e+00,0.000000000e+00,3.000000000e+00,-5.000000000e+00,1.500000000e+01,3.000000000e+00,1.000000000e+00,-4.754799366e+00,-1.406987548e+00,-2.755065858e-01,-4.739042759e+00,1.000000000e+00,4.342942646e-07,2.867276967e-01
82,1,1,1.001596689e+00,5.409449339e-01,-1.037093759e+00,4.795390666e-01,-5.618522167e-01,-3.191383362e+00,-3.080352545e+00,-2.657980204e+00,-2.552952766e+00,-2.197457552e+00,-2.579361916e+00,-3.650762796e+00,1.722426414e+00,5.000000000e+00,7.000000000e+00,8.000000000e+00,0.000000000e+00,5.694098473e-01,2.482230902e+00,-4.235499501e-01,1.000000000e+00,-1.578026772e+00,-3.155351877e+00,-6.640284061e-01,2.482230902e+00,-3.755602121e+00,-2.038647652e+00,3.501127720e+00,1.722426414e+00,4.000000000e+00,4.000000000e+00,0.000000000e+00,2.000000000e+00,-4.000000000e+00,2.700000000e+01,3.000000000e+00,1.000000000e+00,-5.194977283e+00,-2.749674797e+00,-2.345198870e+00,-5.194325924e+00,1.000000000e+00,4.342942646e-07,9.547894001e-01
82,2,0,8.341985345e-01,4.067206085e-01,-1.148129106e+00,8.481653333e-01,-1.932267398e-01,-3.099065304e+00,-2.987980604e+00,-2.591184616e+00,-2.503046036e+00,-2.163812876e+00,-2.388795853e+00,-3.525629759e+00,1.640554309e+00,6.000000000e+00,7.000000000e+00,8.000000000e+00,0.000000000e+00,1.037462711e+00,2.682607889e+00,-5.492420867e-02,1.000000000e+00,-1.554840088e+00,-3.109000921e+00,-9.085360169e-02,2.682607174e+00,-3.000324249e+00,-1.982292056e+00,3.112599373e+00,1.640554309e+00,1.000000000e+00,1.000000000e+00,0.000000000e+00,1.000000000e+00,5.000000000e+00,1.100000000e+01,1.000000000e+00,1.000000000e+00,-4.352040768e+00,-1.477019191e+00,1.271603405e-01,-4.338112831e+00,1.000000000e+00,5.489825606e-01,9.925928712e-01
82,3,0,8.899783492e-01,4.032578468e-01,-1.052743435e+00,6.875712276e-01,-2.666706145e-01,-3.090637684e+00,-2.946910143e+00,-2.581457615e+00,-2.469834805e+00,-2.094848871e+00,-2.345783949e+00,-3.576253414e+00,1.786159515e+00,6.000000000e+00,6.000000000e+00,7.000000000e+00,0.000000000e+00,-7.653682828e-01,1.712253213e+00,-1.575263292e-01,1.000000000e+00,-1.455993772e+00,-2.911553621e+00,-1.356304139e-01,1.712209463e+00,-3.008408546e+00,-1.942688704e+00,2.222725630e+00,1.786159515e+00,3.000000000e+00,3.000000000e+00,0.000000000e+00,3.000000000e+00,5.000000000e+00,1.800000000e+01,3.000000000e+00,1.000000000e+00,-4.295797348e+00,-1.599723935e+00,-3.090307713e-01,-4.285227299e+00,1.000000000e+00,5.460153222e-01,9.928849339e-01
82,4,0,9.937373400e-01,3.468164504e-01,-9.933403134e-01,7.112450600e-01,-4.026972950e-01,-2.976622105e+00,-2.786145926e+00,-2.404674292e+00,-2.276436090e+00,-1.757838607e+00,-2.333694935e+00,-3.622131586e+00,-2.169780016e+00,8.000000000e+00,7.000000000e+00,9.000000000e+00,0.000000000e+00,1.235977530e+00,2.375864267e+00,-2.429967821e-01,1.000000000e+00,-1.340151429e+00,-2.680004120e+00,2.678108513e-01,2.375851154e+00,-2.355425358e+00,-1.987039924e+00,2.626650572e+00,2.169780016e+00,1.000000000e+00,1.000000000e+00,0.000000000e+00,1.000000000e+00,-5.000000000e+00,3.000000000e+01,1.000000000e+00,1.000000000e+00,-4.656937122e+00,-1.588184118e+00,-4.733656645e-01,-4.646366119e+00,1.000000000e+00,1.212861419e+00,9.961478710e-01
82,5,0,9.823277593e-01,3.054999411e-01,-1.029168367e+00,1.473045111e+00,3.591018021e-01,-2.917267323e+00,-2.773368359e+00,-2.455719948e+00,-2.342365980e+00,-1.778989792e+00,-2.316768885e+00,-3.592750549e+00,2.240339041e+00,8.000000000e+00,7.000000000e+00,9.000000000e+00,0.000000000e+00,-1.272470355e+00,1.142782927e+00,5.188025832e-01,1.000000000e+00,-1.334663510e+00,-2.669001341e+00,-1.113617182e+00,1.142776251e+00,-3.759083271e+00,-2.011456251e+00,2.818604946e+00,2.240339041e+00,4.000000000e+00,4.000000000e+00,0.000000000e+00,3.000000000e+00,5.000000000e+00,1.800000000e+01,3.000000000e+00,1.000000000e+00,-4.275164604e+00,-1.985223293e+00,-1.310115576e+00,-4.270778656e+00,2.000000000e+00,8.673070669e-01,9.974231720e-01
82,6,0,8.781474829e-01,3.009649813e-01,-1.088340402e+00,9.316692948e-01,-1.097228900e-01,-2.959745169e+00,-2.806831121e+00,-2.480329275e+00,-2.357355833e+00,-1.903243065e+00,-2.267231941e+00,-3.535829544e+00,2.004158258e+00,7.000000000e+00,7.000000000e+00,8.000000000e+00,0.000000000e+00,1.385778546e+00,2.596171379e+00,2.857962251e-02,1.000000000e+00,-1.389299989e+00,-2.778214693e+00,2.707255781e-01,2.596166611e+00,-2.387588024e+00,-1.966453075e+00,2.779564857e+00,2.004158258e+00,1.000000000e+00,1.000000000e+00,0.000000000e+00,1.000000000e+00,5.000000000e+00,1.000000000e+01,1.000000000e+00,1.000000000e+00,-4.907678604e+00,-1.516417265e+00,-2.273828983e-01,-4.895691395e+00,1.000000000e+00,8.692018390e-01,9.975288510e-01
83,0,1,9.650474191e-01,9.616522193e-01,-8.774650693e-01,5.890362859e-01,-3.652053475e-01,-3.236571550e+00,-3.309226274e+00,-2.354880095e+00,-2.630497932e+00,-2.351485729e+00,-2.803885937e+00,-3.239960909e+00,-1.252047718e-01,3.000000000e+00,6.000000000e+00,7.000000000e+00,0.000000000e+00,1.029361963e+00,2.866295099e+00,-2.560611367e-01,1.000000000e+00,-1.839090586e+00,-3.676170349e+00,1.014405489e+00,2.866252184e+00,-2.577765703e+00,-1.842485428e+00,2.130929232e+00,1.252047718e-01,4.000000000e+00,0.000000000e+00,4.000000000e+00,3.000000000e+00,0.000000000e+00,5.000000000e+00,1.000000000e+00,1.000000000e+00,-5.169609547e+00,-2.159238100e+00,-6.343190670e-01,-5.167052746e+00,1.000000000e+00,4.342942646e-07,2.460479445e-04
83,1,1,8.194950819e-01,8.002496958e-01,-1.077361226e+00,6.296447515e-01,-3.245969713e-01,-3.291596651e+00,-3.328462601e+00,-2.388276100e+00,-2.694854736e+00,-2.369035482e+00,-2.696867704e+00,-3.310803652e+00,2.999084890e-01,4.000000000e+00,7.000000000e+00,7.000000000e+00,0.000000000e+00,1.019153118e+00,2.878801346e+00,-2.154527158e-01,1.000000000e+00,-1.877583265e+00,-3.752740383e+00,1.236816525e+00,2.878688335e+00,-2.258424520e+00,-1.896827221e+00,1.967792392e+00,2.999084890e-01,3.000000000e+00,0.000000000e+00,3.000000000e+00,3.000000000e+00,1.000000000e+00,5.000000000e+00,2.000000000e+00,1.000000000e+00,-5.790310860e+00,-2.317265034e+00,-8.752821088e-01,-5.789510727e+00,1.000000000e+00,4.342942646e-07,6.745839119e-02
83,2,0,3.163949549e-01,3.087412119e-01,-1.590144157e+00,4.503179491e-01,-5.039233565e-01,-3.026984215e+00,-3.124003649e+00,-2.287723541e+00,-2.600890398e+00,-2.280071259e+00,-2.215183973e+00,-3.034629822e+00,1.882932335e-01,4.000000000e+00,7.000000000e+00,7.000000000e+00,0.000000000e+00,1.134694815e+00,2.847501993e+00,-3.947791457e-01,1.000000000e+00,-1.898867607e+00,-3.795045137e+00,1.921041906e-01,2.847501040e+00,-2.717473984e+00,-1.906520724e+00,2.976195574e+00,1.882932335e-01,3.000000000e+00,0.000000000e+00,3.000000000e+00,3.000000000e+00,1.000000000e+00,5.000000000e+00,2.000000000e+00,1.000000000e+00,-5.636847019e+00,-2.646929502e+00,-1.498381615e+00,-5.636292934e+00,1.000000000e+00,4.342942646e-07,9.973441958e-01
84,0,0,1.080947876e+00,4.061858058e-01,-9.279841185e-01,1.230052590e+00,1.161094829e-01,-3.023991346e+00,-2.857109308e+00,-2.565370798e+00,-2.387078047e+00,-1.890734673e+00,-2.414921999e+00,-3.697045326e+00,2.235472679e+00,8.000000000e+00,7.000000000e+00,9.000000000e+00,0.000000000e+00,-6.154195871e-03,1.887695789e+00,2.758102417e-01,1.000000000e+00,-1.334164143e+00,-2.668058157e+00,-4.221251607e-01,1.887690663e+00,-3.214783192e+00,-2.008891344e+00,2.805952311e+00,2.235472679e+00,1.000000000e+00,1.000000000e+00,0.000000000e+00,1.000000000e+00,5.000000000e+00,1.600000000e+01,1.000000000e+00,1.000000000e+00,-5.400259972e+00,-1.752744555e+00,-8.217035532e-01,-5.394552231e+00,1.000000000e+00,1.309952438e-01,9.926389456e-01
84,1,0,1.040763259e+00,3.752976060e-01,-9.581791162e-01,7.194101810e-01,-3.945321739e-01,-3.016879082e+00,-2.814202785e+00,-2.491494894e+00,-2.296891212e+00,-1.826134682e+00,-2.374052286e+00,-3.680709362e+00,2.213560581e+00,8.000000000e+00,7.000000000e+00,9.000000000e+00,0.000000000e+00,7.737351656e-01,2.213031530e+00,-2.348316610e-01,1.000000000e+00,-1.333471179e+00,-2.666670561e+00,-1.990076780e+00,2.213031530e+00,-4.642878056e+00,-1.998903036e+00,4.665632725e+00,2.213560581e+00,1.000000000e+00,1.000000000e+00,0.000000000e+00,2.000000000e+00,-5.000000000e+00,1.000000000e+00,3.000000000e+00,1.000000000e+00,-4.777295589e+00,-1.411319137e+00,-1.213397384e-01,-4.761742115e+00,1.000000000e+00,1.654575467e-01,9.948006868e-01
84,2,0,7.353989482e-01,3.747338355e-01,-1.260492563e+00,4.703434706e-01,-3.747536838e-01,-3.081695080e+00,-2.999300241e+00,-2.550482988e+00,-2.506390572e+00,-2.189904928e+00,-2.370306730e+00,-3.441682339e+00,1.472326756e+00,4.000000000e+00,6.000000000e+00,6.000000000e+00,0.000000000e+00,7.060856223e-01,2.543015003e+00,-3.078070283e-01,1.000000000e+00,-1.635215282e+00,-3.269435406e+00,-7.666884661e-01,2.543015003e+00,-3.646028042e+00,-1.995856404e+00,3.625449657e+00,1.472326756e+00,3.000000000e+00,3.000000000e+00,0.000000000e+00,2.000000000e+00,-4.000000000e+00,1.600000000e+01,1.000000000e+00,1.000000000e+00,-4.951195240e+00,-1.821043968e+00,-3.584620059e-01,-4.945264816e+00,1.000000000e+00,8.870118856e-01,9.948323965e-01
84,3,0,8.739497066e-01,3.277668357e-01,-1.147308230e+00,1.084070444e+00,-9.202034026e-02,-2.898454905e+00,-2.803113699e+00,-2.247964621e+00,-2.265033245e+00,-1.701836467e+00,-2.348650217e+00,-3.443773270e+00,1.929927945e+00,8.000000000e+00,8.000000000e+00,1.000000000e+01,0.000000000e+00,-6.385215521e-01,1.382657886e+00,8.407071978e-02,1.000000000e+00,-1.475068092e+00,-2.949491739e+00,-3.756660223e-01,1.382591844e+00,-2.968143225e+00,-2.021218538e+00,2.321323633e+00,1.929927945e+00,1.000000000e+00,1.000000000e+00,0.000000000e+00,1.000000000e+00,5.000000000e+00,8.000000000e+00,2.000000000e+00,1.000000000e+00,-5.508765697e+00,-3.026779413e+00,-3.104583740e+00,-5.508489609e+00,1.000000000e+00,9.378495812e-01,9.968146682e-01
84,4,0,1.007740378e+00,3.259743154e-01,-9.667135477e-01,-9.059019387e-03,-9.632980227e-01,-2.891245842e+00,-2.615944624e+00,-2.155584097e+00,-1.946216941e+00,-1.473866940e+00,-2.300213814e+00,-3.571727037e+00,2.251967430e+00,6.000000000e+00,6.000000000e+00,7.000000000e+00,0.000000000e+00,1.121971726e+00,2.034869432e+00,-8.541544080e-01,1.000000000e+00,-1.292683244e+00,-2.585084677e+00,-3.273574412e-01,2.034865379e+00,-2.599415064e+00,-1.974417090e+00,2.834517479e+00,2.251967430e+00,1.000000000e+00,1.000000000e+00,0.000000000e+00,1.000000000e+00,5.000000000e+00,3.000000000e+01,1.000000000e+00,1.000000000e+00,-5.153198242e+00,-1.753718019e+00,-9.066485167e-01,-5.146679878e+00,1.000000000e+00,4.390435219e-01,9.968698621e-01
85,0,1,5.979216099e-01,5.936806798e-01,-1.297487974e+00,4.144353867e-01,-5.398057699e-01,-3.142890692e+00,-3.184867859e+00,-2.317959785e+00,-2.546964884e+00,-2.313719749e+00,-2.488951445e+00,-3.147125721e+00,-1.399779022e-01,4.000000000e+00,7.000000000e+00,7.000000000e+00,0.000000000e+00,1.099688292e+00,2.863729954e+00,-4.306616783e-01,1.000000000e+00,-1.891143203e+00,-3.779717922e+00,1.228739738e+00,2.863613367e+00,-1.912023306e+00,-1.895383835e+00,1.868173480e+00,1.399779022e-01,3.000000000e+00,0.000000000e+00,3.000000000e+00,3.000000000e+00,0.000000000e+00,6.000000000e+00,1.000000000e+00,1.000000000e+00,-5.313318729e+00,-1.682664514e+00,3.991326392e-01,-5.306214809e+00,1.000000000e+00,4.342942646e-07,8.959372044e-01
85,1,0,9.839395285e-01,3.881049752e-01,-9.840799570e-01,1.520563364e+00,4.791706800e-01,-2.981046438e+00,-2.846973419e+00,-2.506293774e+00,-2.391660452e+00,-1.910562992e+00,-2.355907202e+00,-3.575659037e+00,-2.048625469e+00,7.000000000e+00,6.000000000e+00,8.000000000e+00,0.000000000e+00,-4.519904554e-01,1.684605956e+00,6.174733639e-01,1.000000000e+00,-1.372178793e+00,-2.744014263e+00,-6.943605542e-01,1.684602141e+00,-3.472942591e+00,-1.967983484e+00,2.859604597e+00,2.048625469e+00,1.000000000e+00,1.000000000e+00,0.000000000e+00,1.000000000e+00,-5.000000000e+00,1.700000000e+01,1.000000000e+00,1.000000000e+00,-4.971895218e+00,-1.804162979e+00,-8.775282502e-01,-4.965760708e+00,1.000000000e+00,1.310277939e+00,9.940118194e-01
85,2,0,8.449916840e-01,3.730242550e-01,-1.087988615e+00,1.589860439e+00,6.356179714e-01,-3.107342482e+00,-2.921773672e+00,-2.524591684e+00,-2.388271332e+00,-2.052720547e+00,-2.305824041e+00,-3.578218699e+00,-1.750151038e+00,6.000000000e+00,6.000000000e+00,7.000000000e+00,0.000000000e+00,7.068378329e-01,2.406210184e+00,7.447624207e-01,1.000000000e+00,-1.461005449e+00,-2.921575308e+00,4.594823420e-01,2.406182528e+00,-2.301832438e+00,-1.932948351e+00,2.282271624e+00,1.750151038e+00,0.000000000e+00,0.000000000e+00,0.000000000e+00,0.000000000e+00,-1.000000000e+00,-1.000000000e+00,-1.000000000e+00,0.000000000e+00,-9.999956489e-01,4.342942646e-07,1.000000000e+00,-6.989678144e-01,1.000000000e+00,1.407716751e+00,9.949272871e-01
85,3,0,1.063494325e+00,3.329084814e-01,-8.906288147e-01,1.064449072e+00,2.305673994e-02,-2.882155418e+00,-2.080775976e+00,-2.042190790e+00,-1.268900037e+00,-1.311643720e+00,-2.286849976e+00,-3.611294270e+00,2.366624117e+00,7.000000000e+00,6.000000000e+00,8.000000000e+00,0.000000000e+00,1.924677014e+00,2.273990870e+00,1.613593400e-01,1.000000000e+00,-1.223533273e+00,-2.446858644e+00,-2.530391812e-01,2.273988962e+00,-1.854825258e+00,-1.954087496e+00,2.484269857e+00,2.366624117e+00,1.000000000e+00,1.000000000e+00,0.000000000e+00,2.000000000e+00,-5.000000000e+00,9.000000000e+00,3.000000000e+00,1.000000000e+00,-5.186620235e+00,-1.793712378e+00,-1.126312494e+00,-5.180749893e+00,1.000000000e+00,1.310469031e+00,9.966496825e-01
86,0,1,1.260093212e+00,7.591478825e-01,-7.187858820e-01,6.100470424e-01,-4.313445985e-01,-3.368336439e+00,-3.116146564e+00,-2.722232580e+00,-2.487175703e+00,-2.221444368e+00,-2.737759352e+00,-3.867087603e+00,-1.820740581e+00,6.000000000e+00,7.000000000e+00,8.000000000e+00,0.000000000e+00,1.030085921e+00,2.736566067e+00,-2.930422127e-01,1.000000000e+00,-1.477922916e+00,-2.955447435e+00,5.541873574e-01,2.736556530e+00,-2.692055702e+00,-1.978839993e+00,2.448124647e+00,1.820740581e+00,4.000000000e+00,4.000000000e+00,0.000000000e+00,2.000000000e+00,4.000000000e+00,3.100000000e+01,4.000000000e+00,1.000000000e+00,-5.706411362e+00,-1.422471762e+00,1.443768442e-01,-5.698418617e+00,1.000000000e+00,4.342942646e-07,1.844872683e-01
86,1,0,1.061681628e+00,3.954695463e-01,-9.395530224e-01,1.168117881e+00,5.417480692e-02,-2.997129679e+00,-2.845206738e+00,-2.542580843e+00,-2.383488655e+00,-1.876487494e+00,-2.396501780e+00,-3.661775351e+00,2.215320826e+00,8.000000000e+00,7.000000000e+00,9.000000000e+00,0.000000000e+00,2.864031494e-01,2.019869804e+00,2.138755322e-01,1.000000000e+00,-1.335016847e+00,-2.669751406e+00,4.586917758e-01,2.019706011e+00,-2.320280552e+00,-2.001194954e+00,2.068051100e+00,2.215320826e+00,1.000000000e+00,1.000000000e+00,0.000000000e+00,1.000000000e+00,5.000000000e+00,3.000000000e+00,1.000000000e+00,1.000000000e+00,-4.822946072e+00,-2.160228014e+00,-1.656493902e+00,-4.820151806e+00,1.000000000e+00,4.342942646e-07,9.934931397e-01
87,0,0,8.500020504e-01,5.551331639e-01,-1.093017936e+00,8.700203896e-01,2.492265776e-02,-3.157606363e+00,-3.067110538e+00,-2.539629698e+00,-2.495151997e+00,-2.244834900e+00,-2.497867823e+00,-3.451869011e+00,-1.300537705e+00,3.000000000e+00,5.000000000e+00,6.000000000e+00,0.000000000e+00,1.450329721e-01,2.317427635e+00,9.186939150e-02,1.000000000e+00,-1.648136973e+00,-3.295300722e+00,-6.698435545e-01,2.317427397e+00,-3.717991829e+00,-1.942987323e+00,3.237015009e+00,1.300537705e+00,4.000000000e+00,4.000000000e+00,0.000000000e+00,3.000000000e+00,-4.000000000e+00,4.000000000e+00,1.000000000e+00,1.000000000e+00,-4.365805626e+00,-1.267288566e+00,7.160064578e-01,-4.343466282e+00,1.000000000e+00,4.342942646e-07,9.437131882e-01
87,1,1,7.813099027e-01,4.835768938e-01,-1.243031502e+00,9.272984862e-01,-1.140936613e-01,-3.165709496e+00,-3.113679409e+00,-2.577888727e+00,-2.576601982e+00,-2.280237198e+00,-2.507572174e+00,-3.462816715e+00,-1.308180928e+00,5.000000000e+00,7.000000000e+00,8.000000000e+00,0.000000000e+00,1.478985548e+00,3.019814014e+00,2.420884557e-02,1.000000000e+00,-1.726592660e+00,-3.451786995e+00,4.531541765e-01,3.019812346e+00,-2.607012749e+00,-2.024303198e+00,2.863046408e+00,1.308180928e+00,4.000000000e+00,4.000000000e+00,0.000000000e+00,3.000000000e+00,-4.000000000e+00,3.000000000e+01,1.000000000e+00,1.000000000e+00,-4.172470570e+00,-1.801823735e+00,-1.366533488e-01,-4.165770531e+00,1.000000000e+00,4.342942646e-07,9.803560972e-01
87,2,1,7.189305425e-01,2.983007729e-01,-1.242273569e+00,5.338079929e-01,-5.075834394e-01,-3.042475939e+00,-2.898120403e+00,-2.467603445e+00,-2.367837667e+00,-2.047052622e+00,-2.259249687e+00,-3.462323904e+00,1.623532295e+00,6.000000000e+00,6.000000000e+00,8.000000000e+00,0.000000000e+00,3.510017395e-01,2.222945929e+00,-3.692811430e-01,1.000000000e+00,-1.540566683e+00,-3.080456734e+00,8.788855076e-01,2.222500086e+00,-1.787327290e+00,-1.961172104e+00,1.664439082e+00,1.623532295e+00,1.000000000e+00,1.000000000e+00,0.000000000e+00,1.000000000e+00,5.000000000e+00,1.200000000e+01,1.000000000e+00,1.000000000e+00,-3.895276070e+00,-1.666465402e+00,-2.328813374e-01,-3.886087179e+00,1.000000000e+00,4.342942646e-07,9.975883961e-01
88,0,1,1.383882642e+00,9.708238840e-01,-4.577193558e-01,1.117792487e+00,1.635501683e-01,-3.507089138e+00,-3.437829733e+00,-2.827991009e+00,-2.851512909e+00,-2.415111780e+00,-2.812132359e+00,-3.917936087e+00,-1.604659915e+00,6.000000000e+00,5.000000000e+00,7.000000000e+00,0.000000000e+00,1.070559502e+00,2.950504541e+00,2.726945877e-01,1.000000000e+00,-1.428532958e+00,-2.856763840e+00,-1.282964468e+00,2.950504541e+00,-5.053489685e+00,-1.841573000e+00,4.664190292e+00,1.604659915e+00,4.000000000e+00,4.000000000e+00,0.000000000e+00,3.000000000e+00,-4.000000000e+00,1.000000000e+00,1.000000000e+00,1.000000000e+00,-5.821361065e+00,-1.549617290e+00,-2.663372457e-01,-5.817249298e+00,1.000000000e+00,4.342942646e-07,1.664703013e-04
88,1,1,1.037616372e+00,6.078522801e-01,-9.836260080e-01,9.577888250e-01,1.126910374e-01,-3.252481937e+00,-3.123200417e+00,-2.691146612e+00,-2.570791721e+00,-2.261516571e+00,-2.628825188e+00,-3.680935383e+00,-1.646227002e+00,4.000000000e+00,6.000000000e+00,6.000000000e+00,0.000000000e+00,1.072226048e+00,2.797708750e+00,1.796378046e-01,1.000000000e+00,-1.591465473e+00,-3.182214737e+00,-9.942018986e-01,2.797708750e+00,-4.166591167e+00,-2.021201134e+00,4.099679947e+00,1.646227002e+00,5.000000000e+00,5.000000000e+00,0.000000000e+00,2.000000000e+00,4.000000000e+00,3.500000000e+01,1.000000000e+00,1.000000000e+00,-4.735737801e+00,-1.762341022e+00,-3.266232014e-01,-4.728697300e+00,1.000000000e+00,4.342942646e-07,8.690505028e-01
88,2,0,6.289017200e-01,3.716706038e-01,-1.405392528e+00,-5.713093095e-03,-8.508085012e-01,-3.111845016e+00,-3.061893463e+00,-2.520867348e+00,-2.531181812e+00,-2.263700724e+00,-2.405543566e+00,-3.368622303e+00,-1.198329210e+00,3.000000000e+00,6.000000000e+00,6.000000000e+00,0.000000000e+00,-1.959486753e-01,2.165815115e+00,-7.838621736e-01,1.000000000e+00,-1.777047873e+00,-3.552274466e+00,5.510481820e-02,2.165802002e+00,-2.847589493e+00,-2.034258366e+00,2.378116369e+00,1.198329210e+00,1.000000000e+00,0.000000000e+00,1.000000000e+00,3.000000000e+00,-2.000000000e+00,1.000000000e+00,1.000000000e+00,1.000000000e+00,-5.261722088e+00,-2.391502142e+00,-1.232581377e+00,-5.260283947e+00,1.000000000e+00,4.342942646e-07,9.950007796e-01
88,3,0,8.704214096e-01,3.028746545e-01,-1.066010833e+00,9.679684639e-01,-7.342376560e-02,-2.892601490e+00,-2.746541739e+00,-2.434095860e+00,-2.291023016e+00,-1.866634965e+00,-2.239056349e+00,-3.459235191e+00,-1.981130838e+00,7.000000000e+00,6.000000000e+00,8.000000000e+00,0.000000000e+00,-2.852785289e-01,1.724098444e+00,6.487877667e-02,1.000000000e+00,-1.368880153e+00,-2.737363100e+00,1.497454848e-02,1.724015474e+00,-2.578843355e+00,-1.936399817e+00,2.133400440e+00,1.981130838e+00,3.000000000e+00,3.000000000e+00,0.000000000e+00,3.000000000e+00,-5.000000000e+00,6.000000000e+00,3.000000000e+00,1.000000000e+00,-4.067095280e+00,-1.023392677e+00,7.774540186e-01,-4.028216839e+00,1.000000000e+00,4.342942646e-07,9.974850416e-01
89,0,1,8.332480192e-01,8.113260865e-01,-1.027229309e+00,8.521523476e-01,-1.892396957e-01,-3.310281992e+00,-3.263886213e+00,-2.418237686e+00,-2.642895460e+00,-2.396321297e+00,-2.671580315e+00,-3.332158089e+00,-3.204125762e-01,4.000000000e+00,7.000000000e+00,8.000000000e+00,0.000000000e+00,6.415480375e-01,2.717592955e+00,-5.093718693e-02,1.000000000e+00,-1.838530064e+00,-3.675036430e+00,1.428454638e+00,2.717018843e+00,-2.025911808e+00,-1.860450387e+00,1.535214067e+00,3.204125762e-01,3.000000000e+00,0.000000000e+00,3.000000000e+00,3.000000000e+00,-1.000000000e+00,3.000000000e+00,1.000000000e+00,1.000000000e+00,-4.829226971e+00,-1.648814559e+00,3.991721272e-01,-4.820229530e+00,1.000000000e+00,4.342942646e-07,4.961509630e-02
89,1,0,1.048076272e+00,5.119338632e-01,-9.584648013e-01,4.908228815e-01,-6.231188178e-01,-3.069446564e+00,-2.962566614e+00,-2.581078291e+00,-2.470253706e+00,-2.045053244e+00,-2.518209934e+00,-3.604348898e+00,1.905788541e+00,7.000000000e+00,7.000000000e+00,9.000000000e+00,0.000000000e+00,5.701755881e-01,2.330196381e+00,-4.634185433e-01,1.000000000e+00,-1.470389724e+00,-2.940300703e+00,1.264826357e-01,2.330188036e+00,-2.855521917e+00,-2.006500959e+00,2.628890276e+00,1.905788541e+00,3.000000000e+00,3.000000000e+00,0.000000000e+00,3.000000000e+00,5.000000000e+00,7.000000000e+00,4.000000000e+00,1.000000000e+00,-5.325060844e+00,-3.932155371e+00,-4.895509243e+00,-5.325021267e+00,2.000000000e+00,4.342942646e-07,9.706662893e-01
89,2,0,1.096644402e+00,4.563779831e-01,-8.806470633e-01,5.846876502e-01,-5.292543769e-01,-3.003212690e+00,-2.860227585e+00,-2.543007851e+00,-2.395400524e+00,-1.902858257e+00,-2.433459282e+00,-3.642007828e+00,2.154045820e+00,8.000000000e+00,7.000000000e+00,9.000000000e+00,0.000000000e+00,1.530420184e+00,2.668103456e+00,-3.695539534e-01,1.000000000e+00,-1.337018847e+00,-2.673755884e+00,-1.721080989e-01,2.668102980e+00,-3.023536205e+00,-1.977253675e+00,3.332666636e+00,2.154045820e+00,3.000000000e+00,3.000000000e+00,0.000000000e+00,3.000000000e+00,5.000000000e+00,7.000000000e+00,4.000000000e+00,1.000000000e+00,-5.123486042e+00,-1.397622824e+00,-1.553005874e-01,-5.108667850e+00,2.000000000e+00,-1.166228652e+00,9.863442183e-01
90,0,1,9.249824882e-01,4.361816645e-01,-1.085171223e+00,6.491331458e-01,-3.922585845e-01,-3.116360664e+00,-2.986574411e+00,-2.609386444e+00,-2.489165783e+00,-2.120704889e+00,-2.446094036e+00,-3.603981018e+00,-1.791224957e+00,6.000000000e+00,7.000000000e+00,8.000000000e+00,0.000000000e+00,1.259911418e+00,2.750737429e+00,-2.539561987e-01,1.000000000e+00,-1.521343589e+00,-3.042112350e+00,7.734641433e-01,2.750713348e+00,-2.151955843e+00,-2.010114670e+00,2.345764399e+00,1.791224957e+00,3.000000000e+00,3.000000000e+00,0.000000000e+00,3.000000000e+00,-5.000000000e+00,1.800000000e+01,4.000000000e+00,1.000000000e+00,-5.387130737e+00,-1.398381829e+00,2.813505232e-01,-5.374203205e+00,2.000000000e+00,-1.357661247e+00,9.894368649e-01
90,1,1,1.027927041e+00,4.227633476e-01,-9.681705832e-01,8.265639544e-01,-1.276780665e-01,-2.947163820e+00,-2.851152420e+00,-2.371158361e+00,-2.393584251e+00,-1.766071081e+00,-2.418594122e+00,-3.551164389e+00,-2.070816517e+00,6.000000000e+00,6.000000000e+00,7.000000000e+00,0.000000000e+00,1.242445350e+00,2.387367725e+00,-1.853371225e-02,1.000000000e+00,-1.390927196e+00,-2.781455994e+00,5.739318132e-01,2.387316227e+00,-2.242447376e+00,-1.996058702e+00,2.440951109e+00,2.070816517e+00,3.000000000e+00,3.000000000e+00,0.000000000e+00,3.000000000e+00,-5.000000000e+00,6.000000000e+00,3.000000000e+00,1.000000000e+00,-4.779807091e+00,-2.460655212e+00,-2.136614561e+00,-4.778396606e+00,2.000000000e+00,8.902020454e-01,9.910390973e-01
90,2,0,9.693868756e-01,4.201304317e-01,-9.702169299e-01,1.726554513e+00,6.851618886e-01,-3.072763443e+00,-2.810600281e+00,-2.566485167e+00,-2.326139927e+00,-2.017343760e+00,-2.359552860e+00,-3.620716333e+00,-1.937307358e+00,7.000000000e+00,6.000000000e+00,8.000000000e+00,0.000000000e+00,1.071256161e+00,2.553022623e+00,8.234645724e-01,1.000000000e+00,-1.390340686e+00,-2.780354500e+00,3.205327392e-01,2.553015232e+00,-2.425714016e+00,-1.939570189e+00,2.541281700e+00,1.937307358e+00,2.000000000e+00,2.000000000e+00,0.000000000e+00,3.000000000e+00,-5.000000000e+00,1.800000000e+01,4.000000000e+00,1.000000000e+00,-4.479172230e+00,-1.126132488e+00,5.959483385e-01,-4.448759079e+00,2.000000000e+00,-1.355674982e+00,9.913188815e-01
90,3,0,9.397670031e-01,3.807024360e-01,-9.938265681e-01,9.566456079e-01,-8.474659175e-02,-3.011573792e+00,-2.856566668e+00,-2.537072420e+00,-2.386177063e+00,-1.978116155e+00,-2.314104080e+00,-3.569469929e+00,1.960826397e+00,7.000000000e+00,6.000000000e+00,8.000000000e+00,0.000000000e+00,1.024280190e+00,2.490297794e+00,5.355595052e-02,1.000000000e+00,-1.374522924e+00,-2.748716116e+00,-3.353673220e-01,2.490297318e+00,-3.101804018e+00,-1.933560610e+00,3.233562231e+00,1.960826397e+00,1.000000000e+00,1.000000000e+00,0.000000000e+00,1.000000000e+00,5.000000000e+00,2.100000000e+01,1.000000000e+00,1.000000000e+00,-5.562014580e+00,-1.572686553e+00,-3.727885485e-01,-5.554697514e+00,1.000000000e+00,1.234842062e+00,9.944840074e-01
90,4,0,9.688694477e-01,3.249220252e-01,-9.727410078e-01,6.073803306e-01,-4.340113401e-01,-2.986492872e+00,-2.616954565e+00,-2.175039530e+00,-1.937584281e+00,-1.531141996e+00,-2.266370058e+00,-3.629009247e+00,-2.162751198e+00,7.000000000e+00,6.000000000e+00,8.000000000e+00,0.000000000e+00,2.128633499e+00,2.595749617e+00,-2.957089543e-01,1.000000000e+00,-1.297658324e+00,-2.595076799e+00,1.184212685e+00,2.595422983e+00,-1.078325748e+00,-1.941576719e+00,1.817673087e+00,2.162751198e+00,4.000000000e+00,4.000000000e+00,0.000000000e+00,1.000000000e+00,-5.000000000e+00,1.900000000e+01,1.000000000e+00,1.000000000e+00,-4.013712406e+00,-1.322265267e+00,-6.841402501e-03,-3.993715525e+00,1.000000000e+00,4.342942646e-07,9.969016314e-01
91,0,1,8.869459033e-01,6.907297969e-01,-9.959257245e-01,6.687949896e-01,-1.763025373e-01,-3.351250648e+00,-3.217344522e+00,-2.609288454e+00,-2.594561577e+00,-2.413136721e+00,-2.573382616e+00,-3.546910286e+00,-1.023514867e+00,4.000000000e+00,6.000000000e+00,6.000000000e+00,0.000000000e+00,-1.434614062e-01,2.342103720e+00,-1.093558222e-01,1.000000000e+00,-1.686638594e+00,-3.372234821e+00,1.180653214e+00,2.341068983e+00,-2.104753971e+00,-1.882842660e+00,1.341887832e+00,1.023514867e+00,3.000000000e+00,2.000000000e+00,1.000000000e+00,3.000000000e+00,-2.000000000e+00,7.000000000e+00,1.000000000e+00,1.000000000e+00,-4.878453255e+00,-4.328172684e+00,-5.222388268e+00,-4.878434658e+00,1.000000000e+00,4.342942646e-07,5.468499064e-01
91,1,0,9.893504977e-01,3.773643076e-01,-9.705546498e-01,1.011679769e+00,-2.971254103e-02,-2.976936340e+00,-2.823468208e+00,-2.508774042e+00,-2.356476784e+00,-1.896893620e+00,-2.337066650e+00,-3.587650776e+00,2.087025404e+00,7.000000000e+00,6.000000000e+00,8.000000000e+00,0.000000000e+00,-8.184279799e-01,1.488260865e+00,1.085899919e-01,1.000000000e+00,-1.347913265e+00,-2.695517778e+00,2.170186341e-01,1.487637401e+00,-2.516778469e+00,-1.959869742e+00,1.730206609e+00,2.087025404e+00,1.000000000e+00,1.000000000e+00,0.000000000e+00,1.000000000e+00,5.000000000e+00,2.300000000e+01,1.000000000e+00,1.000000000e+00,-5.327950954e+00,-1.224042177e+00,1.973837614e-01,-5.308006763e+00,1.000000000e+00,7.927964330e-01,9.946822524e-01
91,2,1,7.450498939e-01,3.592533171e-01,-1.351759911e+00,8.527305126e-01,-1.015115157e-01,-3.087740660e+00,-2.991096497e+00,-2.479367733e+00,-2.411488533e+00,-2.093648195e+00,-2.455631495e+00,-3.472777128e+00,-1.536208034e+00,4.000000000e+00,7.000000000e+00,7.000000000e+00,0.000000000e+00,-8.133984208e-01,1.687278390e+00,7.632778957e-03,1.000000000e+00,-1.711000443e+00,-3.420583010e+00,2.971424460e-01,1.686917901e+00,-2.473582268e+00,-2.096765280e+00,1.707617760e+00,1.536208034e+00,3.000000000e+00,3.000000000e+00,0.000000000e+00,3.000000000e+00,-4.000000000e+00,3.400000000e+01,3.000000000e+00,1.000000000e+00,-5.502212524e+00,-1.956333399e+00,-4.810413122e-01,-5.498949051e+00,1.000000000e+00,1.139940739e+00,9.956192374e-01
91,3,0,9.799664617e-01,3.287919760e-01,-1.030748248e+00,8.257866502e-01,-2.881559432e-01,-2.960336208e+00,-2.779600143e+00,-2.399024248e+00,-2.260639668e+00,-1.747933984e+00,-2.339286804e+00,-3.610133886e+00,2.179830551e+00,8.000000000e+00,7.000000000e+00,9.000000000e+00,0.000000000e+00,2.303451151e-01,1.863147616e+00,-1.284553558e-01,1.000000000e+00,-1.359534740e+00,-2.718732357e+00,-1.693650484e-01,1.863128901e+00,-2.758626938e+00,-2.010674953e+00,2.545138121e+00,2.179830551e+00,3.000000000e+00,3.000000000e+00,0.000000000e+00,2.000000000e+00,-5.000000000e+00,1.300000000e+01,3.000000000e+00,1.000000000e+00,-5.603037834e+00,-1.738015652e+00,-7.727208734e-01,-5.598307610e+00,1.000000000e+00,7.931062579e-01,9.967825413e-01
92,0,1,8.823320866e-01,7.537652254e-01,-1.072578192e+00,6.545920372e-01,-2.996497452e-01,-3.359736681e+00,-3.260148525e+00,-2.581103325e+00,-2.616778135e+00,-2.452579021e+00,-2.708375692e+00,-3.487961054e+00,-8.079290986e-01,4.000000000e+00,7.000000000e+00,7.000000000e+00,0.000000000e+00,-1.271259308e+00,1.817069054e+00,-1.905054599e-01,1.000000000e+00,-1.826319218e+00,-3.650666714e+00,-7.653401494e-01,1.817067623e+00,-4.130165100e+00,-1.954876304e+00,2.745620012e+00,8.079290986e-01,2.000000000e+00,0.000000000e+00,2.000000000e+00,3.000000000e+00,-2.000000000e+00,6.000000000e+00,2.000000000e+00,1.000000000e+00,-5.219490528e+00,-2.544819832e+00,-1.439708471e+00,-5.218458652e+00,1.000000000e+00,4.342942646e-07,2.067293227e-01
92,1,1,7.185359597e-01,4.024549425e-01,-1.301689267e+00,5.586609840e-01,-4.827305377e-01,-3.114944458e+00,-3.059855938e+00,-2.494154692e+00,-2.496564865e+00,-2.178143740e+00,-2.422323465e+00,-3.430420160e+00,1.356752396e+00,5.000000000e+00,7.000000000e+00,8.000000000e+00,0.000000000e+00,-2.279691219e+00,1.040970564e+00,-3.444281816e-01,1.000000000e+00,-1.704130769e+00,-3.406945229e+00,1.397090703e-01,1.037521720e+00,-2.759197474e+00,-2.020188570e+00,1.216206312e+00,1.356752396e+00,4.000000000e+00,4.000000000e+00,0.000000000e+00,3.000000000e+00,4.000000000e+00,9.000000000e+00,1.000000000e+00,1.000000000e+00,-4.788036823e+00,-2.693382502e+00,-1.977086544e+00,-4.787211895e+00,1.000000000e+00,4.342942646e-07,9.929506779e-01
93,0,0,1.194344997e+00,7.003980279e-01,-8.508430123e-01,5.657842159e-01,-3.884573579e-01,-3.263315201e+00,-3.151808262e+00,-2.744468451e+00,-2.587186098e+00,-2.250685453e+00,-2.745274305e+00,-3.755578518e+00,-1.803743362e+00,5.000000000e+00,6.000000000e+00,7.000000000e+00,0.000000000e+00,9.249790907e-01,2.713252306e+00,-2.793131173e-01,1.000000000e+00,-1.551228642e+00,-3.101865768e+00,-4.200911224e-01,2.713252306e+00,-3.705633640e+00,-2.045142889e+00,3.469494343e+00,1.803743362e+00,4.000000000e+00,4.000000000e+00,0.000000000e+00,3.000000000e+00,-4.000000000e+00,1.900000000e+01,3.000000000e+00,1.000000000e+00,-5.111102104e+00,-2.482233763e+00,-1.865067124e+00,-5.109858513e+00,1.000000000e+00,4.342942646e-07,4.917674065e-01
93,1,0,1.198424220e+00,5.338281393e-01,-7.993578911e-01,1.127282739e+00,1.333971135e-02,-3.103082418e+00,-2.943663120e+00,-2.640603781e+00,-2.451136351e+00,-1.976156712e+00,-2.531405687e+00,-3.765690088e+00,2.211509705e+00,8.000000000e+00,7.000000000e+00,9.000000000e+00,0.000000000e+00,-4.657140002e-02,1.952986717e+00,1.730404198e-01,1.000000000e+00,-1.333179355e+00,-2.666116476e+00,2.479414791e-01,1.952902198e+00,-2.736908913e+00,-1.997741699e+00,2.179953098e+00,2.211509705e+00,1.000000000e+00,1.000000000e+00,0.000000000e+00,2.000000000e+00,-5.000000000e+00,2.700000000e+01,3.000000000e+00,1.000000000e+00,-4.858246326e+00,-1.890346766e+00,-1.125486493e+00,-4.853090286e+00,1.000000000e+00,4.342942646e-07,9.594225883e-01
93,2,0,1.236831665e+00,4.923632145e-01,-6.586122513e-01,8.999782205e-01,-2.139644772e-01,-3.053544998e+00,-2.797427177e+00,-2.514935017e+00,-2.304161310e+00,-1.770583034e+00,-2.387670040e+00,-3.795782804e+00,-2.399138927e+00,9.000000000e+00,7.000000000e+00,9.000000000e+00,0.000000000e+00,-1.498128027e-01,1.695746303e+00,-5.426384509e-02,1.000000000e+00,-1.150971174e+00,-2.301834822e+00,-1.298146099e-01,1.695697784e+00,-2.926060677e+00,-1.895411611e+00,2.359035254e+00,2.399138927e+00,1.000000000e+00,1.000000000e+00,0.000000000e+00,1.000000000e+00,-5.000000000e+00,1.700000000e+01,1.000000000e+00,1.000000000e+00,-4.159198761e+00,-9.797730446e-01,2.558593154e-01,-4.116523266e+00,1.000000000e+00,1.300373554e+00,9.778102636e-01
93,3,1,9.988148212e-01,4.581420124e-01,-8.777663112e-01,-2.146888152e-02,-8.665642142e-01,-3.061302423e+00,-2.317117691e+00,-2.251740456e+00,-1.558462501e+00,-1.711122513e+00,-2.334562063e+00,-3.600740194e+00,1.916686893e+00,5.000000000e+00,5.000000000e+00,6.000000000e+00,0.000000000e+00,1.600716829e+00,2.511503220e+00,-7.996178865e-01,1.000000000e+00,-1.335902095e+00,-2.671548605e+00,-7.763068080e-01,2.511503220e+00,-2.792659760e+00,-1.876551747e+00,3.135051966e+00,1.916686893e+00,2.000000000e+00,2.000000000e+00,0.000000000e+00,3.000000000e+00,5.000000000e+00,4.000000000e+00,3.000000000e+00,1.000000000e+00,-4.450977802e+00,-1.649854064e+00,-6.082502604e-01,-4.441628456e+00,1.000000000e+00,1.302315354e+00,9.860271215e-01
93,4,0,8.233714700e-01,2.869060338e-01,-1.133650780e+00,5.935437083e-01,-4.478478730e-01,-2.965512753e+00,-2.818376780e+00,-2.495220184e+00,-2.371765375e+00,-1.958851099e+00,-2.243696451e+00,-3.501000881e+00,1.906566024e+00,7.000000000e+00,7.000000000e+00,8.000000000e+00,0.000000000e+00,-5.561319590e-01,1.682460666e+00,-3.095455170e-01,1.000000000e+00,-1.420551062e+00,-2.840662718e+00,6.554075480e-01,1.680535197e+00,-2.003322124e+00,-1.956988811e+00,1.438082218e+00,1.906566024e+00,1.000000000e+00,1.000000000e+00,0.000000000e+00,2.000000000e+00,-5.000000000e+00,2.700000000e+01,3.000000000e+00,1.000000000e+00,-4.105551243e+00,-1.494850159e+00,-1.203536764e-01,-4.092043400e+00,1.000000000e+00,2.030368708e-02,9.978238344e-01
93,5,0,6.437065005e-01,1.545557678e-01,-1.311636925e+00,7.588195205e-01,-2.825724483e-01,-2.833735228e+00,-2.707762957e+00,-2.376903296e+00,-2.275255919e+00,-1.887822270e+00,-2.109495163e+00,-3.322269440e+00,1.792076945e+00,7.000000000e+00,6.000000000e+00,8.000000000e+00,0.000000000e+00,8.845780492e-01,2.330180645e+00,-1.442699879e-01,1.000000000e+00,-1.466188669e+00,-2.931674480e+00,4.788293242e-01,2.330137730e+00,-1.951025367e+00,-1.955313087e+00,2.238763332e+00,1.792076945e+00,0.000000000e+00,0.000000000e+00,0.000000000e+00,0.000000000e+00,-1.000000000e+00,-1.000000000e+00,-1.000000000e+00,0.000000000e+00,-9.999956489e-01,4.342942646e-07,1.000000000e+00,-6.989678144e-01,0.000000000e+00,4.342942646e-07,9.992119074e-01
94,0,1,1.008535862e+00,8.226617575e-01,-9.695344567e-01,8.516773582e-01,-1.025646627e-01,-3.405935526e+00,-3.184720039e+00,-2.637117624e+00,-2.532708883e+00,-2.451309204e+00,-2.800388098e+00,-3.591219187e+00,-9.923816919e-01,3.000000000e+00,6.000000000e+00,7.000000000e+00,0.000000000e+00,9.523114562e-01,2.927615881e+00,6.579664536e-03,1.000000000e+00,-1.792173266e+00,-3.582662344e+00,1.236404657e+00,2.927525997e+00,-2.119056940e+00,-1.978033185e+00,1.772537589e+00,9.923816919e-01,3.000000000e+00,2.000000000e+00,1.000000000e+00,3.000000000e+00,-2.000000000e+00,6.000000000e+00,1.000000000e+00,1.000000000e+00,-4.764053345e+00,-1.542582273e+00,5.244705081e-01,-4.752481461e+00,1.000000000e+00,4.342942646e-07,3.573959693e-02
94,1,1,1.124930024e+00,7.394393086e-01,-7.706526518e-01,9.140544534e-01,-1.273377091e-01,-3.291812897e+00,-2.303068399e+00,-2.692850828e+00,-1.809217691e+00,-2.307486057e+00,-2.634788036e+00,-3.676089764e+00,-1.535435081e+00,6.000000000e+00,6.000000000e+00,8.000000000e+00,0.000000000e+00,9.134804606e-01,2.764232635e+00,1.096481830e-02,1.000000000e+00,-1.510080457e+00,-3.019685268e+00,5.767940283e-01,2.764223576e+00,-1.971850395e+00,-1.895550966e+00,1.689093709e+00,1.535435081e+00,4.000000000e+00,4.000000000e+00,0.000000000e+00,3.000000000e+00,-4.000000000e+00,2.000000000e+01,1.000000000e+00,1.000000000e+00,-4.596555233e+00,-1.455657840e+00,1.398130655e-01,-4.582186699e+00,1.000000000e+00,4.342942646e-07,2.735599875e-01
94,2,0,6.699699759e-01,3.676424623e-01,-1.389050007e+00,6.083513498e-01,-3.458903134e-01,-3.101033211e+00,-3.040150881e+00,-2.532945633e+00,-2.516681433e+00,-2.230692387e+00,-2.426223755e+00,-3.402809620e+00,-1.320406199e+00,4.000000000e+00,7.000000000e+00,7.000000000e+00,0.000000000e+00,1.733315945e+00,3.097424269e+00,-2.367460430e-01,1.000000000e+00,-1.756677985e+00,-3.511659384e+00,-1.408364177e-01,3.097424269e+00,-3.024843454e+00,-2.058980703e+00,3.524121761e+00,1.320406199e+00,4.000000000e+00,4.000000000e+00,0.000000000e+00,3.000000000e+00,-4.000000000e+00,2.000000000e+01,1.000000000e+00,1.000000000e+00,-5.012536049e+00,-2.084435701e+00,-6.626905203e-01,-5.009340286e+00,1.000000000e+00,4.342942646e-07,9.952123165e-01
95,0,1,1.161049843e+00,5.117332935e-01,-8.364790678e-01,1.115059495e+00,1.116526662e-03,-3.116376162e+00,-2.933996201e+00,-2.632875443e+00,-2.429206610e+00,-1.983703613e+00,-2.509064913e+00,-3.763733149e+00,2.175441027e+00,8.000000000e+00,7.000000000e+00,9.000000000e+00,0.000000000e+00,1.072450757e+00,2.519973993e+00,1.608172506e-01,1.000000000e+00,-1.348205566e+00,-2.696154594e+00,1.368682384e-01,2.519970179e+00,-2.803911686e+00,-1.997488856e+00,2.828594923e+00,2.175441027e+00,3.000000000e+00,3.000000000e+00,0.000000000e+00,3.000000000e+00,5.000000000e+00,1.500000000e+01,3.000000000e+00,1.000000000e+00,-4.847196579e+00,-2.028701544e+00,-1.369147062e+00,-4.843434334e+00,1.000000000e+00,6.639107466e-01,9.707517028e-01
95,1,0,7.078461647e-01,4.700007737e-01,-1.320726395e+00,1.481311798e+00,5.270692706e-01,-3.193016768e+00,-3.126299381e+00,-2.529433250e+00,-2.528780460e+00,-2.291649818e+00,-2.498219490e+00,-3.430368423e+00,-1.144198060e+00,4.000000000e+00,7.000000000e+00,7.000000000e+00,0.000000000e+00,4.388133585e-01,2.511142731e+00,6.362137198e-01,1.000000000e+00,-1.790709138e+00,-3.579593420e+00,9.176479653e-03,2.511140585e+00,-2.989327669e+00,-2.028535128e+00,2.739013195e+00,1.144198060e+00,1.000000000e+00,1.000000000e+00,0.000000000e+00,2.000000000e+00,3.000000000e+00,4.000000000e+00,2.000000000e+00,1.000000000e+00,-4.781263351e+00,-1.578316450e+00,4.480486214e-01,-4.770620823e+00,1.000000000e+00,1.305057168e+00,9.836586118e-01
95,2,1,1.165985107e+00,4.520109594e-01,-7.567709088e-01,9.714462161e-01,-1.424965709e-01,-3.012837410e+00,-2.836984158e+00,-2.430785179e+00,-2.383378744e+00,-1.716905355e+00,-2.374614954e+00,-3.724947691e+00,2.327667713e+00,9.000000000e+00,7.000000000e+00,9.000000000e+00,0.000000000e+00,1.058175087e+00,2.246037722e+00,1.720403694e-02,1.000000000e+00,-1.208777189e+00,-2.417403460e+00,2.599845827e-01,2.246014595e+00,-2.575346708e+00,-1.922721982e+00,2.652528048e+00,2.327667713e+00,3.000000000e+00,3.000000000e+00,0.000000000e+00,2.000000000e+00,-5.000000000e+00,1.300000000e+01,4.000000000e+00,1.000000000e+00,-5.152598381e+00,-1.334932923e+00,-2.111898363e-01,-5.135701656e+00,1.000000000e+00,-1.272379309e-01,9.870939851e-01
95,3,0,9.764741659e-01,4.397854805e-01,-9.489304423e-01,1.210966945e+00,1.695744246e-01,-3.074421883e+00,-2.930670261e+00,-2.596302509e+00,-2.469444036e+00,-2.059735537e+00,-2.365008831e+00,-3.609853983e+00,1.907103300e+00,7.000000000e+00,6.000000000e+00,8.000000000e+00,0.000000000e+00,1.299698949e+00,2.709822893e+00,3.078770638e-01,1.000000000e+00,-1.388709068e+00,-2.777094841e+00,1.214342952e+00,2.709600925e+00,-1.694992781e+00,-1.925371766e+00,1.905037045e+00,1.907103300e+00,2.000000000e+00,2.000000000e+00,0.000000000e+00,2.000000000e+00,-5.000000000e+00,1.500000000e+01,3.000000000e+00,1.000000000e+00,-4.618526459e+00,-1.312360406e+00,1.113889515e-01,-4.598709106e+00,1.000000000e+00,-1.277016103e-01,9.889505506e-01
95,4,0,1.113457680e+00,3.555453420e-01,-8.007241488e-01,1.053876281e+00,-6.006658822e-02,-2.934974194e+00,-2.688620567e+00,-2.331044436e+00,-2.193870544e+00,-1.573208690e+00,-2.269590616e+00,-3.691122770e+00,2.430593729e+00,9.000000000e+00,7.000000000e+00,9.000000000e+00,0.000000000e+00,-2.732276917e-02,1.559571385e+00,9.963410348e-02,1.000000000e+00,-1.156265855e+00,-2.312396765e+00,-6.434481144e-01,1.559562922e+00,-3.192256927e+00,-1.914148927e+00,2.823427677e+00,2.430593729e+00,1.000000000e+00,1.000000000e+00,0.000000000e+00,1.000000000e+00,5.000000000e+00,3.000000000e+00,1.000000000e+00,1.000000000e+00,-4.878761292e+00,-2.109368563e+00,-1.912994742e+00,-4.875651836e+00,1.000000000e+00,8.812338710e-01,9.957855344e-01
95,5,0,1.019046903e+00,3.515629470e-01,-9.990233779e-01,1.075894713e+00,-3.804820403e-02,-2.937248945e+00,-2.796096325e+00,-2.487372637e+00,-2.344316721e+00,-1.819993138e+00,-2.369397163e+00,-3.603363037e+00,-2.218319893e+00,8.000000000e+00,7.000000000e+00,9.000000000e+00,0.000000000e+00,7.303345203e-01,2.185189247e+00,1.216524839e-01,1.000000000e+00,-1.350580812e+00,-2.700824022e+00,-9.870216250e-01,2.185189247e+00,-3.680913210e+00,-2.018029451e+00,3.695675135e+00,2.218319893e+00,1.000000000e+00,1.000000000e+00,0.000000000e+00,1.000000000e+00,-5.000000000e+00,1.000000000e+00,1.000000000e+00,1.000000000e+00,-4.504679680e+00,-1.267738223e+00,2.138901800e-01,-4.482557774e+00,1.000000000e+00,1.335789680e+00,9.959558249e-01
96,0,0,1.313977599e+00,9.383685589e-01,-4.866877794e-01,6.911666989e-01,-2.630751133e-01,-3.513755798e+00,-3.292306662e+00,-2.823001146e+00,-2.683544874e+00,-2.447559357e+00,-2.738785267e+00,-3.887420654e+00,-1.510409236e+00,6.000000000e+00,5.000000000e+00,7.000000000e+00,0.000000000e+00,1.369444966e+00,3.132403851e+00,-1.539308280e-01,1.000000000e+00,-1.425046206e+00,-2.849796295e+00,9.817843884e-02,3.132403612e+00,-3.522496223e+00,-1.800639272e+00,3.270131588e+00,1.510409236e+00,4.000000000e+00,4.000000000e+00,0.000000000e+00,3.000000000e+00,-4.000000000e+00,2.700000000e+01,1.000000000e+00,1.000000000e+00,-5.335577488e+00,-1.487675071e+00,-9.653437883e-02,-5.324647427e+00,1.000000000e+00,4.342942646e-07,6.396457320e-04
96,1,1,9.213514328e-01,7.009187341e-01,-1.070487618e+00,5.161690712e-01,-4.380724430e-01,-3.167290211e+00,-3.176338911e+00,-2.491636276e+00,-2.539573908e+00,-2.271257162e+00,-2.692325830e+00,-3.387300968e+00,-1.094532847e+00,4.000000000e+00,6.000000000e+00,7.000000000e+00,0.000000000e+00,8.193542957e-01,2.681033373e+00,-3.289282024e-01,1.000000000e+00,-1.771385670e+00,-3.541087389e+00,7.148050070e-01,2.681007862e+00,-2.525692463e+00,-1.991801620e+00,2.234560251e+00,1.094532847e+00,3.000000000e+00,2.000000000e+00,1.000000000e+00,3.000000000e+00,-2.000000000e+00,2.000000000e+00,1.000000000e+00,1.000000000e+00,-5.220240593e+00,-1.965951562e+00,-3.985026479e-01,-5.216341496e+00,1.000000000e+00,4.342942646e-07,4.887594581e-01
96,2,0,8.069430590e-01,5.884892344e-01,-1.208611369e+00,3.895857930e-01,-4.555112123e-01,-3.270998955e+00,-3.207468510e+00,-2.603344202e+00,-2.628721476e+00,-2.384959221e+00,-2.603721142e+00,-3.488923073e+00,1.088819504e+00,3.000000000e+00,6.000000000e+00,6.000000000e+00,0.000000000e+00,-4.102209210e-02,2.364647150e+00,-3.885645866e-01,1.000000000e+00,-1.797080159e+00,-3.592357874e+00,7.678101063e-01,2.364507914e+00,-2.449463129e+00,-2.015516520e+00,1.840508103e+00,1.088819504e+00,1.000000000e+00,0.000000000e+00,1.000000000e+00,3.000000000e+00,2.000000000e+00,1.000000000e+00,1.000000000e+00,1.000000000e+00,-4.572444439e+00,-2.063697338e+00,-5.407470465e-01,-4.568849087e+00,1.000000000e+00,4.342942646e-07,9.043153524e-01
96,3,0,8.351435065e-01,3.409237266e-01,-1.165303469e+00,8.640146852e-01,-1.773773879e-01,-3.004824400e+00,-2.891951084e+00,-2.530572891e+00,-2.431183338e+00,-2.036453009e+00,-2.341085911e+00,-3.498113871e+00,-1.804406881e+00,6.000000000e+00,7.000000000e+00,8.000000000e+00,0.000000000e+00,-7.200952768e-01,1.676518202e+00,-3.907486051e-02,1.000000000e+00,-1.506219387e+00,-3.011824608e+00,-4.136024043e-02,1.676438570e+00,-2.813302040e+00,-2.000409842e+00,2.112470627e+00,1.804406881e+00,1.000000000e+00,1.000000000e+00,0.000000000e+00,1.000000000e+00,-5.000000000e+00,2.900000000e+01,1.000000000e+00,1.000000000e+00,-4.905492783e+00,-1.925601363e+00,-8.284367919e-01,-4.900779247e+00,1.000000000e+00,4.342942646e-07,9.963710308e-01
97,0,1,9.171846509e-01,9.167810678e-01,-9.446557164e-01,5.870557427e-01,-3.671858609e-01,-3.242913961e+00,-3.311844826e+00,-2.354320288e+00,-2.633604050e+00,-2.353916645e+00,-2.778363705e+00,-3.243316889e+00,-4.311826825e-02,4.000000000e+00,7.000000000e+00,7.000000000e+00,0.000000000e+00,1.350684881e+00,3.029357195e+00,-2.580416203e-01,1.000000000e+00,-1.861408949e+00,-3.720592022e+00,-1.550700665e+00,3.029357195e+00,-5.049646854e+00,-1.861812592e+00,4.853257656e+00,4.311826825e-02,4.000000000e+00,0.000000000e+00,4.000000000e+00,3.000000000e+00,0.000000000e+00,0.000000000e+00,1.000000000e+00,1.000000000e+00,-5.864558697e+00,-3.122430086e+00,-2.523640394e+00,-5.864470959e+00,1.000000000e+00,4.342942646e-07,1.482665306e-03
97,1,1,6.634489298e-01,5.821239352e-01,-1.273240566e+00,8.855042458e-01,-6.873784959e-02,-3.223056316e+00,-3.207561255e+00,-2.438285589e+00,-2.614852905e+00,-2.356980801e+00,-2.518553734e+00,-3.304231882e+00,6.312431097e-01,4.000000000e+00,7.000000000e+00,7.000000000e+00,0.000000000e+00,1.351011872e+00,3.032585621e+00,4.040649906e-02,1.000000000e+00,-1.855341315e+00,-3.708395720e+00,-2.448650450e-01,3.032585621e+00,-3.440821409e+00,-1.936660051e+00,3.535089254e+00,6.312431097e-01,1.000000000e+00,0.000000000e+00,1.000000000e+00,3.000000000e+00,1.000000000e+00,1.100000000e+01,1.000000000e+00,1.000000000e+00,-5.717185497e+00,-2.676201344e+00,-1.643878818e+00,-5.716747761e+00,1.000000000e+00,4.342942646e-07,9.136419296e-01
97,2,0,9.750937819e-01,3.507514596e-01,-9.941071272e-01,5.868126750e-01,-4.545789063e-01,-2.917356253e+00,-2.773061037e+00,-2.449015379e+00,-2.309847832e+00,-1.824766040e+00,-2.319719315e+00,-3.540547371e+00,-2.116339684e+00,7.000000000e+00,6.000000000e+00,8.000000000e+00,0.000000000e+00,1.138779044e+00,2.394219875e+00,-3.162765205e-01,1.000000000e+00,-1.344853163e+00,-2.689366579e+00,5.244500637e-01,2.394180298e+00,-2.136178493e+00,-1.969164848e+00,2.354845285e+00,2.116339684e+00,1.000000000e+00,1.000000000e+00,0.000000000e+00,1.000000000e+00,-5.000000000e+00,3.100000000e+01,1.000000000e+00,1.000000000e+00,-5.459328175e+00,-1.968632340e+00,-1.256898165e+00,-5.456017017e+00,1.000000000e+00,9.577916265e-01,9.959895015e-01
97,3,0,3.738676310e-01,3.098605573e-01,-1.566792727e+00,9.243908525e-02,-8.618006110e-01,-3.089097738e+00,-3.087064981e+00,-2.460062981e+00,-2.559569597e+00,-2.396073103e+00,-2.250251532e+00,-3.153020144e+00,5.563506484e-01,4.000000000e+00,7.000000000e+00,7.000000000e+00,0.000000000e+00,-9.942256846e-03,2.391209841e+00,-7.526568174e-01,1.000000000e+00,-1.876636386e+00,-3.750677586e+00,-1.272823095e+00,2.391209841e+00,-4.136432171e+00,-1.940638423e+00,3.824643612e+00,5.563506484e-01,1.000000000e+00,0.000000000e+00,1.000000000e+00,3.000000000e+00,1.000000000e+00,1.100000000e+01,1.000000000e+00,1.000000000e+00,-5.058938980e+00,-2.315057039e+00,-8.811461329e-01,-5.057081699e+00,1.000000000e+00,4.342942646e-07,9.973161817e-01
98,0,1,8.390109539e-01,5.392238498e-01,-1.217709064e+00,9.185043573e-01,-3.573772684e-02,-3.231992245e+00,-3.147066355e+00,-2.575594187e+00,-2.543307543e+00,-2.275888681e+00,-2.595597982e+00,-3.531043291e+00,1.313652039e+00,4.000000000e+00,7.000000000e+00,7.000000000e+00,0.000000000e+00,6.096744537e-01,2.580814362e+00,7.340662926e-02,1.000000000e+00,-1.756915092e+00,-3.512283087e+00,3.961146474e-01,2.580805063e+00,-2.686357498e+00,-2.056677818e+00,2.452118397e+00,1.313652039e+00,4.000000000e+00,4.000000000e+00,0.000000000e+00,3.000000000e+00,4.000000000e+00,1.400000000e+01,1.000000000e+00,1.000000000e+00,-4.995818138e+00,-1.954927683e+00,-3.863642812e-01,-4.991499424e+00,1.000000000e+00,4.342942646e-07,9.559612870e-01
98,1,0,7.689694166e-01,5.102889538e-01,-1.258434057e+00,8.551102877e-01,1.001255773e-02,-3.194576979e+00,-3.097053051e+00,-2.531403303e+00,-2.483354807e+00,-2.272789240e+00,-2.537338495e+00,-3.452704430e+00,1.202331901e+00,3.000000000e+00,6.000000000e+00,6.000000000e+00,0.000000000e+00,1.757205963e+00,3.151473761e+00,7.695927471e-02,1.000000000e+00,-1.768705249e+00,-3.535755873e+00,2.090663016e-01,3.151473522e+00,-2.784445286e+00,-2.027365208e+00,3.152942419e+00,1.202331901e+00,1.000000000e+00,0.000000000e+00,1.000000000e+00,3.000000000e+00,2.000000000e+00,1.000000000e+01,1.000000000e+00,1.000000000e+00,-4.714511395e+00,-2.435828447e+00,-1.331233978e+00,-4.713004589e+00,1.000000000e+00,4.342942646e-07,9.713580012e-01
98,2,1,9.335937500e-01,4.768623114e-01,-1.036136866e+00,4.585803449e-01,-6.553612351e-01,-3.009472609e+00,-2.891150713e+00,-2.463719845e+00,-2.331685543e+00,-2.007070541e+00,-2.446282864e+00,-3.465378284e+00,1.712798476e+00,7.000000000e+00,7.000000000e+00,9.000000000e+00,0.000000000e+00,6.143170595e-01,2.314277411e+00,-4.956609607e-01,1.000000000e+00,-1.512989640e+00,-3.025353670e+00,1.857993938e-02,2.314271688e+00,-2.789793491e+00,-1.969694853e+00,2.620266914e+00,1.712798476e+00,3.000000000e+00,3.000000000e+00,0.000000000e+00,1.000000000e+00,5.000000000e+00,9.000000000e+00,1.000000000e+00,1.000000000e+00,-4.466424942e+00,-1.684691787e+00,-3.611859381e-01,-4.457798481e+00,1.000000000e+00,1.446126252e-01,9.820768833e-01
98,3,0,6.526635885e-01,4.131717384e-01,-1.346105456e+00,8.612782359e-01,-1.801138371e-01,-2.948213339e+00,-3.006635904e+00,-1.988257051e+00,-2.264878988e+00,-1.748782873e+00,-2.411232233e+00,-3.187421560e+00,-1.148840666e+00,3.000000000e+00,6.000000000e+00,8.000000000e+00,0.000000000e+00,4.815814793e-01,1.989621043e+00,-4.181130603e-02,1.000000000e+00,-1.759261489e+00,-3.516538143e+00,2.320135012e-02,1.989595652e+00,-2.654733419e+00,-1.998735309e+00,2.482470512e+00,1.148840666e+00,1.000000000e+00,0.000000000e+00,1.000000000e+00,3.000000000e+00,-2.000000000e+00,9.000000000e+00,1.000000000e+00,1.000000000e+00,-5.665362835e+00,-1.981533170e+00,-4.535908997e-01,-5.662935257e+00,1.000000000e+00,1.047558308e+00,9.920098782e-01
98,4,0,9.120846987e-01,3.936928213e-01,-1.098834276e+00,9.315938354e-01,-1.823489070e-01,-3.031237841e+00,-2.898559809e+00,-2.492531538e+00,-2.365190029e+00,-1.974233508e+00,-2.404342413e+00,-3.548557997e+00,1.862984776e+00,7.000000000e+00,7.000000000e+00,9.000000000e+00,0.000000000e+00,1.334092855e+00,2.641321659e+00,-2.264825441e-02,1.000000000e+00,-1.492518902e+00,-2.984480858e+00,9.663687088e-03,2.641320467e+00,-2.749076366e+00,-2.010879993e+00,3.022575378e+00,1.862984776e+00,1.000000000e+00,1.000000000e+00,0.000000000e+00,3.000000000e+00,5.000000000e+00,5.000000000e+00,4.000000000e+00,1.000000000e+00,-5.155173302e+00,-1.658391953e+00,-3.124731183e-01,-5.147076130e+00,1.000000000e+00,1.046921134e+00,9.936230779e-01
98,5,0,5.660071969e-01,3.520500660e-01,-1.445103168e+00,9.387307167e-01,9.363294393e-02,-3.086411238e+00,-3.072198391e+00,-2.509414911e+00,-2.564300776e+00,-2.295512199e+00,-2.362714052e+00,-3.300030947e+00,1.075779915e+00,3.000000000e+00,6.000000000e+00,6.000000000e+00,0.000000000e+00,1.595595002e+00,3.093395710e+00,1.605796963e-01,1.000000000e+00,-1.797137737e+00,-3.592270136e+00,6.705375016e-02,3.093395472e+00,-2.849149704e+00,-2.011077881e+00,3.295067549e+00,1.075779915e+00,3.000000000e+00,3.000000000e+00,0.000000000e+00,3.000000000e+00,4.000000000e+00,1.400000000e+01,1.000000000e+00,1.000000000e+00,-4.738567352e+00,-1.860882640e+00,-1.393807232e-01,-4.732949257e+00,1.000000000e+00,4.342942646e-07,9.959354401e-01
98,6,0,4.091828465e-01,3.201119602e-01,-1.546640635e+00,1.012195826e+00,1.670979857e-01,-3.053951979e+00,-3.077965260e+00,-2.312706232e+00,-2.498100996e+00,-2.223651886e+00,-2.275560856e+00,-3.142910719e+00,6.625584960e-01,3.000000000e+00,6.000000000e+00,6.000000000e+00,0.000000000e+00,1.711378217e+00,3.079413891e+00,2.340447456e-01,1.000000000e+00,-1.866735697e+00,-3.730884314e+00,1.300933063e-01,3.079413652e+00,-2.688044548e+00,-1.955799460e+00,3.223732471e+00,6.625584960e-01,1.000000000e+00,0.000000000e+00,1.000000000e+00,3.000000000e+00,2.000000000e+00,1.000000000e+01,1.000000000e+00,1.000000000e+00,-5.260189056e+00,-2.727820873e+00,-1.720921516e+00,-5.259525299e+00,1.000000000e+00,4.342942646e-07,9.970421195e-01
99,0,1,1.152340055e+00,9.948626161e-01,-7.813482285e-01,9.037101269e-01,-1.376820058e-01,-3.564323664e+00,-2.560208559e+00,-2.769693375e+00,-2.067140341e+00,-2.612293720e+00,-2.928155899e+00,-3.721105576e+00,-9.038686752e-01,5.000000000e+00,7.000000000e+00,8.000000000e+00,0.000000000e+00,1.103935480e+00,3.164439201e+00,6.205090904e-04,1.000000000e+00,-1.776187539e+00,-3.550850630e+00,-3.074210584e-01,3.164439201e+00,-3.368459702e+00,-1.933653831e+00,2.926477432e+00,9.038686752e-01,4.000000000e+00,1.000000000e+00,3.000000000e+00,3.000000000e+00,-2.000000000e+00,5.000000000e+00,1.000000000e+00,1.000000000e+00,-5.286533356e+00,-1.985372066e+00,-4.273363650e-01,-5.282926083e+00,1.000000000e+00,4.342942646e-07,5.743456859e-05
99,1,1,6.742395759e-01,6.658948064e-01,-1.220466256e+00,5.560722947e-01,-3.981693089e-01,-3.184076071e+00,-3.294263363e+00,-2.358790159e+00,-2.691894054e+00,-2.350447416e+00,-2.560429096e+00,-3.192407846e+00,-1.966615319e-01,4.000000000e+00,7.000000000e+00,7.000000000e+00,0.000000000e+00,1.111783147e+00,2.906441689e+00,-2.890250683e-01,1.000000000e+00,-1.886334658e+00,-3.770149946e+00,6.585232019e-01,2.906434774e+00,-2.699261904e+00,-1.894678831e+00,2.589427710e+00,1.966615319e-01,1.000000000e+00,0.000000000e+00,1.000000000e+00,3.000000000e+00,0.000000000e+00,8.000000000e+00,2.000000000e+00,1.000000000e+00,-5.199794769e+00,-2.743413448e+00,-1.716115117e+00,-5.199135780e+00,1.000000000e+00,4.342942646e-07,6.755309105e-01
99,2,0,7.928602695e-01,3.257057369e-01,-1.194247365e+00,8.915165067e-01,-1.498756409e-01,-2.881675243e+00,-2.783168316e+00,-2.424849033e+00,-2.302795887e+00,-1.957770586e+00,-2.312368870e+00,-3.348191500e+00,-1.738370657e+00,6.000000000e+00,6.000000000e+00,8.000000000e+00,0.000000000e+00,-3.130079508e-01,1.801329374e+00,-1.157310791e-02,1.000000000e+00,-1.519945264e+00,-3.039082050e+00,-1.285236925e-01,1.801299334e+00,-2.756864548e+00,-1.987072349e+00,2.274779558e+00,1.738370657e+00,1.000000000e+00,1.000000000e+00,0.000000000e+00,1.000000000e+00,-5.000000000e+00,6.000000000e+00,1.000000000e+00,1.000000000e+00,-4.311407089e+00,-1.739009261e+00,-4.221585095e-01,-4.303717136e+00,1.000000000e+00,4.342942646e-07,9.968780279e-01
